"ID","Dissolved.oxygen.Mean","Light.bottom.Mean","Nitrate.Mean","Phosphate.Mean"
1,288.280914,0,1.42902,0.189411
2,288.280914,0,1.42902,0.189411
3,288.280914,0,1.42902,0.189411
4,288.280914,0,1.42902,0.189411
5,288.280914,0,1.42902,0.189411
6,288.144196,0,1.448205,0.190862
7,288.144196,0,1.448205,0.190862
8,288.280914,0,1.42902,0.189411
9,288.144196,0,1.448205,0.190862
10,288.280914,0,1.42902,0.189411
11,288.280914,0,1.42902,0.189411
12,288.280914,0,1.42902,0.189411
13,288.220612,2e-05,1.416023,0.188554
14,288.280914,0,1.42902,0.189411
15,288.350189,0,1.399386,0.187291
16,288.350189,0,1.399386,0.187291
17,288.350189,0,1.399386,0.187291
18,288.350189,0,1.399386,0.187291
19,NA,NA,NA,NA
20,288.350189,0,1.399386,0.187291
21,288.350189,0,1.399386,0.187291
22,288.350189,0,1.399386,0.187291
23,288.350189,0,1.399386,0.187291
24,288.350189,0,1.399386,0.187291
25,288.480042,0.005337,1.368118,0.184795
26,288.570648,0.117983,1.370517,0.184845
27,288.480042,0.005337,1.368118,0.184795
28,288.601776,0,1.357458,0.183808
29,288.601776,0,1.357458,0.183808
30,288.350189,0,1.399386,0.187291
31,288.350189,0,1.399386,0.187291
32,288.350189,0,1.399386,0.187291
33,288.350189,0,1.399386,0.187291
34,288.350189,0,1.399386,0.187291
35,NA,NA,NA,NA
36,288.350189,0,1.399386,0.187291
37,NA,NA,NA,NA
38,288.350189,0,1.399386,0.187291
39,288.220612,2e-05,1.416023,0.188554
40,288.350189,0,1.399386,0.187291
41,288.480042,0.005337,1.368118,0.184795
42,288.350189,0,1.399386,0.187291
43,288.350189,0,1.399386,0.187291
44,288.350189,0,1.399386,0.187291
45,288.350189,0,1.399386,0.187291
46,288.570648,0.117983,1.370517,0.184845
47,288.480042,0.005337,1.368118,0.184795
48,288.350189,0,1.399386,0.187291
49,288.350189,0,1.399386,0.187291
50,288.350189,0,1.399386,0.187291
51,288.350189,0,1.399386,0.187291
52,288.350189,0,1.399386,0.187291
53,288.350189,0,1.399386,0.187291
54,288.350189,0,1.399386,0.187291
55,288.350189,0,1.399386,0.187291
56,288.350189,0,1.399386,0.187291
57,288.480042,0.005337,1.368118,0.184795
58,288.480042,0.005337,1.368118,0.184795
59,288.480042,0.005337,1.368118,0.184795
60,NA,NA,NA,NA
61,NA,NA,NA,NA
62,288.625793,0,1.429597,0.189129
63,288.625793,0,1.429597,0.189129
64,288.625793,0,1.429597,0.189129
65,288.625793,0,1.429597,0.189129
66,288.625793,0,1.429597,0.189129
67,288.625793,0,1.429597,0.189129
68,288.526215,0,1.425769,0.18904
69,288.625793,0,1.429597,0.189129
70,288.625793,0,1.429597,0.189129
71,288.526215,0,1.425769,0.18904
72,295.57431,0.003984,2.379934,0.241453
73,296.155945,0,2.135058,0.222999
74,296.155945,0,2.135058,0.222999
75,296.155945,0,2.135058,0.222999
76,296.155945,0,2.135058,0.222999
77,296.113159,0,2.16608,0.225188
78,296.113159,0,2.16608,0.225188
79,300.453888,0,2.919443,0.276185
80,300.453888,0,2.919443,0.276185
81,300.453888,0,2.919443,0.276185
82,300.453888,0,2.919443,0.276185
83,300.453888,0,2.919443,0.276185
84,300.453888,0,2.919443,0.276185
85,300.453888,0,2.919443,0.276185
86,300.453888,0,2.919443,0.276185
87,300.453888,0,2.919443,0.276185
88,300.453888,0,2.919443,0.276185
89,300.453888,0,2.919443,0.276185
90,300.453888,0,2.919443,0.276185
91,300.453888,0,2.919443,0.276185
92,300.453888,0,2.919443,0.276185
93,300.453888,0,2.919443,0.276185
94,300.453888,0,2.919443,0.276185
95,300.453888,0,2.919443,0.276185
96,300.453888,0,2.919443,0.276185
97,300.453888,0,2.919443,0.276185
98,300.453888,0,2.919443,0.276185
99,300.453888,0,2.919443,0.276185
100,300.453888,0,2.919443,0.276185
101,300.453888,0,2.919443,0.276185
102,300.453888,0,2.919443,0.276185
103,300.453888,0,2.919443,0.276185
104,300.453888,0,2.919443,0.276185
105,300.453888,0,2.919443,0.276185
106,300.453888,0,2.919443,0.276185
107,300.453888,0,2.919443,0.276185
108,300.453888,0,2.919443,0.276185
109,300.453888,0,2.919443,0.276185
110,300.272156,0,2.934666,0.276687
111,300.272156,0,2.934666,0.276687
112,300.272156,0,2.934666,0.276687
113,300.272156,0,2.934666,0.276687
114,300.272156,0,2.934666,0.276687
115,300.352661,0,2.930556,0.276469
116,300.352661,0,2.930556,0.276469
117,300.352661,0,2.930556,0.276469
118,300.352661,0,2.930556,0.276469
119,300.352661,0,2.930556,0.276469
120,300.352661,0,2.930556,0.276469
121,300.352661,0,2.930556,0.276469
122,300.352661,0,2.930556,0.276469
123,300.352661,0,2.930556,0.276469
124,300.352661,0,2.930556,0.276469
125,300.352661,0,2.930556,0.276469
126,300.352661,0,2.930556,0.276469
127,300.352661,0,2.930556,0.276469
128,300.352661,0,2.930556,0.276469
129,300.352661,0,2.930556,0.276469
130,300.352661,0,2.930556,0.276469
131,300.352661,0,2.930556,0.276469
132,300.352661,0,2.930556,0.276469
133,300.352661,0,2.930556,0.276469
134,300.352661,0,2.930556,0.276469
135,300.352661,0,2.930556,0.276469
136,300.352661,0,2.930556,0.276469
137,300.352661,0,2.930556,0.276469
138,300.352661,0,2.930556,0.276469
139,300.352661,0,2.930556,0.276469
140,300.352661,0,2.930556,0.276469
141,300.055664,0.002738,2.948883,0.276888
142,300.055664,0.002738,2.948883,0.276888
143,300.055664,0.002738,2.948883,0.276888
144,300.055664,0.002738,2.948883,0.276888
145,300.055664,0.002738,2.948883,0.276888
146,300.055664,0.002738,2.948883,0.276888
147,300.055664,0.002738,2.948883,0.276888
148,300.055664,0.002738,2.948883,0.276888
149,300.055664,0.002738,2.948883,0.276888
150,300.173889,0,2.929254,0.275582
151,300.173889,0,2.929254,0.275582
152,300.173889,0,2.929254,0.275582
153,300.173889,0,2.929254,0.275582
154,300.173889,0,2.929254,0.275582
155,300.173889,0,2.929254,0.275582
156,300.173889,0,2.929254,0.275582
157,300.173889,0,2.929254,0.275582
158,300.173889,0,2.929254,0.275582
159,300.173889,0,2.929254,0.275582
160,300.173889,0,2.929254,0.275582
161,300.173889,0,2.929254,0.275582
162,300.173889,0,2.929254,0.275582
163,299.923309,0,2.910202,0.272863
164,299.878876,0,2.887177,0.270898
165,299.878876,0,2.887177,0.270898
166,299.878876,0,2.887177,0.270898
167,299.878876,0,2.887177,0.270898
168,299.878876,0,2.887177,0.270898
169,299.878876,0,2.887177,0.270898
170,299.878876,0,2.887177,0.270898
171,299.878876,0,2.887177,0.270898
172,299.878876,0,2.887177,0.270898
173,299.878876,0,2.887177,0.270898
174,299.878876,0,2.887177,0.270898
175,299.878876,0,2.887177,0.270898
176,299.878876,0,2.887177,0.270898
177,299.878876,0,2.887177,0.270898
178,299.878876,0,2.887177,0.270898
179,299.878876,0,2.887177,0.270898
180,299.878876,0,2.887177,0.270898
181,299.878876,0,2.887177,0.270898
182,299.878876,0,2.887177,0.270898
183,299.878876,0,2.887177,0.270898
184,299.878876,0,2.887177,0.270898
185,299.878876,0,2.887177,0.270898
186,299.878876,0,2.887177,0.270898
187,299.878876,0,2.887177,0.270898
188,299.878876,0,2.887177,0.270898
189,299.878876,0,2.887177,0.270898
190,299.878876,0,2.887177,0.270898
191,299.878876,0,2.887177,0.270898
192,299.878876,0,2.887177,0.270898
193,299.878876,0,2.887177,0.270898
194,299.878876,0,2.887177,0.270898
195,299.878876,0,2.887177,0.270898
196,299.878876,0,2.887177,0.270898
197,299.878876,0,2.887177,0.270898
198,299.878876,0,2.887177,0.270898
199,299.976868,0,2.974038,0.277985
200,299.976868,0,2.974038,0.277985
201,299.976868,0,2.974038,0.277985
202,299.976868,0,2.974038,0.277985
203,299.976868,0,2.974038,0.277985
204,299.976868,0,2.974038,0.277985
205,299.976868,0,2.974038,0.277985
206,299.976868,0,2.974038,0.277985
207,299.976868,0,2.974038,0.277985
208,299.976868,0,2.974038,0.277985
209,299.976868,0,2.974038,0.277985
210,299.976868,0,2.974038,0.277985
211,299.976868,0,2.974038,0.277985
212,300.016083,0,2.929385,0.275363
213,300.016083,0,2.929385,0.275363
214,300.016083,0,2.929385,0.275363
215,300.016083,0,2.929385,0.275363
216,300.016083,0,2.929385,0.275363
217,300.100067,0,2.974412,0.27876
218,300.100067,0,2.974412,0.27876
219,300.100067,0,2.974412,0.27876
220,300.100067,0,2.974412,0.27876
221,300.100067,0,2.974412,0.27876
222,300.100067,0,2.974412,0.27876
223,300.100067,0,2.974412,0.27876
224,300.100067,0,2.974412,0.27876
225,300.100067,0,2.974412,0.27876
226,300.100067,0,2.974412,0.27876
227,300.100067,0,2.974412,0.27876
228,300.100067,0,2.974412,0.27876
229,300.100067,0,2.974412,0.27876
230,300.100067,0,2.974412,0.27876
231,300.100067,0,2.974412,0.27876
232,300.100067,0,2.974412,0.27876
233,300.100067,0,2.974412,0.27876
234,300.100067,0,2.974412,0.27876
235,300.100067,0,2.974412,0.27876
236,300.100067,0,2.974412,0.27876
237,300.100067,0,2.974412,0.27876
238,300.100067,0,2.974412,0.27876
239,300.100067,0,2.974412,0.27876
240,300.100067,0,2.974412,0.27876
241,300.100067,0,2.974412,0.27876
242,300.100067,0,2.974412,0.27876
243,300.100067,0,2.974412,0.27876
244,300.100067,0,2.974412,0.27876
245,300.100067,0,2.974412,0.27876
246,300.100067,0,2.974412,0.27876
247,300.100067,0,2.974412,0.27876
248,300.100067,0,2.974412,0.27876
249,300.09668,0.00229,3.016534,0.282305
250,300.09668,0.00229,3.016534,0.282305
251,300.09668,0.00229,3.016534,0.282305
252,300.09668,0.00229,3.016534,0.282305
253,300.09668,0.00229,3.016534,0.282305
254,300.09668,0.00229,3.016534,0.282305
255,300.09668,0.00229,3.016534,0.282305
256,300.111084,0.000141,3.01355,0.282097
257,300.111084,0.000141,3.01355,0.282097
258,300.111084,0.000141,3.01355,0.282097
259,300.111084,0.000141,3.01355,0.282097
260,300.111084,0.000141,3.01355,0.282097
261,300.111084,0.000141,3.01355,0.282097
262,300.111084,0.000141,3.01355,0.282097
263,300.111084,0.000141,3.01355,0.282097
264,300.111084,0.000141,3.01355,0.282097
265,300.111084,0.000141,3.01355,0.282097
266,300.111084,0.000141,3.01355,0.282097
267,300.111084,0.000141,3.01355,0.282097
268,300.111084,0.000141,3.01355,0.282097
269,300.111084,0.000141,3.01355,0.282097
270,300.111084,0.000141,3.01355,0.282097
271,300.111084,0.000141,3.01355,0.282097
272,300.111084,0.000141,3.01355,0.282097
273,300.111084,0.000141,3.01355,0.282097
274,300.111084,0.000141,3.01355,0.282097
275,300.111084,0.000141,3.01355,0.282097
276,300.111084,0.000141,3.01355,0.282097
277,300.111084,0.000141,3.01355,0.282097
278,300.111084,0.000141,3.01355,0.282097
279,300.111084,0.000141,3.01355,0.282097
280,300.111084,0.000141,3.01355,0.282097
281,300.111084,0.000141,3.01355,0.282097
282,300.111084,0.000141,3.01355,0.282097
283,300.111084,0.000141,3.01355,0.282097
284,300.111084,0.000141,3.01355,0.282097
285,300.246063,0,2.97998,0.279838
286,300.246063,0,2.97998,0.279838
287,300.246063,0,2.97998,0.279838
288,300.246063,0,2.97998,0.279838
289,300.246063,0,2.97998,0.279838
290,300.246063,0,2.97998,0.279838
291,302.42276,0.131819,3.190328,0.296956
292,302.42276,0.131819,3.190328,0.296956
293,302.42276,0.131819,3.190328,0.296956
294,302.42276,0.131819,3.190328,0.296956
295,302.42276,0.131819,3.190328,0.296956
296,302.42276,0.131819,3.190328,0.296956
297,302.42276,0.131819,3.190328,0.296956
298,302.42276,0.131819,3.190328,0.296956
299,302.42276,0.131819,3.190328,0.296956
300,302.42276,0.131819,3.190328,0.296956
301,302.42276,0.131819,3.190328,0.296956
302,302.42276,0.131819,3.190328,0.296956
303,302.42276,0.131819,3.190328,0.296956
304,299.996857,0.275317,3.092395,0.287836
305,299.996857,0.275317,3.092395,0.287836
306,299.996857,0.275317,3.092395,0.287836
307,299.996857,0.275317,3.092395,0.287836
308,299.996857,0.275317,3.092395,0.287836
309,299.996857,0.275317,3.092395,0.287836
310,299.996857,0.275317,3.092395,0.287836
311,299.996857,0.275317,3.092395,0.287836
312,299.996857,0.275317,3.092395,0.287836
313,299.996857,0.275317,3.092395,0.287836
314,299.996857,0.275317,3.092395,0.287836
315,299.996857,0.275317,3.092395,0.287836
316,299.996857,0.275317,3.092395,0.287836
317,299.998901,4e-06,3.082098,0.287066
318,300.176544,0.02716,3.023176,0.282997
319,300.116516,0.25419,3.076545,0.286584
320,300.116516,0.25419,3.076545,0.286584
321,299.904419,1.9e-05,3.070325,0.285476
322,299.971558,2.9e-05,3.024485,0.282239
323,299.971558,2.9e-05,3.024485,0.282239
324,299.971558,2.9e-05,3.024485,0.282239
325,299.971558,2.9e-05,3.024485,0.282239
326,299.971558,2.9e-05,3.024485,0.282239
327,299.971558,2.9e-05,3.024485,0.282239
328,299.971558,2.9e-05,3.024485,0.282239
329,299.971558,2.9e-05,3.024485,0.282239
330,299.971558,2.9e-05,3.024485,0.282239
331,299.971558,2.9e-05,3.024485,0.282239
332,299.971558,2.9e-05,3.024485,0.282239
333,299.920776,0.000347,3.032767,0.282756
334,300.09668,0.00229,3.016534,0.282305
335,300.09668,0.00229,3.016534,0.282305
336,300.09668,0.00229,3.016534,0.282305
337,300.09668,0.00229,3.016534,0.282305
338,300.09668,0.00229,3.016534,0.282305
339,300.09668,0.00229,3.016534,0.282305
340,300.09668,0.00229,3.016534,0.282305
341,300.09668,0.00229,3.016534,0.282305
342,300.09668,0.00229,3.016534,0.282305
343,300.09668,0.00229,3.016534,0.282305
344,300.09668,0.00229,3.016534,0.282305
345,300.09668,0.00229,3.016534,0.282305
346,300.09668,0.00229,3.016534,0.282305
347,300.09668,0.00229,3.016534,0.282305
348,300.09668,0.00229,3.016534,0.282305
349,300.09668,0.00229,3.016534,0.282305
350,300.09668,0.00229,3.016534,0.282305
351,300.09668,0.00229,3.016534,0.282305
352,300.09668,0.00229,3.016534,0.282305
353,300.09668,0.00229,3.016534,0.282305
354,300.111084,0.000141,3.01355,0.282097
355,300.111084,0.000141,3.01355,0.282097
356,300.09668,0.00229,3.016534,0.282305
357,300.09668,0.00229,3.016534,0.282305
358,300.09668,0.00229,3.016534,0.282305
359,300.09668,0.00229,3.016534,0.282305
360,300.090515,0.234085,3.024534,0.282906
361,300.090515,0.234085,3.024534,0.282906
362,300.090515,0.234085,3.024534,0.282906
363,300.090515,0.234085,3.024534,0.282906
364,300.090515,0.234085,3.024534,0.282906
365,300.090515,0.234085,3.024534,0.282906
366,300.090515,0.234085,3.024534,0.282906
367,300.090515,0.234085,3.024534,0.282906
368,300.090515,0.234085,3.024534,0.282906
369,300.090515,0.234085,3.024534,0.282906
370,300.090515,0.234085,3.024534,0.282906
371,300.090515,0.234085,3.024534,0.282906
372,300.090515,0.234085,3.024534,0.282906
373,300.090515,0.234085,3.024534,0.282906
374,300.090515,0.234085,3.024534,0.282906
375,300.090515,0.234085,3.024534,0.282906
376,300.090515,0.234085,3.024534,0.282906
377,300.090515,0.234085,3.024534,0.282906
378,300.090515,0.234085,3.024534,0.282906
379,300.090515,0.234085,3.024534,0.282906
380,300.090515,0.234085,3.024534,0.282906
381,300.090515,0.234085,3.024534,0.282906
382,300.090515,0.234085,3.024534,0.282906
383,300.090515,0.234085,3.024534,0.282906
384,300.090515,0.234085,3.024534,0.282906
385,300.090515,0.234085,3.024534,0.282906
386,300.224335,0.021777,2.966974,0.278988
387,300.224335,0.021777,2.966974,0.278988
388,300.224335,0.021777,2.966974,0.278988
389,300.224335,0.021777,2.966974,0.278988
390,300.224335,0.021777,2.966974,0.278988
391,300.224335,0.021777,2.966974,0.278988
392,300.224335,0.021777,2.966974,0.278988
393,300.224335,0.021777,2.966974,0.278988
394,300.224335,0.021777,2.966974,0.278988
395,300.224335,0.021777,2.966974,0.278988
396,300.224335,0.021777,2.966974,0.278988
397,300.224335,0.021777,2.966974,0.278988
398,300.224335,0.021777,2.966974,0.278988
399,300.224335,0.021777,2.966974,0.278988
400,300.224335,0.021777,2.966974,0.278988
401,300.224335,0.021777,2.966974,0.278988
402,300.224335,0.021777,2.966974,0.278988
403,300.224335,0.021777,2.966974,0.278988
404,300.234711,1e-06,2.959906,0.278453
405,300.234711,1e-06,2.959906,0.278453
406,300.234711,1e-06,2.959906,0.278453
407,300.111084,0.000141,3.01355,0.282097
408,300.111084,0.000141,3.01355,0.282097
409,300.111084,0.000141,3.01355,0.282097
410,300.100067,0,2.974412,0.27876
411,300.100067,0,2.974412,0.27876
412,300.100067,0,2.974412,0.27876
413,300.100067,0,2.974412,0.27876
414,300.100067,0,2.974412,0.27876
415,300.100067,0,2.974412,0.27876
416,300.196869,1e-06,2.905477,0.273898
417,300.178833,0.001124,2.906432,0.273925
418,300.178833,0.001124,2.906432,0.273925
419,300.178833,0.001124,2.906432,0.273925
420,300.178833,0.001124,2.906432,0.273925
421,300.178833,0.001124,2.906432,0.273925
422,300.178833,0.001124,2.906432,0.273925
423,300.178833,0.001124,2.906432,0.273925
424,300.178833,0.001124,2.906432,0.273925
425,300.178833,0.001124,2.906432,0.273925
426,300.178833,0.001124,2.906432,0.273925
427,300.178833,0.001124,2.906432,0.273925
428,300.178833,0.001124,2.906432,0.273925
429,300.178833,0.001124,2.906432,0.273925
430,300.178833,0.001124,2.906432,0.273925
431,300.178833,0.001124,2.906432,0.273925
432,300.178833,0.001124,2.906432,0.273925
433,300.178833,0.001124,2.906432,0.273925
434,300.178833,0.001124,2.906432,0.273925
435,300.178833,0.001124,2.906432,0.273925
436,300.178833,0.001124,2.906432,0.273925
437,300.178833,0.001124,2.906432,0.273925
438,300.178833,0.001124,2.906432,0.273925
439,300.178833,0.001124,2.906432,0.273925
440,300.178833,0.001124,2.906432,0.273925
441,300.178833,0.001124,2.906432,0.273925
442,300.178833,0.001124,2.906432,0.273925
443,300.178833,0.001124,2.906432,0.273925
444,300.178833,0.001124,2.906432,0.273925
445,300.178833,0.001124,2.906432,0.273925
446,300.178833,0.001124,2.906432,0.273925
447,300.178833,0.001124,2.906432,0.273925
448,300.178833,0.001124,2.906432,0.273925
449,300.178833,0.001124,2.906432,0.273925
450,300.196869,1e-06,2.905477,0.273898
451,300.196869,1e-06,2.905477,0.273898
452,300.196869,1e-06,2.905477,0.273898
453,300.196869,1e-06,2.905477,0.273898
454,300.196869,1e-06,2.905477,0.273898
455,300.196869,1e-06,2.905477,0.273898
456,300.196869,1e-06,2.905477,0.273898
457,300.196869,1e-06,2.905477,0.273898
458,300.196869,1e-06,2.905477,0.273898
459,300.196869,1e-06,2.905477,0.273898
460,300.196869,1e-06,2.905477,0.273898
461,300.196869,1e-06,2.905477,0.273898
462,300.196869,1e-06,2.905477,0.273898
463,300.196869,1e-06,2.905477,0.273898
464,300.196869,1e-06,2.905477,0.273898
465,300.196869,1e-06,2.905477,0.273898
466,300.196869,1e-06,2.905477,0.273898
467,300.196869,1e-06,2.905477,0.273898
468,300.196869,1e-06,2.905477,0.273898
469,300.196869,1e-06,2.905477,0.273898
470,300.196869,1e-06,2.905477,0.273898
471,300.196869,1e-06,2.905477,0.273898
472,300.196869,1e-06,2.905477,0.273898
473,300.196869,1e-06,2.905477,0.273898
474,300.196869,1e-06,2.905477,0.273898
475,300.196869,1e-06,2.905477,0.273898
476,300.196869,1e-06,2.905477,0.273898
477,300.196869,1e-06,2.905477,0.273898
478,300.196869,1e-06,2.905477,0.273898
479,300.196869,1e-06,2.905477,0.273898
480,300.196869,1e-06,2.905477,0.273898
481,300.287994,0,2.965307,0.278889
482,300.287994,0,2.965307,0.278889
483,300.287994,0,2.965307,0.278889
484,300.287994,0,2.965307,0.278889
485,300.287994,0,2.965307,0.278889
486,300.287994,0,2.965307,0.278889
487,300.287994,0,2.965307,0.278889
488,300.287994,0,2.965307,0.278889
489,300.287994,0,2.965307,0.278889
490,300.287994,0,2.965307,0.278889
491,300.287994,0,2.965307,0.278889
492,300.287994,0,2.965307,0.278889
493,300.287994,0,2.965307,0.278889
494,300.287994,0,2.965307,0.278889
495,300.287994,0,2.965307,0.278889
496,300.287994,0,2.965307,0.278889
497,300.287994,0,2.965307,0.278889
498,300.287994,0,2.965307,0.278889
499,302.42276,0.131819,3.190328,0.296956
500,302.42276,0.131819,3.190328,0.296956
501,302.42276,0.131819,3.190328,0.296956
502,302.42276,0.131819,3.190328,0.296956
503,302.42276,0.131819,3.190328,0.296956
504,302.42276,0.131819,3.190328,0.296956
505,302.003357,0.069008,3.117226,0.291143
506,302.42276,0.131819,3.190328,0.296956
507,302.42276,0.131819,3.190328,0.296956
508,302.42276,0.131819,3.190328,0.296956
509,302.42276,0.131819,3.190328,0.296956
510,302.42276,0.131819,3.190328,0.296956
511,302.42276,0.131819,3.190328,0.296956
512,302.42276,0.131819,3.190328,0.296956
513,302.42276,0.131819,3.190328,0.296956
514,302.42276,0.131819,3.190328,0.296956
515,302.42276,0.131819,3.190328,0.296956
516,302.42276,0.131819,3.190328,0.296956
517,302.42276,0.131819,3.190328,0.296956
518,302.42276,0.131819,3.190328,0.296956
519,299.996857,0.275317,3.092395,0.287836
520,299.996857,0.275317,3.092395,0.287836
521,300.176544,0.02716,3.023176,0.282997
522,302.003357,0.069008,3.117226,0.291143
523,302.003357,0.069008,3.117226,0.291143
524,299.904419,1.9e-05,3.070325,0.285476
525,302.003357,0.069008,3.117226,0.291143
526,302.42276,0.131819,3.190328,0.296956
527,299.904419,1.9e-05,3.070325,0.285476
528,299.904419,1.9e-05,3.070325,0.285476
529,299.904419,1.9e-05,3.070325,0.285476
530,302.003357,0.069008,3.117226,0.291143
531,302.003357,0.069008,3.117226,0.291143
532,302.003357,0.069008,3.117226,0.291143
533,300.234711,1e-06,2.959906,0.278453
534,288.191284,0,1.038546,0.158894
535,288.191284,0,1.038546,0.158894
536,288.251617,0,1.025761,0.1576
537,288.251617,0,1.025761,0.1576
538,288.251617,0,1.025761,0.1576
539,288.251617,0,1.025761,0.1576
540,288.251617,0,1.025761,0.1576
541,288.251617,0,1.025761,0.1576
542,288.251617,0,1.025761,0.1576
543,288.251617,0,1.025761,0.1576
544,288.251617,0,1.025761,0.1576
545,288.251617,0,1.025761,0.1576
546,288.251617,0,1.025761,0.1576
547,288.251617,0,1.025761,0.1576
548,288.251617,0,1.025761,0.1576
549,288.251617,0,1.025761,0.1576
550,288.251617,0,1.025761,0.1576
551,288.251617,0,1.025761,0.1576
552,288.251617,0,1.025761,0.1576
553,288.251617,0,1.025761,0.1576
554,288.251617,0,1.025761,0.1576
555,288.251617,0,1.025761,0.1576
556,288.191284,0,1.038546,0.158894
557,288.191284,0,1.038546,0.158894
558,288.191284,0,1.038546,0.158894
559,288.191284,0,1.038546,0.158894
560,288.191284,0,1.038546,0.158894
561,288.191284,0,1.038546,0.158894
562,288.191284,0,1.038546,0.158894
563,288.251617,0,1.025761,0.1576
564,288.251617,0,1.025761,0.1576
565,288.251617,0,1.025761,0.1576
566,288.251617,0,1.025761,0.1576
567,302.721619,0.018345,2.798088,0.269636
568,302.721619,0.018345,2.798088,0.269636
569,302.721619,0.018345,2.798088,0.269636
570,302.721619,0.018345,2.798088,0.269636
571,302.721619,0.018345,2.798088,0.269636
572,302.721619,0.018345,2.798088,0.269636
573,302.721619,0.018345,2.798088,0.269636
574,300.489288,0.050124,2.945788,0.278609
575,300.534943,0.550004,2.947469,0.27881
576,300.534943,0.550004,2.947469,0.27881
577,300.534943,0.550004,2.947469,0.27881
578,300.534943,0.550004,2.947469,0.27881
579,300.534943,0.550004,2.947469,0.27881
580,300.534943,0.550004,2.947469,0.27881
581,300.534943,0.550004,2.947469,0.27881
582,300.534943,0.550004,2.947469,0.27881
583,300.534943,0.550004,2.947469,0.27881
584,300.534943,0.550004,2.947469,0.27881
585,301.708954,0.018138,2.890903,0.275509
586,301.708954,0.018138,2.890903,0.275509
587,301.708954,0.018138,2.890903,0.275509
588,301.708954,0.018138,2.890903,0.275509
589,301.708954,0.018138,2.890903,0.275509
590,301.708954,0.018138,2.890903,0.275509
591,301.708954,0.018138,2.890903,0.275509
592,301.708954,0.018138,2.890903,0.275509
593,301.708954,0.018138,2.890903,0.275509
594,301.708954,0.018138,2.890903,0.275509
595,301.708954,0.018138,2.890903,0.275509
596,301.708954,0.018138,2.890903,0.275509
597,301.708954,0.018138,2.890903,0.275509
598,301.708954,0.018138,2.890903,0.275509
599,301.708954,0.018138,2.890903,0.275509
600,300.534943,0.550004,2.947469,0.27881
601,301.708954,0.018138,2.890903,0.275509
602,301.708954,0.018138,2.890903,0.275509
603,301.708954,0.018138,2.890903,0.275509
604,301.708954,0.018138,2.890903,0.275509
605,301.708954,0.018138,2.890903,0.275509
606,300.534943,0.550004,2.947469,0.27881
607,301.708954,0.018138,2.890903,0.275509
608,301.708954,0.018138,2.890903,0.275509
609,301.708954,0.018138,2.890903,0.275509
610,300.534943,0.550004,2.947469,0.27881
611,300.534943,0.550004,2.947469,0.27881
612,300.534943,0.550004,2.947469,0.27881
613,300.534943,0.550004,2.947469,0.27881
614,301.708954,0.018138,2.890903,0.275509
615,301.708954,0.018138,2.890903,0.275509
616,301.708954,0.018138,2.890903,0.275509
617,300.534943,0.550004,2.947469,0.27881
618,300.534943,0.550004,2.947469,0.27881
619,301.708954,0.018138,2.890903,0.275509
620,300.534943,0.550004,2.947469,0.27881
621,300.534943,0.550004,2.947469,0.27881
622,300.534943,0.550004,2.947469,0.27881
623,300.534943,0.550004,2.947469,0.27881
624,301.708954,0.018138,2.890903,0.275509
625,300.534943,0.550004,2.947469,0.27881
626,300.534943,0.550004,2.947469,0.27881
627,300.534943,0.550004,2.947469,0.27881
628,300.534943,0.550004,2.947469,0.27881
629,300.534943,0.550004,2.947469,0.27881
630,300.534943,0.550004,2.947469,0.27881
631,301.708954,0.018138,2.890903,0.275509
632,301.708954,0.018138,2.890903,0.275509
633,300.534943,0.550004,2.947469,0.27881
634,300.534943,0.550004,2.947469,0.27881
635,301.708954,0.018138,2.890903,0.275509
636,301.708954,0.018138,2.890903,0.275509
637,302.931061,0.001963,2.816739,0.270658
638,302.610718,0.094954,3.040591,0.286183
639,302.931061,0.001963,2.816739,0.270658
640,302.931061,0.001963,2.816739,0.270658
641,302.931061,0.001963,2.816739,0.270658
642,302.610718,0.094954,3.040591,0.286183
643,302.610718,0.094954,3.040591,0.286183
644,302.610718,0.094954,3.040591,0.286183
645,302.610718,0.094954,3.040591,0.286183
646,302.610718,0.094954,3.040591,0.286183
647,302.610718,0.094954,3.040591,0.286183
648,302.931061,0.001963,2.816739,0.270658
649,302.610718,0.094954,3.040591,0.286183
650,302.610718,0.094954,3.040591,0.286183
651,302.610718,0.094954,3.040591,0.286183
652,302.931061,0.001963,2.816739,0.270658
653,302.610718,0.094954,3.040591,0.286183
654,302.931061,0.001963,2.816739,0.270658
655,302.931061,0.001963,2.816739,0.270658
656,302.931061,0.001963,2.816739,0.270658
657,302.931061,0.001963,2.816739,0.270658
658,302.610718,0.094954,3.040591,0.286183
659,302.610718,0.094954,3.040591,0.286183
660,302.610718,0.094954,3.040591,0.286183
661,302.931061,0.001963,2.816739,0.270658
662,302.931061,0.001963,2.816739,0.270658
663,302.931061,0.001963,2.816739,0.270658
664,302.931061,0.001963,2.816739,0.270658
665,302.610718,0.094954,3.040591,0.286183
666,302.931061,0.001963,2.816739,0.270658
667,302.610718,0.094954,3.040591,0.286183
668,302.931061,0.001963,2.816739,0.270658
669,302.931061,0.001963,2.816739,0.270658
670,302.610718,0.094954,3.040591,0.286183
671,302.931061,0.001963,2.816739,0.270658
672,302.684326,0.061186,3.004472,0.283607
673,302.684326,0.061186,3.004472,0.283607
674,302.684326,0.061186,3.004472,0.283607
675,302.684326,0.061186,3.004472,0.283607
676,302.931061,0.001963,2.816739,0.270658
677,302.684326,0.061186,3.004472,0.283607
678,302.684326,0.061186,3.004472,0.283607
679,302.931061,0.001963,2.816739,0.270658
680,302.931061,0.001963,2.816739,0.270658
681,302.931061,0.001963,2.816739,0.270658
682,302.931061,0.001963,2.816739,0.270658
683,302.684326,0.061186,3.004472,0.283607
684,302.931061,0.001963,2.816739,0.270658
685,302.933472,1e-06,2.813274,0.270482
686,302.684326,0.061186,3.004472,0.283607
687,302.931061,0.001963,2.816739,0.270658
688,302.931061,0.001963,2.816739,0.270658
689,302.931061,0.001963,2.816739,0.270658
690,302.931061,0.001963,2.816739,0.270658
691,302.610718,0.094954,3.040591,0.286183
692,302.610718,0.094954,3.040591,0.286183
693,302.931061,0.001963,2.816739,0.270658
694,302.610718,0.094954,3.040591,0.286183
695,302.931061,0.001963,2.816739,0.270658
696,302.931061,0.001963,2.816739,0.270658
697,302.610718,0.094954,3.040591,0.286183
698,302.931061,0.001963,2.816739,0.270658
699,302.610718,0.094954,3.040591,0.286183
700,302.931061,0.001963,2.816739,0.270658
701,302.610718,0.094954,3.040591,0.286183
702,302.610718,0.094954,3.040591,0.286183
703,302.610718,0.094954,3.040591,0.286183
704,302.931061,0.001963,2.816739,0.270658
705,302.931061,0.001963,2.816739,0.270658
706,302.610718,0.094954,3.040591,0.286183
707,302.610718,0.094954,3.040591,0.286183
708,302.610718,0.094954,3.040591,0.286183
709,302.610718,0.094954,3.040591,0.286183
710,302.931061,0.001963,2.816739,0.270658
711,302.610718,0.094954,3.040591,0.286183
712,302.610718,0.094954,3.040591,0.286183
713,302.610718,0.094954,3.040591,0.286183
714,302.610718,0.094954,3.040591,0.286183
715,302.684326,0.061186,3.004472,0.283607
716,302.610718,0.094954,3.040591,0.286183
717,302.610718,0.094954,3.040591,0.286183
718,302.931061,0.001963,2.816739,0.270658
719,302.931061,0.001963,2.816739,0.270658
720,302.931061,0.001963,2.816739,0.270658
721,302.931061,0.001963,2.816739,0.270658
722,302.931061,0.001963,2.816739,0.270658
723,302.931061,0.001963,2.816739,0.270658
724,302.931061,0.001963,2.816739,0.270658
725,302.931061,0.001963,2.816739,0.270658
726,304.983887,3.029818,2.580077,0.245618
727,304.983643,0,2.5837,0.245372
728,304.983887,3.029818,2.580077,0.245618
729,304.983887,3.029818,2.580077,0.245618
730,304.983643,0,2.5837,0.245372
731,299.642914,0,2.639322,0.250645
732,299.564484,0,2.575321,0.246241
733,299.564484,0,2.575321,0.246241
734,299.564484,0,2.575321,0.246241
735,299.564484,0,2.575321,0.246241
736,303.487488,0,2.885951,0.27804
737,303.487488,0,2.885951,0.27804
738,299.564484,0,2.575321,0.246241
739,299.564484,0,2.575321,0.246241
740,299.564484,0,2.575321,0.246241
741,299.564484,0,2.575321,0.246241
742,299.564484,0,2.575321,0.246241
743,299.532379,0,2.541762,0.244225
744,299.564484,0,2.575321,0.246241
745,299.642914,0,2.639322,0.250645
746,299.532379,0,2.541762,0.244225
747,299.564484,0,2.575321,0.246241
748,299.642914,0,2.639322,0.250645
749,299.642914,0,2.639322,0.250645
750,299.532379,0,2.541762,0.244225
751,299.532379,0,2.541762,0.244225
752,299.532379,0,2.541762,0.244225
753,299.564484,0,2.575321,0.246241
754,299.564484,0,2.575321,0.246241
755,299.564484,0,2.575321,0.246241
756,302.896393,0.006964,2.661033,0.261182
757,299.48175,0.006891,2.496684,0.241858
758,299.810028,7e-06,2.708445,0.255908
759,299.642914,0,2.639322,0.250645
760,299.642914,0,2.639322,0.250645
761,299.642914,0,2.639322,0.250645
762,299.642914,0,2.639322,0.250645
763,299.642914,0,2.639322,0.250645
764,299.642914,0,2.639322,0.250645
765,299.642914,0,2.639322,0.250645
766,299.642914,0,2.639322,0.250645
767,299.642914,0,2.639322,0.250645
768,299.642914,0,2.639322,0.250645
769,299.642914,0,2.639322,0.250645
770,299.733704,0,2.65661,0.251692
771,299.733704,0,2.65661,0.251692
772,299.733704,0,2.65661,0.251692
773,299.733704,0,2.65661,0.251692
774,299.733704,0,2.65661,0.251692
775,299.733704,0,2.65661,0.251692
776,299.733704,0,2.65661,0.251692
777,299.642914,0,2.639322,0.250645
778,299.733704,0,2.65661,0.251692
779,299.733704,0,2.65661,0.251692
780,299.733704,0,2.65661,0.251692
781,299.733704,0,2.65661,0.251692
782,299.642914,0,2.639322,0.250645
783,299.642914,0,2.639322,0.250645
784,299.642914,0,2.639322,0.250645
785,299.733704,0,2.65661,0.251692
786,299.733704,0,2.65661,0.251692
787,299.733704,0,2.65661,0.251692
788,299.642914,0,2.639322,0.250645
789,299.733704,0,2.65661,0.251692
790,299.642914,0,2.639322,0.250645
791,299.642914,0,2.639322,0.250645
792,299.642914,0,2.639322,0.250645
793,299.642914,0,2.639322,0.250645
794,299.642914,0,2.639322,0.250645
795,299.642914,0,2.639322,0.250645
796,299.642914,0,2.639322,0.250645
797,299.564484,0,2.575321,0.246241
798,299.564484,0,2.575321,0.246241
799,299.564484,0,2.575321,0.246241
800,299.564484,0,2.575321,0.246241
801,299.564484,0,2.575321,0.246241
802,299.564484,0,2.575321,0.246241
803,299.564484,0,2.575321,0.246241
804,299.564484,0,2.575321,0.246241
805,299.564484,0,2.575321,0.246241
806,299.564484,0,2.575321,0.246241
807,299.564484,0,2.575321,0.246241
808,299.564484,0,2.575321,0.246241
809,299.564484,0,2.575321,0.246241
810,299.564484,0,2.575321,0.246241
811,299.564484,0,2.575321,0.246241
812,299.564484,0,2.575321,0.246241
813,299.564484,0,2.575321,0.246241
814,299.48175,0.006891,2.496684,0.241858
815,299.48175,0.006891,2.496684,0.241858
816,299.48175,0.006891,2.496684,0.241858
817,299.48175,0.006891,2.496684,0.241858
818,299.48175,0.006891,2.496684,0.241858
819,299.48175,0.006891,2.496684,0.241858
820,299.48175,0.006891,2.496684,0.241858
821,299.48175,0.006891,2.496684,0.241858
822,299.48175,0.006891,2.496684,0.241858
823,299.48175,0.006891,2.496684,0.241858
824,299.48175,0.006891,2.496684,0.241858
825,299.48175,0.006891,2.496684,0.241858
826,299.48175,0.006891,2.496684,0.241858
827,302.896393,0.006964,2.661033,0.261182
828,302.896393,0.006964,2.661033,0.261182
829,302.896393,0.006964,2.661033,0.261182
830,299.48175,0.006891,2.496684,0.241858
831,299.48175,0.006891,2.496684,0.241858
832,299.48175,0.006891,2.496684,0.241858
833,299.48175,0.006891,2.496684,0.241858
834,299.48175,0.006891,2.496684,0.241858
835,302.896393,0.006964,2.661033,0.261182
836,302.896393,0.006964,2.661033,0.261182
837,302.896393,0.006964,2.661033,0.261182
838,302.896393,0.006964,2.661033,0.261182
839,302.896393,0.006964,2.661033,0.261182
840,302.896393,0.006964,2.661033,0.261182
841,302.896393,0.006964,2.661033,0.261182
842,299.476318,0.002323,2.460487,0.239409
843,299.476318,0.002323,2.460487,0.239409
844,299.476318,0.002323,2.460487,0.239409
845,299.476318,0.002323,2.460487,0.239409
846,299.476318,0.002323,2.460487,0.239409
847,299.476318,0.002323,2.460487,0.239409
848,299.404602,0,2.492502,0.242888
849,299.404602,0,2.492502,0.242888
850,299.404602,0,2.492502,0.242888
851,299.476318,0.002323,2.460487,0.239409
852,299.476318,0.002323,2.460487,0.239409
853,299.476318,0.002323,2.460487,0.239409
854,299.476318,0.002323,2.460487,0.239409
855,299.476318,0.002323,2.460487,0.239409
856,299.476318,0.002323,2.460487,0.239409
857,299.476318,0.002323,2.460487,0.239409
858,299.476318,0.002323,2.460487,0.239409
859,299.404602,0,2.492502,0.242888
860,299.404602,0,2.492502,0.242888
861,299.404602,0,2.492502,0.242888
862,299.404602,0,2.492502,0.242888
863,299.404602,0,2.492502,0.242888
864,299.404602,0,2.492502,0.242888
865,299.404602,0,2.492502,0.242888
866,299.404602,0,2.492502,0.242888
867,299.404602,0,2.492502,0.242888
868,299.404602,0,2.492502,0.242888
869,299.404602,0,2.492502,0.242888
870,299.404602,0,2.492502,0.242888
871,299.404602,0,2.492502,0.242888
872,299.404602,0,2.492502,0.242888
873,299.404602,0,2.492502,0.242888
874,299.404602,0,2.492502,0.242888
875,299.404602,0,2.492502,0.242888
876,299.404602,0,2.492502,0.242888
877,299.404602,0,2.492502,0.242888
878,299.404602,0,2.492502,0.242888
879,299.404602,0,2.492502,0.242888
880,299.404602,0,2.492502,0.242888
881,299.404602,0,2.492502,0.242888
882,299.404602,0,2.492502,0.242888
883,299.404602,0,2.492502,0.242888
884,299.404602,0,2.492502,0.242888
885,299.476318,0.002323,2.460487,0.239409
886,299.520508,0.005445,2.515176,0.24266
887,299.520508,0.005445,2.515176,0.24266
888,299.520508,0.005445,2.515176,0.24266
889,299.520508,0.005445,2.515176,0.24266
890,299.520508,0.005445,2.515176,0.24266
891,299.520508,0.005445,2.515176,0.24266
892,299.520508,0.005445,2.515176,0.24266
893,299.537994,1e-06,2.519439,0.242703
894,299.520508,0.005445,2.515176,0.24266
895,299.520508,0.005445,2.515176,0.24266
896,299.537994,1e-06,2.519439,0.242703
897,299.520508,0.005445,2.515176,0.24266
898,299.520508,0.005445,2.515176,0.24266
899,299.520508,0.005445,2.515176,0.24266
900,299.520508,0.005445,2.515176,0.24266
901,299.520508,0.005445,2.515176,0.24266
902,299.520508,0.005445,2.515176,0.24266
903,299.520508,0.005445,2.515176,0.24266
904,299.520508,0.005445,2.515176,0.24266
905,299.520508,0.005445,2.515176,0.24266
906,299.520508,0.005445,2.515176,0.24266
907,299.520508,0.005445,2.515176,0.24266
908,299.520508,0.005445,2.515176,0.24266
909,299.520508,0.005445,2.515176,0.24266
910,299.520508,0.005445,2.515176,0.24266
911,299.520508,0.005445,2.515176,0.24266
912,299.520508,0.005445,2.515176,0.24266
913,299.520508,0.005445,2.515176,0.24266
914,299.520508,0.005445,2.515176,0.24266
915,302.896393,0.006964,2.661033,0.261182
916,302.896393,0.006964,2.661033,0.261182
917,302.896393,0.006964,2.661033,0.261182
918,302.931183,0.013613,2.667193,0.261373
919,302.931183,0.013613,2.667193,0.261373
920,302.931183,0.013613,2.667193,0.261373
921,302.896393,0.006964,2.661033,0.261182
922,302.931183,0.013613,2.667193,0.261373
923,302.931183,0.013613,2.667193,0.261373
924,302.931183,0.013613,2.667193,0.261373
925,302.931183,0.013613,2.667193,0.261373
926,299.537994,1e-06,2.519439,0.242703
927,299.537994,1e-06,2.519439,0.242703
928,299.537994,1e-06,2.519439,0.242703
929,299.537994,1e-06,2.519439,0.242703
930,299.537994,1e-06,2.519439,0.242703
931,299.537994,1e-06,2.519439,0.242703
932,299.564484,0,2.575321,0.246241
933,299.532379,0,2.541762,0.244225
934,299.532379,0,2.541762,0.244225
935,299.532379,0,2.541762,0.244225
936,299.532379,0,2.541762,0.244225
937,299.532379,0,2.541762,0.244225
938,299.532379,0,2.541762,0.244225
939,299.564484,0,2.575321,0.246241
940,299.532379,0,2.541762,0.244225
941,299.532379,0,2.541762,0.244225
942,299.532379,0,2.541762,0.244225
943,299.532379,0,2.541762,0.244225
944,299.532379,0,2.541762,0.244225
945,299.532379,0,2.541762,0.244225
946,299.532379,0,2.541762,0.244225
947,299.532379,0,2.541762,0.244225
948,299.564484,0,2.575321,0.246241
949,299.564484,0,2.575321,0.246241
950,299.564484,0,2.575321,0.246241
951,299.564484,0,2.575321,0.246241
952,303.487488,0,2.885951,0.27804
953,299.642914,0,2.639322,0.250645
954,299.642914,0,2.639322,0.250645
955,299.733704,0,2.65661,0.251692
956,299.48175,0.006891,2.496684,0.241858
957,299.48175,0.006891,2.496684,0.241858
958,299.48175,0.006891,2.496684,0.241858
959,299.48175,0.006891,2.496684,0.241858
960,299.48175,0.006891,2.496684,0.241858
961,299.520508,0.005445,2.515176,0.24266
962,299.520508,0.005445,2.515176,0.24266
963,299.564484,0,2.575321,0.246241
964,299.564484,0,2.575321,0.246241
965,299.564484,0,2.575321,0.246241
966,299.564484,0,2.575321,0.246241
967,299.642914,0,2.639322,0.250645
968,299.642914,0,2.639322,0.250645
969,299.564484,0,2.575321,0.246241
970,299.564484,0,2.575321,0.246241
971,299.564484,0,2.575321,0.246241
972,299.564484,0,2.575321,0.246241
973,299.48175,0.006891,2.496684,0.241858
974,299.48175,0.006891,2.496684,0.241858
975,299.48175,0.006891,2.496684,0.241858
976,299.48175,0.006891,2.496684,0.241858
977,299.48175,0.006891,2.496684,0.241858
978,299.48175,0.006891,2.496684,0.241858
979,299.48175,0.006891,2.496684,0.241858
980,299.48175,0.006891,2.496684,0.241858
981,299.48175,0.006891,2.496684,0.241858
982,299.48175,0.006891,2.496684,0.241858
983,299.48175,0.006891,2.496684,0.241858
984,299.48175,0.006891,2.496684,0.241858
985,299.48175,0.006891,2.496684,0.241858
986,299.48175,0.006891,2.496684,0.241858
987,299.48175,0.006891,2.496684,0.241858
988,299.48175,0.006891,2.496684,0.241858
989,299.476318,0.002323,2.460487,0.239409
990,299.476318,0.002323,2.460487,0.239409
991,299.476318,0.002323,2.460487,0.239409
992,299.476318,0.002323,2.460487,0.239409
993,299.404602,0,2.492502,0.242888
994,299.520508,0.005445,2.515176,0.24266
995,299.520508,0.005445,2.515176,0.24266
996,299.520508,0.005445,2.515176,0.24266
997,299.520508,0.005445,2.515176,0.24266
998,299.537994,1e-06,2.519439,0.242703
999,302.896393,0.006964,2.661033,0.261182
1000,302.931183,0.013613,2.667193,0.261373
1001,299.537994,1e-06,2.519439,0.242703
1002,299.537994,1e-06,2.519439,0.242703
1003,299.532379,0,2.541762,0.244225
1004,299.564484,0,2.575321,0.246241
1005,299.564484,0,2.575321,0.246241
1006,299.532379,0,2.541762,0.244225
1007,299.532379,0,2.541762,0.244225
1008,299.532379,0,2.541762,0.244225
1009,299.532379,0,2.541762,0.244225
1010,299.564484,0,2.575321,0.246241
1011,299.564484,0,2.575321,0.246241
1012,299.564484,0,2.575321,0.246241
1013,299.564484,0,2.575321,0.246241
1014,299.564484,0,2.575321,0.246241
1015,299.564484,0,2.575321,0.246241
1016,299.564484,0,2.575321,0.246241
1017,299.733704,0,2.65661,0.251692
1018,299.642914,0,2.639322,0.250645
1019,299.642914,0,2.639322,0.250645
1020,299.48175,0.006891,2.496684,0.241858
1021,299.48175,0.006891,2.496684,0.241858
1022,299.48175,0.006891,2.496684,0.241858
1023,299.48175,0.006891,2.496684,0.241858
1024,299.404602,0,2.492502,0.242888
1025,299.476318,0.002323,2.460487,0.239409
1026,299.520508,0.005445,2.515176,0.24266
1027,299.520508,0.005445,2.515176,0.24266
1028,299.537994,1e-06,2.519439,0.242703
1029,299.532379,0,2.541762,0.244225
1030,299.564484,0,2.575321,0.246241
1031,299.642914,0,2.639322,0.250645
1032,299.642914,0,2.639322,0.250645
1033,299.642914,0,2.639322,0.250645
1034,299.642914,0,2.639322,0.250645
1035,299.733704,0,2.65661,0.251692
1036,299.733704,0,2.65661,0.251692
1037,299.733704,0,2.65661,0.251692
1038,299.564484,0,2.575321,0.246241
1039,299.564484,0,2.575321,0.246241
1040,299.564484,0,2.575321,0.246241
1041,299.564484,0,2.575321,0.246241
1042,299.564484,0,2.575321,0.246241
1043,299.564484,0,2.575321,0.246241
1044,299.564484,0,2.575321,0.246241
1045,299.48175,0.006891,2.496684,0.241858
1046,299.48175,0.006891,2.496684,0.241858
1047,299.48175,0.006891,2.496684,0.241858
1048,299.48175,0.006891,2.496684,0.241858
1049,299.48175,0.006891,2.496684,0.241858
1050,299.48175,0.006891,2.496684,0.241858
1051,299.48175,0.006891,2.496684,0.241858
1052,299.48175,0.006891,2.496684,0.241858
1053,299.48175,0.006891,2.496684,0.241858
1054,299.48175,0.006891,2.496684,0.241858
1055,299.48175,0.006891,2.496684,0.241858
1056,299.48175,0.006891,2.496684,0.241858
1057,299.48175,0.006891,2.496684,0.241858
1058,299.48175,0.006891,2.496684,0.241858
1059,299.48175,0.006891,2.496684,0.241858
1060,299.476318,0.002323,2.460487,0.239409
1061,299.476318,0.002323,2.460487,0.239409
1062,299.476318,0.002323,2.460487,0.239409
1063,299.476318,0.002323,2.460487,0.239409
1064,299.476318,0.002323,2.460487,0.239409
1065,299.476318,0.002323,2.460487,0.239409
1066,299.476318,0.002323,2.460487,0.239409
1067,299.404602,0,2.492502,0.242888
1068,299.404602,0,2.492502,0.242888
1069,299.476318,0.002323,2.460487,0.239409
1070,299.476318,0.002323,2.460487,0.239409
1071,299.476318,0.002323,2.460487,0.239409
1072,299.404602,0,2.492502,0.242888
1073,299.404602,0,2.492502,0.242888
1074,299.404602,0,2.492502,0.242888
1075,299.404602,0,2.492502,0.242888
1076,299.520508,0.005445,2.515176,0.24266
1077,299.520508,0.005445,2.515176,0.24266
1078,299.520508,0.005445,2.515176,0.24266
1079,299.520508,0.005445,2.515176,0.24266
1080,299.520508,0.005445,2.515176,0.24266
1081,299.520508,0.005445,2.515176,0.24266
1082,299.520508,0.005445,2.515176,0.24266
1083,302.931183,0.013613,2.667193,0.261373
1084,302.931183,0.013613,2.667193,0.261373
1085,302.931183,0.013613,2.667193,0.261373
1086,299.532379,0,2.541762,0.244225
1087,299.532379,0,2.541762,0.244225
1088,299.532379,0,2.541762,0.244225
1089,299.532379,0,2.541762,0.244225
1090,299.532379,0,2.541762,0.244225
1091,299.532379,0,2.541762,0.244225
1092,299.532379,0,2.541762,0.244225
1093,299.532379,0,2.541762,0.244225
1094,299.532379,0,2.541762,0.244225
1095,299.532379,0,2.541762,0.244225
1096,299.564484,0,2.575321,0.246241
1097,299.564484,0,2.575321,0.246241
1098,299.564484,0,2.575321,0.246241
1099,299.532379,0,2.541762,0.244225
1100,299.564484,0,2.575321,0.246241
1101,299.564484,0,2.575321,0.246241
1102,299.564484,0,2.575321,0.246241
1103,299.564484,0,2.575321,0.246241
1104,299.564484,0,2.575321,0.246241
1105,299.564484,0,2.575321,0.246241
1106,299.564484,0,2.575321,0.246241
1107,299.564484,0,2.575321,0.246241
1108,299.741699,0,2.710301,0.256285
1109,299.404602,0,2.492502,0.242888
1110,299.520508,0.005445,2.515176,0.24266
1111,299.520508,0.005445,2.515176,0.24266
1112,299.520508,0.005445,2.515176,0.24266
1113,299.520508,0.005445,2.515176,0.24266
1114,299.520508,0.005445,2.515176,0.24266
1115,299.520508,0.005445,2.515176,0.24266
1116,299.520508,0.005445,2.515176,0.24266
1117,299.537994,1e-06,2.519439,0.242703
1118,299.537994,1e-06,2.519439,0.242703
1119,299.537994,1e-06,2.519439,0.242703
1120,299.537994,1e-06,2.519439,0.242703
1121,299.537994,1e-06,2.519439,0.242703
1122,299.537994,1e-06,2.519439,0.242703
1123,299.537994,1e-06,2.519439,0.242703
1124,299.537994,1e-06,2.519439,0.242703
1125,299.537994,1e-06,2.519439,0.242703
1126,299.537994,1e-06,2.519439,0.242703
1127,299.537994,1e-06,2.519439,0.242703
1128,299.532379,0,2.541762,0.244225
1129,299.532379,0,2.541762,0.244225
1130,299.837646,0.671405,2.708824,0.256003
1131,299.837646,0.671405,2.708824,0.256003
1132,299.837646,0.671405,2.708824,0.256003
1133,299.837646,0.671405,2.708824,0.256003
1134,299.837646,0.671405,2.708824,0.256003
1135,299.837646,0.671405,2.708824,0.256003
1136,299.837646,0.671405,2.708824,0.256003
1137,299.837646,0.671405,2.708824,0.256003
1138,299.837646,0.671405,2.708824,0.256003
1139,299.837646,0.671405,2.708824,0.256003
1140,299.837646,0.671405,2.708824,0.256003
1141,299.837646,0.671405,2.708824,0.256003
1142,299.837646,0.671405,2.708824,0.256003
1143,299.837646,0.671405,2.708824,0.256003
1144,299.837646,0.671405,2.708824,0.256003
1145,299.837646,0.671405,2.708824,0.256003
1146,299.837646,0.671405,2.708824,0.256003
1147,299.837646,0.671405,2.708824,0.256003
1148,299.837646,0.671405,2.708824,0.256003
1149,299.837646,0.671405,2.708824,0.256003
1150,299.837646,0.671405,2.708824,0.256003
1151,299.837646,0.671405,2.708824,0.256003
1152,299.837646,0.671405,2.708824,0.256003
1153,299.837646,0.671405,2.708824,0.256003
1154,299.837646,0.671405,2.708824,0.256003
1155,299.837646,0.671405,2.708824,0.256003
1156,299.837646,0.671405,2.708824,0.256003
1157,299.837646,0.671405,2.708824,0.256003
1158,299.837646,0.671405,2.708824,0.256003
1159,299.837646,0.671405,2.708824,0.256003
1160,299.837646,0.671405,2.708824,0.256003
1161,299.837646,0.671405,2.708824,0.256003
1162,299.837646,0.671405,2.708824,0.256003
1163,299.837646,0.671405,2.708824,0.256003
1164,299.837646,0.671405,2.708824,0.256003
1165,299.837646,0.671405,2.708824,0.256003
1166,299.837646,0.671405,2.708824,0.256003
1167,299.837646,0.671405,2.708824,0.256003
1168,299.837646,0.671405,2.708824,0.256003
1169,299.837646,0.671405,2.708824,0.256003
1170,299.837646,0.671405,2.708824,0.256003
1171,299.837646,0.671405,2.708824,0.256003
1172,299.837646,0.671405,2.708824,0.256003
1173,299.837646,0.671405,2.708824,0.256003
1174,299.837646,0.671405,2.708824,0.256003
1175,299.837646,0.671405,2.708824,0.256003
1176,299.837646,0.671405,2.708824,0.256003
1177,299.837646,0.671405,2.708824,0.256003
1178,299.837646,0.671405,2.708824,0.256003
1179,299.837646,0.671405,2.708824,0.256003
1180,299.837646,0.671405,2.708824,0.256003
1181,299.837646,0.671405,2.708824,0.256003
1182,299.837646,0.671405,2.708824,0.256003
1183,299.837646,0.671405,2.708824,0.256003
1184,299.837646,0.671405,2.708824,0.256003
1185,299.837646,0.671405,2.708824,0.256003
1186,299.837646,0.671405,2.708824,0.256003
1187,299.837646,0.671405,2.708824,0.256003
1188,299.837646,0.671405,2.708824,0.256003
1189,299.837646,0.671405,2.708824,0.256003
1190,299.837646,0.671405,2.708824,0.256003
1191,299.837646,0.671405,2.708824,0.256003
1192,299.837646,0.671405,2.708824,0.256003
1193,299.837646,0.671405,2.708824,0.256003
1194,299.837646,0.671405,2.708824,0.256003
1195,299.837646,0.671405,2.708824,0.256003
1196,299.837646,0.671405,2.708824,0.256003
1197,299.837646,0.671405,2.708824,0.256003
1198,299.837646,0.671405,2.708824,0.256003
1199,299.837646,0.671405,2.708824,0.256003
1200,299.837646,0.671405,2.708824,0.256003
1201,299.837646,0.671405,2.708824,0.256003
1202,299.837646,0.671405,2.708824,0.256003
1203,299.837646,0.671405,2.708824,0.256003
1204,299.837646,0.671405,2.708824,0.256003
1205,299.837646,0.671405,2.708824,0.256003
1206,299.837646,0.671405,2.708824,0.256003
1207,299.837646,0.671405,2.708824,0.256003
1208,299.837646,0.671405,2.708824,0.256003
1209,299.837646,0.671405,2.708824,0.256003
1210,299.837646,0.671405,2.708824,0.256003
1211,299.837646,0.671405,2.708824,0.256003
1212,299.837646,0.671405,2.708824,0.256003
1213,299.837646,0.671405,2.708824,0.256003
1214,299.810028,7e-06,2.708445,0.255908
1215,299.810028,7e-06,2.708445,0.255908
1216,299.810028,7e-06,2.708445,0.255908
1217,299.810028,7e-06,2.708445,0.255908
1218,299.810028,7e-06,2.708445,0.255908
1219,299.810028,7e-06,2.708445,0.255908
1220,299.810028,7e-06,2.708445,0.255908
1221,294.445068,0,1.856902,0.210817
1222,294.445068,0,1.856902,0.210817
1223,294.947449,0,1.838212,0.211488
1224,294.947449,0,1.838212,0.211488
1225,294.947449,0,1.838212,0.211488
1226,294.947449,0,1.838212,0.211488
1227,294.947449,0,1.838212,0.211488
1228,294.947449,0,1.838212,0.211488
1229,294.230042,0,1.973468,0.218565
1230,294.230042,0,1.973468,0.218565
1231,294.342133,0,1.946684,0.216716
1232,294.342133,0,1.946684,0.216716
1233,294.342133,0,1.946684,0.216716
1234,294.342133,0,1.946684,0.216716
1235,294.342133,0,1.946684,0.216716
1236,294.342133,0,1.946684,0.216716
1237,294.342133,0,1.946684,0.216716
1238,296.154938,0.128142,1.546787,0.186431
1239,296.154938,0.128142,1.546787,0.186431
1240,296.154938,0.128142,1.546787,0.186431
1241,294.298462,0,1.795712,0.205529
1242,294.298462,0,1.795712,0.205529
1243,294.298462,0,1.795712,0.205529
1244,294.298462,0,1.795712,0.205529
1245,294.298462,0,1.795712,0.205529
1246,294.298462,0,1.795712,0.205529
1247,294.298462,0,1.795712,0.205529
1248,294.298462,0,1.795712,0.205529
1249,294.298462,0,1.795712,0.205529
1250,294.569397,0,1.784052,0.204511
1251,293.95697,0,1.816161,0.207361
1252,293.7677,0,1.828884,0.208354
1253,293.7677,0,1.828884,0.208354
1254,293.7677,0,1.828884,0.208354
1255,293.7677,0,1.828884,0.208354
1256,293.7677,0,1.828884,0.208354
1257,293.7677,0,1.828884,0.208354
1258,293.7677,0,1.828884,0.208354
1259,293.123962,0,1.848744,0.210274
1260,293.123962,0,1.848744,0.210274
1261,293.123962,0,1.848744,0.210274
1262,292.887695,0,1.847862,0.210694
1263,292.887695,0,1.847862,0.210694
1264,292.887695,0,1.847862,0.210694
1265,294.165649,0,1.810794,0.206739
1266,294.165649,0,1.810794,0.206739
1267,294.165649,0,1.810794,0.206739
1268,294.165649,0,1.810794,0.206739
1269,294.165649,0,1.810794,0.206739
1270,294.165649,0,1.810794,0.206739
1271,293.513977,0,1.826495,0.208456
1272,293.085236,0,1.831696,0.209304
1273,293.085236,0,1.831696,0.209304
1274,293.085236,0,1.831696,0.209304
1275,293.085236,0,1.831696,0.209304
1276,292.597229,0,1.845206,0.210809
1277,292.597229,0,1.845206,0.210809
1278,292.597229,0,1.845206,0.210809
1279,292.597229,0,1.845206,0.210809
1280,292.597229,0,1.845206,0.210809
1281,292.597229,0,1.845206,0.210809
1282,292.597229,0,1.845206,0.210809
1283,292.597229,0,1.845206,0.210809
1284,292.597229,0,1.845206,0.210809
1285,292.072266,0,1.864335,0.212857
1286,292.072266,0,1.864335,0.212857
1287,292.072266,0,1.864335,0.212857
1288,291.224152,0,1.892202,0.215721
1289,291.224152,0,1.892202,0.215721
1290,291.224152,0,1.892202,0.215721
1291,291.224152,0,1.892202,0.215721
1292,291.072571,0,1.904286,0.216652
1293,291.072571,0,1.904286,0.216652
1294,291.072571,0,1.904286,0.216652
1295,291.072571,0,1.904286,0.216652
1296,291.072571,0,1.904286,0.216652
1297,291.072571,0,1.904286,0.216652
1298,291.072571,0,1.904286,0.216652
1299,291.072571,0,1.904286,0.216652
1300,291.072571,0,1.904286,0.216652
1301,291.072571,0,1.904286,0.216652
1302,291.072571,0,1.904286,0.216652
1303,291.072571,0,1.904286,0.216652
1304,291.072571,0,1.904286,0.216652
1305,291.072571,0,1.904286,0.216652
1306,291.781067,0,1.860763,0.21312
1307,291.781067,0,1.860763,0.21312
1308,291.781067,0,1.860763,0.21312
1309,291.781067,0,1.860763,0.21312
1310,291.781067,0,1.860763,0.21312
1311,291.781067,0,1.860763,0.21312
1312,291.781067,0,1.860763,0.21312
1313,291.781067,0,1.860763,0.21312
1314,291.781067,0,1.860763,0.21312
1315,291.781067,0,1.860763,0.21312
1316,291.781067,0,1.860763,0.21312
1317,291.781067,0,1.860763,0.21312
1318,291.224152,0,1.892202,0.215721
1319,291.224152,0,1.892202,0.215721
1320,291.224152,0,1.892202,0.215721
1321,291.224152,0,1.892202,0.215721
1322,291.224152,0,1.892202,0.215721
1323,291.224152,0,1.892202,0.215721
1324,291.224152,0,1.892202,0.215721
1325,291.224152,0,1.892202,0.215721
1326,292.330231,0,1.831505,0.211007
1327,292.330231,0,1.831505,0.211007
1328,292.330231,0,1.831505,0.211007
1329,292.330231,0,1.831505,0.211007
1330,292.330231,0,1.831505,0.211007
1331,292.330231,0,1.831505,0.211007
1332,292.330231,0,1.831505,0.211007
1333,292.330231,0,1.831505,0.211007
1334,293.022491,0,1.825459,0.209012
1335,293.022491,0,1.825459,0.209012
1336,293.022491,0,1.825459,0.209012
1337,293.022491,0,1.825459,0.209012
1338,293.022491,0,1.825459,0.209012
1339,293.022491,0,1.825459,0.209012
1340,294.698761,0,2.536588,0.254121
1341,294.698761,0,2.536588,0.254121
1342,294.789001,0,2.54105,0.254581
1343,294.789001,0,2.54105,0.254581
1344,294.789001,0,2.54105,0.254581
1345,295.672363,0,2.441797,0.246518
1346,295.672363,0,2.441797,0.246518
1347,295.672363,0,2.441797,0.246518
1348,295.672363,0,2.441797,0.246518
1349,295.07785,0,2.539806,0.254424
1350,294.789001,0,2.54105,0.254581
1351,294.789001,0,2.54105,0.254581
1352,295.07785,0,2.539806,0.254424
1353,295.07785,0,2.539806,0.254424
1354,295.07785,0,2.539806,0.254424
1355,295.07785,0,2.539806,0.254424
1356,295.07785,0,2.539806,0.254424
1357,295.07785,0,2.539806,0.254424
1358,295.07785,0,2.539806,0.254424
1359,295.07785,0,2.539806,0.254424
1360,295.07785,0,2.539806,0.254424
1361,295.07785,0,2.539806,0.254424
1362,295.07785,0,2.539806,0.254424
1363,295.07785,0,2.539806,0.254424
1364,295.07785,0,2.539806,0.254424
1365,295.07785,0,2.539806,0.254424
1366,295.07785,0,2.539806,0.254424
1367,295.07785,0,2.539806,0.254424
1368,295.07785,0,2.539806,0.254424
1369,295.07785,0,2.539806,0.254424
1370,295.07785,0,2.539806,0.254424
1371,295.07785,0,2.539806,0.254424
1372,295.07785,0,2.539806,0.254424
1373,294.955994,0,2.518119,0.252554
1374,295.067566,0,2.509231,0.251783
1375,295.067566,0,2.509231,0.251783
1376,295.067566,0,2.509231,0.251783
1377,295.067566,0,2.509231,0.251783
1378,295.067566,0,2.509231,0.251783
1379,295.067566,0,2.509231,0.251783
1380,295.067566,0,2.509231,0.251783
1381,295.183594,0,2.496487,0.250841
1382,295.183594,0,2.496487,0.250841
1383,294.955994,0,2.518119,0.252554
1384,294.955994,0,2.518119,0.252554
1385,294.955994,0,2.518119,0.252554
1386,294.955994,0,2.518119,0.252554
1387,294.955994,0,2.518119,0.252554
1388,294.955994,0,2.518119,0.252554
1389,289.011658,0,1.886682,0.207401
1390,289.011658,0,1.886682,0.207401
1391,289.011658,0,1.886682,0.207401
1392,NA,NA,NA,NA
1393,NA,NA,NA,NA
1394,NA,NA,NA,NA
1395,NA,NA,NA,NA
1396,NA,NA,NA,NA
1397,NA,NA,NA,NA
1398,NA,NA,NA,NA
1399,287.633575,0,2.034224,0.211802
1400,287.633575,0,2.034224,0.211802
1401,287.633575,0,2.034224,0.211802
1402,287.633575,0,2.034224,0.211802
1403,287.633575,0,2.034224,0.211802
1404,287.633575,0,2.034224,0.211802
1405,287.633575,0,2.034224,0.211802
1406,287.633575,0,2.034224,0.211802
1407,287.633575,0,2.034224,0.211802
1408,287.633575,0,2.034224,0.211802
1409,287.633575,0,2.034224,0.211802
1410,287.633575,0,2.034224,0.211802
1411,287.633575,0,2.034224,0.211802
1412,287.633575,0,2.034224,0.211802
1413,287.633575,0,2.034224,0.211802
1414,287.633575,0,2.034224,0.211802
1415,287.633575,0,2.034224,0.211802
1416,287.633575,0,2.034224,0.211802
1417,287.633575,0,2.034224,0.211802
1418,287.633575,0,2.034224,0.211802
1419,288.194275,0,1.67819,0.20516
1420,288.182343,0,1.6947,0.205551
1421,288.194275,0,1.67819,0.20516
1422,288.115631,0,1.717337,0.206559
1423,288.115631,0,1.717337,0.206559
1424,288.080811,0,1.726496,0.206939
1425,288.115631,0,1.717337,0.206559
1426,288.182343,0,1.6947,0.205551
1427,288.182343,0,1.6947,0.205551
1428,288.194275,0,1.67819,0.20516
1429,288.194275,0,1.67819,0.20516
1430,288.194275,0,1.67819,0.20516
1431,288.194275,0,1.67819,0.20516
1432,288.194275,0,1.67819,0.20516
1433,288.194275,0,1.67819,0.20516
1434,288.194275,0,1.67819,0.20516
1435,288.194275,0,1.67819,0.20516
1436,288.194275,0,1.67819,0.20516
1437,288.194275,0,1.67819,0.20516
1438,288.194275,0,1.67819,0.20516
1439,288.194275,0,1.67819,0.20516
1440,288.194275,0,1.67819,0.20516
1441,288.194275,0,1.67819,0.20516
1442,288.194275,0,1.67819,0.20516
1443,NA,NA,NA,NA
1444,294.01532,0,1.81159,0.207974
1445,294.01532,0,1.81159,0.207974
1446,294.01532,0,1.81159,0.207974
1447,294.01532,0,1.81159,0.207974
1448,294.01532,0,1.81159,0.207974
1449,294.01532,0,1.81159,0.207974
1450,294.01532,0,1.81159,0.207974
1451,294.01532,0,1.81159,0.207974
1452,294.01532,0,1.81159,0.207974
1453,294.01532,0,1.81159,0.207974
1454,294.01532,0,1.81159,0.207974
1455,294.01532,0,1.81159,0.207974
1456,294.01532,0,1.81159,0.207974
1457,294.653198,3.1e-05,1.791095,0.205665
1458,294.653198,3.1e-05,1.791095,0.205665
1459,294.653198,3.1e-05,1.791095,0.205665
1460,294.653198,3.1e-05,1.791095,0.205665
1461,294.653198,3.1e-05,1.791095,0.205665
1462,294.653198,3.1e-05,1.791095,0.205665
1463,293.987885,0,1.809006,0.207629
1464,293.987885,0,1.809006,0.207629
1465,293.987885,0,1.809006,0.207629
1466,293.987885,0,1.809006,0.207629
1467,294.653198,3.1e-05,1.791095,0.205665
1468,294.653198,3.1e-05,1.791095,0.205665
1469,294.653198,3.1e-05,1.791095,0.205665
1470,294.653198,3.1e-05,1.791095,0.205665
1471,294.653198,3.1e-05,1.791095,0.205665
1472,294.653198,3.1e-05,1.791095,0.205665
1473,294.653198,3.1e-05,1.791095,0.205665
1474,294.653198,3.1e-05,1.791095,0.205665
1475,294.653198,3.1e-05,1.791095,0.205665
1476,294.653198,3.1e-05,1.791095,0.205665
1477,294.132446,0,1.756415,0.204079
1478,294.132446,0,1.756415,0.204079
1479,294.132446,0,1.756415,0.204079
1480,294.14621,5e-06,1.769152,0.204613
1481,294.14621,5e-06,1.769152,0.204613
1482,294.14621,5e-06,1.769152,0.204613
1483,294.320679,0,1.773375,0.205462
1484,294.320679,0,1.773375,0.205462
1485,294.320679,0,1.773375,0.205462
1486,294.320679,0,1.773375,0.205462
1487,294.320679,0,1.773375,0.205462
1488,294.348602,1e-06,1.775791,0.20535
1489,294.348602,1e-06,1.775791,0.20535
1490,294.348602,1e-06,1.775791,0.20535
1491,294.348602,1e-06,1.775791,0.20535
1492,294.348602,1e-06,1.775791,0.20535
1493,294.348602,1e-06,1.775791,0.20535
1494,294.348602,1e-06,1.775791,0.20535
1495,294.356018,0,1.709678,0.200879
1496,294.356018,0,1.709678,0.200879
1497,294.356018,0,1.709678,0.200879
1498,294.356018,0,1.709678,0.200879
1499,294.356018,0,1.709678,0.200879
1500,294.059998,0.000156,1.703353,0.201244
1501,294.059998,0.000156,1.703353,0.201244
1502,294.059998,0.000156,1.703353,0.201244
1503,294.059998,0.000156,1.703353,0.201244
1504,294.059998,0.000156,1.703353,0.201244
1505,294.059998,0.000156,1.703353,0.201244
1506,294.059998,0.000156,1.703353,0.201244
1507,294.059998,0.000156,1.703353,0.201244
1508,294.356018,0,1.709678,0.200879
1509,294.356018,0,1.709678,0.200879
1510,294.356018,0,1.709678,0.200879
1511,294.356018,0,1.709678,0.200879
1512,294.356018,0,1.709678,0.200879
1513,294.356018,0,1.709678,0.200879
1514,294.356018,0,1.709678,0.200879
1515,294.356018,0,1.709678,0.200879
1516,287.994507,0,1.917189,0.21109
1517,287.994507,0,1.917189,0.21109
1518,288.980408,0,1.886786,0.207489
1519,288.980408,0,1.886786,0.207489
1520,288.409912,1e-06,1.898526,0.209559
1521,288.409912,1e-06,1.898526,0.209559
1522,288.980408,0,1.886786,0.207489
1523,288.980408,0,1.886786,0.207489
1524,288.980408,0,1.886786,0.207489
1525,288.980408,0,1.886786,0.207489
1526,287.843781,0,1.937813,0.211729
1527,287.994507,0,1.917189,0.21109
1528,287.994507,0,1.917189,0.21109
1529,287.994507,0,1.917189,0.21109
1530,287.994507,0,1.917189,0.21109
1531,287.994507,0,1.917189,0.21109
1532,287.994507,0,1.917189,0.21109
1533,287.994507,0,1.917189,0.21109
1534,287.994507,0,1.917189,0.21109
1535,287.994507,0,1.917189,0.21109
1536,297.957214,0,1.473997,0.179211
1537,297.957214,0,1.473997,0.179211
1538,297.957214,0,1.473997,0.179211
1539,297.957214,0,1.473997,0.179211
1540,297.957214,0,1.473997,0.179211
1541,297.010559,0,1.448731,0.17733
1542,297.010559,0,1.448731,0.17733
1543,297.798157,0,1.462991,0.177416
1544,297.181152,0,1.455117,0.177018
1545,297.798157,0,1.462991,0.177416
1546,297.40921,1.5e-05,1.450009,0.17576
1547,297.271027,0,1.451844,0.178322
1548,297.271027,0,1.451844,0.178322
1549,297.271027,0,1.451844,0.178322
1550,297.447815,0,1.448857,0.177173
1551,298.092682,1e-06,1.465856,0.179979
1552,298.092682,1e-06,1.465856,0.179979
1553,298.092682,1e-06,1.465856,0.179979
1554,298.092682,1e-06,1.465856,0.179979
1555,298.092682,1e-06,1.465856,0.179979
1556,297.447815,0,1.448857,0.177173
1557,297.447815,0,1.448857,0.177173
1558,297.447815,0,1.448857,0.177173
1559,297.447815,0,1.448857,0.177173
1560,297.447815,0,1.448857,0.177173
1561,297.447815,0,1.448857,0.177173
1562,297.467346,0,1.455615,0.17951
1563,297.467346,0,1.455615,0.17951
1564,297.467346,0,1.455615,0.17951
1565,297.467346,0,1.455615,0.17951
1566,297.467346,0,1.455615,0.17951
1567,297.467346,0,1.455615,0.17951
1568,297.467346,0,1.455615,0.17951
1569,297.467346,0,1.455615,0.17951
1570,297.467346,0,1.455615,0.17951
1571,297.467346,0,1.455615,0.17951
1572,297.271027,0,1.451844,0.178322
1573,297.467346,0,1.455615,0.17951
1574,297.467346,0,1.455615,0.17951
1575,297.467346,0,1.455615,0.17951
1576,297.467346,0,1.455615,0.17951
1577,297.467346,0,1.455615,0.17951
1578,296.949677,0,1.435806,0.178178
1579,296.949677,0,1.435806,0.178178
1580,296.949677,0,1.435806,0.178178
1581,296.949677,0,1.435806,0.178178
1582,296.949677,0,1.435806,0.178178
1583,296.949677,0,1.435806,0.178178
1584,296.949677,0,1.435806,0.178178
1585,296.949677,0,1.435806,0.178178
1586,296.949677,0,1.435806,0.178178
1587,296.949677,0,1.435806,0.178178
1588,296.949677,0,1.435806,0.178178
1589,296.949677,0,1.435806,0.178178
1590,296.949677,0,1.435806,0.178178
1591,297.467346,0,1.455615,0.17951
1592,297.467346,0,1.455615,0.17951
1593,297.467346,0,1.455615,0.17951
1594,297.467346,0,1.455615,0.17951
1595,297.467346,0,1.455615,0.17951
1596,297.467346,0,1.455615,0.17951
1597,297.467346,0,1.455615,0.17951
1598,297.581665,0,1.446447,0.175758
1599,297.581665,0,1.446447,0.175758
1600,297.581665,0,1.446447,0.175758
1601,297.581665,0,1.446447,0.175758
1602,297.366669,0,1.449613,0.176195
1603,297.271027,0,1.451844,0.178322
1604,297.271027,0,1.451844,0.178322
1605,297.271027,0,1.451844,0.178322
1606,297.271027,0,1.451844,0.178322
1607,297.532104,0,1.422202,0.174608
1608,297.532104,0,1.422202,0.174608
1609,297.532104,0,1.422202,0.174608
1610,297.532104,0,1.422202,0.174608
1611,297.424805,0,1.430436,0.175926
1612,297.424805,0,1.430436,0.175926
1613,297.424805,0,1.430436,0.175926
1614,297.424805,0,1.430436,0.175926
1615,297.424805,0,1.430436,0.175926
1616,297.828186,0,1.450089,0.179541
1617,297.828186,0,1.450089,0.179541
1618,297.828186,0,1.450089,0.179541
1619,297.828186,0,1.450089,0.179541
1620,297.828186,0,1.450089,0.179541
1621,297.828186,0,1.450089,0.179541
1622,297.828186,0,1.450089,0.179541
1623,297.828186,0,1.450089,0.179541
1624,297.424805,0,1.430436,0.175926
1625,297.424805,0,1.430436,0.175926
1626,297.424805,0,1.430436,0.175926
1627,297.424805,0,1.430436,0.175926
1628,297.424805,0,1.430436,0.175926
1629,297.424805,0,1.430436,0.175926
1630,297.424805,0,1.430436,0.175926
1631,297.424805,0,1.430436,0.175926
1632,297.424805,0,1.430436,0.175926
1633,297.424805,0,1.430436,0.175926
1634,297.424805,0,1.430436,0.175926
1635,297.424805,0,1.430436,0.175926
1636,297.424805,0,1.430436,0.175926
1637,297.424805,0,1.430436,0.175926
1638,297.424805,0,1.430436,0.175926
1639,297.532104,0,1.422202,0.174608
1640,297.532104,0,1.422202,0.174608
1641,297.097565,3e-06,1.459773,0.177949
1642,297.173828,0,1.464131,0.177808
1643,297.173828,0,1.464131,0.177808
1644,297.173828,0,1.464131,0.177808
1645,297.173828,0,1.464131,0.177808
1646,297.173828,0,1.464131,0.177808
1647,297.173828,0,1.464131,0.177808
1648,297.173828,0,1.464131,0.177808
1649,297.173828,0,1.464131,0.177808
1650,297.173828,0,1.464131,0.177808
1651,297.173828,0,1.464131,0.177808
1652,297.173828,0,1.464131,0.177808
1653,297.173828,0,1.464131,0.177808
1654,297.173828,0,1.464131,0.177808
1655,297.423553,0,1.465755,0.176993
1656,297.173828,0,1.464131,0.177808
1657,297.173828,0,1.464131,0.177808
1658,297.423553,0,1.465755,0.176993
1659,297.423553,0,1.465755,0.176993
1660,297.423553,0,1.465755,0.176993
1661,297.423553,0,1.465755,0.176993
1662,297.423553,0,1.465755,0.176993
1663,297.423553,0,1.465755,0.176993
1664,297.48645,2e-06,1.464317,0.176614
1665,297.48645,2e-06,1.464317,0.176614
1666,298.198639,0,1.421435,0.171256
1667,298.198639,0,1.421435,0.171256
1668,298.198639,0,1.421435,0.171256
1669,298.198639,0,1.421435,0.171256
1670,297.48645,2e-06,1.464317,0.176614
1671,NA,NA,NA,NA
1672,NA,NA,NA,NA
1673,288.902527,0,1.160427,0.162047
1674,288.902527,0,1.160427,0.162047
1675,288.902527,0,1.160427,0.162047
1676,288.902527,0,1.160427,0.162047
1677,288.902527,0,1.160427,0.162047
1678,288.902527,0,1.160427,0.162047
1679,288.902527,0,1.160427,0.162047
1680,288.902527,0,1.160427,0.162047
1681,288.902527,0,1.160427,0.162047
1682,288.902527,0,1.160427,0.162047
1683,288.902527,0,1.160427,0.162047
1684,288.902527,0,1.160427,0.162047
1685,288.414551,0,1.45618,0.191419
1686,288.625793,0,1.429597,0.189129
1687,288.625793,0,1.429597,0.189129
1688,288.629028,0,1.473304,0.192118
1689,288.625793,0,1.429597,0.189129
1690,288.620605,0,1.469844,0.191859
1691,288.620605,0,1.469844,0.191859
1692,288.620605,0,1.469844,0.191859
1693,288.625793,0,1.429597,0.189129
1694,288.625793,0,1.429597,0.189129
1695,288.625793,0,1.429597,0.189129
1696,288.620605,0,1.469844,0.191859
1697,288.620605,0,1.469844,0.191859
1698,288.585083,0,1.444982,0.19044
1699,288.625793,0,1.429597,0.189129
1700,288.585083,0,1.444982,0.19044
1701,287.258881,0,1.872788,0.212983
1702,288.180389,1.7e-05,1.676853,0.205491
1703,288.215515,0,1.664304,0.204883
1704,288.087494,3e-05,1.710564,0.207647
1705,288.258545,0,1.655303,0.204217
1706,288.087494,3e-05,1.710564,0.207647
1707,288.189026,0,1.676471,0.205362
1708,288.258545,0,1.655303,0.204217
1709,288.189026,0,1.676471,0.205362
1710,288.219971,0,1.668958,0.204906
1711,288.219971,0,1.668958,0.204906
1712,288.258545,0,1.655303,0.204217
1713,288.258545,0,1.655303,0.204217
1714,288.296509,0,1.636129,0.203262
1715,288.219971,0,1.668958,0.204906
1716,288.219971,0,1.668958,0.204906
1717,288.111542,0,1.707996,0.207121
1718,288.189026,0,1.676471,0.205362
1719,288.189026,0,1.676471,0.205362
1720,288.218903,0,1.670373,0.204911
1721,288.296509,0,1.636129,0.203262
1722,288.296509,0,1.636129,0.203262
1723,288.189026,0,1.676471,0.205362
1724,288.189026,0,1.676471,0.205362
1725,288.189026,0,1.676471,0.205362
1726,288.189026,0,1.676471,0.205362
1727,288.189026,0,1.676471,0.205362
1728,288.189026,0,1.676471,0.205362
1729,288.189026,0,1.676471,0.205362
1730,288.189026,0,1.676471,0.205362
1731,288.189026,0,1.676471,0.205362
1732,288.189026,0,1.676471,0.205362
1733,288.189026,0,1.676471,0.205362
1734,288.189026,0,1.676471,0.205362
1735,288.189026,0,1.676471,0.205362
1736,288.189026,0,1.676471,0.205362
1737,288.189026,0,1.676471,0.205362
1738,288.189026,0,1.676471,0.205362
1739,288.189026,0,1.676471,0.205362
1740,288.189026,0,1.676471,0.205362
1741,288.189026,0,1.676471,0.205362
1742,288.189026,0,1.676471,0.205362
1743,288.189026,0,1.676471,0.205362
1744,288.189026,0,1.676471,0.205362
1745,288.189026,0,1.676471,0.205362
1746,288.189026,0,1.676471,0.205362
1747,288.555328,1e-06,1.46702,0.191888
1748,288.555328,1e-06,1.46702,0.191888
1749,288.555328,1e-06,1.46702,0.191888
1750,288.414551,0,1.45618,0.191419
1751,288.414551,0,1.45618,0.191419
1752,288.553864,0,1.508508,0.194648
1753,288.553864,0,1.508508,0.194648
1754,288.553864,0,1.508508,0.194648
1755,288.553864,0,1.508508,0.194648
1756,288.536194,0,1.50747,0.194576
1757,288.536194,0,1.50747,0.194576
1758,288.536194,0,1.50747,0.194576
1759,288.536194,0,1.50747,0.194576
1760,296.932129,0,1.540186,0.183034
1761,296.932129,0,1.540186,0.183034
1762,296.932129,0,1.540186,0.183034
1763,296.932129,0,1.540186,0.183034
1764,296.932129,0,1.540186,0.183034
1765,296.932129,0,1.540186,0.183034
1766,296.932129,0,1.540186,0.183034
1767,296.636078,2e-05,1.580382,0.186644
1768,296.636078,2e-05,1.580382,0.186644
1769,296.636078,2e-05,1.580382,0.186644
1770,296.636078,2e-05,1.580382,0.186644
1771,296.932129,0,1.540186,0.183034
1772,296.134674,1.7e-05,1.541164,0.186349
1773,296.134674,1.7e-05,1.541164,0.186349
1774,296.134674,1.7e-05,1.541164,0.186349
1775,296.134674,1.7e-05,1.541164,0.186349
1776,296.134674,1.7e-05,1.541164,0.186349
1777,296.134674,1.7e-05,1.541164,0.186349
1778,295.789764,2.6e-05,1.539357,0.187566
1779,295.789764,2.6e-05,1.539357,0.187566
1780,295.789764,2.6e-05,1.539357,0.187566
1781,296.253418,0,1.505674,0.184034
1782,296.253418,0,1.505674,0.184034
1783,296.253418,0,1.505674,0.184034
1784,296.253418,0,1.505674,0.184034
1785,296.253418,0,1.505674,0.184034
1786,296.253418,0,1.505674,0.184034
1787,296.253418,0,1.505674,0.184034
1788,296.253418,0,1.505674,0.184034
1789,296.253418,0,1.505674,0.184034
1790,296.253418,0,1.505674,0.184034
1791,296.253418,0,1.505674,0.184034
1792,296.253418,0,1.505674,0.184034
1793,296.253418,0,1.505674,0.184034
1794,296.253418,0,1.505674,0.184034
1795,296.253418,0,1.505674,0.184034
1796,296.134674,1.7e-05,1.541164,0.186349
1797,296.134674,1.7e-05,1.541164,0.186349
1798,296.134674,1.7e-05,1.541164,0.186349
1799,296.134674,1.7e-05,1.541164,0.186349
1800,296.337158,1.3e-05,1.530753,0.185103
1801,296.337158,1.3e-05,1.530753,0.185103
1802,296.337158,1.3e-05,1.530753,0.185103
1803,296.337158,1.3e-05,1.530753,0.185103
1804,296.337158,1.3e-05,1.530753,0.185103
1805,296.337158,1.3e-05,1.530753,0.185103
1806,296.337158,1.3e-05,1.530753,0.185103
1807,296.337158,1.3e-05,1.530753,0.185103
1808,296.337158,1.3e-05,1.530753,0.185103
1809,296.337158,1.3e-05,1.530753,0.185103
1810,296.337158,1.3e-05,1.530753,0.185103
1811,296.337158,1.3e-05,1.530753,0.185103
1812,296.337158,1.3e-05,1.530753,0.185103
1813,296.134674,1.7e-05,1.541164,0.186349
1814,296.134674,1.7e-05,1.541164,0.186349
1815,296.337158,1.3e-05,1.530753,0.185103
1816,296.337158,1.3e-05,1.530753,0.185103
1817,296.337158,1.3e-05,1.530753,0.185103
1818,296.337158,1.3e-05,1.530753,0.185103
1819,296.337158,1.3e-05,1.530753,0.185103
1820,296.337158,1.3e-05,1.530753,0.185103
1821,296.337158,1.3e-05,1.530753,0.185103
1822,296.337158,1.3e-05,1.530753,0.185103
1823,296.337158,1.3e-05,1.530753,0.185103
1824,296.337158,1.3e-05,1.530753,0.185103
1825,296.337158,1.3e-05,1.530753,0.185103
1826,296.337158,1.3e-05,1.530753,0.185103
1827,296.127289,5e-06,1.548006,0.186816
1828,296.127289,5e-06,1.548006,0.186816
1829,296.127289,5e-06,1.548006,0.186816
1830,295.490631,0.201125,1.529852,0.187956
1831,295.490631,0.201125,1.529852,0.187956
1832,298.451538,0,1.548734,0.190907
1833,298.451538,0,1.548734,0.190907
1834,295.490631,0.201125,1.529852,0.187956
1835,296.884277,0,1.503203,0.185886
1836,296.884277,0,1.503203,0.185886
1837,295.337677,1.728952,1.55628,0.189936
1838,295.337677,1.728952,1.55628,0.189936
1839,295.337677,1.728952,1.55628,0.189936
1840,296.504089,3.5e-05,1.495012,0.186162
1841,296.628387,0.004476,1.497165,0.186963
1842,296.628387,0.004476,1.497165,0.186963
1843,296.628387,0.004476,1.497165,0.186963
1844,296.628387,0.004476,1.497165,0.186963
1845,296.628387,0.004476,1.497165,0.186963
1846,296.628387,0.004476,1.497165,0.186963
1847,296.628387,0.004476,1.497165,0.186963
1848,296.628387,0.004476,1.497165,0.186963
1849,296.628387,0.004476,1.497165,0.186963
1850,295.754913,0.000964,1.532326,0.189412
1851,295.754913,0.000964,1.532326,0.189412
1852,295.754913,0.000964,1.532326,0.189412
1853,295.754913,0.000964,1.532326,0.189412
1854,295.754913,0.000964,1.532326,0.189412
1855,295.754913,0.000964,1.532326,0.189412
1856,295.754913,0.000964,1.532326,0.189412
1857,295.754913,0.000964,1.532326,0.189412
1858,294.54538,0.070958,1.613299,0.195331
1859,294.54538,0.070958,1.613299,0.195331
1860,294.54538,0.070958,1.613299,0.195331
1861,294.54538,0.070958,1.613299,0.195331
1862,293.642609,0.000614,1.823691,0.210543
1863,293.642609,0.000614,1.823691,0.210543
1864,294.634338,0.002016,1.637187,0.196998
1865,294.634338,0.002016,1.637187,0.196998
1866,NA,NA,NA,NA
1867,294.554321,0.345662,1.692864,0.200639
1868,294.554321,0.345662,1.692864,0.200639
1869,294.554321,0.345662,1.692864,0.200639
1870,297.045502,9e-05,1.938359,0.219402
1871,297.045502,9e-05,1.938359,0.219402
1872,297.045502,9e-05,1.938359,0.219402
1873,297.045502,9e-05,1.938359,0.219402
1874,293.642609,0.000614,1.823691,0.210543
1875,293.642609,0.000614,1.823691,0.210543
1876,293.49649,1e-06,1.851068,0.212425
1877,293.49649,1e-06,1.851068,0.212425
1878,293.49649,1e-06,1.851068,0.212425
1879,289.354553,0,0.930487,0.133035
1880,289.354553,0,0.930487,0.133035
1881,289.354553,0,0.930487,0.133035
1882,289.354553,0,0.930487,0.133035
1883,289.354553,0,0.930487,0.133035
1884,289.354553,0,0.930487,0.133035
1885,289.606689,0,0.955713,0.128724
1886,289.606689,0,0.955713,0.128724
1887,289.606689,0,0.955713,0.128724
1888,289.606689,0,0.955713,0.128724
1889,289.606689,0,0.955713,0.128724
1890,289.606689,0,0.955713,0.128724
1891,289.606689,0,0.955713,0.128724
1892,289.606689,0,0.955713,0.128724
1893,289.606689,0,0.955713,0.128724
1894,289.606689,0,0.955713,0.128724
1895,289.606689,0,0.955713,0.128724
1896,289.606689,0,0.955713,0.128724
1897,289.606689,0,0.955713,0.128724
1898,289.606689,0,0.955713,0.128724
1899,289.606689,0,0.955713,0.128724
1900,289.606689,0,0.955713,0.128724
1901,289.606689,0,0.955713,0.128724
1902,289.606689,0,0.955713,0.128724
1903,289.606689,0,0.955713,0.128724
1904,289.606689,0,0.955713,0.128724
1905,289.606689,0,0.955713,0.128724
1906,289.606689,0,0.955713,0.128724
1907,289.606689,0,0.955713,0.128724
1908,289.606689,0,0.955713,0.128724
1909,289.606689,0,0.955713,0.128724
1910,289.606689,0,0.955713,0.128724
1911,289.606689,0,0.955713,0.128724
1912,289.606689,0,0.955713,0.128724
1913,289.606689,0,0.955713,0.128724
1914,289.606689,0,0.955713,0.128724
1915,289.606689,0,0.955713,0.128724
1916,289.606689,0,0.955713,0.128724
1917,289.606689,0,0.955713,0.128724
1918,289.606689,0,0.955713,0.128724
1919,289.606689,0,0.955713,0.128724
1920,289.606689,0,0.955713,0.128724
1921,289.606689,0,0.955713,0.128724
1922,289.606689,0,0.955713,0.128724
1923,289.606689,0,0.955713,0.128724
1924,289.606689,0,0.955713,0.128724
1925,289.606689,0,0.955713,0.128724
1926,289.606689,0,0.955713,0.128724
1927,289.606689,0,0.955713,0.128724
1928,289.606689,0,0.955713,0.128724
1929,289.606689,0,0.955713,0.128724
1930,289.606689,0,0.955713,0.128724
1931,289.606689,0,0.955713,0.128724
1932,289.606689,0,0.955713,0.128724
1933,289.606689,0,0.955713,0.128724
1934,289.606689,0,0.955713,0.128724
1935,289.606689,0,0.955713,0.128724
1936,289.606689,0,0.955713,0.128724
1937,289.606689,0,0.955713,0.128724
1938,289.606689,0,0.955713,0.128724
1939,289.606689,0,0.955713,0.128724
1940,289.606689,0,0.955713,0.128724
1941,289.606689,0,0.955713,0.128724
1942,289.606689,0,0.955713,0.128724
1943,289.606689,0,0.955713,0.128724
1944,289.606689,0,0.955713,0.128724
1945,289.354553,0,0.930487,0.133035
1946,289.606689,0,0.955713,0.128724
1947,289.606689,0,0.955713,0.128724
1948,289.606689,0,0.955713,0.128724
1949,289.606689,0,0.955713,0.128724
1950,289.606689,0,0.955713,0.128724
1951,289.606689,0,0.955713,0.128724
1952,289.606689,0,0.955713,0.128724
1953,289.606689,0,0.955713,0.128724
1954,289.606689,0,0.955713,0.128724
1955,289.606689,0,0.955713,0.128724
1956,289.606689,0,0.955713,0.128724
1957,289.606689,0,0.955713,0.128724
1958,289.606689,0,0.955713,0.128724
1959,289.606689,0,0.955713,0.128724
1960,289.606689,0,0.955713,0.128724
1961,289.606689,0,0.955713,0.128724
1962,289.606689,0,0.955713,0.128724
1963,289.606689,0,0.955713,0.128724
1964,289.606689,0,0.955713,0.128724
1965,289.606689,0,0.955713,0.128724
1966,289.606689,0,0.955713,0.128724
1967,289.606689,0,0.955713,0.128724
1968,289.606689,0,0.955713,0.128724
1969,289.606689,0,0.955713,0.128724
1970,289.606689,0,0.955713,0.128724
1971,289.606689,0,0.955713,0.128724
1972,289.606689,0,0.955713,0.128724
1973,289.606689,0,0.955713,0.128724
1974,289.606689,0,0.955713,0.128724
1975,289.354553,0,0.930487,0.133035
1976,288.301819,0,1.291304,0.179173
1977,288.301819,0,1.291304,0.179173
1978,288.301819,0,1.291304,0.179173
1979,288.301819,0,1.291304,0.179173
1980,288.301819,0,1.291304,0.179173
1981,288.301819,0,1.291304,0.179173
1982,288.301819,0,1.291304,0.179173
1983,288.301819,0,1.291304,0.179173
1984,288.301819,0,1.291304,0.179173
1985,288.301819,0,1.291304,0.179173
1986,288.301819,0,1.291304,0.179173
1987,288.301819,0,1.291304,0.179173
1988,288.301819,0,1.291304,0.179173
1989,288.301819,0,1.291304,0.179173
1990,288.301819,0,1.291304,0.179173
1991,288.301819,0,1.291304,0.179173
1992,288.301819,0,1.291304,0.179173
1993,288.301819,0,1.291304,0.179173
1994,288.301819,0,1.291304,0.179173
1995,288.301819,0,1.291304,0.179173
1996,288.301819,0,1.291304,0.179173
1997,288.301819,0,1.291304,0.179173
1998,288.301819,0,1.291304,0.179173
1999,288.301819,0,1.291304,0.179173
2000,288.301819,0,1.291304,0.179173
2001,288.301819,0,1.291304,0.179173
2002,288.301819,0,1.291304,0.179173
2003,288.301819,0,1.291304,0.179173
2004,288.301819,0,1.291304,0.179173
2005,288.301819,0,1.291304,0.179173
2006,288.301819,0,1.291304,0.179173
2007,288.301819,0,1.291304,0.179173
2008,288.301819,0,1.291304,0.179173
2009,288.420959,0,1.282267,0.177706
2010,288.420959,0,1.282267,0.177706
2011,288.420959,0,1.282267,0.177706
2012,288.420959,0,1.282267,0.177706
2013,288.420959,0,1.282267,0.177706
2014,288.420959,0,1.282267,0.177706
2015,288.420959,0,1.282267,0.177706
2016,288.420959,0,1.282267,0.177706
2017,288.420959,0,1.282267,0.177706
2018,288.420959,0,1.282267,0.177706
2019,288.420959,0,1.282267,0.177706
2020,288.420959,0,1.282267,0.177706
2021,288.420959,0,1.282267,0.177706
2022,288.420959,0,1.282267,0.177706
2023,288.420959,0,1.282267,0.177706
2024,288.420959,0,1.282267,0.177706
2025,288.420959,0,1.282267,0.177706
2026,288.420959,0,1.282267,0.177706
2027,288.420959,0,1.282267,0.177706
2028,288.420959,0,1.282267,0.177706
2029,288.420959,0,1.282267,0.177706
2030,288.420959,0,1.282267,0.177706
2031,288.420959,0,1.282267,0.177706
2032,288.420959,0,1.282267,0.177706
2033,288.420959,0,1.282267,0.177706
2034,288.420959,0,1.282267,0.177706
2035,288.420959,0,1.282267,0.177706
2036,288.420959,0,1.282267,0.177706
2037,288.420959,0,1.282267,0.177706
2038,288.420959,0,1.282267,0.177706
2039,288.420959,0,1.282267,0.177706
2040,288.420959,0,1.282267,0.177706
2041,288.420959,0,1.282267,0.177706
2042,288.420959,0,1.282267,0.177706
2043,288.420959,0,1.282267,0.177706
2044,288.420959,0,1.282267,0.177706
2045,288.211151,0,1.328282,0.181993
2046,288.211151,0,1.328282,0.181993
2047,288.211151,0,1.328282,0.181993
2048,288.211151,0,1.328282,0.181993
2049,288.211151,0,1.328282,0.181993
2050,288.211151,0,1.328282,0.181993
2051,288.211151,0,1.328282,0.181993
2052,288.211151,0,1.328282,0.181993
2053,288.211151,0,1.328282,0.181993
2054,288.211151,0,1.328282,0.181993
2055,288.211151,0,1.328282,0.181993
2056,288.211151,0,1.328282,0.181993
2057,288.211151,0,1.328282,0.181993
2058,288.211151,0,1.328282,0.181993
2059,288.211151,0,1.328282,0.181993
2060,288.211151,0,1.328282,0.181993
2061,288.211151,0,1.328282,0.181993
2062,288.211151,0,1.328282,0.181993
2063,288.211151,0,1.328282,0.181993
2064,288.211151,0,1.328282,0.181993
2065,288.211151,0,1.328282,0.181993
2066,288.285889,0,1.321271,0.181246
2067,288.211151,0,1.328282,0.181993
2068,288.211151,0,1.328282,0.181993
2069,288.211151,0,1.328282,0.181993
2070,288.211151,0,1.328282,0.181993
2071,288.211151,0,1.328282,0.181993
2072,288.211151,0,1.328282,0.181993
2073,288.211151,0,1.328282,0.181993
2074,288.211151,0,1.328282,0.181993
2075,288.211151,0,1.328282,0.181993
2076,288.211151,0,1.328282,0.181993
2077,288.211151,0,1.328282,0.181993
2078,288.198639,0,1.311283,0.181034
2079,288.198639,0,1.311283,0.181034
2080,288.198639,0,1.311283,0.181034
2081,288.198639,0,1.311283,0.181034
2082,288.198639,0,1.311283,0.181034
2083,288.198639,0,1.311283,0.181034
2084,288.198639,0,1.311283,0.181034
2085,288.198639,0,1.311283,0.181034
2086,288.211151,0,1.328282,0.181993
2087,288.198639,0,1.311283,0.181034
2088,288.198639,0,1.311283,0.181034
2089,288.211151,0,1.328282,0.181993
2090,288.198639,0,1.311283,0.181034
2091,288.198639,0,1.311283,0.181034
2092,288.198639,0,1.311283,0.181034
2093,288.198639,0,1.311283,0.181034
2094,288.198639,0,1.311283,0.181034
2095,288.211151,0,1.328282,0.181993
2096,288.211151,0,1.328282,0.181993
2097,288.211151,0,1.328282,0.181993
2098,288.211151,0,1.328282,0.181993
2099,288.211151,0,1.328282,0.181993
2100,288.211151,0,1.328282,0.181993
2101,288.211151,0,1.328282,0.181993
2102,288.211151,0,1.328282,0.181993
2103,288.285889,0,1.321271,0.181246
2104,288.285889,0,1.321271,0.181246
2105,288.285889,0,1.321271,0.181246
2106,288.285889,0,1.321271,0.181246
2107,288.211151,0,1.328282,0.181993
2108,293.443146,0,1.804844,0.20727
2109,293.443146,0,1.804844,0.20727
2110,293.443146,0,1.804844,0.20727
2111,293.443146,0,1.804844,0.20727
2112,293.443146,0,1.804844,0.20727
2113,292.976135,0,1.817146,0.208691
2114,292.976135,0,1.817146,0.208691
2115,292.171417,0,1.825471,0.209885
2116,291.735504,0,1.841623,0.211561
2117,291.735504,0,1.841623,0.211561
2118,291.735504,0,1.841623,0.211561
2119,291.735504,0,1.841623,0.211561
2120,291.735504,0,1.841623,0.211561
2121,291.735504,0,1.841623,0.211561
2122,291.735504,0,1.841623,0.211561
2123,291.735504,0,1.841623,0.211561
2124,291.735504,0,1.841623,0.211561
2125,291.735504,0,1.841623,0.211561
2126,291.735504,0,1.841623,0.211561
2127,290.714447,0,1.90445,0.216705
2128,290.714447,0,1.90445,0.216705
2129,290.714447,0,1.90445,0.216705
2130,290.714447,0,1.90445,0.216705
2131,291.381561,0,1.860178,0.213245
2132,290.714447,0,1.90445,0.216705
2133,290.714447,0,1.90445,0.216705
2134,290.714447,0,1.90445,0.216705
2135,290.714447,0,1.90445,0.216705
2136,290.714447,0,1.90445,0.216705
2137,290.714447,0,1.90445,0.216705
2138,290.714447,0,1.90445,0.216705
2139,290.714447,0,1.90445,0.216705
2140,290.714447,0,1.90445,0.216705
2141,290.714447,0,1.90445,0.216705
2142,290.714447,0,1.90445,0.216705
2143,290.714447,0,1.90445,0.216705
2144,290.714447,0,1.90445,0.216705
2145,290.714447,0,1.90445,0.216705
2146,290.714447,0,1.90445,0.216705
2147,291.381561,0,1.860178,0.213245
2148,290.714447,0,1.90445,0.216705
2149,291.381561,0,1.860178,0.213245
2150,291.159363,0,1.890293,0.215693
2151,291.159363,0,1.890293,0.215693
2152,291.381561,0,1.860178,0.213245
2153,291.781067,0,1.860763,0.21312
2154,291.781067,0,1.860763,0.21312
2155,291.781067,0,1.860763,0.21312
2156,291.781067,0,1.860763,0.21312
2157,288.712708,0,1.102579,0.158508
2158,288.712708,0,1.102579,0.158508
2159,288.712708,0,1.102579,0.158508
2160,288.712708,0,1.102579,0.158508
2161,288.712708,0,1.102579,0.158508
2162,288.712708,0,1.102579,0.158508
2163,288.712708,0,1.102579,0.158508
2164,288.712708,0,1.102579,0.158508
2165,288.712708,0,1.102579,0.158508
2166,288.712708,0,1.102579,0.158508
2167,288.712708,0,1.102579,0.158508
2168,288.712708,0,1.102579,0.158508
2169,288.712708,0,1.102579,0.158508
2170,288.712708,0,1.102579,0.158508
2171,288.712708,0,1.102579,0.158508
2172,288.712708,0,1.102579,0.158508
2173,288.712708,0,1.102579,0.158508
2174,288.712708,0,1.102579,0.158508
2175,288.712708,0,1.102579,0.158508
2176,288.712708,0,1.102579,0.158508
2177,288.712708,0,1.102579,0.158508
2178,288.712708,0,1.102579,0.158508
2179,288.712708,0,1.102579,0.158508
2180,288.712708,0,1.102579,0.158508
2181,288.712708,0,1.102579,0.158508
2182,288.712708,0,1.102579,0.158508
2183,288.712708,0,1.102579,0.158508
2184,288.712708,0,1.102579,0.158508
2185,288.712708,0,1.102579,0.158508
2186,288.712708,0,1.102579,0.158508
2187,288.712708,0,1.102579,0.158508
2188,288.815979,0,1.105498,0.158087
2189,288.712708,0,1.102579,0.158508
2190,288.712708,0,1.102579,0.158508
2191,288.712708,0,1.102579,0.158508
2192,288.712708,0,1.102579,0.158508
2193,288.712708,0,1.102579,0.158508
2194,288.712708,0,1.102579,0.158508
2195,288.712708,0,1.102579,0.158508
2196,288.712708,0,1.102579,0.158508
2197,288.712708,0,1.102579,0.158508
2198,288.712708,0,1.102579,0.158508
2199,288.712708,0,1.102579,0.158508
2200,288.815979,0,1.105498,0.158087
2201,288.815979,0,1.105498,0.158087
2202,288.712708,0,1.102579,0.158508
2203,288.712708,0,1.102579,0.158508
2204,288.712708,0,1.102579,0.158508
2205,288.712708,0,1.102579,0.158508
2206,288.712708,0,1.102579,0.158508
2207,288.712708,0,1.102579,0.158508
2208,288.712708,0,1.102579,0.158508
2209,288.712708,0,1.102579,0.158508
2210,288.712708,0,1.102579,0.158508
2211,288.712708,0,1.102579,0.158508
2212,288.712708,0,1.102579,0.158508
2213,288.712708,0,1.102579,0.158508
2214,288.712708,0,1.102579,0.158508
2215,288.712708,0,1.102579,0.158508
2216,288.712708,0,1.102579,0.158508
2217,288.425171,0,1.092129,0.160172
2218,288.425171,0,1.092129,0.160172
2219,288.425171,0,1.092129,0.160172
2220,288.425171,0,1.092129,0.160172
2221,288.425171,0,1.092129,0.160172
2222,288.425171,0,1.092129,0.160172
2223,288.425171,0,1.092129,0.160172
2224,288.425171,0,1.092129,0.160172
2225,288.425171,0,1.092129,0.160172
2226,288.425171,0,1.092129,0.160172
2227,288.425171,0,1.092129,0.160172
2228,288.425171,0,1.092129,0.160172
2229,288.425171,0,1.092129,0.160172
2230,288.425171,0,1.092129,0.160172
2231,288.425171,0,1.092129,0.160172
2232,288.425171,0,1.092129,0.160172
2233,288.425171,0,1.092129,0.160172
2234,288.425171,0,1.092129,0.160172
2235,288.425171,0,1.092129,0.160172
2236,288.425171,0,1.092129,0.160172
2237,288.425171,0,1.092129,0.160172
2238,288.425171,0,1.092129,0.160172
2239,288.425171,0,1.092129,0.160172
2240,288.425171,0,1.092129,0.160172
2241,288.425171,0,1.092129,0.160172
2242,288.425171,0,1.092129,0.160172
2243,288.425171,0,1.092129,0.160172
2244,288.425171,0,1.092129,0.160172
2245,288.425171,0,1.092129,0.160172
2246,288.425171,0,1.092129,0.160172
2247,288.425171,0,1.092129,0.160172
2248,288.425171,0,1.092129,0.160172
2249,288.425171,0,1.092129,0.160172
2250,288.425171,0,1.092129,0.160172
2251,288.425171,0,1.092129,0.160172
2252,288.425171,0,1.092129,0.160172
2253,288.425171,0,1.092129,0.160172
2254,288.425171,0,1.092129,0.160172
2255,288.425171,0,1.092129,0.160172
2256,288.425171,0,1.092129,0.160172
2257,288.425171,0,1.092129,0.160172
2258,288.425171,0,1.092129,0.160172
2259,288.425171,0,1.092129,0.160172
2260,288.425171,0,1.092129,0.160172
2261,288.425171,0,1.092129,0.160172
2262,288.425171,0,1.092129,0.160172
2263,288.425171,0,1.092129,0.160172
2264,288.425171,0,1.092129,0.160172
2265,288.425171,0,1.092129,0.160172
2266,288.425171,0,1.092129,0.160172
2267,288.425171,0,1.092129,0.160172
2268,288.425171,0,1.092129,0.160172
2269,288.425171,0,1.092129,0.160172
2270,288.712708,0,1.102579,0.158508
2271,288.712708,0,1.102579,0.158508
2272,288.712708,0,1.102579,0.158508
2273,288.828552,1e-06,1.105941,0.158018
2274,288.828552,1e-06,1.105941,0.158018
2275,288.828552,1e-06,1.105941,0.158018
2276,288.828552,1e-06,1.105941,0.158018
2277,288.828552,1e-06,1.105941,0.158018
2278,288.828552,1e-06,1.105941,0.158018
2279,288.828552,1e-06,1.105941,0.158018
2280,288.828552,1e-06,1.105941,0.158018
2281,288.828552,1e-06,1.105941,0.158018
2282,288.828552,1e-06,1.105941,0.158018
2283,288.859528,0,1.120082,0.15896
2284,288.828552,1e-06,1.105941,0.158018
2285,288.828552,1e-06,1.105941,0.158018
2286,288.828552,1e-06,1.105941,0.158018
2287,288.828552,1e-06,1.105941,0.158018
2288,288.828552,1e-06,1.105941,0.158018
2289,288.828552,1e-06,1.105941,0.158018
2290,288.828552,1e-06,1.105941,0.158018
2291,288.828552,1e-06,1.105941,0.158018
2292,288.828552,1e-06,1.105941,0.158018
2293,288.828552,1e-06,1.105941,0.158018
2294,288.828552,1e-06,1.105941,0.158018
2295,288.828552,1e-06,1.105941,0.158018
2296,288.828552,1e-06,1.105941,0.158018
2297,288.828552,1e-06,1.105941,0.158018
2298,288.828552,1e-06,1.105941,0.158018
2299,288.828552,1e-06,1.105941,0.158018
2300,288.828552,1e-06,1.105941,0.158018
2301,288.828552,1e-06,1.105941,0.158018
2302,288.828552,1e-06,1.105941,0.158018
2303,288.828552,1e-06,1.105941,0.158018
2304,288.828552,1e-06,1.105941,0.158018
2305,288.828552,1e-06,1.105941,0.158018
2306,288.828552,1e-06,1.105941,0.158018
2307,288.828552,1e-06,1.105941,0.158018
2308,288.828552,1e-06,1.105941,0.158018
2309,288.828552,1e-06,1.105941,0.158018
2310,288.828552,1e-06,1.105941,0.158018
2311,288.828552,1e-06,1.105941,0.158018
2312,288.828552,1e-06,1.105941,0.158018
2313,288.828552,1e-06,1.105941,0.158018
2314,288.828552,1e-06,1.105941,0.158018
2315,288.828552,1e-06,1.105941,0.158018
2316,288.859528,0,1.120082,0.15896
2317,288.859528,0,1.120082,0.15896
2318,288.859528,0,1.120082,0.15896
2319,288.859528,0,1.120082,0.15896
2320,288.859528,0,1.120082,0.15896
2321,288.828552,1e-06,1.105941,0.158018
2322,288.828552,1e-06,1.105941,0.158018
2323,288.859528,0,1.120082,0.15896
2324,288.859528,0,1.120082,0.15896
2325,288.859528,0,1.120082,0.15896
2326,295.36203,0,1.755618,0.201439
2327,300.557587,0,0.811187,0.104202
2328,302.305939,0,0.822554,0.103719
2329,302.305939,0,0.822554,0.103719
2330,302.305939,0,0.822554,0.103719
2331,302.305939,0,0.822554,0.103719
2332,302.305939,0,0.822554,0.103719
2333,302.305939,0,0.822554,0.103719
2334,302.305939,0,0.822554,0.103719
2335,302.305939,0,0.822554,0.103719
2336,302.305939,0,0.822554,0.103719
2337,302.305939,0,0.822554,0.103719
2338,302.305939,0,0.822554,0.103719
2339,302.305939,0,0.822554,0.103719
2340,302.305939,0,0.822554,0.103719
2341,302.305939,0,0.822554,0.103719
2342,302.305939,0,0.822554,0.103719
2343,302.305939,0,0.822554,0.103719
2344,300.557587,0,0.811187,0.104202
2345,300.557587,0,0.811187,0.104202
2346,300.557587,0,0.811187,0.104202
2347,300.557587,0,0.811187,0.104202
2348,300.557587,0,0.811187,0.104202
2349,300.557587,0,0.811187,0.104202
2350,300.557587,0,0.811187,0.104202
2351,300.557587,0,0.811187,0.104202
2352,300.557587,0,0.811187,0.104202
2353,300.557587,0,0.811187,0.104202
2354,300.557587,0,0.811187,0.104202
2355,300.557587,0,0.811187,0.104202
2356,300.557587,0,0.811187,0.104202
2357,300.557587,0,0.811187,0.104202
2358,300.557587,0,0.811187,0.104202
2359,300.557587,0,0.811187,0.104202
2360,298.59549,0,0.822315,0.103234
2361,298.59549,0,0.822315,0.103234
2362,298.59549,0,0.822315,0.103234
2363,298.59549,0,0.822315,0.103234
2364,298.59549,0,0.822315,0.103234
2365,298.59549,0,0.822315,0.103234
2366,298.59549,0,0.822315,0.103234
2367,298.59549,0,0.822315,0.103234
2368,298.59549,0,0.822315,0.103234
2369,298.59549,0,0.822315,0.103234
2370,298.59549,0,0.822315,0.103234
2371,298.59549,0,0.822315,0.103234
2372,298.59549,0,0.822315,0.103234
2373,298.59549,0,0.822315,0.103234
2374,298.59549,0,0.822315,0.103234
2375,298.59549,0,0.822315,0.103234
2376,298.59549,0,0.822315,0.103234
2377,300.557587,0,0.811187,0.104202
2378,300.557587,0,0.811187,0.104202
2379,300.557587,0,0.811187,0.104202
2380,300.557587,0,0.811187,0.104202
2381,300.557587,0,0.811187,0.104202
2382,300.557587,0,0.811187,0.104202
2383,300.557587,0,0.811187,0.104202
2384,300.557587,0,0.811187,0.104202
2385,300.557587,0,0.811187,0.104202
2386,300.557587,0,0.811187,0.104202
2387,300.557587,0,0.811187,0.104202
2388,300.557587,0,0.811187,0.104202
2389,300.557587,0,0.811187,0.104202
2390,300.557587,0,0.811187,0.104202
2391,300.557587,0,0.811187,0.104202
2392,300.557587,0,0.811187,0.104202
2393,300.557587,0,0.811187,0.104202
2394,300.557587,0,0.811187,0.104202
2395,300.557587,0,0.811187,0.104202
2396,300.557587,0,0.811187,0.104202
2397,300.557587,0,0.811187,0.104202
2398,300.557587,0,0.811187,0.104202
2399,300.557587,0,0.811187,0.104202
2400,300.557587,0,0.811187,0.104202
2401,300.557587,0,0.811187,0.104202
2402,300.557587,0,0.811187,0.104202
2403,300.557587,0,0.811187,0.104202
2404,300.557587,0,0.811187,0.104202
2405,300.557587,0,0.811187,0.104202
2406,300.557587,0,0.811187,0.104202
2407,300.557587,0,0.811187,0.104202
2408,300.557587,0,0.811187,0.104202
2409,298.59549,0,0.822315,0.103234
2410,298.59549,0,0.822315,0.103234
2411,298.59549,0,0.822315,0.103234
2412,298.59549,0,0.822315,0.103234
2413,298.59549,0,0.822315,0.103234
2414,298.59549,0,0.822315,0.103234
2415,298.59549,0,0.822315,0.103234
2416,298.59549,0,0.822315,0.103234
2417,298.59549,0,0.822315,0.103234
2418,298.59549,0,0.822315,0.103234
2419,298.59549,0,0.822315,0.103234
2420,298.59549,0,0.822315,0.103234
2421,298.59549,0,0.822315,0.103234
2422,298.59549,0,0.822315,0.103234
2423,298.59549,0,0.822315,0.103234
2424,298.59549,0,0.822315,0.103234
2425,298.59549,0,0.822315,0.103234
2426,298.59549,0,0.822315,0.103234
2427,298.59549,0,0.822315,0.103234
2428,298.59549,0,0.822315,0.103234
2429,298.59549,0,0.822315,0.103234
2430,298.59549,0,0.822315,0.103234
2431,298.59549,0,0.822315,0.103234
2432,298.59549,0,0.822315,0.103234
2433,298.59549,0,0.822315,0.103234
2434,288.794647,1.4e-05,0.904363,0.142765
2435,288.799866,0,0.884679,0.141593
2436,288.794647,1.4e-05,0.904363,0.142765
2437,288.794647,1.4e-05,0.904363,0.142765
2438,288.794647,1.4e-05,0.904363,0.142765
2439,288.799866,0,0.884679,0.141593
2440,288.794647,1.4e-05,0.904363,0.142765
2441,288.794647,1.4e-05,0.904363,0.142765
2442,288.794647,1.4e-05,0.904363,0.142765
2443,287.64917,0,1.995519,0.211526
2444,287.64917,0,1.995519,0.211526
2445,287.64917,0,1.995519,0.211526
2446,287.64917,0,1.995519,0.211526
2447,287.64917,0,1.995519,0.211526
2448,287.64917,0,1.995519,0.211526
2449,287.64917,0,1.995519,0.211526
2450,287.64917,0,1.995519,0.211526
2451,287.64917,0,1.995519,0.211526
2452,287.64917,0,1.995519,0.211526
2453,287.64917,0,1.995519,0.211526
2454,287.64917,0,1.995519,0.211526
2455,287.64917,0,1.995519,0.211526
2456,287.64917,0,1.995519,0.211526
2457,287.64917,0,1.995519,0.211526
2458,287.64917,0,1.995519,0.211526
2459,287.64917,0,1.995519,0.211526
2460,287.64917,0,1.995519,0.211526
2461,287.64917,0,1.995519,0.211526
2462,287.64917,0,1.995519,0.211526
2463,287.64917,0,1.995519,0.211526
2464,287.625916,0,1.9909,0.211955
2465,287.625916,0,1.9909,0.211955
2466,287.625916,0,1.9909,0.211955
2467,287.625916,0,1.9909,0.211955
2468,287.625916,0,1.9909,0.211955
2469,287.831451,1e-06,1.962764,0.211686
2470,287.64917,0,1.995519,0.211526
2471,287.64917,0,1.995519,0.211526
2472,287.64917,0,1.995519,0.211526
2473,287.64917,0,1.995519,0.211526
2474,287.64917,0,1.995519,0.211526
2475,287.64917,0,1.995519,0.211526
2476,287.64917,0,1.995519,0.211526
2477,287.64917,0,1.995519,0.211526
2478,287.64917,0,1.995519,0.211526
2479,287.64917,0,1.995519,0.211526
2480,287.64917,0,1.995519,0.211526
2481,287.64917,0,1.995519,0.211526
2482,287.64917,0,1.995519,0.211526
2483,287.64917,0,1.995519,0.211526
2484,287.64917,0,1.995519,0.211526
2485,287.64917,0,1.995519,0.211526
2486,287.64917,0,1.995519,0.211526
2487,287.64917,0,1.995519,0.211526
2488,287.64917,0,1.995519,0.211526
2489,287.64917,0,1.995519,0.211526
2490,287.64917,0,1.995519,0.211526
2491,287.64917,0,1.995519,0.211526
2492,287.64917,0,1.995519,0.211526
2493,287.64917,0,1.995519,0.211526
2494,287.64917,0,1.995519,0.211526
2495,287.64917,0,1.995519,0.211526
2496,287.64917,0,1.995519,0.211526
2497,287.64917,0,1.995519,0.211526
2498,287.64917,0,1.995519,0.211526
2499,287.64917,0,1.995519,0.211526
2500,287.64917,0,1.995519,0.211526
2501,287.64917,0,1.995519,0.211526
2502,287.64917,0,1.995519,0.211526
2503,287.64917,0,1.995519,0.211526
2504,287.64917,0,1.995519,0.211526
2505,287.64917,0,1.995519,0.211526
2506,287.64917,0,1.995519,0.211526
2507,287.644897,0,1.990004,0.211884
2508,287.644897,0,1.990004,0.211884
2509,287.644897,0,1.990004,0.211884
2510,287.644897,0,1.990004,0.211884
2511,287.644897,0,1.990004,0.211884
2512,287.644897,0,1.990004,0.211884
2513,287.644897,0,1.990004,0.211884
2514,287.644897,0,1.990004,0.211884
2515,287.644897,0,1.990004,0.211884
2516,287.644897,0,1.990004,0.211884
2517,287.644897,0,1.990004,0.211884
2518,287.644897,0,1.990004,0.211884
2519,287.339783,0,2.018333,0.213424
2520,287.503845,0,2.005292,0.212343
2521,287.503845,0,2.005292,0.212343
2522,287.503845,0,2.005292,0.212343
2523,295.699188,0,0.456081,0.113867
2524,295.699188,0,0.456081,0.113867
2525,295.699188,0,0.456081,0.113867
2526,295.699188,0,0.456081,0.113867
2527,295.699188,0,0.456081,0.113867
2528,295.699188,0,0.456081,0.113867
2529,295.699188,0,0.456081,0.113867
2530,295.699188,0,0.456081,0.113867
2531,296.477234,0,0.517649,0.106227
2532,295.699188,0,0.456081,0.113867
2533,295.699188,0,0.456081,0.113867
2534,295.699188,0,0.456081,0.113867
2535,295.699188,0,0.456081,0.113867
2536,295.699188,0,0.456081,0.113867
2537,295.699188,0,0.456081,0.113867
2538,295.699188,0,0.456081,0.113867
2539,295.699188,0,0.456081,0.113867
2540,295.699188,0,0.456081,0.113867
2541,295.699188,0,0.456081,0.113867
2542,295.699188,0,0.456081,0.113867
2543,295.699188,0,0.456081,0.113867
2544,295.699188,0,0.456081,0.113867
2545,295.699188,0,0.456081,0.113867
2546,295.699188,0,0.456081,0.113867
2547,295.699188,0,0.456081,0.113867
2548,295.699188,0,0.456081,0.113867
2549,295.699188,0,0.456081,0.113867
2550,300.183044,0,0.511524,0.110485
2551,300.183044,0,0.511524,0.110485
2552,300.183044,0,0.511524,0.110485
2553,300.183044,0,0.511524,0.110485
2554,300.183044,0,0.511524,0.110485
2555,300.183044,0,0.511524,0.110485
2556,300.183044,0,0.511524,0.110485
2557,300.183044,0,0.511524,0.110485
2558,300.183044,0,0.511524,0.110485
2559,300.183044,0,0.511524,0.110485
2560,300.183044,0,0.511524,0.110485
2561,300.183044,0,0.511524,0.110485
2562,300.183044,0,0.511524,0.110485
2563,300.183044,0,0.511524,0.110485
2564,300.183044,0,0.511524,0.110485
2565,300.183044,0,0.511524,0.110485
2566,300.183044,0,0.511524,0.110485
2567,300.183044,0,0.511524,0.110485
2568,300.183044,0,0.511524,0.110485
2569,300.183044,0,0.511524,0.110485
2570,300.183044,0,0.511524,0.110485
2571,300.183044,0,0.511524,0.110485
2572,300.183044,0,0.511524,0.110485
2573,300.183044,0,0.511524,0.110485
2574,300.183044,0,0.511524,0.110485
2575,300.183044,0,0.511524,0.110485
2576,300.183044,0,0.511524,0.110485
2577,300.183044,0,0.511524,0.110485
2578,300.183044,0,0.511524,0.110485
2579,300.183044,0,0.511524,0.110485
2580,300.183044,0,0.511524,0.110485
2581,300.183044,0,0.511524,0.110485
2582,300.183044,0,0.511524,0.110485
2583,300.183044,0,0.511524,0.110485
2584,300.183044,0,0.511524,0.110485
2585,296.553497,0,0.537052,0.107601
2586,296.553497,0,0.537052,0.107601
2587,296.553497,0,0.537052,0.107601
2588,296.553497,0,0.537052,0.107601
2589,296.553497,0,0.537052,0.107601
2590,296.553497,0,0.537052,0.107601
2591,296.477234,0,0.517649,0.106227
2592,296.477234,0,0.517649,0.106227
2593,296.477234,0,0.517649,0.106227
2594,296.477234,0,0.517649,0.106227
2595,296.477234,0,0.517649,0.106227
2596,296.477234,0,0.517649,0.106227
2597,296.477234,0,0.517649,0.106227
2598,296.477234,0,0.517649,0.106227
2599,296.477234,0,0.517649,0.106227
2600,296.477234,0,0.517649,0.106227
2601,296.477234,0,0.517649,0.106227
2602,296.477234,0,0.517649,0.106227
2603,296.033936,0,0.4966,0.110487
2604,296.033936,0,0.4966,0.110487
2605,296.033936,0,0.4966,0.110487
2606,296.033936,0,0.4966,0.110487
2607,296.477234,0,0.517649,0.106227
2608,296.477234,0,0.517649,0.106227
2609,296.477234,0,0.517649,0.106227
2610,296.477234,0,0.517649,0.106227
2611,296.477234,0,0.517649,0.106227
2612,296.477234,0,0.517649,0.106227
2613,296.477234,0,0.517649,0.106227
2614,296.477234,0,0.517649,0.106227
2615,296.477234,0,0.517649,0.106227
2616,296.477234,0,0.517649,0.106227
2617,296.477234,0,0.517649,0.106227
2618,296.477234,0,0.517649,0.106227
2619,296.477234,0,0.517649,0.106227
2620,296.477234,0,0.517649,0.106227
2621,296.477234,0,0.517649,0.106227
2622,296.477234,0,0.517649,0.106227
2623,296.477234,0,0.517649,0.106227
2624,296.477234,0,0.517649,0.106227
2625,296.477234,0,0.517649,0.106227
2626,296.477234,0,0.517649,0.106227
2627,296.477234,0,0.517649,0.106227
2628,296.477234,0,0.517649,0.106227
2629,296.477234,0,0.517649,0.106227
2630,296.477234,0,0.517649,0.106227
2631,296.477234,0,0.517649,0.106227
2632,296.477234,0,0.517649,0.106227
2633,296.477234,0,0.517649,0.106227
2634,296.477234,0,0.517649,0.106227
2635,296.477234,0,0.517649,0.106227
2636,296.477234,0,0.517649,0.106227
2637,296.477234,0,0.517649,0.106227
2638,296.477234,0,0.517649,0.106227
2639,296.477234,0,0.517649,0.106227
2640,296.477234,0,0.517649,0.106227
2641,296.477234,0,0.517649,0.106227
2642,296.477234,0,0.517649,0.106227
2643,296.477234,0,0.517649,0.106227
2644,296.477234,0,0.517649,0.106227
2645,296.477234,0,0.517649,0.106227
2646,296.477234,0,0.517649,0.106227
2647,296.477234,0,0.517649,0.106227
2648,296.477234,0,0.517649,0.106227
2649,296.477234,0,0.517649,0.106227
2650,296.477234,0,0.517649,0.106227
2651,296.477234,0,0.517649,0.106227
2652,296.477234,0,0.517649,0.106227
2653,296.477234,0,0.517649,0.106227
2654,296.477234,0,0.517649,0.106227
2655,296.477234,0,0.517649,0.106227
2656,296.477234,0,0.517649,0.106227
2657,296.477234,0,0.517649,0.106227
2658,296.477234,0,0.517649,0.106227
2659,296.477234,0,0.517649,0.106227
2660,296.477234,0,0.517649,0.106227
2661,296.477234,0,0.517649,0.106227
2662,296.477234,0,0.517649,0.106227
2663,296.477234,0,0.517649,0.106227
2664,296.477234,0,0.517649,0.106227
2665,296.477234,0,0.517649,0.106227
2666,296.477234,0,0.517649,0.106227
2667,296.477234,0,0.517649,0.106227
2668,296.477234,0,0.517649,0.106227
2669,296.477234,0,0.517649,0.106227
2670,296.477234,0,0.517649,0.106227
2671,296.477234,0,0.517649,0.106227
2672,296.553497,0,0.537052,0.107601
2673,296.553497,0,0.537052,0.107601
2674,296.553497,0,0.537052,0.107601
2675,296.553497,0,0.537052,0.107601
2676,296.553497,0,0.537052,0.107601
2677,296.553497,0,0.537052,0.107601
2678,296.553497,0,0.537052,0.107601
2679,296.553497,0,0.537052,0.107601
2680,296.553497,0,0.537052,0.107601
2681,296.553497,0,0.537052,0.107601
2682,296.553497,0,0.537052,0.107601
2683,296.553497,0,0.537052,0.107601
2684,296.553497,0,0.537052,0.107601
2685,296.553497,0,0.537052,0.107601
2686,296.553497,0,0.537052,0.107601
2687,296.553497,0,0.537052,0.107601
2688,296.553497,0,0.537052,0.107601
2689,296.553497,0,0.537052,0.107601
2690,296.553497,0,0.537052,0.107601
2691,296.553497,0,0.537052,0.107601
2692,296.553497,0,0.537052,0.107601
2693,296.553497,0,0.537052,0.107601
2694,296.553497,0,0.537052,0.107601
2695,296.553497,0,0.537052,0.107601
2696,296.553497,0,0.537052,0.107601
2697,296.553497,0,0.537052,0.107601
2698,296.553497,0,0.537052,0.107601
2699,296.553497,0,0.537052,0.107601
2700,296.553497,0,0.537052,0.107601
2701,296.553497,0,0.537052,0.107601
2702,296.553497,0,0.537052,0.107601
2703,296.553497,0,0.537052,0.107601
2704,296.553497,0,0.537052,0.107601
2705,296.553497,0,0.537052,0.107601
2706,296.553497,0,0.537052,0.107601
2707,296.553497,0,0.537052,0.107601
2708,296.553497,0,0.537052,0.107601
2709,296.553497,0,0.537052,0.107601
2710,296.553497,0,0.537052,0.107601
2711,296.553497,0,0.537052,0.107601
2712,296.553497,0,0.537052,0.107601
2713,296.553497,0,0.537052,0.107601
2714,296.553497,0,0.537052,0.107601
2715,296.553497,0,0.537052,0.107601
2716,296.553497,0,0.537052,0.107601
2717,296.553497,0,0.537052,0.107601
2718,296.553497,0,0.537052,0.107601
2719,296.553497,0,0.537052,0.107601
2720,296.553497,0,0.537052,0.107601
2721,296.553497,0,0.537052,0.107601
2722,296.553497,0,0.537052,0.107601
2723,296.553497,0,0.537052,0.107601
2724,296.553497,0,0.537052,0.107601
2725,296.553497,0,0.537052,0.107601
2726,296.553497,0,0.537052,0.107601
2727,296.553497,0,0.537052,0.107601
2728,296.553497,0,0.537052,0.107601
2729,296.553497,0,0.537052,0.107601
2730,296.553497,0,0.537052,0.107601
2731,296.553497,0,0.537052,0.107601
2732,296.553497,0,0.537052,0.107601
2733,296.553497,0,0.537052,0.107601
2734,296.553497,0,0.537052,0.107601
2735,296.249817,0,0.490215,0.110396
2736,296.249817,0,0.490215,0.110396
2737,296.249817,0,0.490215,0.110396
2738,296.249817,0,0.490215,0.110396
2739,296.249817,0,0.490215,0.110396
2740,296.249817,0,0.490215,0.110396
2741,296.249817,0,0.490215,0.110396
2742,296.249817,0,0.490215,0.110396
2743,296.249817,0,0.490215,0.110396
2744,296.249817,0,0.490215,0.110396
2745,296.249817,0,0.490215,0.110396
2746,296.249817,0,0.490215,0.110396
2747,296.249817,0,0.490215,0.110396
2748,296.249817,0,0.490215,0.110396
2749,296.249817,0,0.490215,0.110396
2750,296.249817,0,0.490215,0.110396
2751,296.249817,0,0.490215,0.110396
2752,296.249817,0,0.490215,0.110396
2753,296.249817,0,0.490215,0.110396
2754,296.249817,0,0.490215,0.110396
2755,296.249817,0,0.490215,0.110396
2756,296.249817,0,0.490215,0.110396
2757,296.249817,0,0.490215,0.110396
2758,296.249817,0,0.490215,0.110396
2759,296.249817,0,0.490215,0.110396
2760,296.249817,0,0.490215,0.110396
2761,296.249817,0,0.490215,0.110396
2762,296.249817,0,0.490215,0.110396
2763,296.249817,0,0.490215,0.110396
2764,296.249817,0,0.490215,0.110396
2765,296.249817,0,0.490215,0.110396
2766,296.249817,0,0.490215,0.110396
2767,296.249817,0,0.490215,0.110396
2768,296.249817,0,0.490215,0.110396
2769,296.249817,0,0.490215,0.110396
2770,296.249817,0,0.490215,0.110396
2771,295.699188,0,0.456081,0.113867
2772,295.699188,0,0.456081,0.113867
2773,295.699188,0,0.456081,0.113867
2774,295.699188,0,0.456081,0.113867
2775,295.699188,0,0.456081,0.113867
2776,295.699188,0,0.456081,0.113867
2777,295.699188,0,0.456081,0.113867
2778,295.699188,0,0.456081,0.113867
2779,295.699188,0,0.456081,0.113867
2780,295.699188,0,0.456081,0.113867
2781,295.699188,0,0.456081,0.113867
2782,295.699188,0,0.456081,0.113867
2783,295.699188,0,0.456081,0.113867
2784,295.699188,0,0.456081,0.113867
2785,295.699188,0,0.456081,0.113867
2786,295.699188,0,0.456081,0.113867
2787,295.699188,0,0.456081,0.113867
2788,295.699188,0,0.456081,0.113867
2789,295.699188,0,0.456081,0.113867
2790,295.699188,0,0.456081,0.113867
2791,295.699188,0,0.456081,0.113867
2792,295.699188,0,0.456081,0.113867
2793,295.699188,0,0.456081,0.113867
2794,295.699188,0,0.456081,0.113867
2795,295.699188,0,0.456081,0.113867
2796,295.699188,0,0.456081,0.113867
2797,295.699188,0,0.456081,0.113867
2798,295.699188,0,0.456081,0.113867
2799,295.699188,0,0.456081,0.113867
2800,295.699188,0,0.456081,0.113867
2801,295.699188,0,0.456081,0.113867
2802,295.699188,0,0.456081,0.113867
2803,295.699188,0,0.456081,0.113867
2804,295.699188,0,0.456081,0.113867
2805,295.699188,0,0.456081,0.113867
2806,295.699188,0,0.456081,0.113867
2807,295.699188,0,0.456081,0.113867
2808,295.699188,0,0.456081,0.113867
2809,295.699188,0,0.456081,0.113867
2810,295.699188,0,0.456081,0.113867
2811,295.699188,0,0.456081,0.113867
2812,295.699188,0,0.456081,0.113867
2813,295.699188,0,0.456081,0.113867
2814,295.699188,0,0.456081,0.113867
2815,295.699188,0,0.456081,0.113867
2816,295.699188,0,0.456081,0.113867
2817,295.699188,0,0.456081,0.113867
2818,295.699188,0,0.456081,0.113867
2819,295.699188,0,0.456081,0.113867
2820,295.699188,0,0.456081,0.113867
2821,295.699188,0,0.456081,0.113867
2822,295.699188,0,0.456081,0.113867
2823,295.699188,0,0.456081,0.113867
2824,295.699188,0,0.456081,0.113867
2825,295.699188,0,0.456081,0.113867
2826,295.699188,0,0.456081,0.113867
2827,295.699188,0,0.456081,0.113867
2828,295.699188,0,0.456081,0.113867
2829,295.699188,0,0.456081,0.113867
2830,295.699188,0,0.456081,0.113867
2831,295.699188,0,0.456081,0.113867
2832,295.699188,0,0.456081,0.113867
2833,295.699188,0,0.456081,0.113867
2834,295.699188,0,0.456081,0.113867
2835,295.699188,0,0.456081,0.113867
2836,295.699188,0,0.456081,0.113867
2837,295.699188,0,0.456081,0.113867
2838,295.699188,0,0.456081,0.113867
2839,295.699188,0,0.456081,0.113867
2840,295.699188,0,0.456081,0.113867
2841,295.699188,0,0.456081,0.113867
2842,295.699188,0,0.456081,0.113867
2843,295.699188,0,0.456081,0.113867
2844,295.699188,0,0.456081,0.113867
2845,295.699188,0,0.456081,0.113867
2846,295.699188,0,0.456081,0.113867
2847,295.699188,0,0.456081,0.113867
2848,295.699188,0,0.456081,0.113867
2849,295.699188,0,0.456081,0.113867
2850,295.699188,0,0.456081,0.113867
2851,295.699188,0,0.456081,0.113867
2852,295.699188,0,0.456081,0.113867
2853,295.699188,0,0.456081,0.113867
2854,295.699188,0,0.456081,0.113867
2855,295.699188,0,0.456081,0.113867
2856,295.699188,0,0.456081,0.113867
2857,295.699188,0,0.456081,0.113867
2858,295.699188,0,0.456081,0.113867
2859,295.699188,0,0.456081,0.113867
2860,295.699188,0,0.456081,0.113867
2861,295.699188,0,0.456081,0.113867
2862,295.699188,0,0.456081,0.113867
2863,295.699188,0,0.456081,0.113867
2864,295.699188,0,0.456081,0.113867
2865,295.699188,0,0.456081,0.113867
2866,295.699188,0,0.456081,0.113867
2867,295.699188,0,0.456081,0.113867
2868,295.699188,0,0.456081,0.113867
2869,295.699188,0,0.456081,0.113867
2870,295.699188,0,0.456081,0.113867
2871,295.699188,0,0.456081,0.113867
2872,295.699188,0,0.456081,0.113867
2873,295.699188,0,0.456081,0.113867
2874,295.699188,0,0.456081,0.113867
2875,295.699188,0,0.456081,0.113867
2876,295.699188,0,0.456081,0.113867
2877,295.699188,0,0.456081,0.113867
2878,295.699188,0,0.456081,0.113867
2879,295.699188,0,0.456081,0.113867
2880,295.699188,0,0.456081,0.113867
2881,295.699188,0,0.456081,0.113867
2882,295.699188,0,0.456081,0.113867
2883,295.699188,0,0.456081,0.113867
2884,295.699188,0,0.456081,0.113867
2885,295.699188,0,0.456081,0.113867
2886,295.699188,0,0.456081,0.113867
2887,295.699188,0,0.456081,0.113867
2888,295.699188,0,0.456081,0.113867
2889,295.699188,0,0.456081,0.113867
2890,295.699188,0,0.456081,0.113867
2891,295.699188,0,0.456081,0.113867
2892,295.699188,0,0.456081,0.113867
2893,295.699188,0,0.456081,0.113867
2894,295.699188,0,0.456081,0.113867
2895,295.699188,0,0.456081,0.113867
2896,295.699188,0,0.456081,0.113867
2897,295.699188,0,0.456081,0.113867
2898,295.699188,0,0.456081,0.113867
2899,295.699188,0,0.456081,0.113867
2900,295.699188,0,0.456081,0.113867
2901,295.699188,0,0.456081,0.113867
2902,295.699188,0,0.456081,0.113867
2903,295.699188,0,0.456081,0.113867
2904,295.699188,0,0.456081,0.113867
2905,295.699188,0,0.456081,0.113867
2906,295.699188,0,0.456081,0.113867
2907,295.699188,0,0.456081,0.113867
2908,295.699188,0,0.456081,0.113867
2909,295.699188,0,0.456081,0.113867
2910,295.699188,0,0.456081,0.113867
2911,295.699188,0,0.456081,0.113867
2912,295.699188,0,0.456081,0.113867
2913,295.699188,0,0.456081,0.113867
2914,295.699188,0,0.456081,0.113867
2915,295.699188,0,0.456081,0.113867
2916,295.699188,0,0.456081,0.113867
2917,295.699188,0,0.456081,0.113867
2918,295.699188,0,0.456081,0.113867
2919,295.699188,0,0.456081,0.113867
2920,295.699188,0,0.456081,0.113867
2921,295.699188,0,0.456081,0.113867
2922,295.699188,0,0.456081,0.113867
2923,295.699188,0,0.456081,0.113867
2924,295.699188,0,0.456081,0.113867
2925,295.699188,0,0.456081,0.113867
2926,295.699188,0,0.456081,0.113867
2927,295.699188,0,0.456081,0.113867
2928,295.699188,0,0.456081,0.113867
2929,295.699188,0,0.456081,0.113867
2930,295.699188,0,0.456081,0.113867
2931,295.699188,0,0.456081,0.113867
2932,295.699188,0,0.456081,0.113867
2933,295.699188,0,0.456081,0.113867
2934,295.699188,0,0.456081,0.113867
2935,295.699188,0,0.456081,0.113867
2936,295.699188,0,0.456081,0.113867
2937,295.699188,0,0.456081,0.113867
2938,295.699188,0,0.456081,0.113867
2939,295.699188,0,0.456081,0.113867
2940,295.699188,0,0.456081,0.113867
2941,295.699188,0,0.456081,0.113867
2942,295.699188,0,0.456081,0.113867
2943,295.699188,0,0.456081,0.113867
2944,295.699188,0,0.456081,0.113867
2945,295.699188,0,0.456081,0.113867
2946,295.699188,0,0.456081,0.113867
2947,295.699188,0,0.456081,0.113867
2948,295.699188,0,0.456081,0.113867
2949,295.699188,0,0.456081,0.113867
2950,295.699188,0,0.456081,0.113867
2951,295.699188,0,0.456081,0.113867
2952,295.699188,0,0.456081,0.113867
2953,295.699188,0,0.456081,0.113867
2954,295.699188,0,0.456081,0.113867
2955,295.699188,0,0.456081,0.113867
2956,295.699188,0,0.456081,0.113867
2957,295.699188,0,0.456081,0.113867
2958,295.699188,0,0.456081,0.113867
2959,295.699188,0,0.456081,0.113867
2960,295.699188,0,0.456081,0.113867
2961,295.699188,0,0.456081,0.113867
2962,295.699188,0,0.456081,0.113867
2963,295.699188,0,0.456081,0.113867
2964,295.699188,0,0.456081,0.113867
2965,295.699188,0,0.456081,0.113867
2966,295.699188,0,0.456081,0.113867
2967,295.699188,0,0.456081,0.113867
2968,295.699188,0,0.456081,0.113867
2969,295.699188,0,0.456081,0.113867
2970,295.699188,0,0.456081,0.113867
2971,296.249817,0,0.490215,0.110396
2972,296.249817,0,0.490215,0.110396
2973,296.249817,0,0.490215,0.110396
2974,296.249817,0,0.490215,0.110396
2975,296.249817,0,0.490215,0.110396
2976,296.441681,0,0.531366,0.108393
2977,296.441681,0,0.531366,0.108393
2978,296.441681,0,0.531366,0.108393
2979,296.441681,0,0.531366,0.108393
2980,296.249817,0,0.490215,0.110396
2981,296.249817,0,0.490215,0.110396
2982,295.699188,0,0.456081,0.113867
2983,295.699188,0,0.456081,0.113867
2984,295.699188,0,0.456081,0.113867
2985,295.699188,0,0.456081,0.113867
2986,295.699188,0,0.456081,0.113867
2987,295.699188,0,0.456081,0.113867
2988,296.033936,0,0.4966,0.110487
2989,296.033936,0,0.4966,0.110487
2990,296.033936,0,0.4966,0.110487
2991,296.033936,0,0.4966,0.110487
2992,296.033936,0,0.4966,0.110487
2993,296.033936,0,0.4966,0.110487
2994,296.033936,0,0.4966,0.110487
2995,296.033936,0,0.4966,0.110487
2996,296.033936,0,0.4966,0.110487
2997,296.033936,0,0.4966,0.110487
2998,296.033936,0,0.4966,0.110487
2999,296.033936,0,0.4966,0.110487
3000,296.033936,0,0.4966,0.110487
3001,296.033936,0,0.4966,0.110487
3002,296.033936,0,0.4966,0.110487
3003,296.033936,0,0.4966,0.110487
3004,296.033936,0,0.4966,0.110487
3005,296.033936,0,0.4966,0.110487
3006,296.033936,0,0.4966,0.110487
3007,296.033936,0,0.4966,0.110487
3008,296.033936,0,0.4966,0.110487
3009,296.033936,0,0.4966,0.110487
3010,296.033936,0,0.4966,0.110487
3011,296.033936,0,0.4966,0.110487
3012,296.033936,0,0.4966,0.110487
3013,296.033936,0,0.4966,0.110487
3014,296.033936,0,0.4966,0.110487
3015,296.033936,0,0.4966,0.110487
3016,296.033936,0,0.4966,0.110487
3017,296.033936,0,0.4966,0.110487
3018,296.033936,0,0.4966,0.110487
3019,296.033936,0,0.4966,0.110487
3020,296.033936,0,0.4966,0.110487
3021,296.033936,0,0.4966,0.110487
3022,296.033936,0,0.4966,0.110487
3023,296.033936,0,0.4966,0.110487
3024,296.033936,0,0.4966,0.110487
3025,296.033936,0,0.4966,0.110487
3026,296.033936,0,0.4966,0.110487
3027,296.033936,0,0.4966,0.110487
3028,296.033936,0,0.4966,0.110487
3029,296.033936,0,0.4966,0.110487
3030,295.747284,1e-06,0.45879,0.112893
3031,295.747284,1e-06,0.45879,0.112893
3032,295.747284,1e-06,0.45879,0.112893
3033,295.747284,1e-06,0.45879,0.112893
3034,295.747284,1e-06,0.45879,0.112893
3035,295.747284,1e-06,0.45879,0.112893
3036,295.747284,1e-06,0.45879,0.112893
3037,295.747284,1e-06,0.45879,0.112893
3038,295.747284,1e-06,0.45879,0.112893
3039,295.747284,1e-06,0.45879,0.112893
3040,295.747284,1e-06,0.45879,0.112893
3041,295.747284,1e-06,0.45879,0.112893
3042,295.747284,1e-06,0.45879,0.112893
3043,295.747284,1e-06,0.45879,0.112893
3044,295.747284,1e-06,0.45879,0.112893
3045,295.747284,1e-06,0.45879,0.112893
3046,295.747284,1e-06,0.45879,0.112893
3047,295.747284,1e-06,0.45879,0.112893
3048,295.747284,1e-06,0.45879,0.112893
3049,295.747284,1e-06,0.45879,0.112893
3050,295.747284,1e-06,0.45879,0.112893
3051,295.747284,1e-06,0.45879,0.112893
3052,295.747284,1e-06,0.45879,0.112893
3053,295.747284,1e-06,0.45879,0.112893
3054,299.034393,0,0.464329,0.114619
3055,299.034393,0,0.464329,0.114619
3056,299.034393,0,0.464329,0.114619
3057,299.034393,0,0.464329,0.114619
3058,299.034393,0,0.464329,0.114619
3059,299.034393,0,0.464329,0.114619
3060,299.034393,0,0.464329,0.114619
3061,299.034393,0,0.464329,0.114619
3062,299.034393,0,0.464329,0.114619
3063,299.034393,0,0.464329,0.114619
3064,299.034393,0,0.464329,0.114619
3065,299.034393,0,0.464329,0.114619
3066,299.034393,0,0.464329,0.114619
3067,299.034393,0,0.464329,0.114619
3068,299.034393,0,0.464329,0.114619
3069,299.034393,0,0.464329,0.114619
3070,299.034393,0,0.464329,0.114619
3071,299.034393,0,0.464329,0.114619
3072,299.034393,0,0.464329,0.114619
3073,299.034393,0,0.464329,0.114619
3074,299.034393,0,0.464329,0.114619
3075,299.034393,0,0.464329,0.114619
3076,299.034393,0,0.464329,0.114619
3077,299.034393,0,0.464329,0.114619
3078,299.034393,0,0.464329,0.114619
3079,299.034393,0,0.464329,0.114619
3080,299.034393,0,0.464329,0.114619
3081,299.034393,0,0.464329,0.114619
3082,299.034393,0,0.464329,0.114619
3083,299.034393,0,0.464329,0.114619
3084,299.034393,0,0.464329,0.114619
3085,299.034393,0,0.464329,0.114619
3086,299.034393,0,0.464329,0.114619
3087,299.034393,0,0.464329,0.114619
3088,299.034393,0,0.464329,0.114619
3089,299.034393,0,0.464329,0.114619
3090,299.034393,0,0.464329,0.114619
3091,299.034393,0,0.464329,0.114619
3092,299.034393,0,0.464329,0.114619
3093,299.034393,0,0.464329,0.114619
3094,299.034393,0,0.464329,0.114619
3095,299.034393,0,0.464329,0.114619
3096,299.034393,0,0.464329,0.114619
3097,299.034393,0,0.464329,0.114619
3098,299.034393,0,0.464329,0.114619
3099,299.034393,0,0.464329,0.114619
3100,299.034393,0,0.464329,0.114619
3101,299.034393,0,0.464329,0.114619
3102,299.034393,0,0.464329,0.114619
3103,299.034393,0,0.464329,0.114619
3104,299.034393,0,0.464329,0.114619
3105,299.034393,0,0.464329,0.114619
3106,299.034393,0,0.464329,0.114619
3107,299.034393,0,0.464329,0.114619
3108,299.034393,0,0.464329,0.114619
3109,299.034393,0,0.464329,0.114619
3110,299.034393,0,0.464329,0.114619
3111,299.034393,0,0.464329,0.114619
3112,288.445435,0,0.993907,0.153623
3113,288.445435,0,0.993907,0.153623
3114,288.445435,0,0.993907,0.153623
3115,288.445435,0,0.993907,0.153623
3116,288.445435,0,0.993907,0.153623
3117,288.624481,0,0.96518,0.149432
3118,288.445435,0,0.993907,0.153623
3119,288.445435,0,0.993907,0.153623
3120,288.445435,0,0.993907,0.153623
3121,288.445435,0,0.993907,0.153623
3122,288.445435,0,0.993907,0.153623
3123,288.445435,0,0.993907,0.153623
3124,288.445435,0,0.993907,0.153623
3125,288.445435,0,0.993907,0.153623
3126,295.441803,0.000143,2.42251,0.244844
3127,294.740204,0,2.61585,0.259335
3128,294.740204,0,2.61585,0.259335
3129,294.740204,0,2.61585,0.259335
3130,294.799652,0,2.62254,0.259734
3131,294.799652,0,2.62254,0.259734
3132,294.799652,0,2.62254,0.259734
3133,294.799652,0,2.62254,0.259734
3134,294.799652,0,2.62254,0.259734
3135,294.799652,0,2.62254,0.259734
3136,294.799652,0,2.62254,0.259734
3137,294.662048,0,2.643476,0.261342
3138,294.662048,0,2.643476,0.261342
3139,294.662048,0,2.643476,0.261342
3140,294.740204,0,2.61585,0.259335
3141,294.740204,0,2.61585,0.259335
3142,294.740204,0,2.61585,0.259335
3143,294.740204,0,2.61585,0.259335
3144,294.740204,0,2.61585,0.259335
3145,294.662048,0,2.643476,0.261342
3146,294.662048,0,2.643476,0.261342
3147,294.729675,0,2.644898,0.26127
3148,294.662048,0,2.643476,0.261342
3149,294.662048,0,2.643476,0.261342
3150,294.662048,0,2.643476,0.261342
3151,294.662048,0,2.643476,0.261342
3152,294.662048,0,2.643476,0.261342
3153,294.662048,0,2.643476,0.261342
3154,294.662048,0,2.643476,0.261342
3155,294.944489,0,2.694078,0.264357
3156,294.944489,0,2.694078,0.264357
3157,294.944489,0,2.694078,0.264357
3158,294.944489,0,2.694078,0.264357
3159,294.944489,0,2.694078,0.264357
3160,294.944489,0,2.694078,0.264357
3161,294.556641,0,2.710925,0.26611
3162,294.556641,0,2.710925,0.26611
3163,294.556641,0,2.710925,0.26611
3164,294.556641,0,2.710925,0.26611
3165,294.873199,0,2.689578,0.26407
3166,294.873199,0,2.689578,0.26407
3167,294.873199,0,2.689578,0.26407
3168,294.873199,0,2.689578,0.26407
3169,294.873199,0,2.689578,0.26407
3170,294.873199,0,2.689578,0.26407
3171,294.873199,0,2.689578,0.26407
3172,294.873199,0,2.689578,0.26407
3173,294.944489,0,2.694078,0.264357
3174,294.944489,0,2.694078,0.264357
3175,294.944489,0,2.694078,0.264357
3176,294.944489,0,2.694078,0.264357
3177,294.944489,0,2.694078,0.264357
3178,294.944489,0,2.694078,0.264357
3179,295.354767,0,2.663494,0.261643
3180,295.285583,0,2.6757,0.262613
3181,295.285583,0,2.6757,0.262613
3182,295.285583,0,2.6757,0.262613
3183,295.285583,0,2.6757,0.262613
3184,295.408752,0,2.659635,0.26129
3185,295.408752,0,2.659635,0.26129
3186,295.354767,0,2.663494,0.261643
3187,295.354767,0,2.663494,0.261643
3188,295.354767,0,2.663494,0.261643
3189,295.354767,0,2.663494,0.261643
3190,295.354767,0,2.663494,0.261643
3191,295.417114,3e-06,2.658226,0.261182
3192,295.417114,3e-06,2.658226,0.261182
3193,295.64856,2e-05,2.64326,0.259852
3194,295.64856,2e-05,2.64326,0.259852
3195,295.417114,3e-06,2.658226,0.261182
3196,295.417114,3e-06,2.658226,0.261182
3197,295.285583,0,2.6757,0.262613
3198,295.285583,0,2.6757,0.262613
3199,295.354767,0,2.663494,0.261643
3200,295.531555,0,2.617554,0.257991
3201,295.531555,0,2.617554,0.257991
3202,289.006683,0,1.876937,0.208829
3203,289.006683,0,1.876937,0.208829
3204,289.006683,0,1.876937,0.208829
3205,289.840454,0,1.855208,0.20607
3206,289.840454,0,1.855208,0.20607
3207,289.840454,0,1.855208,0.20607
3208,289.840454,0,1.855208,0.20607
3209,289.840454,0,1.855208,0.20607
3210,289.582092,0,1.865699,0.206952
3211,289.582092,0,1.865699,0.206952
3212,289.582092,0,1.865699,0.206952
3213,289.582092,0,1.865699,0.206952
3214,289.582092,0,1.865699,0.206952
3215,289.582092,0,1.865699,0.206952
3216,289.582092,0,1.865699,0.206952
3217,289.582092,0,1.865699,0.206952
3218,289.582092,0,1.865699,0.206952
3219,289.582092,0,1.865699,0.206952
3220,289.006683,0,1.876937,0.208829
3221,289.006683,0,1.876937,0.208829
3222,289.006683,0,1.876937,0.208829
3223,289.006683,0,1.876937,0.208829
3224,289.006683,0,1.876937,0.208829
3225,289.372833,0,1.843932,0.206724
3226,289.626251,0,1.868312,0.207364
3227,289.015808,0,1.880205,0.209201
3228,289.015808,0,1.880205,0.209201
3229,289.015808,0,1.880205,0.209201
3230,289.015808,0,1.880205,0.209201
3231,289.748138,0,1.863623,0.207209
3232,289.85257,0.000557,1.86189,0.206858
3233,289.85257,0.000557,1.86189,0.206858
3234,289.85257,0.000557,1.86189,0.206858
3235,289.85257,0.000557,1.86189,0.206858
3236,290.704224,0,1.841774,0.204382
3237,290.704224,0,1.841774,0.204382
3238,290.704224,0,1.841774,0.204382
3239,290.587341,0,1.842641,0.20473
3240,290.587341,0,1.842641,0.20473
3241,290.587341,0,1.842641,0.20473
3242,290.587341,0,1.842641,0.20473
3243,290.587341,0,1.842641,0.20473
3244,290.587341,0,1.842641,0.20473
3245,290.587341,0,1.842641,0.20473
3246,290.587341,0,1.842641,0.20473
3247,290.704224,0,1.841774,0.204382
3248,290.704224,0,1.841774,0.204382
3249,290.704224,0,1.841774,0.204382
3250,291.432312,0,1.822982,0.202341
3251,291.432312,0,1.822982,0.202341
3252,292.112305,0,1.811371,0.200951
3253,289.85257,0.000557,1.86189,0.206858
3254,290.704224,0,1.841774,0.204382
3255,289.372833,0,1.843932,0.206724
3256,289.846741,0,1.878402,0.210511
3257,289.372833,0,1.843932,0.206724
3258,289.372833,0,1.843932,0.206724
3259,289.846741,0,1.878402,0.210511
3260,289.372833,0,1.843932,0.206724
3261,289.846741,0,1.878402,0.210511
3262,289.372833,0,1.843932,0.206724
3263,289.372833,0,1.843932,0.206724
3264,289.372833,0,1.843932,0.206724
3265,289.846741,0,1.878402,0.210511
3266,289.372833,0,1.843932,0.206724
3267,289.372833,0,1.843932,0.206724
3268,289.372833,0,1.843932,0.206724
3269,289.372833,0,1.843932,0.206724
3270,289.006683,0,1.876937,0.208829
3271,289.006683,0,1.876937,0.208829
3272,289.006683,0,1.876937,0.208829
3273,289.006683,0,1.876937,0.208829
3274,289.006683,0,1.876937,0.208829
3275,289.372833,0,1.843932,0.206724
3276,289.372833,0,1.843932,0.206724
3277,289.372833,0,1.843932,0.206724
3278,289.372833,0,1.843932,0.206724
3279,289.372833,0,1.843932,0.206724
3280,289.372833,0,1.843932,0.206724
3281,289.372833,0,1.843932,0.206724
3282,289.372833,0,1.843932,0.206724
3283,289.372833,0,1.843932,0.206724
3284,289.372833,0,1.843932,0.206724
3285,289.372833,0,1.843932,0.206724
3286,289.372833,0,1.843932,0.206724
3287,288.983826,0,1.877531,0.208845
3288,289.846741,0,1.878402,0.210511
3289,288.770233,0,1.88625,0.20957
3290,288.770233,0,1.88625,0.20957
3291,288.983826,0,1.877531,0.208845
3292,289.846741,0,1.878402,0.210511
3293,288.770233,0,1.88625,0.20957
3294,289.846741,0,1.878402,0.210511
3295,288.770233,0,1.88625,0.20957
3296,288.770233,0,1.88625,0.20957
3297,289.846741,0,1.878402,0.210511
3298,288.770233,0,1.88625,0.20957
3299,289.846741,0,1.878402,0.210511
3300,289.846741,0,1.878402,0.210511
3301,288.190735,0,1.900104,0.211717
3302,289.372833,0,1.843932,0.206724
3303,289.372833,0,1.843932,0.206724
3304,289.372833,0,1.843932,0.206724
3305,289.372833,0,1.843932,0.206724
3306,289.372833,0,1.843932,0.206724
3307,288.770233,0,1.88625,0.20957
3308,288.770233,0,1.88625,0.20957
3309,288.770233,0,1.88625,0.20957
3310,288.770233,0,1.88625,0.20957
3311,288.770233,0,1.88625,0.20957
3312,288.770233,0,1.88625,0.20957
3313,288.770233,0,1.88625,0.20957
3314,288.770233,0,1.88625,0.20957
3315,288.770233,0,1.88625,0.20957
3316,288.770233,0,1.88625,0.20957
3317,288.770233,0,1.88625,0.20957
3318,288.770233,0,1.88625,0.20957
3319,288.770233,0,1.88625,0.20957
3320,288.770233,0,1.88625,0.20957
3321,288.770233,0,1.88625,0.20957
3322,288.770233,0,1.88625,0.20957
3323,288.770233,0,1.88625,0.20957
3324,288.770233,0,1.88625,0.20957
3325,288.713318,0,0.889926,0.14301
3326,288.713318,0,0.889926,0.14301
3327,288.713318,0,0.889926,0.14301
3328,288.713318,0,0.889926,0.14301
3329,288.713318,0,0.889926,0.14301
3330,289.897125,0,0.815958,0.150398
3331,289.612244,0,0.824011,0.152852
3332,289.612244,0,0.824011,0.152852
3333,289.612244,0,0.824011,0.152852
3334,289.897125,0,0.815958,0.150398
3335,289.897125,0,0.815958,0.150398
3336,289.897125,0,0.815958,0.150398
3337,289.897125,0,0.815958,0.150398
3338,289.897125,0,0.815958,0.150398
3339,289.897125,0,0.815958,0.150398
3340,289.897125,0,0.815958,0.150398
3341,289.897125,0,0.815958,0.150398
3342,289.897125,0,0.815958,0.150398
3343,289.897125,0,0.815958,0.150398
3344,289.897125,0,0.815958,0.150398
3345,289.897125,0,0.815958,0.150398
3346,289.897125,0,0.815958,0.150398
3347,289.897125,0,0.815958,0.150398
3348,289.612244,0,0.824011,0.152852
3349,289.612244,0,0.824011,0.152852
3350,289.897125,0,0.815958,0.150398
3351,289.612244,0,0.824011,0.152852
3352,289.612244,0,0.824011,0.152852
3353,297.893402,0,0.856416,0.19042
3354,289.897125,0,0.815958,0.150398
3355,289.897125,0,0.815958,0.150398
3356,289.897125,0,0.815958,0.150398
3357,289.897125,0,0.815958,0.150398
3358,289.897125,0,0.815958,0.150398
3359,289.897125,0,0.815958,0.150398
3360,289.897125,0,0.815958,0.150398
3361,289.897125,0,0.815958,0.150398
3362,289.897125,0,0.815958,0.150398
3363,289.897125,0,0.815958,0.150398
3364,289.897125,0,0.815958,0.150398
3365,289.897125,0,0.815958,0.150398
3366,289.897125,0,0.815958,0.150398
3367,289.897125,0,0.815958,0.150398
3368,289.670807,0,0.811152,0.152118
3369,289.670807,0,0.811152,0.152118
3370,289.670807,0,0.811152,0.152118
3371,289.670807,0,0.811152,0.152118
3372,289.661957,0,0.930131,0.154645
3373,289.661957,0,0.930131,0.154645
3374,289.661957,0,0.930131,0.154645
3375,289.661957,0,0.930131,0.154645
3376,289.661957,0,0.930131,0.154645
3377,289.661957,0,0.930131,0.154645
3378,289.661957,0,0.930131,0.154645
3379,289.661957,0,0.930131,0.154645
3380,289.661957,0,0.930131,0.154645
3381,289.661957,0,0.930131,0.154645
3382,289.661957,0,0.930131,0.154645
3383,289.661957,0,0.930131,0.154645
3384,289.661957,0,0.930131,0.154645
3385,289.661957,0,0.930131,0.154645
3386,289.661957,0,0.930131,0.154645
3387,289.661957,0,0.930131,0.154645
3388,289.661957,0,0.930131,0.154645
3389,289.661957,0,0.930131,0.154645
3390,289.661957,0,0.930131,0.154645
3391,289.661957,0,0.930131,0.154645
3392,289.661957,0,0.930131,0.154645
3393,289.661957,0,0.930131,0.154645
3394,289.661957,0,0.930131,0.154645
3395,289.661957,0,0.930131,0.154645
3396,289.661957,0,0.930131,0.154645
3397,289.661957,0,0.930131,0.154645
3398,289.661957,0,0.930131,0.154645
3399,289.661957,0,0.930131,0.154645
3400,289.661957,0,0.930131,0.154645
3401,289.661957,0,0.930131,0.154645
3402,289.661957,0,0.930131,0.154645
3403,289.661957,0,0.930131,0.154645
3404,289.661957,0,0.930131,0.154645
3405,289.661957,0,0.930131,0.154645
3406,289.661957,0,0.930131,0.154645
3407,289.661957,0,0.930131,0.154645
3408,289.661957,0,0.930131,0.154645
3409,289.661957,0,0.930131,0.154645
3410,289.661957,0,0.930131,0.154645
3411,289.661957,0,0.930131,0.154645
3412,289.661957,0,0.930131,0.154645
3413,289.661957,0,0.930131,0.154645
3414,289.661957,0,0.930131,0.154645
3415,289.661957,0,0.930131,0.154645
3416,289.661957,0,0.930131,0.154645
3417,289.661957,0,0.930131,0.154645
3418,289.661957,0,0.930131,0.154645
3419,289.661957,0,0.930131,0.154645
3420,289.661957,0,0.930131,0.154645
3421,289.661957,0,0.930131,0.154645
3422,289.661957,0,0.930131,0.154645
3423,289.661957,0,0.930131,0.154645
3424,289.661957,0,0.930131,0.154645
3425,289.661957,0,0.930131,0.154645
3426,289.661957,0,0.930131,0.154645
3427,289.661957,0,0.930131,0.154645
3428,289.661957,0,0.930131,0.154645
3429,289.661957,0,0.930131,0.154645
3430,289.661957,0,0.930131,0.154645
3431,289.661957,0,0.930131,0.154645
3432,289.661957,0,0.930131,0.154645
3433,289.661957,0,0.930131,0.154645
3434,289.661957,0,0.930131,0.154645
3435,289.661957,0,0.930131,0.154645
3436,289.661957,0,0.930131,0.154645
3437,289.661957,0,0.930131,0.154645
3438,289.661957,0,0.930131,0.154645
3439,289.661957,0,0.930131,0.154645
3440,289.661957,0,0.930131,0.154645
3441,289.661957,0,0.930131,0.154645
3442,289.661957,0,0.930131,0.154645
3443,289.661957,0,0.930131,0.154645
3444,289.661957,0,0.930131,0.154645
3445,289.661957,0,0.930131,0.154645
3446,289.661957,0,0.930131,0.154645
3447,289.661957,0,0.930131,0.154645
3448,289.661957,0,0.930131,0.154645
3449,289.661957,0,0.930131,0.154645
3450,289.661957,0,0.930131,0.154645
3451,289.661957,0,0.930131,0.154645
3452,289.661957,0,0.930131,0.154645
3453,289.242554,0,0.905966,0.157303
3454,289.242554,0,0.905966,0.157303
3455,289.242554,0,0.905966,0.157303
3456,289.242554,0,0.905966,0.157303
3457,289.242554,0,0.905966,0.157303
3458,289.242554,0,0.905966,0.157303
3459,289.242554,0,0.905966,0.157303
3460,289.242554,0,0.905966,0.157303
3461,289.242554,0,0.905966,0.157303
3462,289.242554,0,0.905966,0.157303
3463,289.242554,0,0.905966,0.157303
3464,289.242554,0,0.905966,0.157303
3465,289.242554,0,0.905966,0.157303
3466,289.242554,0,0.905966,0.157303
3467,289.242554,0,0.905966,0.157303
3468,289.242554,0,0.905966,0.157303
3469,289.242554,0,0.905966,0.157303
3470,289.242554,0,0.905966,0.157303
3471,289.242554,0,0.905966,0.157303
3472,289.653442,0,0.884653,0.15367
3473,289.242554,0,0.905966,0.157303
3474,289.242554,0,0.905966,0.157303
3475,289.653442,0,0.884653,0.15367
3476,289.653442,0,0.884653,0.15367
3477,289.653442,0,0.884653,0.15367
3478,289.653442,0,0.884653,0.15367
3479,289.653442,0,0.884653,0.15367
3480,289.653442,0,0.884653,0.15367
3481,289.653442,0,0.884653,0.15367
3482,289.242554,0,0.905966,0.157303
3483,289.653442,0,0.884653,0.15367
3484,289.653442,0,0.884653,0.15367
3485,289.653442,0,0.884653,0.15367
3486,289.653442,0,0.884653,0.15367
3487,289.653442,0,0.884653,0.15367
3488,289.653442,0,0.884653,0.15367
3489,289.653442,0,0.884653,0.15367
3490,289.653442,0,0.884653,0.15367
3491,289.242554,0,0.905966,0.157303
3492,289.653442,0,0.884653,0.15367
3493,289.653442,0,0.884653,0.15367
3494,289.653442,0,0.884653,0.15367
3495,289.653442,0,0.884653,0.15367
3496,289.242554,0,0.905966,0.157303
3497,289.653442,0,0.884653,0.15367
3498,289.653442,0,0.884653,0.15367
3499,289.242554,0,0.905966,0.157303
3500,289.242554,0,0.905966,0.157303
3501,289.242554,0,0.905966,0.157303
3502,289.242554,0,0.905966,0.157303
3503,289.242554,0,0.905966,0.157303
3504,289.242554,0,0.905966,0.157303
3505,289.242554,0,0.905966,0.157303
3506,289.653442,0,0.884653,0.15367
3507,289.653442,0,0.884653,0.15367
3508,289.242554,0,0.905966,0.157303
3509,289.653442,0,0.884653,0.15367
3510,289.653442,0,0.884653,0.15367
3511,289.242554,0,0.905966,0.157303
3512,289.653442,0,0.884653,0.15367
3513,289.653442,0,0.884653,0.15367
3514,289.653442,0,0.884653,0.15367
3515,289.653442,0,0.884653,0.15367
3516,289.653442,0,0.884653,0.15367
3517,289.653442,0,0.884653,0.15367
3518,287.59198,0,2.032436,0.21154
3519,287.59198,0,2.032436,0.21154
3520,287.59198,0,2.032436,0.21154
3521,287.59198,0,2.032436,0.21154
3522,287.59198,0,2.032436,0.21154
3523,287.59198,0,2.032436,0.21154
3524,287.604858,0,2.031924,0.211431
3525,287.563049,0,2.026408,0.21123
3526,287.563049,0,2.026408,0.21123
3527,287.571747,0,2.031157,0.211617
3528,296.370728,0,1.504209,0.18304
3529,296.370728,0,1.504209,0.18304
3530,296.370728,0,1.504209,0.18304
3531,296.370728,0,1.504209,0.18304
3532,296.370728,0,1.504209,0.18304
3533,296.370728,0,1.504209,0.18304
3534,296.254944,0,1.514007,0.184049
3535,296.254944,0,1.514007,0.184049
3536,296.254944,0,1.514007,0.184049
3537,296.254944,0,1.514007,0.184049
3538,296.254944,0,1.514007,0.184049
3539,296.254944,0,1.514007,0.184049
3540,296.254944,0,1.514007,0.184049
3541,296.254944,0,1.514007,0.184049
3542,296.254944,0,1.514007,0.184049
3543,296.254944,0,1.514007,0.184049
3544,296.118317,0,1.514651,0.184529
3545,296.118317,0,1.514651,0.184529
3546,296.118317,0,1.514651,0.184529
3547,296.118317,0,1.514651,0.184529
3548,296.118317,0,1.514651,0.184529
3549,296.304596,0,1.51741,0.184079
3550,296.304596,0,1.51741,0.184079
3551,296.661774,0,1.500368,0.18186
3552,296.859009,0,1.494152,0.180776
3553,296.859009,0,1.494152,0.180776
3554,293.679596,0,1.589565,0.194957
3555,293.679596,0,1.589565,0.194957
3556,293.679596,0,1.589565,0.194957
3557,293.679596,0,1.589565,0.194957
3558,293.679596,0,1.589565,0.194957
3559,293.976868,0,1.578033,0.193685
3560,293.976868,0,1.578033,0.193685
3561,293.976868,0,1.578033,0.193685
3562,293.976868,0,1.578033,0.193685
3563,293.976868,0,1.578033,0.193685
3564,293.976868,0,1.578033,0.193685
3565,293.976868,0,1.578033,0.193685
3566,295.190491,0,1.570273,0.193131
3567,295.190491,0,1.570273,0.193131
3568,295.190491,0,1.570273,0.193131
3569,295.190491,0,1.570273,0.193131
3570,294.465302,0,1.550682,0.190991
3571,294.465302,0,1.550682,0.190991
3572,294.465302,0,1.550682,0.190991
3573,294.465302,0,1.550682,0.190991
3574,294.465302,0,1.550682,0.190991
3575,294.465302,0,1.550682,0.190991
3576,294.465302,0,1.550682,0.190991
3577,294.465302,0,1.550682,0.190991
3578,294.465302,0,1.550682,0.190991
3579,294.465302,0,1.550682,0.190991
3580,294.465302,0,1.550682,0.190991
3581,294.465302,0,1.550682,0.190991
3582,294.465302,0,1.550682,0.190991
3583,294.465302,0,1.550682,0.190991
3584,294.465302,0,1.550682,0.190991
3585,294.465302,0,1.550682,0.190991
3586,294.465302,0,1.550682,0.190991
3587,294.465302,0,1.550682,0.190991
3588,294.910645,0,1.519907,0.188107
3589,294.910645,0,1.519907,0.188107
3590,294.910645,0,1.519907,0.188107
3591,294.910645,0,1.519907,0.188107
3592,294.910645,0,1.519907,0.188107
3593,294.910645,0,1.519907,0.188107
3594,294.910645,0,1.519907,0.188107
3595,294.910645,0,1.519907,0.188107
3596,294.910645,0,1.519907,0.188107
3597,297.1763,0,1.551045,0.192458
3598,297.1763,0,1.551045,0.192458
3599,294.910645,0,1.519907,0.188107
3600,294.910645,0,1.519907,0.188107
3601,294.910645,0,1.519907,0.188107
3602,294.910645,0,1.519907,0.188107
3603,294.940155,0,1.483099,0.185637
3604,294.940155,0,1.483099,0.185637
3605,294.940155,0,1.483099,0.185637
3606,294.940155,0,1.483099,0.185637
3607,294.940155,0,1.483099,0.185637
3608,294.940155,0,1.483099,0.185637
3609,294.940155,0,1.483099,0.185637
3610,295.394623,0,1.490316,0.184987
3611,295.394623,0,1.490316,0.184987
3612,295.394623,0,1.490316,0.184987
3613,295.394623,0,1.490316,0.184987
3614,295.394623,0,1.490316,0.184987
3615,295.394623,0,1.490316,0.184987
3616,295.976532,0,1.513884,0.186502
3617,295.976532,0,1.513884,0.186502
3618,295.976532,0,1.513884,0.186502
3619,295.976532,0,1.513884,0.186502
3620,295.976532,0,1.513884,0.186502
3621,295.691864,0,1.519163,0.185929
3622,296.294189,0,1.52792,0.185882
3623,296.294189,0,1.52792,0.185882
3624,296.04425,0,1.509489,0.184432
3625,296.04425,0,1.509489,0.184432
3626,296.606171,0,1.497257,0.181939
3627,295.500153,0,1.528345,0.187218
3628,295.500153,0,1.528345,0.187218
3629,295.500153,0,1.528345,0.187218
3630,295.500153,0,1.528345,0.187218
3631,295.500153,0,1.528345,0.187218
3632,295.500153,0,1.528345,0.187218
3633,295.500153,0,1.528345,0.187218
3634,295.500153,0,1.528345,0.187218
3635,295.500153,0,1.528345,0.187218
3636,295.500153,0,1.528345,0.187218
3637,295.500153,0,1.528345,0.187218
3638,295.500153,0,1.528345,0.187218
3639,295.500153,0,1.528345,0.187218
3640,295.500153,0,1.528345,0.187218
3641,295.500153,0,1.528345,0.187218
3642,295.500153,0,1.528345,0.187218
3643,295.500153,0,1.528345,0.187218
3644,295.500153,0,1.528345,0.187218
3645,295.500153,0,1.528345,0.187218
3646,295.500153,0,1.528345,0.187218
3647,295.130341,0,1.533517,0.188284
3648,295.130341,0,1.533517,0.188284
3649,295.130341,0,1.533517,0.188284
3650,295.130341,0,1.533517,0.188284
3651,296.297485,0,1.564222,0.19109
3652,296.297485,0,1.564222,0.19109
3653,296.297485,0,1.564222,0.19109
3654,296.297485,0,1.564222,0.19109
3655,296.297485,0,1.564222,0.19109
3656,296.297485,0,1.564222,0.19109
3657,296.297485,0,1.564222,0.19109
3658,296.297485,0,1.564222,0.19109
3659,296.297485,0,1.564222,0.19109
3660,296.297485,0,1.564222,0.19109
3661,296.297485,0,1.564222,0.19109
3662,296.297485,0,1.564222,0.19109
3663,296.297485,0,1.564222,0.19109
3664,296.297485,0,1.564222,0.19109
3665,296.297485,0,1.564222,0.19109
3666,296.297485,0,1.564222,0.19109
3667,296.297485,0,1.564222,0.19109
3668,296.297485,0,1.564222,0.19109
3669,296.254944,0,1.514007,0.184049
3670,296.370728,0,1.504209,0.18304
3671,296.370728,0,1.504209,0.18304
3672,296.793396,0,1.501512,0.181468
3673,296.661774,0,1.500368,0.18186
3674,296.254944,0,1.514007,0.184049
3675,296.254944,0,1.514007,0.184049
3676,296.661774,0,1.500368,0.18186
3677,296.661774,0,1.500368,0.18186
3678,296.436707,0,1.492147,0.182089
3679,296.436707,0,1.492147,0.182089
3680,296.436707,0,1.492147,0.182089
3681,296.436707,0,1.492147,0.182089
3682,296.436707,0,1.492147,0.182089
3683,296.436707,0,1.492147,0.182089
3684,296.855286,0.000732,1.480657,0.180026
3685,296.855286,0.000732,1.480657,0.180026
3686,296.855286,0.000732,1.480657,0.180026
3687,296.436707,0,1.492147,0.182089
3688,296.04425,0,1.509489,0.184432
3689,296.04425,0,1.509489,0.184432
3690,296.04425,0,1.509489,0.184432
3691,296.04425,0,1.509489,0.184432
3692,296.04425,0,1.509489,0.184432
3693,296.04425,0,1.509489,0.184432
3694,296.04425,0,1.509489,0.184432
3695,296.04425,0,1.509489,0.184432
3696,296.04425,0,1.509489,0.184432
3697,296.04425,0,1.509489,0.184432
3698,296.14389,0,1.498419,0.183369
3699,296.14389,0,1.498419,0.183369
3700,296.14389,0,1.498419,0.183369
3701,296.14389,0,1.498419,0.183369
3702,296.14389,0,1.498419,0.183369
3703,296.14389,0,1.498419,0.183369
3704,296.14389,0,1.498419,0.183369
3705,296.14389,0,1.498419,0.183369
3706,296.375488,0,1.486602,0.181954
3707,296.375488,0,1.486602,0.181954
3708,296.375488,0,1.486602,0.181954
3709,296.375488,0,1.486602,0.181954
3710,296.375488,0,1.486602,0.181954
3711,296.375488,0,1.486602,0.181954
3712,296.375488,0,1.486602,0.181954
3713,296.859741,0,1.47645,0.179758
3714,296.859741,0,1.47645,0.179758
3715,296.859741,0,1.47645,0.179758
3716,296.943268,0,1.468578,0.178843
3717,296.943268,0,1.468578,0.178843
3718,297.103882,0,1.470518,0.178241
3719,296.943268,0,1.468578,0.178843
3720,296.859741,0,1.47645,0.179758
3721,296.859741,0,1.47645,0.179758
3722,296.859741,0,1.47645,0.179758
3723,296.859741,0,1.47645,0.179758
3724,296.859741,0,1.47645,0.179758
3725,296.855286,0.000732,1.480657,0.180026
3726,296.855286,0.000732,1.480657,0.180026
3727,296.54837,0,1.491925,0.1816
3728,296.436707,0,1.492147,0.182089
3729,296.436707,0,1.492147,0.182089
3730,296.436707,0,1.492147,0.182089
3731,296.436707,0,1.492147,0.182089
3732,296.436707,0,1.492147,0.182089
3733,296.436707,0,1.492147,0.182089
3734,296.436707,0,1.492147,0.182089
3735,296.436707,0,1.492147,0.182089
3736,296.54837,0,1.491925,0.1816
3737,296.54837,0,1.491925,0.1816
3738,296.54837,0,1.491925,0.1816
3739,296.54837,0,1.491925,0.1816
3740,296.54837,0,1.491925,0.1816
3741,296.859741,0,1.47645,0.179758
3742,296.859741,0,1.47645,0.179758
3743,296.859741,0,1.47645,0.179758
3744,296.943268,0,1.468578,0.178843
3745,297.070831,0,1.467003,0.178178
3746,297.702881,0,1.480786,0.180388
3747,297.702881,0,1.480786,0.180388
3748,297.702881,0,1.480786,0.180388
3749,297.702881,0,1.480786,0.180388
3750,297.702881,0,1.480786,0.180388
3751,297.702881,0,1.480786,0.180388
3752,297.702881,0,1.480786,0.180388
3753,297.702881,0,1.480786,0.180388
3754,297.702881,0,1.480786,0.180388
3755,297.702881,0,1.480786,0.180388
3756,297.702881,0,1.480786,0.180388
3757,296.770142,0,1.464629,0.17923
3758,296.770142,0,1.464629,0.17923
3759,296.770142,0,1.464629,0.17923
3760,297.702881,0,1.480786,0.180388
3761,297.702881,0,1.480786,0.180388
3762,297.702881,0,1.480786,0.180388
3763,297.702881,0,1.480786,0.180388
3764,296.770142,0,1.464629,0.17923
3765,296.770142,0,1.464629,0.17923
3766,296.770142,0,1.464629,0.17923
3767,296.770142,0,1.464629,0.17923
3768,296.770142,0,1.464629,0.17923
3769,296.770142,0,1.464629,0.17923
3770,297.957214,0,1.473997,0.179211
3771,297.957214,0,1.473997,0.179211
3772,297.957214,0,1.473997,0.179211
3773,297.957214,0,1.473997,0.179211
3774,297.957214,0,1.473997,0.179211
3775,297.957214,0,1.473997,0.179211
3776,297.957214,0,1.473997,0.179211
3777,297.957214,0,1.473997,0.179211
3778,297.957214,0,1.473997,0.179211
3779,297.957214,0,1.473997,0.179211
3780,297.798157,0,1.462991,0.177416
3781,297.798157,0,1.462991,0.177416
3782,297.798157,0,1.462991,0.177416
3783,292.898346,0,1.793162,0.20098
3784,292.898346,0,1.793162,0.20098
3785,292.898346,0,1.793162,0.20098
3786,292.898346,0,1.793162,0.20098
3787,292.898346,0,1.793162,0.20098
3788,292.898346,0,1.793162,0.20098
3789,292.898346,0,1.793162,0.20098
3790,292.665955,0,1.800244,0.202201
3791,292.665955,0,1.800244,0.202201
3792,292.665955,0,1.800244,0.202201
3793,292.665955,0,1.800244,0.202201
3794,292.665955,0,1.800244,0.202201
3795,292.665955,0,1.800244,0.202201
3796,292.971283,0,1.790128,0.201406
3797,292.971283,0,1.790128,0.201406
3798,292.971283,0,1.790128,0.201406
3799,292.971283,0,1.790128,0.201406
3800,292.971283,0,1.790128,0.201406
3801,292.971283,0,1.790128,0.201406
3802,292.971283,0,1.790128,0.201406
3803,292.971283,0,1.790128,0.201406
3804,292.971283,0,1.790128,0.201406
3805,292.971283,0,1.790128,0.201406
3806,292.971283,0,1.790128,0.201406
3807,292.971283,0,1.790128,0.201406
3808,292.971283,0,1.790128,0.201406
3809,292.971283,0,1.790128,0.201406
3810,292.971283,0,1.790128,0.201406
3811,292.971283,0,1.790128,0.201406
3812,292.665955,0,1.800244,0.202201
3813,292.665955,0,1.800244,0.202201
3814,292.898346,0,1.793162,0.20098
3815,292.898346,0,1.793162,0.20098
3816,292.898346,0,1.793162,0.20098
3817,292.898346,0,1.793162,0.20098
3818,292.898346,0,1.793162,0.20098
3819,292.898346,0,1.793162,0.20098
3820,292.898346,0,1.793162,0.20098
3821,292.898346,0,1.793162,0.20098
3822,292.898346,0,1.793162,0.20098
3823,292.898346,0,1.793162,0.20098
3824,292.898346,0,1.793162,0.20098
3825,292.898346,0,1.793162,0.20098
3826,292.898346,0,1.793162,0.20098
3827,292.665955,0,1.800244,0.202201
3828,292.665955,0,1.800244,0.202201
3829,292.665955,0,1.800244,0.202201
3830,292.665955,0,1.800244,0.202201
3831,292.665955,0,1.800244,0.202201
3832,292.915131,0,1.793369,0.202489
3833,292.915131,0,1.793369,0.202489
3834,292.915131,0,1.793369,0.202489
3835,292.915131,0,1.793369,0.202489
3836,292.915131,0,1.793369,0.202489
3837,292.915131,0,1.793369,0.202489
3838,292.915131,0,1.793369,0.202489
3839,292.915131,0,1.793369,0.202489
3840,292.915131,0,1.793369,0.202489
3841,292.915131,0,1.793369,0.202489
3842,292.915131,0,1.793369,0.202489
3843,292.915131,0,1.793369,0.202489
3844,292.915131,0,1.793369,0.202489
3845,292.915131,0,1.793369,0.202489
3846,292.915131,0,1.793369,0.202489
3847,292.915131,0,1.793369,0.202489
3848,292.915131,0,1.793369,0.202489
3849,292.915131,0,1.793369,0.202489
3850,292.866028,0,1.794489,0.202228
3851,292.866028,0,1.794489,0.202228
3852,292.866028,0,1.794489,0.202228
3853,293.086182,0,1.788534,0.201366
3854,293.086182,0,1.788534,0.201366
3855,293.086182,0,1.788534,0.201366
3856,293.086182,0,1.788534,0.201366
3857,292.971283,0,1.790128,0.201406
3858,292.971283,0,1.790128,0.201406
3859,292.971283,0,1.790128,0.201406
3860,292.971283,0,1.790128,0.201406
3861,292.971283,0,1.790128,0.201406
3862,292.971283,0,1.790128,0.201406
3863,292.971283,0,1.790128,0.201406
3864,292.971283,0,1.790128,0.201406
3865,292.665955,0,1.800244,0.202201
3866,292.665955,0,1.800244,0.202201
3867,292.665955,0,1.800244,0.202201
3868,292.665955,0,1.800244,0.202201
3869,292.815094,0,1.795014,0.201167
3870,292.815094,0,1.795014,0.201167
3871,292.815094,0,1.795014,0.201167
3872,292.815094,0,1.795014,0.201167
3873,292.815094,0,1.795014,0.201167
3874,292.815094,0,1.795014,0.201167
3875,292.815094,0,1.795014,0.201167
3876,292.815094,0,1.795014,0.201167
3877,292.815094,0,1.795014,0.201167
3878,292.815094,0,1.795014,0.201167
3879,292.815094,0,1.795014,0.201167
3880,292.815094,0,1.795014,0.201167
3881,292.815094,0,1.795014,0.201167
3882,292.815094,0,1.795014,0.201167
3883,292.815094,0,1.795014,0.201167
3884,292.815094,0,1.795014,0.201167
3885,292.815094,0,1.795014,0.201167
3886,292.815094,0,1.795014,0.201167
3887,290.968262,0,1.874486,0.213161
3888,290.968262,0,1.874486,0.213161
3889,290.968262,0,1.874486,0.213161
3890,290.968262,0,1.874486,0.213161
3891,290.968262,0,1.874486,0.213161
3892,290.968262,0,1.874486,0.213161
3893,291.79184,0,1.829529,0.203844
3894,291.79184,0,1.829529,0.203844
3895,291.79184,0,1.829529,0.203844
3896,291.79184,0,1.829529,0.203844
3897,291.79184,0,1.829529,0.203844
3898,291.79184,0,1.829529,0.203844
3899,291.79184,0,1.829529,0.203844
3900,291.79184,0,1.829529,0.203844
3901,291.79184,0,1.829529,0.203844
3902,291.709045,0,1.833954,0.20457
3903,291.709045,0,1.833954,0.20457
3904,291.709045,0,1.833954,0.20457
3905,291.709045,0,1.833954,0.20457
3906,291.709045,0,1.833954,0.20457
3907,291.709045,0,1.833954,0.20457
3908,291.709045,0,1.833954,0.20457
3909,287.739807,0,2.010358,0.210815
3910,287.684662,0,2.020836,0.211623
3911,287.684662,0,2.020836,0.211623
3912,287.739807,0,2.010358,0.210815
3913,288.285461,0,2.00741,0.210024
3914,287.631683,0,2.029068,0.211939
3915,287.631683,0,2.029068,0.211939
3916,287.631683,0,2.029068,0.211939
3917,287.631683,0,2.029068,0.211939
3918,287.631683,0,2.029068,0.211939
3919,287.631683,0,2.029068,0.211939
3920,287.631683,0,2.029068,0.211939
3921,287.684662,0,2.020836,0.211623
3922,287.684662,0,2.020836,0.211623
3923,287.684662,0,2.020836,0.211623
3924,287.684662,0,2.020836,0.211623
3925,287.684662,0,2.020836,0.211623
3926,287.684662,0,2.020836,0.211623
3927,287.684662,0,2.020836,0.211623
3928,287.684662,0,2.020836,0.211623
3929,287.684662,0,2.020836,0.211623
3930,287.739807,0,2.010358,0.210815
3931,287.739807,0,2.010358,0.210815
3932,287.739807,0,2.010358,0.210815
3933,287.739807,0,2.010358,0.210815
3934,287.739807,0,2.010358,0.210815
3935,287.739807,0,2.010358,0.210815
3936,287.739807,0,2.010358,0.210815
3937,287.739807,0,2.010358,0.210815
3938,287.739807,0,2.010358,0.210815
3939,287.778992,0,2.010772,0.210503
3940,287.778992,0,2.010772,0.210503
3941,287.778992,0,2.010772,0.210503
3942,287.778992,0,2.010772,0.210503
3943,287.778992,0,2.010772,0.210503
3944,287.778992,0,2.010772,0.210503
3945,287.778992,0,2.010772,0.210503
3946,287.778992,0,2.010772,0.210503
3947,287.778992,0,2.010772,0.210503
3948,287.778992,0,2.010772,0.210503
3949,287.778992,0,2.010772,0.210503
3950,287.778992,0,2.010772,0.210503
3951,287.778992,0,2.010772,0.210503
3952,287.778992,0,2.010772,0.210503
3953,287.778992,0,2.010772,0.210503
3954,287.778992,0,2.010772,0.210503
3955,287.789764,0,2.015107,0.210563
3956,287.789764,0,2.015107,0.210563
3957,287.789764,0,2.015107,0.210563
3958,287.789764,0,2.015107,0.210563
3959,287.789764,0,2.015107,0.210563
3960,287.789764,0,2.015107,0.210563
3961,287.789764,0,2.015107,0.210563
3962,287.789764,0,2.015107,0.210563
3963,287.789764,0,2.015107,0.210563
3964,287.789764,0,2.015107,0.210563
3965,287.789764,0,2.015107,0.210563
3966,287.789764,0,2.015107,0.210563
3967,287.789764,0,2.015107,0.210563
3968,287.724457,0,2.022079,0.211013
3969,287.724457,0,2.022079,0.211013
3970,287.724457,0,2.022079,0.211013
3971,287.724457,0,2.022079,0.211013
3972,287.724457,0,2.022079,0.211013
3973,287.724457,0,2.022079,0.211013
3974,287.724457,0,2.022079,0.211013
3975,287.601654,0,2.035954,0.212348
3976,287.601654,0,2.035954,0.212348
3977,287.601654,0,2.035954,0.212348
3978,287.601654,0,2.035954,0.212348
3979,287.601654,0,2.035954,0.212348
3980,287.601654,0,2.035954,0.212348
3981,287.601654,0,2.035954,0.212348
3982,287.724457,0,2.022079,0.211013
3983,287.724457,0,2.022079,0.211013
3984,287.724457,0,2.022079,0.211013
3985,287.583405,0,2.02815,0.212298
3986,287.500641,0,2.031317,0.213036
3987,287.500641,0,2.031317,0.213036
3988,287.409912,0,2.040804,0.213942
3989,287.583405,0,2.02815,0.212298
3990,287.623199,0,2.015854,0.211965
3991,287.623199,0,2.015854,0.211965
3992,287.623199,0,2.015854,0.211965
3993,287.583405,0,2.02815,0.212298
3994,287.623199,0,2.015854,0.211965
3995,287.360992,0,1.864647,0.214007
3996,287.360992,0,1.864647,0.214007
3997,287.360992,0,1.864647,0.214007
3998,287.360992,0,1.864647,0.214007
3999,287.399231,0,1.852986,0.213116
4000,287.440094,0,1.849305,0.213009
4001,287.440094,0,1.849305,0.213009
4002,287.360992,0,1.864647,0.214007
4003,287.360992,0,1.864647,0.214007
4004,287.360992,0,1.864647,0.214007
4005,287.360992,0,1.864647,0.214007
4006,287.360992,0,1.864647,0.214007
4007,287.360992,0,1.864647,0.214007
4008,287.360992,0,1.864647,0.214007
4009,287.360992,0,1.864647,0.214007
4010,287.477386,0,1.84451,0.212112
4011,287.477386,0,1.84451,0.212112
4012,287.668335,0,1.809368,0.210722
4013,287.668335,0,1.809368,0.210722
4014,287.668335,0,1.809368,0.210722
4015,287.668335,0,1.809368,0.210722
4016,288.533539,0,1.543713,0.196591
4017,288.464783,0,1.584778,0.199182
4018,288.464783,0,1.584778,0.199182
4019,288.464783,0,1.584778,0.199182
4020,288.464783,0,1.584778,0.199182
4021,288.464783,0,1.584778,0.199182
4022,288.464783,0,1.584778,0.199182
4023,288.464783,0,1.584778,0.199182
4024,288.464783,0,1.584778,0.199182
4025,288.464783,0,1.584778,0.199182
4026,288.464783,0,1.584778,0.199182
4027,288.464783,0,1.584778,0.199182
4028,288.464783,0,1.584778,0.199182
4029,288.533539,0,1.543713,0.196591
4030,288.533539,0,1.543713,0.196591
4031,288.533539,0,1.543713,0.196591
4032,288.464783,0,1.584778,0.199182
4033,288.464783,0,1.584778,0.199182
4034,288.464783,0,1.584778,0.199182
4035,288.464783,0,1.584778,0.199182
4036,288.464783,0,1.584778,0.199182
4037,288.464783,0,1.584778,0.199182
4038,288.659973,0,1.405143,0.187508
4039,288.585083,0,1.444982,0.19044
4040,288.620605,0,1.469844,0.191859
4041,288.620605,0,1.469844,0.191859
4042,288.620605,0,1.469844,0.191859
4043,288.620605,0,1.469844,0.191859
4044,288.620605,0,1.469844,0.191859
4045,288.629028,0,1.473304,0.192118
4046,288.620605,0,1.469844,0.191859
4047,288.620605,0,1.469844,0.191859
4048,288.620605,0,1.469844,0.191859
4049,288.585083,0,1.444982,0.19044
4050,288.60495,0,1.369308,0.18467
4051,288.60495,0,1.369308,0.18467
4052,288.60495,0,1.369308,0.18467
4053,288.60495,0,1.369308,0.18467
4054,288.601776,0,1.357458,0.183808
4055,288.601776,0,1.357458,0.183808
4056,288.601776,0,1.357458,0.183808
4057,288.60495,0,1.369308,0.18467
4058,288.60495,0,1.369308,0.18467
4059,288.009521,0,1.743202,0.20784
4060,288.009521,0,1.743202,0.20784
4061,288.009521,0,1.743202,0.20784
4062,288.009521,0,1.743202,0.20784
4063,288.009521,0,1.743202,0.20784
4064,288.009521,0,1.743202,0.20784
4065,287.86853,0,1.772671,0.209207
4066,287.86853,0,1.772671,0.209207
4067,287.86853,0,1.772671,0.209207
4068,287.976318,0,1.751725,0.2079
4069,287.976318,0,1.751725,0.2079
4070,287.976318,0,1.751725,0.2079
4071,287.976318,0,1.751725,0.2079
4072,287.976318,0,1.751725,0.2079
4073,NA,NA,NA,NA
4074,NA,NA,NA,NA
4075,288.080048,0,1.725058,0.207002
4076,288.080048,0,1.725058,0.207002
4077,288.028473,0,1.722029,0.207706
4078,288.028473,0,1.722029,0.207706
4079,288.028473,0,1.722029,0.207706
4080,288.080048,0,1.725058,0.207002
4081,288.028473,0,1.722029,0.207706
4082,288.080048,0,1.725058,0.207002
4083,288.080048,0,1.725058,0.207002
4084,288.080048,0,1.725058,0.207002
4085,288.080048,0,1.725058,0.207002
4086,288.080048,0,1.725058,0.207002
4087,288.080048,0,1.725058,0.207002
4088,288.080048,0,1.725058,0.207002
4089,288.080048,0,1.725058,0.207002
4090,288.080048,0,1.725058,0.207002
4091,288.080048,0,1.725058,0.207002
4092,288.080048,0,1.725058,0.207002
4093,288.080048,0,1.725058,0.207002
4094,288.080048,0,1.725058,0.207002
4095,288.080048,0,1.725058,0.207002
4096,287.924255,0,1.756518,0.209159
4097,287.924255,0,1.756518,0.209159
4098,287.924255,0,1.756518,0.209159
4099,287.924255,0,1.756518,0.209159
4100,287.924255,0,1.756518,0.209159
4101,287.924255,0,1.756518,0.209159
4102,287.924255,0,1.756518,0.209159
4103,287.924255,0,1.756518,0.209159
4104,287.924255,0,1.756518,0.209159
4105,288.080048,0,1.725058,0.207002
4106,287.91153,0,1.762738,0.20911
4107,287.924255,0,1.756518,0.209159
4108,287.924255,0,1.756518,0.209159
4109,287.924255,0,1.756518,0.209159
4110,287.924255,0,1.756518,0.209159
4111,287.924255,0,1.756518,0.209159
4112,288.080811,0,1.726496,0.206939
4113,288.009521,0,1.743202,0.20784
4114,288.009521,0,1.743202,0.20784
4115,288.009521,0,1.743202,0.20784
4116,288.009521,0,1.743202,0.20784
4117,287.902832,8e-06,1.766089,0.209163
4118,287.902832,8e-06,1.766089,0.209163
4119,287.902832,8e-06,1.766089,0.209163
4120,287.902832,8e-06,1.766089,0.209163
4121,287.791779,0,1.792878,0.209792
4122,287.791779,0,1.792878,0.209792
4123,287.791779,0,1.792878,0.209792
4124,287.902832,8e-06,1.766089,0.209163
4125,287.790588,0,1.793782,0.21056
4126,287.902832,8e-06,1.766089,0.209163
4127,287.902832,8e-06,1.766089,0.209163
4128,287.902832,8e-06,1.766089,0.209163
4129,287.790588,0,1.793782,0.21056
4130,287.790588,0,1.793782,0.21056
4131,287.790588,0,1.793782,0.21056
4132,287.790588,0,1.793782,0.21056
4133,287.790588,0,1.793782,0.21056
4134,287.902832,8e-06,1.766089,0.209163
4135,287.902832,8e-06,1.766089,0.209163
4136,287.790588,0,1.793782,0.21056
4137,287.902832,8e-06,1.766089,0.209163
4138,287.919067,0,1.762989,0.208977
4139,287.86853,0,1.772671,0.209207
4140,287.771576,0.078799,1.793097,0.209713
4141,287.771576,0.078799,1.793097,0.209713
4142,297.481659,1.1e-05,1.550885,0.181531
4143,297.493164,0,1.519702,0.179545
4144,297.519653,0,1.490972,0.177811
4145,297.519653,0,1.490972,0.177811
4146,297.519653,0,1.490972,0.177811
4147,297.519653,0,1.490972,0.177811
4148,297.519653,0,1.490972,0.177811
4149,297.519653,0,1.490972,0.177811
4150,297.519653,0,1.490972,0.177811
4151,297.519653,0,1.490972,0.177811
4152,297.519653,0,1.490972,0.177811
4153,297.297638,0,1.566915,0.183065
4154,297.297638,0,1.566915,0.183065
4155,297.297638,0,1.566915,0.183065
4156,297.297638,0,1.566915,0.183065
4157,297.297638,0,1.566915,0.183065
4158,297.297638,0,1.566915,0.183065
4159,297.297638,0,1.566915,0.183065
4160,297.297638,0,1.566915,0.183065
4161,297.297638,0,1.566915,0.183065
4162,297.297638,0,1.566915,0.183065
4163,297.297638,0,1.566915,0.183065
4164,297.297638,0,1.566915,0.183065
4165,297.297638,0,1.566915,0.183065
4166,297.297638,0,1.566915,0.183065
4167,297.297638,0,1.566915,0.183065
4168,297.297638,0,1.566915,0.183065
4169,296.985779,0,1.730162,0.194217
4170,296.985779,0,1.730162,0.194217
4171,296.985779,0,1.730162,0.194217
4172,296.985779,0,1.730162,0.194217
4173,296.985779,0,1.730162,0.194217
4174,296.985779,0,1.730162,0.194217
4175,296.985779,0,1.730162,0.194217
4176,296.985779,0,1.730162,0.194217
4177,296.985779,0,1.730162,0.194217
4178,296.985779,0,1.730162,0.194217
4179,296.985779,0,1.730162,0.194217
4180,287.608795,0,2.034803,0.21197
4181,287.556885,0,2.031512,0.21173
4182,287.556885,0,2.031512,0.21173
4183,287.556885,0,2.031512,0.21173
4184,287.59198,0,2.032436,0.21154
4185,287.59198,0,2.032436,0.21154
4186,287.59198,0,2.032436,0.21154
4187,287.59198,0,2.032436,0.21154
4188,287.59198,0,2.032436,0.21154
4189,287.599335,0,2.033833,0.211661
4190,287.599335,0,2.033833,0.211661
4191,287.599335,0,2.033833,0.211661
4192,287.599335,0,2.033833,0.211661
4193,287.599335,0,2.033833,0.211661
4194,287.599335,0,2.033833,0.211661
4195,287.599335,0,2.033833,0.211661
4196,287.599335,0,2.033833,0.211661
4197,287.599335,0,2.033833,0.211661
4198,287.599335,0,2.033833,0.211661
4199,287.572571,0,2.032691,0.211685
4200,287.572571,0,2.032691,0.211685
4201,287.599335,0,2.033833,0.211661
4202,287.599335,0,2.033833,0.211661
4203,287.599335,0,2.033833,0.211661
4204,287.599335,0,2.033833,0.211661
4205,287.599335,0,2.033833,0.211661
4206,287.599335,0,2.033833,0.211661
4207,287.599335,0,2.033833,0.211661
4208,287.599335,0,2.033833,0.211661
4209,287.599335,0,2.033833,0.211661
4210,287.599335,0,2.033833,0.211661
4211,287.599335,0,2.033833,0.211661
4212,287.599335,0,2.033833,0.211661
4213,287.599335,0,2.033833,0.211661
4214,287.599335,0,2.033833,0.211661
4215,288.152496,0,1.052849,0.160142
4216,288.152496,0,1.052849,0.160142
4217,288.152496,0,1.052849,0.160142
4218,288.152496,0,1.052849,0.160142
4219,288.152496,0,1.052849,0.160142
4220,288.076904,0,1.057248,0.16109
4221,288.152496,0,1.052849,0.160142
4222,288.152496,0,1.052849,0.160142
4223,288.152496,0,1.052849,0.160142
4224,288.152496,0,1.052849,0.160142
4225,288.152496,0,1.052849,0.160142
4226,288.152496,0,1.052849,0.160142
4227,288.152496,0,1.052849,0.160142
4228,288.076904,0,1.057248,0.16109
4229,288.076904,0,1.057248,0.16109
4230,288.076904,0,1.057248,0.16109
4231,288.076904,0,1.057248,0.16109
4232,288.076904,0,1.057248,0.16109
4233,288.076904,0,1.057248,0.16109
4234,288.076904,0,1.057248,0.16109
4235,288.152496,0,1.052849,0.160142
4236,288.152496,0,1.052849,0.160142
4237,288.152496,0,1.052849,0.160142
4238,288.152496,0,1.052849,0.160142
4239,288.032593,0,1.069719,0.162333
4240,288.032593,0,1.069719,0.162333
4241,288.032593,0,1.069719,0.162333
4242,288.032593,0,1.069719,0.162333
4243,288.152496,0,1.052849,0.160142
4244,288.152496,0,1.052849,0.160142
4245,288.152496,0,1.052849,0.160142
4246,288.032593,0,1.069719,0.162333
4247,288.032593,0,1.069719,0.162333
4248,288.032593,0,1.069719,0.162333
4249,288.152496,0,1.052849,0.160142
4250,288.152496,0,1.052849,0.160142
4251,288.152496,0,1.052849,0.160142
4252,288.152496,0,1.052849,0.160142
4253,288.152496,0,1.052849,0.160142
4254,288.152496,0,1.052849,0.160142
4255,288.152496,0,1.052849,0.160142
4256,288.152496,0,1.052849,0.160142
4257,288.152496,0,1.052849,0.160142
4258,288.152496,0,1.052849,0.160142
4259,288.032593,0,1.069719,0.162333
4260,288.032593,0,1.069719,0.162333
4261,288.032593,0,1.069719,0.162333
4262,288.032593,0,1.069719,0.162333
4263,288.032593,0,1.069719,0.162333
4264,288.032593,0,1.069719,0.162333
4265,288.032593,0,1.069719,0.162333
4266,288.152496,0,1.052849,0.160142
4267,288.152496,0,1.052849,0.160142
4268,288.032593,0,1.069719,0.162333
4269,288.032593,0,1.069719,0.162333
4270,288.032593,0,1.069719,0.162333
4271,288.152496,0,1.052849,0.160142
4272,288.032593,0,1.069719,0.162333
4273,288.032593,0,1.069719,0.162333
4274,288.032593,0,1.069719,0.162333
4275,288.032593,0,1.069719,0.162333
4276,288.032593,0,1.069719,0.162333
4277,288.032593,0,1.069719,0.162333
4278,288.032593,0,1.069719,0.162333
4279,288.032593,0,1.069719,0.162333
4280,288.032593,0,1.069719,0.162333
4281,288.152496,0,1.052849,0.160142
4282,288.032593,0,1.069719,0.162333
4283,288.032593,0,1.069719,0.162333
4284,288.032593,0,1.069719,0.162333
4285,288.032593,0,1.069719,0.162333
4286,288.032593,0,1.069719,0.162333
4287,288.032593,0,1.069719,0.162333
4288,288.032593,0,1.069719,0.162333
4289,288.152496,0,1.052849,0.160142
4290,288.152496,0,1.052849,0.160142
4291,288.152496,0,1.052849,0.160142
4292,288.152496,0,1.052849,0.160142
4293,288.152496,0,1.052849,0.160142
4294,288.152496,0,1.052849,0.160142
4295,288.152496,0,1.052849,0.160142
4296,288.152496,0,1.052849,0.160142
4297,288.152496,0,1.052849,0.160142
4298,288.152496,0,1.052849,0.160142
4299,288.152496,0,1.052849,0.160142
4300,288.152496,0,1.052849,0.160142
4301,288.032593,0,1.069719,0.162333
4302,288.152496,0,1.052849,0.160142
4303,288.152496,0,1.052849,0.160142
4304,288.152496,0,1.052849,0.160142
4305,288.152496,0,1.052849,0.160142
4306,288.152496,0,1.052849,0.160142
4307,288.152496,0,1.052849,0.160142
4308,288.152496,0,1.052849,0.160142
4309,288.152496,0,1.052849,0.160142
4310,288.152496,0,1.052849,0.160142
4311,288.152496,0,1.052849,0.160142
4312,288.152496,0,1.052849,0.160142
4313,288.152496,0,1.052849,0.160142
4314,288.152496,0,1.052849,0.160142
4315,288.152496,0,1.052849,0.160142
4316,288.152496,0,1.052849,0.160142
4317,288.152496,0,1.052849,0.160142
4318,288.152496,0,1.052849,0.160142
4319,288.152496,0,1.052849,0.160142
4320,288.152496,0,1.052849,0.160142
4321,288.152496,0,1.052849,0.160142
4322,288.152496,0,1.052849,0.160142
4323,288.152496,0,1.052849,0.160142
4324,288.152496,0,1.052849,0.160142
4325,288.152496,0,1.052849,0.160142
4326,288.152496,0,1.052849,0.160142
4327,288.152496,0,1.052849,0.160142
4328,288.152496,0,1.052849,0.160142
4329,288.152496,0,1.052849,0.160142
4330,288.152496,0,1.052849,0.160142
4331,288.152496,0,1.052849,0.160142
4332,288.152496,0,1.052849,0.160142
4333,288.152496,0,1.052849,0.160142
4334,288.152496,0,1.052849,0.160142
4335,288.152496,0,1.052849,0.160142
4336,288.152496,0,1.052849,0.160142
4337,288.152496,0,1.052849,0.160142
4338,288.152496,0,1.052849,0.160142
4339,288.152496,0,1.052849,0.160142
4340,288.152496,0,1.052849,0.160142
4341,288.152496,0,1.052849,0.160142
4342,288.152496,0,1.052849,0.160142
4343,288.152496,0,1.052849,0.160142
4344,288.152496,0,1.052849,0.160142
4345,300.26709,0,2.856961,0.270459
4346,300.26709,0,2.856961,0.270459
4347,300.26709,0,2.856961,0.270459
4348,300.26709,0,2.856961,0.270459
4349,300.26709,0,2.856961,0.270459
4350,300.26709,0,2.856961,0.270459
4351,300.26709,0,2.856961,0.270459
4352,300.26709,0,2.856961,0.270459
4353,300.26709,0,2.856961,0.270459
4354,300.26709,0,2.856961,0.270459
4355,300.26709,0,2.856961,0.270459
4356,300.26709,0,2.856961,0.270459
4357,299.740021,0.313524,2.62338,0.249308
4358,299.740021,0.313524,2.62338,0.249308
4359,300.293976,0,2.810554,0.266607
4360,300.293976,0,2.810554,0.266607
4361,300.293976,0,2.810554,0.266607
4362,300.293976,0,2.810554,0.266607
4363,300.293976,0,2.810554,0.266607
4364,300.293976,0,2.810554,0.266607
4365,300.293976,0,2.810554,0.266607
4366,300.293976,0,2.810554,0.266607
4367,300.293976,0,2.810554,0.266607
4368,300.293976,0,2.810554,0.266607
4369,300.293976,0,2.810554,0.266607
4370,300.293976,0,2.810554,0.266607
4371,300.293976,0,2.810554,0.266607
4372,300.293976,0,2.810554,0.266607
4373,300.293976,0,2.810554,0.266607
4374,300.293976,0,2.810554,0.266607
4375,300.293976,0,2.810554,0.266607
4376,300.293976,0,2.810554,0.266607
4377,300.293976,0,2.810554,0.266607
4378,300.293976,0,2.810554,0.266607
4379,300.293976,0,2.810554,0.266607
4380,300.293976,0,2.810554,0.266607
4381,300.293976,0,2.810554,0.266607
4382,300.293976,0,2.810554,0.266607
4383,300.293976,0,2.810554,0.266607
4384,300.293976,0,2.810554,0.266607
4385,300.293976,0,2.810554,0.266607
4386,300.293976,0,2.810554,0.266607
4387,300.293976,0,2.810554,0.266607
4388,300.293976,0,2.810554,0.266607
4389,300.293976,0,2.810554,0.266607
4390,300.293976,0,2.810554,0.266607
4391,300.293976,0,2.810554,0.266607
4392,300.293976,0,2.810554,0.266607
4393,300.293976,0,2.810554,0.266607
4394,300.293976,0,2.810554,0.266607
4395,300.293976,0,2.810554,0.266607
4396,300.293976,0,2.810554,0.266607
4397,300.293976,0,2.810554,0.266607
4398,300.293976,0,2.810554,0.266607
4399,300.293976,0,2.810554,0.266607
4400,300.293976,0,2.810554,0.266607
4401,300.293976,0,2.810554,0.266607
4402,300.293976,0,2.810554,0.266607
4403,300.293976,0,2.810554,0.266607
4404,300.293976,0,2.810554,0.266607
4405,300.293976,0,2.810554,0.266607
4406,300.293976,0,2.810554,0.266607
4407,300.293976,0,2.810554,0.266607
4408,300.293976,0,2.810554,0.266607
4409,300.293976,0,2.810554,0.266607
4410,300.293976,0,2.810554,0.266607
4411,300.293976,0,2.810554,0.266607
4412,300.293976,0,2.810554,0.266607
4413,300.293976,0,2.810554,0.266607
4414,300.293976,0,2.810554,0.266607
4415,300.293976,0,2.810554,0.266607
4416,300.293976,0,2.810554,0.266607
4417,300.293976,0,2.810554,0.266607
4418,300.293976,0,2.810554,0.266607
4419,300.293976,0,2.810554,0.266607
4420,300.293976,0,2.810554,0.266607
4421,300.293976,0,2.810554,0.266607
4422,300.293976,0,2.810554,0.266607
4423,300.293976,0,2.810554,0.266607
4424,300.293976,0,2.810554,0.266607
4425,300.293976,0,2.810554,0.266607
4426,300.237091,0,2.841747,0.268714
4427,300.237091,0,2.841747,0.268714
4428,300.237091,0,2.841747,0.268714
4429,300.237091,0,2.841747,0.268714
4430,300.237091,0,2.841747,0.268714
4431,300.237091,0,2.841747,0.268714
4432,300.237091,0,2.841747,0.268714
4433,300.237091,0,2.841747,0.268714
4434,300.237091,0,2.841747,0.268714
4435,300.237091,0,2.841747,0.268714
4436,300.237091,0,2.841747,0.268714
4437,300.237091,0,2.841747,0.268714
4438,300.237091,0,2.841747,0.268714
4439,300.237091,0,2.841747,0.268714
4440,300.237091,0,2.841747,0.268714
4441,300.237091,0,2.841747,0.268714
4442,300.237091,0,2.841747,0.268714
4443,300.237091,0,2.841747,0.268714
4444,300.237091,0,2.841747,0.268714
4445,300.237091,0,2.841747,0.268714
4446,300.237091,0,2.841747,0.268714
4447,300.237091,0,2.841747,0.268714
4448,300.237091,0,2.841747,0.268714
4449,300.237091,0,2.841747,0.268714
4450,300.237091,0,2.841747,0.268714
4451,300.237091,0,2.841747,0.268714
4452,300.237091,0,2.841747,0.268714
4453,300.237091,0,2.841747,0.268714
4454,300.237091,0,2.841747,0.268714
4455,300.237091,0,2.841747,0.268714
4456,300.237091,0,2.841747,0.268714
4457,300.237091,0,2.841747,0.268714
4458,300.237091,0,2.841747,0.268714
4459,300.237091,0,2.841747,0.268714
4460,300.26709,0,2.856961,0.270459
4461,300.26709,0,2.856961,0.270459
4462,300.26709,0,2.856961,0.270459
4463,300.26709,0,2.856961,0.270459
4464,300.26709,0,2.856961,0.270459
4465,300.26709,0,2.856961,0.270459
4466,300.26709,0,2.856961,0.270459
4467,300.26709,0,2.856961,0.270459
4468,300.26709,0,2.856961,0.270459
4469,300.26709,0,2.856961,0.270459
4470,300.26709,0,2.856961,0.270459
4471,300.26709,0,2.856961,0.270459
4472,300.26709,0,2.856961,0.270459
4473,300.26709,0,2.856961,0.270459
4474,300.26709,0,2.856961,0.270459
4475,300.26709,0,2.856961,0.270459
4476,300.26709,0,2.856961,0.270459
4477,300.26709,0,2.856961,0.270459
4478,300.26709,0,2.856961,0.270459
4479,300.26709,0,2.856961,0.270459
4480,300.26709,0,2.856961,0.270459
4481,300.26709,0,2.856961,0.270459
4482,300.26709,0,2.856961,0.270459
4483,300.26709,0,2.856961,0.270459
4484,300.26709,0,2.856961,0.270459
4485,300.26709,0,2.856961,0.270459
4486,300.26709,0,2.856961,0.270459
4487,300.26709,0,2.856961,0.270459
4488,300.26709,0,2.856961,0.270459
4489,300.26709,0,2.856961,0.270459
4490,300.26709,0,2.856961,0.270459
4491,300.26709,0,2.856961,0.270459
4492,300.26709,0,2.856961,0.270459
4493,300.26709,0,2.856961,0.270459
4494,300.26709,0,2.856961,0.270459
4495,300.26709,0,2.856961,0.270459
4496,300.26709,0,2.856961,0.270459
4497,300.26709,0,2.856961,0.270459
4498,300.26709,0,2.856961,0.270459
4499,300.26709,0,2.856961,0.270459
4500,300.26709,0,2.856961,0.270459
4501,300.26709,0,2.856961,0.270459
4502,300.26709,0,2.856961,0.270459
4503,300.26709,0,2.856961,0.270459
4504,300.26709,0,2.856961,0.270459
4505,300.26709,0,2.856961,0.270459
4506,300.26709,0,2.856961,0.270459
4507,300.26709,0,2.856961,0.270459
4508,300.26709,0,2.856961,0.270459
4509,300.26709,0,2.856961,0.270459
4510,300.26709,0,2.856961,0.270459
4511,300.26709,0,2.856961,0.270459
4512,300.26709,0,2.856961,0.270459
4513,300.26709,0,2.856961,0.270459
4514,NA,NA,NA,NA
4515,NA,NA,NA,NA
4516,NA,NA,NA,NA
4517,NA,NA,NA,NA
4518,NA,NA,NA,NA
4519,NA,NA,NA,NA
4520,NA,NA,NA,NA
4521,NA,NA,NA,NA
4522,300.26709,0,2.856961,0.270459
4523,300.26709,0,2.856961,0.270459
4524,300.26709,0,2.856961,0.270459
4525,300.26709,0,2.856961,0.270459
4526,300.26709,0,2.856961,0.270459
4527,300.26709,0,2.856961,0.270459
4528,300.293976,0,2.810554,0.266607
4529,300.293976,0,2.810554,0.266607
4530,300.293976,0,2.810554,0.266607
4531,300.293976,0,2.810554,0.266607
4532,300.293976,0,2.810554,0.266607
4533,300.293976,0,2.810554,0.266607
4534,300.293976,0,2.810554,0.266607
4535,299.846405,0,2.780349,0.261677
4536,300.228973,0,2.88616,0.272503
4537,300.228973,0,2.88616,0.272503
4538,300.228973,0,2.88616,0.272503
4539,300.228973,0,2.88616,0.272503
4540,300.228973,0,2.88616,0.272503
4541,300.228973,0,2.88616,0.272503
4542,300.228973,0,2.88616,0.272503
4543,300.228973,0,2.88616,0.272503
4544,300.228973,0,2.88616,0.272503
4545,300.228973,0,2.88616,0.272503
4546,300.228973,0,2.88616,0.272503
4547,300.228973,0,2.88616,0.272503
4548,300.228973,0,2.88616,0.272503
4549,300.228973,0,2.88616,0.272503
4550,300.228973,0,2.88616,0.272503
4551,300.228973,0,2.88616,0.272503
4552,300.228973,0,2.88616,0.272503
4553,300.237152,0,2.843165,0.268851
4554,300.237152,0,2.843165,0.268851
4555,300.237152,0,2.843165,0.268851
4556,300.237152,0,2.843165,0.268851
4557,300.237152,0,2.843165,0.268851
4558,300.237152,0,2.843165,0.268851
4559,300.237152,0,2.843165,0.268851
4560,300.237152,0,2.843165,0.268851
4561,300.237152,0,2.843165,0.268851
4562,300.237152,0,2.843165,0.268851
4563,300.237152,0,2.843165,0.268851
4564,300.237152,0,2.843165,0.268851
4565,300.237152,0,2.843165,0.268851
4566,300.237152,0,2.843165,0.268851
4567,300.237152,0,2.843165,0.268851
4568,300.237152,0,2.843165,0.268851
4569,300.237152,0,2.843165,0.268851
4570,300.237152,0,2.843165,0.268851
4571,300.237152,0,2.843165,0.268851
4572,300.237152,0,2.843165,0.268851
4573,300.237152,0,2.843165,0.268851
4574,300.237152,0,2.843165,0.268851
4575,300.237152,0,2.843165,0.268851
4576,300.26709,0,2.856961,0.270459
4577,300.26709,0,2.856961,0.270459
4578,300.26709,0,2.856961,0.270459
4579,300.26709,0,2.856961,0.270459
4580,300.26709,0,2.856961,0.270459
4581,300.26709,0,2.856961,0.270459
4582,300.26709,0,2.856961,0.270459
4583,300.26709,0,2.856961,0.270459
4584,300.26709,0,2.856961,0.270459
4585,300.26709,0,2.856961,0.270459
4586,300.26709,0,2.856961,0.270459
4587,300.26709,0,2.856961,0.270459
4588,300.26709,0,2.856961,0.270459
4589,300.26709,0,2.856961,0.270459
4590,300.26709,0,2.856961,0.270459
4591,300.26709,0,2.856961,0.270459
4592,300.26709,0,2.856961,0.270459
4593,300.26709,0,2.856961,0.270459
4594,300.26709,0,2.856961,0.270459
4595,300.26709,0,2.856961,0.270459
4596,300.26709,0,2.856961,0.270459
4597,300.26709,0,2.856961,0.270459
4598,300.26709,0,2.856961,0.270459
4599,300.26709,0,2.856961,0.270459
4600,300.26709,0,2.856961,0.270459
4601,300.26709,0,2.856961,0.270459
4602,300.26709,0,2.856961,0.270459
4603,300.26709,0,2.856961,0.270459
4604,300.26709,0,2.856961,0.270459
4605,300.26709,0,2.856961,0.270459
4606,300.26709,0,2.856961,0.270459
4607,300.26709,0,2.856961,0.270459
4608,300.26709,0,2.856961,0.270459
4609,300.26709,0,2.856961,0.270459
4610,300.26709,0,2.856961,0.270459
4611,300.26709,0,2.856961,0.270459
4612,300.26709,0,2.856961,0.270459
4613,300.26709,0,2.856961,0.270459
4614,300.26709,0,2.856961,0.270459
4615,300.26709,0,2.856961,0.270459
4616,300.26709,0,2.856961,0.270459
4617,300.26709,0,2.856961,0.270459
4618,300.26709,0,2.856961,0.270459
4619,300.26709,0,2.856961,0.270459
4620,300.26709,0,2.856961,0.270459
4621,300.26709,0,2.856961,0.270459
4622,300.26709,0,2.856961,0.270459
4623,300.26709,0,2.856961,0.270459
4624,300.26709,0,2.856961,0.270459
4625,300.26709,0,2.856961,0.270459
4626,300.26709,0,2.856961,0.270459
4627,300.26709,0,2.856961,0.270459
4628,300.26709,0,2.856961,0.270459
4629,300.26709,0,2.856961,0.270459
4630,300.26709,0,2.856961,0.270459
4631,300.26709,0,2.856961,0.270459
4632,300.26709,0,2.856961,0.270459
4633,300.26709,0,2.856961,0.270459
4634,300.26709,0,2.856961,0.270459
4635,300.26709,0,2.856961,0.270459
4636,300.26709,0,2.856961,0.270459
4637,300.26709,0,2.856961,0.270459
4638,300.26709,0,2.856961,0.270459
4639,300.26709,0,2.856961,0.270459
4640,300.26709,0,2.856961,0.270459
4641,300.26709,0,2.856961,0.270459
4642,300.26709,0,2.856961,0.270459
4643,300.26709,0,2.856961,0.270459
4644,300.26709,0,2.856961,0.270459
4645,300.26709,0,2.856961,0.270459
4646,300.26709,0,2.856961,0.270459
4647,300.26709,0,2.856961,0.270459
4648,300.26709,0,2.856961,0.270459
4649,300.26709,0,2.856961,0.270459
4650,300.26709,0,2.856961,0.270459
4651,300.26709,0,2.856961,0.270459
4652,300.26709,0,2.856961,0.270459
4653,300.26709,0,2.856961,0.270459
4654,300.26709,0,2.856961,0.270459
4655,300.26709,0,2.856961,0.270459
4656,300.26709,0,2.856961,0.270459
4657,300.26709,0,2.856961,0.270459
4658,300.26709,0,2.856961,0.270459
4659,300.26709,0,2.856961,0.270459
4660,300.26709,0,2.856961,0.270459
4661,300.26709,0,2.856961,0.270459
4662,300.26709,0,2.856961,0.270459
4663,300.26709,0,2.856961,0.270459
4664,300.26709,0,2.856961,0.270459
4665,300.26709,0,2.856961,0.270459
4666,300.26709,0,2.856961,0.270459
4667,300.26709,0,2.856961,0.270459
4668,300.26709,0,2.856961,0.270459
4669,300.26709,0,2.856961,0.270459
4670,300.26709,0,2.856961,0.270459
4671,300.26709,0,2.856961,0.270459
4672,300.26709,0,2.856961,0.270459
4673,300.26709,0,2.856961,0.270459
4674,300.26709,0,2.856961,0.270459
4675,300.26709,0,2.856961,0.270459
4676,300.26709,0,2.856961,0.270459
4677,300.26709,0,2.856961,0.270459
4678,300.26709,0,2.856961,0.270459
4679,300.26709,0,2.856961,0.270459
4680,300.26709,0,2.856961,0.270459
4681,300.26709,0,2.856961,0.270459
4682,300.26709,0,2.856961,0.270459
4683,300.26709,0,2.856961,0.270459
4684,300.26709,0,2.856961,0.270459
4685,300.26709,0,2.856961,0.270459
4686,300.26709,0,2.856961,0.270459
4687,300.26709,0,2.856961,0.270459
4688,300.26709,0,2.856961,0.270459
4689,300.26709,0,2.856961,0.270459
4690,300.26709,0,2.856961,0.270459
4691,300.26709,0,2.856961,0.270459
4692,300.26709,0,2.856961,0.270459
4693,300.26709,0,2.856961,0.270459
4694,300.26709,0,2.856961,0.270459
4695,300.26709,0,2.856961,0.270459
4696,300.26709,0,2.856961,0.270459
4697,300.26709,0,2.856961,0.270459
4698,300.237152,0,2.843165,0.268851
4699,300.237152,0,2.843165,0.268851
4700,300.237152,0,2.843165,0.268851
4701,300.237152,0,2.843165,0.268851
4702,300.237152,0,2.843165,0.268851
4703,300.237152,0,2.843165,0.268851
4704,300.237152,0,2.843165,0.268851
4705,299.740021,0.313524,2.62338,0.249308
4706,299.740021,0.313524,2.62338,0.249308
4707,299.740021,0.313524,2.62338,0.249308
4708,299.740021,0.313524,2.62338,0.249308
4709,299.740021,0.313524,2.62338,0.249308
4710,299.740021,0.313524,2.62338,0.249308
4711,299.740021,0.313524,2.62338,0.249308
4712,299.740021,0.313524,2.62338,0.249308
4713,299.740021,0.313524,2.62338,0.249308
4714,299.740021,0.313524,2.62338,0.249308
4715,299.740021,0.313524,2.62338,0.249308
4716,299.740021,0.313524,2.62338,0.249308
4717,299.740021,0.313524,2.62338,0.249308
4718,299.740021,0.313524,2.62338,0.249308
4719,299.740021,0.313524,2.62338,0.249308
4720,299.740021,0.313524,2.62338,0.249308
4721,299.740021,0.313524,2.62338,0.249308
4722,299.740021,0.313524,2.62338,0.249308
4723,299.740021,0.313524,2.62338,0.249308
4724,299.740021,0.313524,2.62338,0.249308
4725,299.740021,0.313524,2.62338,0.249308
4726,299.740021,0.313524,2.62338,0.249308
4727,299.740021,0.313524,2.62338,0.249308
4728,299.740021,0.313524,2.62338,0.249308
4729,299.740021,0.313524,2.62338,0.249308
4730,299.740021,0.313524,2.62338,0.249308
4731,299.740021,0.313524,2.62338,0.249308
4732,299.740021,0.313524,2.62338,0.249308
4733,299.740021,0.313524,2.62338,0.249308
4734,299.740021,0.313524,2.62338,0.249308
4735,299.740021,0.313524,2.62338,0.249308
4736,299.740021,0.313524,2.62338,0.249308
4737,299.740021,0.313524,2.62338,0.249308
4738,299.740021,0.313524,2.62338,0.249308
4739,299.740021,0.313524,2.62338,0.249308
4740,299.740021,0.313524,2.62338,0.249308
4741,299.740021,0.313524,2.62338,0.249308
4742,299.740021,0.313524,2.62338,0.249308
4743,299.740021,0.313524,2.62338,0.249308
4744,299.740021,0.313524,2.62338,0.249308
4745,299.740021,0.313524,2.62338,0.249308
4746,299.740021,0.313524,2.62338,0.249308
4747,299.740021,0.313524,2.62338,0.249308
4748,299.740021,0.313524,2.62338,0.249308
4749,299.740021,0.313524,2.62338,0.249308
4750,299.740021,0.313524,2.62338,0.249308
4751,299.740021,0.313524,2.62338,0.249308
4752,299.740021,0.313524,2.62338,0.249308
4753,299.740021,0.313524,2.62338,0.249308
4754,299.740021,0.313524,2.62338,0.249308
4755,299.740021,0.313524,2.62338,0.249308
4756,299.740021,0.313524,2.62338,0.249308
4757,299.740021,0.313524,2.62338,0.249308
4758,299.740021,0.313524,2.62338,0.249308
4759,299.740021,0.313524,2.62338,0.249308
4760,299.740021,0.313524,2.62338,0.249308
4761,299.740021,0.313524,2.62338,0.249308
4762,299.740021,0.313524,2.62338,0.249308
4763,299.740021,0.313524,2.62338,0.249308
4764,299.740021,0.313524,2.62338,0.249308
4765,299.740021,0.313524,2.62338,0.249308
4766,299.740021,0.313524,2.62338,0.249308
4767,299.740021,0.313524,2.62338,0.249308
4768,299.740021,0.313524,2.62338,0.249308
4769,299.740021,0.313524,2.62338,0.249308
4770,299.740021,0.313524,2.62338,0.249308
4771,299.740021,0.313524,2.62338,0.249308
4772,299.740021,0.313524,2.62338,0.249308
4773,299.740021,0.313524,2.62338,0.249308
4774,299.740021,0.313524,2.62338,0.249308
4775,299.740021,0.313524,2.62338,0.249308
4776,299.740021,0.313524,2.62338,0.249308
4777,299.740021,0.313524,2.62338,0.249308
4778,299.740021,0.313524,2.62338,0.249308
4779,299.740021,0.313524,2.62338,0.249308
4780,299.740021,0.313524,2.62338,0.249308
4781,299.740021,0.313524,2.62338,0.249308
4782,299.740021,0.313524,2.62338,0.249308
4783,299.740021,0.313524,2.62338,0.249308
4784,299.740021,0.313524,2.62338,0.249308
4785,299.740021,0.313524,2.62338,0.249308
4786,299.740021,0.313524,2.62338,0.249308
4787,299.740021,0.313524,2.62338,0.249308
4788,299.740021,0.313524,2.62338,0.249308
4789,299.740021,0.313524,2.62338,0.249308
4790,299.740021,0.313524,2.62338,0.249308
4791,299.740021,0.313524,2.62338,0.249308
4792,299.740021,0.313524,2.62338,0.249308
4793,299.740021,0.313524,2.62338,0.249308
4794,299.740021,0.313524,2.62338,0.249308
4795,299.740021,0.313524,2.62338,0.249308
4796,299.740021,0.313524,2.62338,0.249308
4797,299.740021,0.313524,2.62338,0.249308
4798,299.740021,0.313524,2.62338,0.249308
4799,299.740021,0.313524,2.62338,0.249308
4800,299.740021,0.313524,2.62338,0.249308
4801,299.740021,0.313524,2.62338,0.249308
4802,299.740021,0.313524,2.62338,0.249308
4803,299.740021,0.313524,2.62338,0.249308
4804,299.740021,0.313524,2.62338,0.249308
4805,299.740021,0.313524,2.62338,0.249308
4806,299.740021,0.313524,2.62338,0.249308
4807,299.740021,0.313524,2.62338,0.249308
4808,299.740021,0.313524,2.62338,0.249308
4809,299.740021,0.313524,2.62338,0.249308
4810,299.740021,0.313524,2.62338,0.249308
4811,299.740021,0.313524,2.62338,0.249308
4812,299.740021,0.313524,2.62338,0.249308
4813,299.740021,0.313524,2.62338,0.249308
4814,299.899811,0,2.860045,0.268887
4815,299.899811,0,2.860045,0.268887
4816,299.899811,0,2.860045,0.268887
4817,299.899811,0,2.860045,0.268887
4818,299.899811,0,2.860045,0.268887
4819,299.899811,0,2.860045,0.268887
4820,299.899811,0,2.860045,0.268887
4821,299.899811,0,2.860045,0.268887
4822,299.899811,0,2.860045,0.268887
4823,299.899811,0,2.860045,0.268887
4824,299.899811,0,2.860045,0.268887
4825,299.899811,0,2.860045,0.268887
4826,299.899811,0,2.860045,0.268887
4827,299.899811,0,2.860045,0.268887
4828,299.899811,0,2.860045,0.268887
4829,299.899811,0,2.860045,0.268887
4830,299.899811,0,2.860045,0.268887
4831,299.899811,0,2.860045,0.268887
4832,299.899811,0,2.860045,0.268887
4833,299.899811,0,2.860045,0.268887
4834,299.899811,0,2.860045,0.268887
4835,299.899811,0,2.860045,0.268887
4836,299.899811,0,2.860045,0.268887
4837,299.899811,0,2.860045,0.268887
4838,299.899811,0,2.860045,0.268887
4839,299.899811,0,2.860045,0.268887
4840,299.899811,0,2.860045,0.268887
4841,299.899811,0,2.860045,0.268887
4842,299.899811,0,2.860045,0.268887
4843,299.899811,0,2.860045,0.268887
4844,299.899811,0,2.860045,0.268887
4845,299.899811,0,2.860045,0.268887
4846,299.899811,0,2.860045,0.268887
4847,299.899811,0,2.860045,0.268887
4848,299.899811,0,2.860045,0.268887
4849,299.899811,0,2.860045,0.268887
4850,299.899811,0,2.860045,0.268887
4851,299.899811,0,2.860045,0.268887
4852,299.899811,0,2.860045,0.268887
4853,299.899811,0,2.860045,0.268887
4854,299.899811,0,2.860045,0.268887
4855,299.899811,0,2.860045,0.268887
4856,299.899811,0,2.860045,0.268887
4857,299.899811,0,2.860045,0.268887
4858,299.899811,0,2.860045,0.268887
4859,299.899811,0,2.860045,0.268887
4860,299.899811,0,2.860045,0.268887
4861,299.899811,0,2.860045,0.268887
4862,299.899811,0,2.860045,0.268887
4863,299.899811,0,2.860045,0.268887
4864,299.899811,0,2.860045,0.268887
4865,299.899811,0,2.860045,0.268887
4866,299.899811,0,2.860045,0.268887
4867,299.899811,0,2.860045,0.268887
4868,299.899811,0,2.860045,0.268887
4869,299.899811,0,2.860045,0.268887
4870,299.899811,0,2.860045,0.268887
4871,299.899811,0,2.860045,0.268887
4872,299.899811,0,2.860045,0.268887
4873,299.899811,0,2.860045,0.268887
4874,299.899811,0,2.860045,0.268887
4875,299.899811,0,2.860045,0.268887
4876,299.899811,0,2.860045,0.268887
4877,299.899811,0,2.860045,0.268887
4878,299.899811,0,2.860045,0.268887
4879,299.899811,0,2.860045,0.268887
4880,299.899811,0,2.860045,0.268887
4881,299.899811,0,2.860045,0.268887
4882,299.899811,0,2.860045,0.268887
4883,296.016754,0,1.546657,0.18681
4884,296.016754,0,1.546657,0.18681
4885,295.428772,0,1.566321,0.189759
4886,294.962769,0,1.576102,0.191544
4887,294.962769,0,1.576102,0.191544
4888,294.962769,0,1.576102,0.191544
4889,294.962769,0,1.576102,0.191544
4890,294.962769,0,1.576102,0.191544
4891,294.962769,0,1.576102,0.191544
4892,294.962769,0,1.576102,0.191544
4893,294.962769,0,1.576102,0.191544
4894,294.962769,0,1.576102,0.191544
4895,294.962769,0,1.576102,0.191544
4896,294.962769,0,1.576102,0.191544
4897,294.962769,0,1.576102,0.191544
4898,294.962769,0,1.576102,0.191544
4899,295.191345,0,1.572092,0.190677
4900,295.191345,0,1.572092,0.190677
4901,295.191345,0,1.572092,0.190677
4902,295.191345,0,1.572092,0.190677
4903,295.191345,0,1.572092,0.190677
4904,295.191345,0,1.572092,0.190677
4905,294.962769,0,1.576102,0.191544
4906,294.962769,0,1.576102,0.191544
4907,294.962769,0,1.576102,0.191544
4908,294.962769,0,1.576102,0.191544
4909,295.191345,0,1.572092,0.190677
4910,295.191345,0,1.572092,0.190677
4911,295.191345,0,1.572092,0.190677
4912,295.191345,0,1.572092,0.190677
4913,295.191345,0,1.572092,0.190677
4914,295.191345,0,1.572092,0.190677
4915,295.191345,0,1.572092,0.190677
4916,295.191345,0,1.572092,0.190677
4917,294.611816,0,1.600467,0.193786
4918,294.611816,0,1.600467,0.193786
4919,294.611816,0,1.600467,0.193786
4920,294.611816,0,1.600467,0.193786
4921,294.611816,0,1.600467,0.193786
4922,294.611816,0,1.600467,0.193786
4923,294.611816,0,1.600467,0.193786
4924,294.611816,0,1.600467,0.193786
4925,294.611816,0,1.600467,0.193786
4926,294.611816,0,1.600467,0.193786
4927,294.611816,0,1.600467,0.193786
4928,294.611816,0,1.600467,0.193786
4929,294.611816,0,1.600467,0.193786
4930,294.611816,0,1.600467,0.193786
4931,294.611816,0,1.600467,0.193786
4932,294.611816,0,1.600467,0.193786
4933,294.611816,0,1.600467,0.193786
4934,294.611816,0,1.600467,0.193786
4935,294.611816,0,1.600467,0.193786
4936,294.611816,0,1.600467,0.193786
4937,294.611816,0,1.600467,0.193786
4938,294.611816,0,1.600467,0.193786
4939,294.447205,0,1.58061,0.192847
4940,294.447205,0,1.58061,0.192847
4941,294.447205,0,1.58061,0.192847
4942,294.447205,0,1.58061,0.192847
4943,294.447205,0,1.58061,0.192847
4944,294.447205,0,1.58061,0.192847
4945,294.447205,0,1.58061,0.192847
4946,294.447205,0,1.58061,0.192847
4947,294.447205,0,1.58061,0.192847
4948,294.637085,0,1.563984,0.19151
4949,294.637085,0,1.563984,0.19151
4950,294.637085,0,1.563984,0.19151
4951,294.637085,0,1.563984,0.19151
4952,294.637085,0,1.563984,0.19151
4953,294.637085,0,1.563984,0.19151
4954,294.637085,0,1.563984,0.19151
4955,294.879059,0,1.632022,0.195219
4956,295.054443,0.00039,1.611586,0.19367
4957,295.054443,0.00039,1.611586,0.19367
4958,295.125854,0,1.602687,0.192713
4959,295.125854,0,1.602687,0.192713
4960,295.125854,0,1.602687,0.192713
4961,295.125854,0,1.602687,0.192713
4962,294.291718,0,1.63147,0.196335
4963,294.291718,0,1.63147,0.196335
4964,294.291718,0,1.63147,0.196335
4965,294.291718,0,1.63147,0.196335
4966,294.291718,0,1.63147,0.196335
4967,294.291718,0,1.63147,0.196335
4968,294.65921,0,1.619441,0.194932
4969,294.291718,0,1.63147,0.196335
4970,294.291718,0,1.63147,0.196335
4971,294.291718,0,1.63147,0.196335
4972,294.291718,0,1.63147,0.196335
4973,294.291718,0,1.63147,0.196335
4974,294.291718,0,1.63147,0.196335
4975,294.809937,0,1.58207,0.192272
4976,294.809937,0,1.58207,0.192272
4977,294.809937,0,1.58207,0.192272
4978,294.809937,0,1.58207,0.192272
4979,294.809937,0,1.58207,0.192272
4980,294.809937,0,1.58207,0.192272
4981,294.130066,0,1.764579,0.201162
4982,294.130066,0,1.764579,0.201162
4983,294.130066,0,1.764579,0.201162
4984,294.130066,0,1.764579,0.201162
4985,294.130066,0,1.764579,0.201162
4986,294.130066,0,1.764579,0.201162
4987,294.17981,0,1.767549,0.201346
4988,294.17981,0,1.767549,0.201346
4989,294.17981,0,1.767549,0.201346
4990,294.17981,0,1.767549,0.201346
4991,294.130066,0,1.764579,0.201162
4992,294.130066,0,1.764579,0.201162
4993,294.130066,0,1.764579,0.201162
4994,294.130066,0,1.764579,0.201162
4995,293.54837,0,1.77134,0.201987
4996,293.54837,0,1.77134,0.201987
4997,293.54837,0,1.77134,0.201987
4998,293.54837,0,1.77134,0.201987
4999,293.258423,0,1.780987,0.20203
5000,293.258423,0,1.780987,0.20203
5001,293.258423,0,1.780987,0.20203
5002,293.258423,0,1.780987,0.20203
5003,293.258423,0,1.780987,0.20203
5004,293.54837,0,1.77134,0.201987
5005,293.54837,0,1.77134,0.201987
5006,296.186279,0,2.064793,0.218463
5007,296.186279,0,2.064793,0.218463
5008,296.186279,0,2.064793,0.218463
5009,296.186279,0,2.064793,0.218463
5010,296.186279,0,2.064793,0.218463
5011,296.181702,0,2.024379,0.215921
5012,296.186279,0,2.064793,0.218463
5013,296.582947,0,1.797055,0.19968
5014,296.582947,0,1.797055,0.19968
5015,296.582947,0,1.797055,0.19968
5016,296.582947,0,1.797055,0.19968
5017,296.582947,0,1.797055,0.19968
5018,296.582947,0,1.797055,0.19968
5019,296.582947,0,1.797055,0.19968
5020,296.582947,0,1.797055,0.19968
5021,296.582947,0,1.797055,0.19968
5022,296.582947,0,1.797055,0.19968
5023,296.538818,1e-06,1.760528,0.197235
5024,296.538818,1e-06,1.760528,0.197235
5025,296.538818,1e-06,1.760528,0.197235
5026,296.538818,1e-06,1.760528,0.197235
5027,296.538818,1e-06,1.760528,0.197235
5028,296.538818,1e-06,1.760528,0.197235
5029,296.538818,1e-06,1.760528,0.197235
5030,296.582947,0,1.797055,0.19968
5031,296.582947,0,1.797055,0.19968
5032,296.582947,0,1.797055,0.19968
5033,296.582947,0,1.797055,0.19968
5034,296.599731,0,1.718154,0.19456
5035,296.599731,0,1.718154,0.19456
5036,296.599731,0,1.718154,0.19456
5037,296.802582,0,1.663469,0.190614
5038,296.802582,0,1.663469,0.190614
5039,296.802582,0,1.663469,0.190614
5040,296.745483,0,1.637908,0.18946
5041,296.745483,0,1.637908,0.18946
5042,296.745483,0,1.637908,0.18946
5043,296.745483,0,1.637908,0.18946
5044,296.745483,0,1.637908,0.18946
5045,296.745483,0,1.637908,0.18946
5046,296.745483,0,1.637908,0.18946
5047,296.745483,0,1.637908,0.18946
5048,296.745483,0,1.637908,0.18946
5049,296.83139,0,1.598414,0.18683
5050,296.83139,0,1.598414,0.18683
5051,296.83139,0,1.598414,0.18683
5052,296.83139,0,1.598414,0.18683
5053,296.83139,0,1.598414,0.18683
5054,296.83139,0,1.598414,0.18683
5055,296.83139,0,1.598414,0.18683
5056,296.83139,0,1.598414,0.18683
5057,296.83139,0,1.598414,0.18683
5058,296.83139,0,1.598414,0.18683
5059,296.83139,0,1.598414,0.18683
5060,293.992432,0.196359,2.501975,0.25198
5061,293.875793,0,2.534997,0.254622
5062,293.875793,0,2.534997,0.254622
5063,293.875793,0,2.534997,0.254622
5064,293.875793,0,2.534997,0.254622
5065,293.875793,0,2.534997,0.254622
5066,293.875793,0,2.534997,0.254622
5067,293.875793,0,2.534997,0.254622
5068,293.875793,0,2.534997,0.254622
5069,294.372986,3e-05,2.474403,0.249561
5070,294.372986,3e-05,2.474403,0.249561
5071,294.372986,3e-05,2.474403,0.249561
5072,287.441406,0,1.852298,0.212502
5073,287.441406,0,1.852298,0.212502
5074,287.346039,0,1.865925,0.213909
5075,287.346039,0,1.865925,0.213909
5076,287.346039,0,1.865925,0.213909
5077,287.346039,0,1.865925,0.213909
5078,298.629425,0,0.84885,0.101586
5079,298.629425,0,0.84885,0.101586
5080,298.629425,0,0.84885,0.101586
5081,298.629425,0,0.84885,0.101586
5082,298.629425,0,0.84885,0.101586
5083,298.629425,0,0.84885,0.101586
5084,298.629425,0,0.84885,0.101586
5085,298.629425,0,0.84885,0.101586
5086,298.629425,0,0.84885,0.101586
5087,298.629425,0,0.84885,0.101586
5088,298.629425,0,0.84885,0.101586
5089,298.629425,0,0.84885,0.101586
5090,298.629425,0,0.84885,0.101586
5091,298.629425,0,0.84885,0.101586
5092,298.629425,0,0.84885,0.101586
5093,298.629425,0,0.84885,0.101586
5094,298.629425,0,0.84885,0.101586
5095,298.629425,0,0.84885,0.101586
5096,298.629425,0,0.84885,0.101586
5097,298.629425,0,0.84885,0.101586
5098,298.629425,0,0.84885,0.101586
5099,298.629425,0,0.84885,0.101586
5100,298.629425,0,0.84885,0.101586
5101,298.629425,0,0.84885,0.101586
5102,298.629425,0,0.84885,0.101586
5103,298.629425,0,0.84885,0.101586
5104,298.629425,0,0.84885,0.101586
5105,298.629425,0,0.84885,0.101586
5106,298.629425,0,0.84885,0.101586
5107,298.629425,0,0.84885,0.101586
5108,298.629425,0,0.84885,0.101586
5109,298.629425,0,0.84885,0.101586
5110,298.629425,0,0.84885,0.101586
5111,298.629425,0,0.84885,0.101586
5112,298.629425,0,0.84885,0.101586
5113,298.629425,0,0.84885,0.101586
5114,298.629425,0,0.84885,0.101586
5115,298.629425,0,0.84885,0.101586
5116,298.629425,0,0.84885,0.101586
5117,298.629425,0,0.84885,0.101586
5118,307.380646,0,0.954984,0.100228
5119,307.380646,0,0.954984,0.100228
5120,307.380646,0,0.954984,0.100228
5121,307.380646,0,0.954984,0.100228
5122,307.380646,0,0.954984,0.100228
5123,307.380646,0,0.954984,0.100228
5124,307.380646,0,0.954984,0.100228
5125,307.380646,0,0.954984,0.100228
5126,307.380646,0,0.954984,0.100228
5127,307.380646,0,0.954984,0.100228
5128,307.380646,0,0.954984,0.100228
5129,307.380646,0,0.954984,0.100228
5130,307.380646,0,0.954984,0.100228
5131,307.380646,0,0.954984,0.100228
5132,298.629425,0,0.84885,0.101586
5133,298.629425,0,0.84885,0.101586
5134,307.380646,0,0.954984,0.100228
5135,307.380646,0,0.954984,0.100228
5136,307.380646,0,0.954984,0.100228
5137,307.380646,0,0.954984,0.100228
5138,307.380646,0,0.954984,0.100228
5139,307.380646,0,0.954984,0.100228
5140,307.380646,0,0.954984,0.100228
5141,307.380646,0,0.954984,0.100228
5142,307.380646,0,0.954984,0.100228
5143,307.380646,0,0.954984,0.100228
5144,307.380646,0,0.954984,0.100228
5145,307.380646,0,0.954984,0.100228
5146,298.629425,0,0.84885,0.101586
5147,298.629425,0,0.84885,0.101586
5148,298.629425,0,0.84885,0.101586
5149,298.629425,0,0.84885,0.101586
5150,298.629425,0,0.84885,0.101586
5151,298.629425,0,0.84885,0.101586
5152,298.629425,0,0.84885,0.101586
5153,298.629425,0,0.84885,0.101586
5154,307.380646,0,0.954984,0.100228
5155,307.380646,0,0.954984,0.100228
5156,298.629425,0,0.84885,0.101586
5157,298.629425,0,0.84885,0.101586
5158,298.629425,0,0.84885,0.101586
5159,298.629425,0,0.84885,0.101586
5160,298.629425,0,0.84885,0.101586
5161,298.629425,0,0.84885,0.101586
5162,298.629425,0,0.84885,0.101586
5163,298.629425,0,0.84885,0.101586
5164,298.629425,0,0.84885,0.101586
5165,298.629425,0,0.84885,0.101586
5166,287.943054,0,1.920946,0.211331
5167,288.343658,0,1.912609,0.209745
5168,298.637726,0,0.874469,0.098724
5169,298.637726,0,0.874469,0.098724
5170,298.637726,0,0.874469,0.098724
5171,298.637726,0,0.874469,0.098724
5172,298.637726,0,0.874469,0.098724
5173,298.637726,0,0.874469,0.098724
5174,298.637726,0,0.874469,0.098724
5175,298.637726,0,0.874469,0.098724
5176,298.637726,0,0.874469,0.098724
5177,298.594849,0.000303,0.866748,0.098653
5178,299.287659,0,2.405848,0.242648
5179,299.287659,0,2.405848,0.242648
5180,299.287659,0,2.405848,0.242648
5181,299.15799,1.3e-05,2.418944,0.243236
5182,299.18457,0.000216,2.432429,0.243909
5183,299.18457,0.000216,2.432429,0.243909
5184,299.15799,1.3e-05,2.418944,0.243236
5185,299.18457,0.000216,2.432429,0.243909
5186,299.15799,1.3e-05,2.418944,0.243236
5187,299.15799,1.3e-05,2.418944,0.243236
5188,299.18457,0.000216,2.432429,0.243909
5189,299.18457,0.000216,2.432429,0.243909
5190,299.18457,0.000216,2.432429,0.243909
5191,299.18457,0.000216,2.432429,0.243909
5192,299.15799,1.3e-05,2.418944,0.243236
5193,299.15799,1.3e-05,2.418944,0.243236
5194,299.15799,1.3e-05,2.418944,0.243236
5195,299.15799,1.3e-05,2.418944,0.243236
5196,299.15799,1.3e-05,2.418944,0.243236
5197,299.15799,1.3e-05,2.418944,0.243236
5198,299.15799,1.3e-05,2.418944,0.243236
5199,299.15799,1.3e-05,2.418944,0.243236
5200,299.321472,1e-05,2.41093,0.240826
5201,299.321472,1e-05,2.41093,0.240826
5202,299.179443,4e-06,2.417697,0.242821
5203,299.179443,4e-06,2.417697,0.242821
5204,299.287659,0,2.405848,0.242648
5205,302.569031,26.657637,2.993825,0.278941
5206,302.569031,26.657637,2.993825,0.278941
5207,302.569031,26.657637,2.993825,0.278941
5208,302.569031,26.657637,2.993825,0.278941
5209,302.569031,26.657637,2.993825,0.278941
5210,302.569031,26.657637,2.993825,0.278941
5211,302.569031,26.657637,2.993825,0.278941
5212,302.569031,26.657637,2.993825,0.278941
5213,302.569031,26.657637,2.993825,0.278941
5214,302.597961,0.012162,2.990098,0.278551
5215,302.597961,0.012162,2.990098,0.278551
5216,302.597961,0.012162,2.990098,0.278551
5217,302.597961,0.012162,2.990098,0.278551
5218,302.597961,0.012162,2.990098,0.278551
5219,302.597961,0.012162,2.990098,0.278551
5220,302.597961,0.012162,2.990098,0.278551
5221,302.597961,0.012162,2.990098,0.278551
5222,302.597961,0.012162,2.990098,0.278551
5223,302.597961,0.012162,2.990098,0.278551
5224,302.597961,0.012162,2.990098,0.278551
5225,302.597961,0.012162,2.990098,0.278551
5226,302.597961,0.012162,2.990098,0.278551
5227,302.597961,0.012162,2.990098,0.278551
5228,302.597961,0.012162,2.990098,0.278551
5229,302.597961,0.012162,2.990098,0.278551
5230,302.597961,0.012162,2.990098,0.278551
5231,302.597961,0.012162,2.990098,0.278551
5232,302.582947,22.447342,2.991994,0.278778
5233,288.076904,0,1.057248,0.16109
5234,288.191284,0,1.038546,0.158894
5235,288.191284,0,1.038546,0.158894
5236,288.191284,0,1.038546,0.158894
5237,288.076904,0,1.057248,0.16109
5238,288.076904,0,1.057248,0.16109
5239,288.076904,0,1.057248,0.16109
5240,288.076904,0,1.057248,0.16109
5241,288.076904,0,1.057248,0.16109
5242,288.138153,0,1.012714,0.157936
5243,288.138153,0,1.012714,0.157936
5244,288.138153,0,1.012714,0.157936
5245,288.138153,0,1.012714,0.157936
5246,288.076904,0,1.057248,0.16109
5247,288.076904,0,1.057248,0.16109
5248,288.076904,0,1.057248,0.16109
5249,288.076904,0,1.057248,0.16109
5250,288.076904,0,1.057248,0.16109
5251,288.191284,0,1.038546,0.158894
5252,288.191284,0,1.038546,0.158894
5253,288.191284,0,1.038546,0.158894
5254,288.191284,0,1.038546,0.158894
5255,288.191284,0,1.038546,0.158894
5256,288.191284,0,1.038546,0.158894
5257,288.191284,0,1.038546,0.158894
5258,288.191284,0,1.038546,0.158894
5259,288.076904,0,1.057248,0.16109
5260,288.076904,0,1.057248,0.16109
5261,288.138153,0,1.012714,0.157936
5262,288.191284,0,1.038546,0.158894
5263,288.191284,0,1.038546,0.158894
5264,288.191284,0,1.038546,0.158894
5265,288.138153,0,1.012714,0.157936
5266,288.138153,0,1.012714,0.157936
5267,288.076904,0,1.057248,0.16109
5268,288.076904,0,1.057248,0.16109
5269,288.076904,0,1.057248,0.16109
5270,288.138153,0,1.012714,0.157936
5271,288.191284,0,1.038546,0.158894
5272,288.076904,0,1.057248,0.16109
5273,288.058807,0,1.018654,0.159171
5274,288.076904,0,1.057248,0.16109
5275,288.076904,0,1.057248,0.16109
5276,288.076904,0,1.057248,0.16109
5277,288.076904,0,1.057248,0.16109
5278,288.191284,0,1.038546,0.158894
5279,288.191284,0,1.038546,0.158894
5280,288.191284,0,1.038546,0.158894
5281,288.191284,0,1.038546,0.158894
5282,288.191284,0,1.038546,0.158894
5283,288.191284,0,1.038546,0.158894
5284,288.191284,0,1.038546,0.158894
5285,288.191284,0,1.038546,0.158894
5286,288.191284,0,1.038546,0.158894
5287,288.076904,0,1.057248,0.16109
5288,288.191284,0,1.038546,0.158894
5289,288.191284,0,1.038546,0.158894
5290,288.191284,0,1.038546,0.158894
5291,288.076904,0,1.057248,0.16109
5292,288.076904,0,1.057248,0.16109
5293,288.076904,0,1.057248,0.16109
5294,288.076904,0,1.057248,0.16109
5295,288.191284,0,1.038546,0.158894
5296,288.191284,0,1.038546,0.158894
5297,288.191284,0,1.038546,0.158894
5298,288.138153,0,1.012714,0.157936
5299,288.138153,0,1.012714,0.157936
5300,288.138153,0,1.012714,0.157936
5301,288.058807,0,1.018654,0.159171
5302,288.058807,0,1.018654,0.159171
5303,288.058807,0,1.018654,0.159171
5304,288.058807,0,1.018654,0.159171
5305,288.058807,0,1.018654,0.159171
5306,288.138153,0,1.012714,0.157936
5307,288.138153,0,1.012714,0.157936
5308,288.138153,0,1.012714,0.157936
5309,288.138153,0,1.012714,0.157936
5310,288.138153,0,1.012714,0.157936
5311,288.138153,0,1.012714,0.157936
5312,288.058807,0,1.018654,0.159171
5313,288.058807,0,1.018654,0.159171
5314,288.138153,0,1.012714,0.157936
5315,288.138153,0,1.012714,0.157936
5316,288.138153,0,1.012714,0.157936
5317,288.138153,0,1.012714,0.157936
5318,288.138153,0,1.012714,0.157936
5319,288.138153,0,1.012714,0.157936
5320,288.138153,0,1.012714,0.157936
5321,288.138153,0,1.012714,0.157936
5322,288.043365,0,0.9916,0.157694
5323,288.359558,0,0.973344,0.153361
5324,288.359558,0,0.973344,0.153361
5325,288.359558,0,0.973344,0.153361
5326,288.043365,0,0.9916,0.157694
5327,288.359558,0,0.973344,0.153361
5328,288.359558,0,0.973344,0.153361
5329,288.043365,0,0.9916,0.157694
5330,288.359558,0,0.973344,0.153361
5331,288.359558,0,0.973344,0.153361
5332,288.359558,0,0.973344,0.153361
5333,288.359558,0,0.973344,0.153361
5334,288.359558,0,0.973344,0.153361
5335,288.359558,0,0.973344,0.153361
5336,288.359558,0,0.973344,0.153361
5337,288.043365,0,0.9916,0.157694
5338,288.359558,0,0.973344,0.153361
5339,288.043365,0,0.9916,0.157694
5340,288.359558,0,0.973344,0.153361
5341,288.359558,0,0.973344,0.153361
5342,288.359558,0,0.973344,0.153361
5343,288.359558,0,0.973344,0.153361
5344,288.043365,0,0.9916,0.157694
5345,288.359558,0,0.973344,0.153361
5346,288.043365,0,0.9916,0.157694
5347,288.043365,0,0.9916,0.157694
5348,288.043365,0,0.9916,0.157694
5349,288.043365,0,0.9916,0.157694
5350,288.359558,0,0.973344,0.153361
5351,288.043365,0,0.9916,0.157694
5352,288.359558,0,0.973344,0.153361
5353,288.164948,0,0.957164,0.154522
5354,288.164948,0,0.957164,0.154522
5355,288.295776,0,0.949308,0.152506
5356,288.295776,0,0.949308,0.152506
5357,288.295776,0,0.949308,0.152506
5358,288.295776,0,0.949308,0.152506
5359,288.164948,0,0.957164,0.154522
5360,288.295776,0,0.949308,0.152506
5361,288.295776,0,0.949308,0.152506
5362,288.295776,0,0.949308,0.152506
5363,288.295776,0,0.949308,0.152506
5364,288.295776,0,0.949308,0.152506
5365,288.295776,0,0.949308,0.152506
5366,288.164948,0,0.957164,0.154522
5367,288.295776,0,0.949308,0.152506
5368,288.295776,0,0.949308,0.152506
5369,288.295776,0,0.949308,0.152506
5370,288.295776,0,0.949308,0.152506
5371,288.295776,0,0.949308,0.152506
5372,288.164948,0,0.957164,0.154522
5373,288.295776,0,0.949308,0.152506
5374,288.295776,0,0.949308,0.152506
5375,288.295776,0,0.949308,0.152506
5376,288.184662,0,1.052741,0.159766
5377,288.184662,0,1.052741,0.159766
5378,288.372498,0,1.044534,0.15747
5379,288.372498,0,1.044534,0.15747
5380,288.372498,0,1.044534,0.15747
5381,288.184662,0,1.052741,0.159766
5382,288.184662,0,1.052741,0.159766
5383,288.184662,0,1.052741,0.159766
5384,288.184662,0,1.052741,0.159766
5385,288.184662,0,1.052741,0.159766
5386,288.184662,0,1.052741,0.159766
5387,288.184662,0,1.052741,0.159766
5388,288.184662,0,1.052741,0.159766
5389,288.184662,0,1.052741,0.159766
5390,288.344788,0,1.067823,0.159177
5391,288.344788,0,1.067823,0.159177
5392,288.344788,0,1.067823,0.159177
5393,288.344788,0,1.067823,0.159177
5394,288.184662,0,1.052741,0.159766
5395,288.184662,0,1.052741,0.159766
5396,288.184662,0,1.052741,0.159766
5397,288.184662,0,1.052741,0.159766
5398,288.184662,0,1.052741,0.159766
5399,288.184662,0,1.052741,0.159766
5400,288.184662,0,1.052741,0.159766
5401,288.184662,0,1.052741,0.159766
5402,288.184662,0,1.052741,0.159766
5403,288.184662,0,1.052741,0.159766
5404,288.184662,0,1.052741,0.159766
5405,288.184662,0,1.052741,0.159766
5406,288.184662,0,1.052741,0.159766
5407,288.184662,0,1.052741,0.159766
5408,288.184662,0,1.052741,0.159766
5409,288.184662,0,1.052741,0.159766
5410,288.184662,0,1.052741,0.159766
5411,288.184662,0,1.052741,0.159766
5412,288.184662,0,1.052741,0.159766
5413,288.184662,0,1.052741,0.159766
5414,288.184662,0,1.052741,0.159766
5415,288.184662,0,1.052741,0.159766
5416,288.184662,0,1.052741,0.159766
5417,288.184662,0,1.052741,0.159766
5418,288.184662,0,1.052741,0.159766
5419,288.184662,0,1.052741,0.159766
5420,288.184662,0,1.052741,0.159766
5421,288.184662,0,1.052741,0.159766
5422,288.184662,0,1.052741,0.159766
5423,288.184662,0,1.052741,0.159766
5424,288.184662,0,1.052741,0.159766
5425,288.184662,0,1.052741,0.159766
5426,288.184662,0,1.052741,0.159766
5427,289.820709,0.001277,1.863204,0.205304
5428,289.025085,0,1.883206,0.207634
5429,288.674561,0,1.886182,0.208814
5430,288.674561,0,1.886182,0.208814
5431,288.556305,0,1.509907,0.194723
5432,288.557678,0,1.505882,0.194431
5433,288.557678,0,1.505882,0.194431
5434,288.629028,0,1.473304,0.192118
5435,288.629028,0,1.473304,0.192118
5436,288.629028,0,1.473304,0.192118
5437,288.629028,0,1.473304,0.192118
5438,288.629028,0,1.473304,0.192118
5439,288.629028,0,1.473304,0.192118
5440,288.557678,0,1.505882,0.194431
5441,288.557678,0,1.505882,0.194431
5442,288.557678,0,1.505882,0.194431
5443,NA,NA,NA,NA
5444,NA,NA,NA,NA
5445,288.314453,0,1.333454,0.182374
5446,288.44928,0,1.312181,0.180086
5447,288.44928,0,1.312181,0.180086
5448,288.397156,0,1.300268,0.179514
5449,288.397156,0,1.300268,0.179514
5450,288.397156,0,1.300268,0.179514
5451,288.397156,0,1.300268,0.179514
5452,288.397156,0,1.300268,0.179514
5453,288.44928,0,1.312181,0.180086
5454,288.314453,0,1.333454,0.182374
5455,288.314453,0,1.333454,0.182374
5456,288.314453,0,1.333454,0.182374
5457,288.314453,0,1.333454,0.182374
5458,288.314453,0,1.333454,0.182374
5459,288.314453,0,1.333454,0.182374
5460,288.535309,1e-06,1.29695,0.178697
5461,288.535309,1e-06,1.29695,0.178697
5462,288.397156,0,1.300268,0.179514
5463,288.397156,0,1.300268,0.179514
5464,288.397156,0,1.300268,0.179514
5465,288.44928,0,1.312181,0.180086
5466,288.535309,1e-06,1.29695,0.178697
5467,288.535309,1e-06,1.29695,0.178697
5468,288.44928,0,1.312181,0.180086
5469,288.314453,0,1.333454,0.182374
5470,288.397156,0,1.300268,0.179514
5471,288.397156,0,1.300268,0.179514
5472,288.397156,0,1.300268,0.179514
5473,288.397156,0,1.300268,0.179514
5474,288.397156,0,1.300268,0.179514
5475,288.44928,0,1.312181,0.180086
5476,288.44928,0,1.312181,0.180086
5477,288.44928,0,1.312181,0.180086
5478,288.397156,0,1.300268,0.179514
5479,288.44928,0,1.312181,0.180086
5480,288.397156,0,1.300268,0.179514
5481,288.397156,0,1.300268,0.179514
5482,288.397156,0,1.300268,0.179514
5483,288.397156,0,1.300268,0.179514
5484,288.44928,0,1.312181,0.180086
5485,288.44928,0,1.312181,0.180086
5486,288.44928,0,1.312181,0.180086
5487,288.44928,0,1.312181,0.180086
5488,288.314453,0,1.333454,0.182374
5489,288.397156,0,1.300268,0.179514
5490,288.314453,0,1.333454,0.182374
5491,288.314453,0,1.333454,0.182374
5492,288.44928,0,1.312181,0.180086
5493,288.44928,0,1.312181,0.180086
5494,288.397156,0,1.300268,0.179514
5495,288.397156,0,1.300268,0.179514
5496,288.44928,0,1.312181,0.180086
5497,288.483002,1e-06,1.315096,0.18024
5498,288.617889,0.000986,1.305014,0.179077
5499,288.617889,0.000986,1.305014,0.179077
5500,288.617889,0.000986,1.305014,0.179077
5501,296.292725,0,2.09061,0.220095
5502,296.292725,0,2.09061,0.220095
5503,296.292725,0,2.09061,0.220095
5504,296.200562,0,2.135886,0.223024
5505,296.200562,0,2.135886,0.223024
5506,296.374329,0,2.042167,0.216615
5507,296.374329,0,2.042167,0.216615
5508,296.374329,0,2.042167,0.216615
5509,296.374329,0,2.042167,0.216615
5510,296.374329,0,2.042167,0.216615
5511,296.374329,0,2.042167,0.216615
5512,296.374329,0,2.042167,0.216615
5513,296.374329,0,2.042167,0.216615
5514,296.374329,0,2.042167,0.216615
5515,296.374329,0,2.042167,0.216615
5516,296.374329,0,2.042167,0.216615
5517,299.620422,0,2.374464,0.240534
5518,299.287659,0,2.405848,0.242648
5519,299.287659,0,2.405848,0.242648
5520,299.287659,0,2.405848,0.242648
5521,299.313416,0.058661,2.39595,0.241689
5522,299.313416,0.058661,2.39595,0.241689
5523,299.313416,0.058661,2.39595,0.241689
5524,299.313416,0.058661,2.39595,0.241689
5525,299.313416,0.058661,2.39595,0.241689
5526,299.287659,0,2.405848,0.242648
5527,299.287659,0,2.405848,0.242648
5528,300.496246,0.000208,2.890666,0.274247
5529,300.496246,0.000208,2.890666,0.274247
5530,300.496246,0.000208,2.890666,0.274247
5531,300.496246,0.000208,2.890666,0.274247
5532,300.623077,0,2.866259,0.272669
5533,300.496246,0.000208,2.890666,0.274247
5534,300.623077,0,2.866259,0.272669
5535,300.496246,0.000208,2.890666,0.274247
5536,300.496246,0.000208,2.890666,0.274247
5537,300.496246,0.000208,2.890666,0.274247
5538,300.496246,0.000208,2.890666,0.274247
5539,300.496246,0.000208,2.890666,0.274247
5540,300.496246,0.000208,2.890666,0.274247
5541,300.496246,0.000208,2.890666,0.274247
5542,300.496246,0.000208,2.890666,0.274247
5543,300.496246,0.000208,2.890666,0.274247
5544,300.496246,0.000208,2.890666,0.274247
5545,300.496246,0.000208,2.890666,0.274247
5546,300.496246,0.000208,2.890666,0.274247
5547,300.496246,0.000208,2.890666,0.274247
5548,300.496246,0.000208,2.890666,0.274247
5549,300.496246,0.000208,2.890666,0.274247
5550,300.496246,0.000208,2.890666,0.274247
5551,300.496246,0.000208,2.890666,0.274247
5552,300.496246,0.000208,2.890666,0.274247
5553,300.496246,0.000208,2.890666,0.274247
5554,300.623077,0,2.866259,0.272669
5555,300.496246,0.000208,2.890666,0.274247
5556,300.496246,0.000208,2.890666,0.274247
5557,300.496246,0.000208,2.890666,0.274247
5558,300.496246,0.000208,2.890666,0.274247
5559,300.496246,0.000208,2.890666,0.274247
5560,300.496246,0.000208,2.890666,0.274247
5561,300.496246,0.000208,2.890666,0.274247
5562,300.496246,0.000208,2.890666,0.274247
5563,300.496246,0.000208,2.890666,0.274247
5564,300.623077,0,2.866259,0.272669
5565,300.496246,0.000208,2.890666,0.274247
5566,300.623077,0,2.866259,0.272669
5567,300.496246,0.000208,2.890666,0.274247
5568,300.496246,0.000208,2.890666,0.274247
5569,300.496246,0.000208,2.890666,0.274247
5570,300.496246,0.000208,2.890666,0.274247
5571,293.7677,0,1.828884,0.208354
5572,293.7677,0,1.828884,0.208354
5573,293.7677,0,1.828884,0.208354
5574,292.073364,0,1.874339,0.213893
5575,292.073364,0,1.874339,0.213893
5576,292.073364,0,1.874339,0.213893
5577,292.073364,0,1.874339,0.213893
5578,292.073364,0,1.874339,0.213893
5579,292.073364,0,1.874339,0.213893
5580,293.084595,0,1.842998,0.210158
5581,293.084595,0,1.842998,0.210158
5582,293.084595,0,1.842998,0.210158
5583,293.084595,0,1.842998,0.210158
5584,293.084595,0,1.842998,0.210158
5585,293.352234,0,1.833939,0.209302
5586,293.352234,0,1.833939,0.209302
5587,293.758423,0,1.820741,0.208031
5588,293.758423,0,1.820741,0.208031
5589,293.758423,0,1.820741,0.208031
5590,293.758423,0,1.820741,0.208031
5591,293.758423,0,1.820741,0.208031
5592,293.758423,0,1.820741,0.208031
5593,293.758423,0,1.820741,0.208031
5594,293.758423,0,1.820741,0.208031
5595,293.099274,0,1.840476,0.210054
5596,293.099274,0,1.840476,0.210054
5597,293.099274,0,1.840476,0.210054
5598,293.099274,0,1.840476,0.210054
5599,293.099274,0,1.840476,0.210054
5600,293.099274,0,1.840476,0.210054
5601,293.099274,0,1.840476,0.210054
5602,293.099274,0,1.840476,0.210054
5603,293.099274,0,1.840476,0.210054
5604,293.099274,0,1.840476,0.210054
5605,293.099274,0,1.840476,0.210054
5606,293.099274,0,1.840476,0.210054
5607,294.846954,0,1.821052,0.209811
5608,294.846954,0,1.821052,0.209811
5609,294.846954,0,1.821052,0.209811
5610,294.846954,0,1.821052,0.209811
5611,294.846954,0,1.821052,0.209811
5612,294.846954,0,1.821052,0.209811
5613,294.846954,0,1.821052,0.209811
5614,294.846954,0,1.821052,0.209811
5615,294.846954,0,1.821052,0.209811
5616,294.846954,0,1.821052,0.209811
5617,294.041718,0,1.799058,0.20648
5618,294.041718,0,1.799058,0.20648
5619,294.04007,0,1.81314,0.207151
5620,294.04007,0,1.81314,0.207151
5621,294.04007,0,1.81314,0.207151
5622,293.914124,0,1.815962,0.207518
5623,294.04007,0,1.81314,0.207151
5624,294.04007,0,1.81314,0.207151
5625,294.04007,0,1.81314,0.207151
5626,294.04007,0,1.81314,0.207151
5627,294.346405,0,1.801913,0.206051
5628,294.346405,0,1.801913,0.206051
5629,288.836304,0,1.203481,0.16713
5630,288.836304,0,1.203481,0.16713
5631,288.836304,0,1.203481,0.16713
5632,288.836304,0,1.203481,0.16713
5633,288.836304,0,1.203481,0.16713
5634,288.836304,0,1.203481,0.16713
5635,288.836304,0,1.203481,0.16713
5636,288.836304,0,1.203481,0.16713
5637,288.836304,0,1.203481,0.16713
5638,288.836304,0,1.203481,0.16713
5639,288.836304,0,1.203481,0.16713
5640,288.836304,0,1.203481,0.16713
5641,288.836304,0,1.203481,0.16713
5642,288.836304,0,1.203481,0.16713
5643,288.836304,0,1.203481,0.16713
5644,288.836304,0,1.203481,0.16713
5645,288.836304,0,1.203481,0.16713
5646,288.836304,0,1.203481,0.16713
5647,288.836304,0,1.203481,0.16713
5648,288.836304,0,1.203481,0.16713
5649,288.836304,0,1.203481,0.16713
5650,288.836304,0,1.203481,0.16713
5651,288.836304,0,1.203481,0.16713
5652,288.836304,0,1.203481,0.16713
5653,288.836304,0,1.203481,0.16713
5654,288.836304,0,1.203481,0.16713
5655,288.836304,0,1.203481,0.16713
5656,288.836304,0,1.203481,0.16713
5657,288.836304,0,1.203481,0.16713
5658,288.836304,0,1.203481,0.16713
5659,288.836304,0,1.203481,0.16713
5660,288.836304,0,1.203481,0.16713
5661,288.836304,0,1.203481,0.16713
5662,288.836304,0,1.203481,0.16713
5663,288.836304,0,1.203481,0.16713
5664,288.836304,0,1.203481,0.16713
5665,288.836304,0,1.203481,0.16713
5666,288.836304,0,1.203481,0.16713
5667,288.836304,0,1.203481,0.16713
5668,288.836304,0,1.203481,0.16713
5669,288.836304,0,1.203481,0.16713
5670,288.836304,0,1.203481,0.16713
5671,288.836304,0,1.203481,0.16713
5672,288.836304,0,1.203481,0.16713
5673,288.836304,0,1.203481,0.16713
5674,288.836304,0,1.203481,0.16713
5675,288.836304,0,1.203481,0.16713
5676,288.836304,0,1.203481,0.16713
5677,288.836304,0,1.203481,0.16713
5678,288.836304,0,1.203481,0.16713
5679,288.836304,0,1.203481,0.16713
5680,288.836304,0,1.203481,0.16713
5681,288.836304,0,1.203481,0.16713
5682,288.836304,0,1.203481,0.16713
5683,288.836304,0,1.203481,0.16713
5684,288.836304,0,1.203481,0.16713
5685,288.836304,0,1.203481,0.16713
5686,288.836304,0,1.203481,0.16713
5687,288.836304,0,1.203481,0.16713
5688,288.836304,0,1.203481,0.16713
5689,288.836304,0,1.203481,0.16713
5690,288.855865,0,1.195883,0.166119
5691,288.855865,0,1.195883,0.166119
5692,288.855865,0,1.195883,0.166119
5693,288.855865,0,1.195883,0.166119
5694,288.855865,0,1.195883,0.166119
5695,288.855865,0,1.195883,0.166119
5696,288.855865,0,1.195883,0.166119
5697,288.855865,0,1.195883,0.166119
5698,288.855865,0,1.195883,0.166119
5699,288.855865,0,1.195883,0.166119
5700,288.855865,0,1.195883,0.166119
5701,288.855865,0,1.195883,0.166119
5702,288.855865,0,1.195883,0.166119
5703,288.855865,0,1.195883,0.166119
5704,288.855865,0,1.195883,0.166119
5705,288.855865,0,1.195883,0.166119
5706,288.855865,0,1.195883,0.166119
5707,288.855865,0,1.195883,0.166119
5708,288.855865,0,1.195883,0.166119
5709,288.855865,0,1.195883,0.166119
5710,288.855865,0,1.195883,0.166119
5711,288.731537,0,1.186354,0.166254
5712,288.731537,0,1.186354,0.166254
5713,288.855865,0,1.195883,0.166119
5714,288.855865,0,1.195883,0.166119
5715,288.855865,0,1.195883,0.166119
5716,288.731537,0,1.186354,0.166254
5717,288.731537,0,1.186354,0.166254
5718,288.731537,0,1.186354,0.166254
5719,288.731537,0,1.186354,0.166254
5720,288.855865,0,1.195883,0.166119
5721,288.855865,0,1.195883,0.166119
5722,288.855865,0,1.195883,0.166119
5723,288.855865,0,1.195883,0.166119
5724,288.731537,0,1.186354,0.166254
5725,288.731537,0,1.186354,0.166254
5726,288.731537,0,1.186354,0.166254
5727,288.731537,0,1.186354,0.166254
5728,288.731537,0,1.186354,0.166254
5729,288.855865,0,1.195883,0.166119
5730,288.855865,0,1.195883,0.166119
5731,288.855865,0,1.195883,0.166119
5732,288.855865,0,1.195883,0.166119
5733,288.855865,0,1.195883,0.166119
5734,288.731537,0,1.186354,0.166254
5735,288.731537,0,1.186354,0.166254
5736,288.731537,0,1.186354,0.166254
5737,288.731537,0,1.186354,0.166254
5738,288.731537,0,1.186354,0.166254
5739,288.731537,0,1.186354,0.166254
5740,288.731537,0,1.186354,0.166254
5741,288.731537,0,1.186354,0.166254
5742,288.731537,0,1.186354,0.166254
5743,288.731537,0,1.186354,0.166254
5744,288.731537,0,1.186354,0.166254
5745,288.731537,0,1.186354,0.166254
5746,288.731537,0,1.186354,0.166254
5747,288.731537,0,1.186354,0.166254
5748,288.731537,0,1.186354,0.166254
5749,288.731537,0,1.186354,0.166254
5750,288.731537,0,1.186354,0.166254
5751,288.731537,0,1.186354,0.166254
5752,288.731537,0,1.186354,0.166254
5753,288.731537,0,1.186354,0.166254
5754,288.731537,0,1.186354,0.166254
5755,288.731537,0,1.186354,0.166254
5756,288.731537,0,1.186354,0.166254
5757,288.731537,0,1.186354,0.166254
5758,288.731537,0,1.186354,0.166254
5759,288.731537,0,1.186354,0.166254
5760,288.731537,0,1.186354,0.166254
5761,288.731537,0,1.186354,0.166254
5762,288.731537,0,1.186354,0.166254
5763,288.731537,0,1.186354,0.166254
5764,288.731537,0,1.186354,0.166254
5765,288.731537,0,1.186354,0.166254
5766,288.731537,0,1.186354,0.166254
5767,288.731537,0,1.186354,0.166254
5768,288.731537,0,1.186354,0.166254
5769,288.731537,0,1.186354,0.166254
5770,288.731537,0,1.186354,0.166254
5771,288.731537,0,1.186354,0.166254
5772,288.995758,0,1.194862,0.164785
5773,288.995758,0,1.194862,0.164785
5774,288.995758,0,1.194862,0.164785
5775,288.995758,0,1.194862,0.164785
5776,288.995758,0,1.194862,0.164785
5777,288.995758,0,1.194862,0.164785
5778,288.995758,0,1.194862,0.164785
5779,288.995758,0,1.194862,0.164785
5780,288.995758,0,1.194862,0.164785
5781,288.995758,0,1.194862,0.164785
5782,288.995758,0,1.194862,0.164785
5783,288.995758,0,1.194862,0.164785
5784,288.995758,0,1.194862,0.164785
5785,288.995758,0,1.194862,0.164785
5786,288.995758,0,1.194862,0.164785
5787,288.995758,0,1.194862,0.164785
5788,288.995758,0,1.194862,0.164785
5789,288.995758,0,1.194862,0.164785
5790,288.995758,0,1.194862,0.164785
5791,288.995758,0,1.194862,0.164785
5792,288.995758,0,1.194862,0.164785
5793,288.995758,0,1.194862,0.164785
5794,288.995758,0,1.194862,0.164785
5795,288.995758,0,1.194862,0.164785
5796,288.995758,0,1.194862,0.164785
5797,288.995758,0,1.194862,0.164785
5798,288.995758,0,1.194862,0.164785
5799,288.995758,0,1.194862,0.164785
5800,288.995758,0,1.194862,0.164785
5801,288.995758,0,1.194862,0.164785
5802,288.995758,0,1.194862,0.164785
5803,288.995758,0,1.194862,0.164785
5804,288.995758,0,1.194862,0.164785
5805,288.995758,0,1.194862,0.164785
5806,288.995758,0,1.194862,0.164785
5807,288.995758,0,1.194862,0.164785
5808,288.995758,0,1.194862,0.164785
5809,288.995758,0,1.194862,0.164785
5810,288.995758,0,1.194862,0.164785
5811,288.995758,0,1.194862,0.164785
5812,288.995758,0,1.194862,0.164785
5813,288.995758,0,1.194862,0.164785
5814,288.995758,0,1.194862,0.164785
5815,288.995758,0,1.194862,0.164785
5816,288.658051,0,1.168208,0.164458
5817,288.658051,0,1.168208,0.164458
5818,288.658051,0,1.168208,0.164458
5819,288.658051,0,1.168208,0.164458
5820,288.658051,0,1.168208,0.164458
5821,288.658051,0,1.168208,0.164458
5822,288.658051,0,1.168208,0.164458
5823,288.658051,0,1.168208,0.164458
5824,288.658051,0,1.168208,0.164458
5825,288.658051,0,1.168208,0.164458
5826,288.658051,0,1.168208,0.164458
5827,288.658051,0,1.168208,0.164458
5828,288.658051,0,1.168208,0.164458
5829,288.658051,0,1.168208,0.164458
5830,288.658051,0,1.168208,0.164458
5831,288.658051,0,1.168208,0.164458
5832,288.658051,0,1.168208,0.164458
5833,288.658051,0,1.168208,0.164458
5834,288.658051,0,1.168208,0.164458
5835,288.658051,0,1.168208,0.164458
5836,288.658051,0,1.168208,0.164458
5837,288.658051,0,1.168208,0.164458
5838,288.658051,0,1.168208,0.164458
5839,288.658051,0,1.168208,0.164458
5840,288.658051,0,1.168208,0.164458
5841,288.658051,0,1.168208,0.164458
5842,288.658051,0,1.168208,0.164458
5843,288.658051,0,1.168208,0.164458
5844,288.658051,0,1.168208,0.164458
5845,288.658051,0,1.168208,0.164458
5846,288.658051,0,1.168208,0.164458
5847,288.658051,0,1.168208,0.164458
5848,288.658051,0,1.168208,0.164458
5849,288.658051,0,1.168208,0.164458
5850,288.658051,0,1.168208,0.164458
5851,288.658051,0,1.168208,0.164458
5852,288.658051,0,1.168208,0.164458
5853,288.658051,0,1.168208,0.164458
5854,288.658051,0,1.168208,0.164458
5855,288.658051,0,1.168208,0.164458
5856,288.658051,0,1.168208,0.164458
5857,288.658051,0,1.168208,0.164458
5858,288.658051,0,1.168208,0.164458
5859,288.658051,0,1.168208,0.164458
5860,288.658051,0,1.168208,0.164458
5861,288.658051,0,1.168208,0.164458
5862,288.658051,0,1.168208,0.164458
5863,288.658051,0,1.168208,0.164458
5864,288.658051,0,1.168208,0.164458
5865,288.658051,0,1.168208,0.164458
5866,288.658051,0,1.168208,0.164458
5867,288.658051,0,1.168208,0.164458
5868,288.658051,0,1.168208,0.164458
5869,288.658051,0,1.168208,0.164458
5870,288.658051,0,1.168208,0.164458
5871,288.658051,0,1.168208,0.164458
5872,288.658051,0,1.168208,0.164458
5873,288.658051,0,1.168208,0.164458
5874,288.658051,0,1.168208,0.164458
5875,288.658051,0,1.168208,0.164458
5876,288.658051,0,1.168208,0.164458
5877,288.658051,0,1.168208,0.164458
5878,288.658051,0,1.168208,0.164458
5879,288.427795,0,1.174399,0.166675
5880,288.427795,0,1.174399,0.166675
5881,288.427795,0,1.174399,0.166675
5882,288.354065,0,1.171203,0.167614
5883,288.427795,0,1.174399,0.166675
5884,288.427795,0,1.174399,0.166675
5885,288.427795,0,1.174399,0.166675
5886,288.427795,0,1.174399,0.166675
5887,288.427795,0,1.174399,0.166675
5888,288.427795,0,1.174399,0.166675
5889,288.427795,0,1.174399,0.166675
5890,288.354065,0,1.171203,0.167614
5891,288.427795,0,1.174399,0.166675
5892,288.354065,0,1.171203,0.167614
5893,288.427795,0,1.174399,0.166675
5894,288.427795,0,1.174399,0.166675
5895,288.427795,0,1.174399,0.166675
5896,288.354065,0,1.171203,0.167614
5897,288.354065,0,1.171203,0.167614
5898,288.427795,0,1.174399,0.166675
5899,288.427795,0,1.174399,0.166675
5900,288.427795,0,1.174399,0.166675
5901,288.427795,0,1.174399,0.166675
5902,288.427795,0,1.174399,0.166675
5903,288.427795,0,1.174399,0.166675
5904,288.427795,0,1.174399,0.166675
5905,288.427795,0,1.174399,0.166675
5906,288.427795,0,1.174399,0.166675
5907,288.427795,0,1.174399,0.166675
5908,288.427795,0,1.174399,0.166675
5909,288.354065,0,1.171203,0.167614
5910,288.354065,0,1.171203,0.167614
5911,288.354065,0,1.171203,0.167614
5912,288.354065,0,1.171203,0.167614
5913,288.354065,0,1.171203,0.167614
5914,288.354065,0,1.171203,0.167614
5915,288.354065,0,1.171203,0.167614
5916,288.354065,0,1.171203,0.167614
5917,288.427795,0,1.174399,0.166675
5918,288.354065,0,1.171203,0.167614
5919,288.427795,0,1.174399,0.166675
5920,288.427795,0,1.174399,0.166675
5921,288.427795,0,1.174399,0.166675
5922,288.427795,0,1.174399,0.166675
5923,288.427795,0,1.174399,0.166675
5924,288.427795,0,1.174399,0.166675
5925,288.427795,0,1.174399,0.166675
5926,288.354065,0,1.171203,0.167614
5927,288.427795,0,1.174399,0.166675
5928,288.427795,0,1.174399,0.166675
5929,288.427795,0,1.174399,0.166675
5930,288.427795,0,1.174399,0.166675
5931,288.354065,0,1.171203,0.167614
5932,288.427795,0,1.174399,0.166675
5933,288.427795,0,1.174399,0.166675
5934,288.427795,0,1.174399,0.166675
5935,288.427795,0,1.174399,0.166675
5936,288.427795,0,1.174399,0.166675
5937,288.532898,0,1.160383,0.164403
5938,288.532898,0,1.160383,0.164403
5939,288.915497,0,1.161369,0.162024
5940,288.902527,0,1.160427,0.162047
5941,288.902527,0,1.160427,0.162047
5942,288.902527,0,1.160427,0.162047
5943,288.902527,0,1.160427,0.162047
5944,288.4505,0,1.267131,0.176485
5945,288.391846,0,1.266637,0.176689
5946,288.4505,0,1.267131,0.176485
5947,288.4505,0,1.267131,0.176485
5948,288.4505,0,1.267131,0.176485
5949,288.391846,0,1.266637,0.176689
5950,288.4505,0,1.267131,0.176485
5951,288.391846,0,1.266637,0.176689
5952,288.4505,0,1.267131,0.176485
5953,288.391846,0,1.266637,0.176689
5954,288.4505,0,1.267131,0.176485
5955,288.391846,0,1.266637,0.176689
5956,288.391846,0,1.266637,0.176689
5957,288.391846,0,1.266637,0.176689
5958,288.4505,0,1.267131,0.176485
5959,288.391846,0,1.266637,0.176689
5960,291.41037,0,1.279051,0.184539
5961,291.41037,0,1.279051,0.184539
5962,291.41037,0,1.279051,0.184539
5963,291.41037,0,1.279051,0.184539
5964,291.41037,0,1.279051,0.184539
5965,291.41037,0,1.279051,0.184539
5966,291.41037,0,1.279051,0.184539
5967,291.41037,0,1.279051,0.184539
5968,291.41037,0,1.279051,0.184539
5969,291.41037,0,1.279051,0.184539
5970,291.41037,0,1.279051,0.184539
5971,291.41037,0,1.279051,0.184539
5972,291.41037,0,1.279051,0.184539
5973,291.41037,0,1.279051,0.184539
5974,291.41037,0,1.279051,0.184539
5975,291.41037,0,1.279051,0.184539
5976,291.41037,0,1.279051,0.184539
5977,291.41037,0,1.279051,0.184539
5978,291.41037,0,1.279051,0.184539
5979,291.41037,0,1.279051,0.184539
5980,291.41037,0,1.279051,0.184539
5981,291.41037,0,1.279051,0.184539
5982,291.41037,0,1.279051,0.184539
5983,291.41037,0,1.279051,0.184539
5984,291.41037,0,1.279051,0.184539
5985,291.41037,0,1.279051,0.184539
5986,291.41037,0,1.279051,0.184539
5987,291.41037,0,1.279051,0.184539
5988,291.41037,0,1.279051,0.184539
5989,291.41037,0,1.279051,0.184539
5990,291.41037,0,1.279051,0.184539
5991,291.41037,0,1.279051,0.184539
5992,288.4505,0,1.267131,0.176485
5993,288.4505,0,1.267131,0.176485
5994,288.4505,0,1.267131,0.176485
5995,288.4505,0,1.267131,0.176485
5996,288.4505,0,1.267131,0.176485
5997,288.4505,0,1.267131,0.176485
5998,288.4505,0,1.267131,0.176485
5999,288.4505,0,1.267131,0.176485
6000,288.391846,0,1.266637,0.176689
6001,288.391846,0,1.266637,0.176689
6002,288.391846,0,1.266637,0.176689
6003,288.391846,0,1.266637,0.176689
6004,288.391846,0,1.266637,0.176689
6005,288.391846,0,1.266637,0.176689
6006,288.391846,0,1.266637,0.176689
6007,288.391846,0,1.266637,0.176689
6008,288.4505,0,1.267131,0.176485
6009,288.4505,0,1.267131,0.176485
6010,288.4505,0,1.267131,0.176485
6011,288.4505,0,1.267131,0.176485
6012,288.460724,0,1.279398,0.177242
6013,288.608978,2e-06,1.251675,0.174216
6014,288.460724,0,1.279398,0.177242
6015,288.460724,0,1.279398,0.177242
6016,288.460724,0,1.279398,0.177242
6017,288.608978,2e-06,1.251675,0.174216
6018,288.460724,0,1.279398,0.177242
6019,288.460724,0,1.279398,0.177242
6020,288.460724,0,1.279398,0.177242
6021,288.460724,0,1.279398,0.177242
6022,288.460724,0,1.279398,0.177242
6023,288.460724,0,1.279398,0.177242
6024,288.460724,0,1.279398,0.177242
6025,288.608978,2e-06,1.251675,0.174216
6026,288.608978,2e-06,1.251675,0.174216
6027,288.608978,2e-06,1.251675,0.174216
6028,288.460724,0,1.279398,0.177242
6029,288.460724,0,1.279398,0.177242
6030,288.460724,0,1.279398,0.177242
6031,288.460724,0,1.279398,0.177242
6032,288.460724,0,1.279398,0.177242
6033,288.460724,0,1.279398,0.177242
6034,288.460724,0,1.279398,0.177242
6035,288.460724,0,1.279398,0.177242
6036,297.648102,0.005135,2.540556,0.253108
6037,297.648102,0.005135,2.540556,0.253108
6038,296.847168,0.003038,2.581215,0.255366
6039,296.847168,0.003038,2.581215,0.255366
6040,296.847168,0.003038,2.581215,0.255366
6041,296.847168,0.003038,2.581215,0.255366
6042,296.847168,0.003038,2.581215,0.255366
6043,296.847168,0.003038,2.581215,0.255366
6044,296.847168,0.003038,2.581215,0.255366
6045,296.847168,0.003038,2.581215,0.255366
6046,296.847168,0.003038,2.581215,0.255366
6047,296.847168,0.003038,2.581215,0.255366
6048,296.847168,0.003038,2.581215,0.255366
6049,296.847168,0.003038,2.581215,0.255366
6050,296.847168,0.003038,2.581215,0.255366
6051,296.847168,0.003038,2.581215,0.255366
6052,296.847168,0.003038,2.581215,0.255366
6053,296.847168,0.003038,2.581215,0.255366
6054,296.459595,0,2.619876,0.2585
6055,296.459595,0,2.619876,0.2585
6056,296.459595,0,2.619876,0.2585
6057,296.890472,0,2.590227,0.256364
6058,296.890472,0,2.590227,0.256364
6059,296.459595,0,2.619876,0.2585
6060,296.890472,0,2.590227,0.256364
6061,296.459595,0,2.619876,0.2585
6062,296.459595,0,2.619876,0.2585
6063,295.525085,0.552752,2.689791,0.263579
6064,297.076416,0,2.582171,0.255994
6065,297.076416,0,2.582171,0.255994
6066,297.076416,0,2.582171,0.255994
6067,297.72583,0.009155,2.541137,0.253447
6068,297.930145,0.018408,2.528633,0.252775
6069,297.956482,0,2.518735,0.251892
6070,296.378662,0,2.626004,0.258958
6071,296.459595,0,2.619876,0.2585
6072,296.459595,0,2.619876,0.2585
6073,296.050964,0.000887,2.684489,0.263524
6074,296.050964,0.000887,2.684489,0.263524
6075,296.050964,0.000887,2.684489,0.263524
6076,296.050964,0.000887,2.684489,0.263524
6077,296.050964,0.000887,2.684489,0.263524
6078,295.681305,3e-06,2.716249,0.266197
6079,295.681305,3e-06,2.716249,0.266197
6080,295.525085,0.552752,2.689791,0.263579
6081,295.525085,0.552752,2.689791,0.263579
6082,295.525085,0.552752,2.689791,0.263579
6083,295.525085,0.552752,2.689791,0.263579
6084,295.525085,0.552752,2.689791,0.263579
6085,295.525085,0.552752,2.689791,0.263579
6086,295.525085,0.552752,2.689791,0.263579
6087,295.762299,0.000392,2.669395,0.262012
6088,295.525085,0.552752,2.689791,0.263579
6089,295.525085,0.552752,2.689791,0.263579
6090,295.762299,0.000392,2.669395,0.262012
6091,295.525085,0.552752,2.689791,0.263579
6092,295.525085,0.552752,2.689791,0.263579
6093,295.525085,0.552752,2.689791,0.263579
6094,295.525085,0.552752,2.689791,0.263579
6095,295.525085,0.552752,2.689791,0.263579
6096,295.525085,0.552752,2.689791,0.263579
6097,295.525085,0.552752,2.689791,0.263579
6098,295.525085,0.552752,2.689791,0.263579
6099,295.762299,0.000392,2.669395,0.262012
6100,295.762299,0.000392,2.669395,0.262012
6101,295.525085,0.552752,2.689791,0.263579
6102,295.681305,3e-06,2.716249,0.266197
6103,295.525085,0.552752,2.689791,0.263579
6104,295.217926,0,2.682175,0.263155
6105,295.217926,0,2.682175,0.263155
6106,295.217926,0,2.682175,0.263155
6107,295.31012,0,2.683872,0.263256
6108,295.217926,0,2.682175,0.263155
6109,295.217926,0,2.682175,0.263155
6110,295.217926,0,2.682175,0.263155
6111,295.217926,0,2.682175,0.263155
6112,295.31012,0,2.683872,0.263256
6113,295.31012,0,2.683872,0.263256
6114,295.217926,0,2.682175,0.263155
6115,295.217926,0,2.682175,0.263155
6116,295.217926,0,2.682175,0.263155
6117,295.217926,0,2.682175,0.263155
6118,295.217926,0,2.682175,0.263155
6119,295.217926,0,2.682175,0.263155
6120,295.217926,0,2.682175,0.263155
6121,295.217926,0,2.682175,0.263155
6122,295.217926,0,2.682175,0.263155
6123,295.217926,0,2.682175,0.263155
6124,295.217926,0,2.682175,0.263155
6125,295.217926,0,2.682175,0.263155
6126,296.523376,0.000663,2.622288,0.259074
6127,296.523376,0.000663,2.622288,0.259074
6128,296.523376,0.000663,2.622288,0.259074
6129,296.523376,0.000663,2.622288,0.259074
6130,296.523376,0.000663,2.622288,0.259074
6131,296.523376,0.000663,2.622288,0.259074
6132,296.523376,0.000663,2.622288,0.259074
6133,296.523376,0.000663,2.622288,0.259074
6134,296.494843,0,2.623729,0.258932
6135,296.766846,6e-06,2.60253,0.257736
6136,296.766846,6e-06,2.60253,0.257736
6137,296.766846,6e-06,2.60253,0.257736
6138,296.766846,6e-06,2.60253,0.257736
6139,296.766846,6e-06,2.60253,0.257736
6140,296.523376,0.000663,2.622288,0.259074
6141,296.523376,0.000663,2.622288,0.259074
6142,296.523376,0.000663,2.622288,0.259074
6143,296.523376,0.000663,2.622288,0.259074
6144,296.951538,9e-06,2.61497,0.258125
6145,296.951538,9e-06,2.61497,0.258125
6146,296.951538,9e-06,2.61497,0.258125
6147,296.951538,9e-06,2.61497,0.258125
6148,296.951538,9e-06,2.61497,0.258125
6149,296.951538,9e-06,2.61497,0.258125
6150,296.951538,9e-06,2.61497,0.258125
6151,296.523376,0.000663,2.622288,0.259074
6152,296.951538,9e-06,2.61497,0.258125
6153,296.523376,0.000663,2.622288,0.259074
6154,296.523376,0.000663,2.622288,0.259074
6155,296.523376,0.000663,2.622288,0.259074
6156,296.523376,0.000663,2.622288,0.259074
6157,296.523376,0.000663,2.622288,0.259074
6158,296.951538,9e-06,2.61497,0.258125
6159,296.523376,0.000663,2.622288,0.259074
6160,296.951538,9e-06,2.61497,0.258125
6161,296.951538,9e-06,2.61497,0.258125
6162,296.523376,0.000663,2.622288,0.259074
6163,296.523376,0.000663,2.622288,0.259074
6164,296.951538,9e-06,2.61497,0.258125
6165,296.951538,9e-06,2.61497,0.258125
6166,296.951538,9e-06,2.61497,0.258125
6167,296.951538,9e-06,2.61497,0.258125
6168,296.574341,0,2.615717,0.257979
6169,296.574341,0,2.615717,0.257979
6170,296.574341,0,2.615717,0.257979
6171,296.574341,0,2.615717,0.257979
6172,296.574341,0,2.615717,0.257979
6173,296.574341,0,2.615717,0.257979
6174,296.574341,0,2.615717,0.257979
6175,296.574341,0,2.615717,0.257979
6176,295.31012,0,2.683872,0.263256
6177,295.217926,0,2.682175,0.263155
6178,297.956482,0,2.518735,0.251892
6179,297.956482,0,2.518735,0.251892
6180,297.956482,0,2.518735,0.251892
6181,297.467896,0.000443,2.546852,0.253236
6182,297.467896,0.000443,2.546852,0.253236
6183,297.467896,0.000443,2.546852,0.253236
6184,297.648102,0.005135,2.540556,0.253108
6185,298.909821,0.006255,2.463197,0.250118
6186,298.909821,0.006255,2.463197,0.250118
6187,298.909821,0.006255,2.463197,0.250118
6188,298.909821,0.006255,2.463197,0.250118
6189,298.909821,0.006255,2.463197,0.250118
6190,298.909821,0.006255,2.463197,0.250118
6191,298.909821,0.006255,2.463197,0.250118
6192,298.909821,0.006255,2.463197,0.250118
6193,298.909821,0.006255,2.463197,0.250118
6194,298.909821,0.006255,2.463197,0.250118
6195,298.909821,0.006255,2.463197,0.250118
6196,298.909821,0.006255,2.463197,0.250118
6197,299.027985,0,2.44335,0.248445
6198,299.027985,0,2.44335,0.248445
6199,299.027985,0,2.44335,0.248445
6200,299.027985,0,2.44335,0.248445
6201,299.027985,0,2.44335,0.248445
6202,298.909821,0.006255,2.463197,0.250118
6203,298.930939,0.00155,2.454561,0.249487
6204,298.909821,0.006255,2.463197,0.250118
6205,298.909821,0.006255,2.463197,0.250118
6206,298.909821,0.006255,2.463197,0.250118
6207,298.909821,0.006255,2.463197,0.250118
6208,298.909821,0.006255,2.463197,0.250118
6209,298.909821,0.006255,2.463197,0.250118
6210,298.909821,0.006255,2.463197,0.250118
6211,298.909821,0.006255,2.463197,0.250118
6212,298.909821,0.006255,2.463197,0.250118
6213,298.139862,0.023919,2.529291,0.254204
6214,298.139862,0.023919,2.529291,0.254204
6215,298.139862,0.023919,2.529291,0.254204
6216,298.139862,0.023919,2.529291,0.254204
6217,298.139862,0.023919,2.529291,0.254204
6218,297.85907,0.007117,2.551099,0.254925
6219,297.85907,0.007117,2.551099,0.254925
6220,297.657501,0,2.563663,0.255876
6221,297.657501,0,2.563663,0.255876
6222,297.999146,0.000485,2.544089,0.255224
6223,298.139862,0.023919,2.529291,0.254204
6224,298.139862,0.023919,2.529291,0.254204
6225,298.139862,0.023919,2.529291,0.254204
6226,298.139862,0.023919,2.529291,0.254204
6227,297.999146,0.000485,2.544089,0.255224
6228,298.139862,0.023919,2.529291,0.254204
6229,298.139862,0.023919,2.529291,0.254204
6230,298.139862,0.023919,2.529291,0.254204
6231,298.139862,0.023919,2.529291,0.254204
6232,298.139862,0.023919,2.529291,0.254204
6233,298.139862,0.023919,2.529291,0.254204
6234,298.139862,0.023919,2.529291,0.254204
6235,298.139862,0.023919,2.529291,0.254204
6236,298.139862,0.023919,2.529291,0.254204
6237,297.85907,0.007117,2.551099,0.254925
6238,297.85907,0.007117,2.551099,0.254925
6239,297.657501,0,2.563663,0.255876
6240,297.85907,0.007117,2.551099,0.254925
6241,297.657501,0,2.563663,0.255876
6242,297.657501,0,2.563663,0.255876
6243,297.657501,0,2.563663,0.255876
6244,297.657501,0,2.563663,0.255876
6245,297.657501,0,2.563663,0.255876
6246,297.657501,0,2.563663,0.255876
6247,297.657501,0,2.563663,0.255876
6248,297.657501,0,2.563663,0.255876
6249,297.657501,0,2.563663,0.255876
6250,297.85907,0.007117,2.551099,0.254925
6251,297.657501,0,2.563663,0.255876
6252,297.657501,0,2.563663,0.255876
6253,297.657501,0,2.563663,0.255876
6254,297.85907,0.007117,2.551099,0.254925
6255,297.266388,0.002691,2.583643,0.25676
6256,297.266388,0.002691,2.583643,0.25676
6257,297.266388,0.002691,2.583643,0.25676
6258,297.266388,0.002691,2.583643,0.25676
6259,297.144989,0.000317,2.59192,0.257276
6260,297.144989,0.000317,2.59192,0.257276
6261,297.144989,0.000317,2.59192,0.257276
6262,297.144989,0.000317,2.59192,0.257276
6263,297.144989,0.000317,2.59192,0.257276
6264,297.144989,0.000317,2.59192,0.257276
6265,297.144989,0.000317,2.59192,0.257276
6266,297.144989,0.000317,2.59192,0.257276
6267,297.266388,0.002691,2.583643,0.25676
6268,297.266388,0.002691,2.583643,0.25676
6269,297.144989,0.000317,2.59192,0.257276
6270,297.240082,0.003738,2.563607,0.253963
6271,297.240082,0.003738,2.563607,0.253963
6272,297.240082,0.003738,2.563607,0.253963
6273,297.229218,0.058553,2.587496,0.257173
6274,297.231903,0.012478,2.570742,0.255264
6275,297.229218,0.058553,2.587496,0.257173
6276,297.231903,0.012478,2.570742,0.255264
6277,297.229218,0.058553,2.587496,0.257173
6278,297.229218,0.058553,2.587496,0.257173
6279,297.231903,0.012478,2.570742,0.255264
6280,297.229218,0.058553,2.587496,0.257173
6281,297.231903,0.012478,2.570742,0.255264
6282,297.229218,0.058553,2.587496,0.257173
6283,297.229218,0.058553,2.587496,0.257173
6284,297.229218,0.058553,2.587496,0.257173
6285,297.231903,0.012478,2.570742,0.255264
6286,297.229218,0.058553,2.587496,0.257173
6287,297.229218,0.058553,2.587496,0.257173
6288,297.229218,0.058553,2.587496,0.257173
6289,297.231903,0.012478,2.570742,0.255264
6290,297.231903,0.012478,2.570742,0.255264
6291,297.229218,0.058553,2.587496,0.257173
6292,297.229218,0.058553,2.587496,0.257173
6293,297.229218,0.058553,2.587496,0.257173
6294,297.229218,0.058553,2.587496,0.257173
6295,297.231903,0.012478,2.570742,0.255264
6296,297.229218,0.058553,2.587496,0.257173
6297,297.229218,0.058553,2.587496,0.257173
6298,297.231903,0.012478,2.570742,0.255264
6299,297.229218,0.058553,2.587496,0.257173
6300,297.229218,0.058553,2.587496,0.257173
6301,297.229218,0.058553,2.587496,0.257173
6302,297.144989,0.000317,2.59192,0.257276
6303,299.027985,0,2.44335,0.248445
6304,290.808075,0,1.930094,0.218506
6305,290.808075,0,1.930094,0.218506
6306,290.808075,0,1.930094,0.218506
6307,290.808075,0,1.930094,0.218506
6308,290.808075,0,1.930094,0.218506
6309,290.703552,0.262472,1.930195,0.218612
6310,290.703552,0.262472,1.930195,0.218612
6311,289.610992,0,1.999144,0.223964
6312,289.610992,0,1.999144,0.223964
6313,289.610992,0,1.999144,0.223964
6314,289.610992,0,1.999144,0.223964
6315,289.610992,0,1.999144,0.223964
6316,289.610992,0,1.999144,0.223964
6317,289.610992,0,1.999144,0.223964
6318,290.125732,0,2.038281,0.227092
6319,290.125732,0,2.038281,0.227092
6320,290.125732,0,2.038281,0.227092
6321,290.125732,0,2.038281,0.227092
6322,290.125732,0,2.038281,0.227092
6323,290.125732,0,2.038281,0.227092
6324,290.125732,0,2.038281,0.227092
6325,290.125732,0,2.038281,0.227092
6326,290.125732,0,2.038281,0.227092
6327,289.543976,0.067427,1.997304,0.223699
6328,289.543976,0.067427,1.997304,0.223699
6329,289.543976,0.067427,1.997304,0.223699
6330,289.543976,0.067427,1.997304,0.223699
6331,289.543976,0.067427,1.997304,0.223699
6332,289.543976,0.067427,1.997304,0.223699
6333,289.543976,0.067427,1.997304,0.223699
6334,289.543976,0.067427,1.997304,0.223699
6335,289.543976,0.067427,1.997304,0.223699
6336,289.543976,0.067427,1.997304,0.223699
6337,289.543976,0.067427,1.997304,0.223699
6338,289.111633,0.013742,2.034747,0.226343
6339,289.111633,0.013742,2.034747,0.226343
6340,289.111633,0.013742,2.034747,0.226343
6341,289.111633,0.013742,2.034747,0.226343
6342,289.111633,0.013742,2.034747,0.226343
6343,289.637329,0,1.991949,0.223201
6344,289.637329,0,1.991949,0.223201
6345,289.637329,0,1.991949,0.223201
6346,289.637329,0,1.991949,0.223201
6347,289.637329,0,1.991949,0.223201
6348,289.637329,0,1.991949,0.223201
6349,289.637329,0,1.991949,0.223201
6350,289.637329,0,1.991949,0.223201
6351,289.637329,0,1.991949,0.223201
6352,289.637329,0,1.991949,0.223201
6353,289.280548,3e-04,2.058802,0.22808
6354,289.280548,3e-04,2.058802,0.22808
6355,289.280548,3e-04,2.058802,0.22808
6356,289.280548,3e-04,2.058802,0.22808
6357,289.280548,3e-04,2.058802,0.22808
6358,289.280548,3e-04,2.058802,0.22808
6359,289.280548,3e-04,2.058802,0.22808
6360,289.280548,3e-04,2.058802,0.22808
6361,289.280548,3e-04,2.058802,0.22808
6362,289.280548,3e-04,2.058802,0.22808
6363,289.280548,3e-04,2.058802,0.22808
6364,289.280548,3e-04,2.058802,0.22808
6365,289.280548,3e-04,2.058802,0.22808
6366,293.911041,0,1.993869,0.220957
6367,293.911041,0,1.993869,0.220957
6368,293.911041,0,1.993869,0.220957
6369,293.911041,0,1.993869,0.220957
6370,293.911041,0,1.993869,0.220957
6371,293.911041,0,1.993869,0.220957
6372,293.911041,0,1.993869,0.220957
6373,293.911041,0,1.993869,0.220957
6374,293.628601,0,2.049995,0.22539
6375,293.628601,0,2.049995,0.22539
6376,293.286438,1.3e-05,2.069656,0.227923
6377,293.286438,1.3e-05,2.069656,0.227923
6378,293.286438,1.3e-05,2.069656,0.227923
6379,293.286438,1.3e-05,2.069656,0.227923
6380,293.286438,1.3e-05,2.069656,0.227923
6381,293.286438,1.3e-05,2.069656,0.227923
6382,293.286438,1.3e-05,2.069656,0.227923
6383,293.286438,1.3e-05,2.069656,0.227923
6384,293.286438,1.3e-05,2.069656,0.227923
6385,293.286438,1.3e-05,2.069656,0.227923
6386,293.286438,1.3e-05,2.069656,0.227923
6387,293.286438,1.3e-05,2.069656,0.227923
6388,293.286438,1.3e-05,2.069656,0.227923
6389,293.286438,1.3e-05,2.069656,0.227923
6390,293.286438,1.3e-05,2.069656,0.227923
6391,293.286438,1.3e-05,2.069656,0.227923
6392,293.286438,1.3e-05,2.069656,0.227923
6393,293.286438,1.3e-05,2.069656,0.227923
6394,293.286438,1.3e-05,2.069656,0.227923
6395,293.286438,1.3e-05,2.069656,0.227923
6396,293.286438,1.3e-05,2.069656,0.227923
6397,293.286438,1.3e-05,2.069656,0.227923
6398,293.286438,1.3e-05,2.069656,0.227923
6399,293.286438,1.3e-05,2.069656,0.227923
6400,293.286438,1.3e-05,2.069656,0.227923
6401,293.286438,1.3e-05,2.069656,0.227923
6402,293.286438,1.3e-05,2.069656,0.227923
6403,293.287201,1.8e-05,2.081385,0.228053
6404,293.287201,1.8e-05,2.081385,0.228053
6405,293.287201,1.8e-05,2.081385,0.228053
6406,293.286438,1.3e-05,2.069656,0.227923
6407,292.983429,0.005141,2.207395,0.236636
6408,292.983429,0.005141,2.207395,0.236636
6409,292.983429,0.005141,2.207395,0.236636
6410,293.287201,1.8e-05,2.081385,0.228053
6411,293.287201,1.8e-05,2.081385,0.228053
6412,293.287201,1.8e-05,2.081385,0.228053
6413,293.287201,1.8e-05,2.081385,0.228053
6414,293.287201,1.8e-05,2.081385,0.228053
6415,293.287201,1.8e-05,2.081385,0.228053
6416,293.31781,1e-06,2.075133,0.227649
6417,293.31781,1e-06,2.075133,0.227649
6418,293.070679,0.002788,2.212871,0.236999
6419,293.070679,0.002788,2.212871,0.236999
6420,293.070679,0.002788,2.212871,0.236999
6421,293.070679,0.002788,2.212871,0.236999
6422,293.070679,0.002788,2.212871,0.236999
6423,293.070679,0.002788,2.212871,0.236999
6424,293.070679,0.002788,2.212871,0.236999
6425,293.070679,0.002788,2.212871,0.236999
6426,293.038391,0.021817,2.209459,0.236799
6427,293.038391,0.021817,2.209459,0.236799
6428,293.038391,0.021817,2.209459,0.236799
6429,293.038391,0.021817,2.209459,0.236799
6430,292.717133,1e-06,2.358151,0.246897
6431,292.717133,1e-06,2.358151,0.246897
6432,293.038391,0.021817,2.209459,0.236799
6433,293.038391,0.021817,2.209459,0.236799
6434,293.038391,0.021817,2.209459,0.236799
6435,293.038391,0.021817,2.209459,0.236799
6436,292.717133,1e-06,2.358151,0.246897
6437,292.717133,1e-06,2.358151,0.246897
6438,292.717133,1e-06,2.358151,0.246897
6439,292.717133,1e-06,2.358151,0.246897
6440,292.717133,1e-06,2.358151,0.246897
6441,292.717133,1e-06,2.358151,0.246897
6442,293.038391,0.021817,2.209459,0.236799
6443,293.038391,0.021817,2.209459,0.236799
6444,293.038391,0.021817,2.209459,0.236799
6445,292.976166,0,2.196575,0.237459
6446,292.807343,0,2.346773,0.246186
6447,292.807343,0,2.346773,0.246186
6448,292.979553,7e-06,2.26201,0.240197
6449,292.979553,7e-06,2.26201,0.240197
6450,292.979553,7e-06,2.26201,0.240197
6451,292.717133,1e-06,2.358151,0.246897
6452,292.717133,1e-06,2.358151,0.246897
6453,292.717133,1e-06,2.358151,0.246897
6454,292.717133,1e-06,2.358151,0.246897
6455,292.717133,1e-06,2.358151,0.246897
6456,292.717133,1e-06,2.358151,0.246897
6457,292.717133,1e-06,2.358151,0.246897
6458,292.717133,1e-06,2.358151,0.246897
6459,292.717133,1e-06,2.358151,0.246897
6460,292.717133,1e-06,2.358151,0.246897
6461,292.717133,1e-06,2.358151,0.246897
6462,292.717133,1e-06,2.358151,0.246897
6463,292.717133,1e-06,2.358151,0.246897
6464,292.717133,1e-06,2.358151,0.246897
6465,292.717133,1e-06,2.358151,0.246897
6466,295.58783,1e-06,2.533192,0.258994
6467,295.58783,1e-06,2.533192,0.258994
6468,292.92514,0.002228,1.598334,0.198778
6469,292.92514,0.002228,1.598334,0.198778
6470,292.92514,0.002228,1.598334,0.198778
6471,292.92514,0.002228,1.598334,0.198778
6472,292.821106,0.000759,1.555779,0.195953
6473,292.821106,0.000759,1.555779,0.195953
6474,292.821106,0.000759,1.555779,0.195953
6475,292.821106,0.000759,1.555779,0.195953
6476,292.821106,0.000759,1.555779,0.195953
6477,292.821106,0.000759,1.555779,0.195953
6478,293.078461,2e-06,1.552638,0.196312
6479,293.078461,2e-06,1.552638,0.196312
6480,292.713898,0.001177,1.609153,0.199983
6481,292.713898,0.001177,1.609153,0.199983
6482,292.713898,0.001177,1.609153,0.199983
6483,292.713898,0.001177,1.609153,0.199983
6484,294.435547,0.000827,1.595301,0.199778
6485,294.435547,0.000827,1.595301,0.199778
6486,294.435547,0.000827,1.595301,0.199778
6487,294.435547,0.000827,1.595301,0.199778
6488,294.435547,0.000827,1.595301,0.199778
6489,294.435547,0.000827,1.595301,0.199778
6490,292.821106,0.000759,1.555779,0.195953
6491,292.821106,0.000759,1.555779,0.195953
6492,292.821106,0.000759,1.555779,0.195953
6493,292.821106,0.000759,1.555779,0.195953
6494,292.755219,0.04911,1.589972,0.198568
6495,292.755219,0.04911,1.589972,0.198568
6496,292.755219,0.04911,1.589972,0.198568
6497,292.534088,0,1.597934,0.199048
6498,292.534088,0,1.597934,0.199048
6499,292.600983,0,1.722891,0.20828
6500,292.600983,0,1.722891,0.20828
6501,292.600983,0,1.722891,0.20828
6502,292.115112,0.000531,1.661156,0.204385
6503,293.612366,1e-06,1.67645,0.205195
6504,293.612366,1e-06,1.67645,0.205195
6505,293.612366,1e-06,1.67645,0.205195
6506,293.612366,1e-06,1.67645,0.205195
6507,293.612366,1e-06,1.67645,0.205195
6508,293.612366,1e-06,1.67645,0.205195
6509,293.612366,1e-06,1.67645,0.205195
6510,293.612366,1e-06,1.67645,0.205195
6511,291.618225,0,1.83521,0.209105
6512,290.703888,0,1.8821,0.214459
6513,290.703888,0,1.8821,0.214459
6514,290.703888,0,1.8821,0.214459
6515,290.703888,0,1.8821,0.214459
6516,290.703888,0,1.8821,0.214459
6517,290.703888,0,1.8821,0.214459
6518,290.703888,0,1.8821,0.214459
6519,290.703888,0,1.8821,0.214459
6520,290.703888,0,1.8821,0.214459
6521,290.703888,0,1.8821,0.214459
6522,290.703888,0,1.8821,0.214459
6523,291.216675,0,1.852289,0.212273
6524,291.216675,0,1.852289,0.212273
6525,291.216675,0,1.852289,0.212273
6526,290.703888,0,1.8821,0.214459
6527,290.703888,0,1.8821,0.214459
6528,290.703888,0,1.8821,0.214459
6529,290.703888,0,1.8821,0.214459
6530,290.703888,0,1.8821,0.214459
6531,289.837555,0,1.932862,0.218433
6532,289.837555,0,1.932862,0.218433
6533,289.837555,0,1.932862,0.218433
6534,289.837555,0,1.932862,0.218433
6535,289.837555,0,1.932862,0.218433
6536,290.999481,0,1.859449,0.212066
6537,290.999481,0,1.859449,0.212066
6538,290.999481,0,1.859449,0.212066
6539,290.999481,0,1.859449,0.212066
6540,290.999481,0,1.859449,0.212066
6541,290.999481,0,1.859449,0.212066
6542,290.999481,0,1.859449,0.212066
6543,291.216675,0,1.852289,0.212273
6544,291.216675,0,1.852289,0.212273
6545,291.216675,0,1.852289,0.212273
6546,291.216675,0,1.852289,0.212273
6547,291.216675,0,1.852289,0.212273
6548,291.216675,0,1.852289,0.212273
6549,291.735168,0,1.834465,0.209031
6550,291.735168,0,1.834465,0.209031
6551,291.735168,0,1.834465,0.209031
6552,291.784973,0,1.830679,0.207013
6553,291.784973,0,1.830679,0.207013
6554,291.194885,0,1.854433,0.208839
6555,290.984253,0,1.864159,0.208373
6556,290.984253,0,1.864159,0.208373
6557,290.984253,0,1.864159,0.208373
6558,290.984253,0,1.864159,0.208373
6559,290.984253,0,1.864159,0.208373
6560,290.984253,0,1.864159,0.208373
6561,290.984253,0,1.864159,0.208373
6562,290.984253,0,1.864159,0.208373
6563,290.984253,0,1.864159,0.208373
6564,290.984253,0,1.864159,0.208373
6565,290.984253,0,1.864159,0.208373
6566,290.984253,0,1.864159,0.208373
6567,290.984253,0,1.864159,0.208373
6568,290.984253,0,1.864159,0.208373
6569,290.984253,0,1.864159,0.208373
6570,290.2229,2e-06,1.879307,0.210969
6571,290.2229,2e-06,1.879307,0.210969
6572,290.2229,2e-06,1.879307,0.210969
6573,290.2229,2e-06,1.879307,0.210969
6574,290.2229,2e-06,1.879307,0.210969
6575,290.2229,2e-06,1.879307,0.210969
6576,290.2229,2e-06,1.879307,0.210969
6577,290.2229,2e-06,1.879307,0.210969
6578,290.2229,2e-06,1.879307,0.210969
6579,290.2229,2e-06,1.879307,0.210969
6580,290.2229,2e-06,1.879307,0.210969
6581,290.2229,2e-06,1.879307,0.210969
6582,290.2229,2e-06,1.879307,0.210969
6583,290.2229,2e-06,1.879307,0.210969
6584,290.2229,2e-06,1.879307,0.210969
6585,288.998871,6e-05,1.910279,0.215682
6586,288.998871,6e-05,1.910279,0.215682
6587,289.305939,8e-06,1.901379,0.215564
6588,289.305939,8e-06,1.901379,0.215564
6589,289.305939,8e-06,1.901379,0.215564
6590,288.74234,0,1.954714,0.218294
6591,288.74234,0,1.954714,0.218294
6592,288.74234,0,1.954714,0.218294
6593,288.74234,0,1.954714,0.218294
6594,288.74234,0,1.954714,0.218294
6595,288.74234,0,1.954714,0.218294
6596,288.573822,0,1.962018,0.219115
6597,288.573822,0,1.962018,0.219115
6598,288.573822,0,1.962018,0.219115
6599,288.573822,0,1.962018,0.219115
6600,288.573822,0,1.962018,0.219115
6601,288.573822,0,1.962018,0.219115
6602,288.573822,0,1.962018,0.219115
6603,288.573822,0,1.962018,0.219115
6604,288.573822,0,1.962018,0.219115
6605,288.573822,0,1.962018,0.219115
6606,288.573822,0,1.962018,0.219115
6607,288.573822,0,1.962018,0.219115
6608,290.49408,5e-06,1.919878,0.216914
6609,290.49408,5e-06,1.919878,0.216914
6610,290.49408,5e-06,1.919878,0.216914
6611,290.49408,5e-06,1.919878,0.216914
6612,290.49408,5e-06,1.919878,0.216914
6613,290.49408,5e-06,1.919878,0.216914
6614,290.49408,5e-06,1.919878,0.216914
6615,290.49408,5e-06,1.919878,0.216914
6616,290.49408,5e-06,1.919878,0.216914
6617,290.118805,2e-06,1.887712,0.211303
6618,290.118805,2e-06,1.887712,0.211303
6619,290.999481,0,1.859449,0.212066
6620,291.475006,0,1.84525,0.21094
6621,291.475006,0,1.84525,0.21094
6622,291.475006,0,1.84525,0.21094
6623,291.475006,0,1.84525,0.21094
6624,291.475006,0,1.84525,0.21094
6625,291.475006,0,1.84525,0.21094
6626,291.475006,0,1.84525,0.21094
6627,291.475006,0,1.84525,0.21094
6628,291.475006,0,1.84525,0.21094
6629,291.475006,0,1.84525,0.21094
6630,290.63858,0,1.882406,0.213794
6631,289.612976,0,1.912446,0.217131
6632,289.612976,0,1.912446,0.217131
6633,289.612976,0,1.912446,0.217131
6634,288.9505,0,1.934119,0.218368
6635,288.9505,0,1.934119,0.218368
6636,288.9505,0,1.934119,0.218368
6637,288.9505,0,1.934119,0.218368
6638,288.9505,0,1.934119,0.218368
6639,289.432007,0,1.929103,0.217122
6640,289.432007,0,1.929103,0.217122
6641,289.432007,0,1.929103,0.217122
6642,289.432007,0,1.929103,0.217122
6643,289.554718,5.4e-05,1.920009,0.216472
6644,289.554718,5.4e-05,1.920009,0.216472
6645,289.554718,5.4e-05,1.920009,0.216472
6646,291.378082,0,1.849926,0.208481
6647,291.378082,0,1.849926,0.208481
6648,291.378082,0,1.849926,0.208481
6649,291.378082,0,1.849926,0.208481
6650,291.378082,0,1.849926,0.208481
6651,291.194885,0,1.854433,0.208839
6652,291.618225,0,1.83521,0.209105
6653,291.618225,0,1.83521,0.209105
6654,291.618225,0,1.83521,0.209105
6655,291.618225,0,1.83521,0.209105
6656,291.618225,0,1.83521,0.209105
6657,291.618225,0,1.83521,0.209105
6658,291.618225,0,1.83521,0.209105
6659,291.618225,0,1.83521,0.209105
6660,291.618225,0,1.83521,0.209105
6661,291.915527,0,1.830882,0.207636
6662,291.915527,0,1.830882,0.207636
6663,291.915527,0,1.830882,0.207636
6664,291.915527,0,1.830882,0.207636
6665,289.800903,0,0.652345,0.147763
6666,289.800903,0,0.652345,0.147763
6667,289.800903,0,0.652345,0.147763
6668,289.800903,0,0.652345,0.147763
6669,289.800903,0,0.652345,0.147763
6670,289.480255,0,0.676305,0.150512
6671,289.480255,0,0.676305,0.150512
6672,289.800903,0,0.652345,0.147763
6673,289.480255,0,0.676305,0.150512
6674,289.800903,0,0.652345,0.147763
6675,289.480255,0,0.676305,0.150512
6676,289.480255,0,0.676305,0.150512
6677,289.480255,0,0.676305,0.150512
6678,289.480255,0,0.676305,0.150512
6679,289.480255,0,0.676305,0.150512
6680,289.800903,0,0.652345,0.147763
6681,289.480255,0,0.676305,0.150512
6682,289.800903,0,0.652345,0.147763
6683,289.800903,0,0.652345,0.147763
6684,289.480255,0,0.676305,0.150512
6685,289.480255,0,0.676305,0.150512
6686,289.800903,0,0.652345,0.147763
6687,289.800903,0,0.652345,0.147763
6688,289.800903,0,0.652345,0.147763
6689,289.480255,0,0.676305,0.150512
6690,289.881958,0.005233,0.705682,0.148134
6691,289.881958,0.005233,0.705682,0.148134
6692,289.480255,0,0.676305,0.150512
6693,289.480255,0,0.676305,0.150512
6694,289.480255,0,0.676305,0.150512
6695,289.480255,0,0.676305,0.150512
6696,289.480255,0,0.676305,0.150512
6697,289.480255,0,0.676305,0.150512
6698,292.984039,0,1.79005,0.199821
6699,292.984039,0,1.79005,0.199821
6700,292.984039,0,1.79005,0.199821
6701,292.984039,0,1.79005,0.199821
6702,292.984039,0,1.79005,0.199821
6703,292.984039,0,1.79005,0.199821
6704,292.984039,0,1.79005,0.199821
6705,292.920868,0,1.79506,0.200765
6706,292.920868,0,1.79506,0.200765
6707,292.920868,0,1.79506,0.200765
6708,292.920868,0,1.79506,0.200765
6709,292.920868,0,1.79506,0.200765
6710,292.920868,0,1.79506,0.200765
6711,292.920868,0,1.79506,0.200765
6712,292.920868,0,1.79506,0.200765
6713,292.79245,0,1.796566,0.200797
6714,292.79245,0,1.796566,0.200797
6715,293.115967,0,1.80014,0.200317
6716,293.115967,0,1.80014,0.200317
6717,293.115967,0,1.80014,0.200317
6718,293.115967,0,1.80014,0.200317
6719,293.115967,0,1.80014,0.200317
6720,292.79245,0,1.796566,0.200797
6721,292.79245,0,1.796566,0.200797
6722,292.79245,0,1.796566,0.200797
6723,292.685791,0,1.80042,0.200555
6724,292.685791,0,1.80042,0.200555
6725,292.685791,0,1.80042,0.200555
6726,292.898346,0,1.793162,0.20098
6727,292.898346,0,1.793162,0.20098
6728,292.898346,0,1.793162,0.20098
6729,292.898346,0,1.793162,0.20098
6730,292.898346,0,1.793162,0.20098
6731,292.898346,0,1.793162,0.20098
6732,292.898346,0,1.793162,0.20098
6733,292.898346,0,1.793162,0.20098
6734,292.898346,0,1.793162,0.20098
6735,290.538452,0,1.863989,0.207582
6736,290.538452,0,1.863989,0.207582
6737,290.538452,0,1.863989,0.207582
6738,290.538452,0,1.863989,0.207582
6739,290.538452,0,1.863989,0.207582
6740,290.952972,0,1.857045,0.20626
6741,290.952972,0,1.857045,0.20626
6742,290.952972,0,1.857045,0.20626
6743,290.952972,0,1.857045,0.20626
6744,290.952972,0,1.857045,0.20626
6745,291.021851,0,1.853938,0.205704
6746,291.021851,0,1.853938,0.205704
6747,291.021851,0,1.853938,0.205704
6748,291.021851,0,1.853938,0.205704
6749,291.021851,0,1.853938,0.205704
6750,291.021851,0,1.853938,0.205704
6751,291.021851,0,1.853938,0.205704
6752,291.574799,0,1.829334,0.203761
6753,291.574799,0,1.829334,0.203761
6754,291.574799,0,1.829334,0.203761
6755,291.574799,0,1.829334,0.203761
6756,291.574799,0,1.829334,0.203761
6757,292.026764,0,1.815043,0.202185
6758,292.836823,0,2.692163,0.267294
6759,292.836823,0,2.692163,0.267294
6760,292.836823,0,2.692163,0.267294
6761,292.751312,1e-06,2.675421,0.266456
6762,292.827423,0,2.649313,0.264656
6763,292.751312,1e-06,2.675421,0.266456
6764,292.751312,1e-06,2.675421,0.266456
6765,293.065247,2e-06,2.497264,0.254446
6766,293.065247,2e-06,2.497264,0.254446
6767,293.065247,2e-06,2.497264,0.254446
6768,293.065247,2e-06,2.497264,0.254446
6769,293.065247,2e-06,2.497264,0.254446
6770,292.985901,0,2.384458,0.247818
6771,292.985901,0,2.384458,0.247818
6772,293.514404,1e-05,2.33746,0.243117
6773,292.985901,0,2.384458,0.247818
6774,292.985901,0,2.384458,0.247818
6775,292.985901,0,2.384458,0.247818
6776,292.985901,0,2.384458,0.247818
6777,292.985901,0,2.384458,0.247818
6778,292.985901,0,2.384458,0.247818
6779,292.985901,0,2.384458,0.247818
6780,292.985901,0,2.384458,0.247818
6781,292.976166,0,2.196575,0.237459
6782,292.976166,0,2.196575,0.237459
6783,292.976166,0,2.196575,0.237459
6784,292.976166,0,2.196575,0.237459
6785,292.669067,0.04969,2.797001,0.27412
6786,293.355316,7e-06,2.666672,0.264678
6787,293.355316,7e-06,2.666672,0.264678
6788,293.355316,7e-06,2.666672,0.264678
6789,293.355316,7e-06,2.666672,0.264678
6790,293.355316,7e-06,2.666672,0.264678
6791,293.355316,7e-06,2.666672,0.264678
6792,292.669067,0.04969,2.797001,0.27412
6793,292.669067,0.04969,2.797001,0.27412
6794,292.669067,0.04969,2.797001,0.27412
6795,292.669067,0.04969,2.797001,0.27412
6796,292.669067,0.04969,2.797001,0.27412
6797,292.669067,0.04969,2.797001,0.27412
6798,292.669067,0.04969,2.797001,0.27412
6799,292.669067,0.04969,2.797001,0.27412
6800,292.838867,0.002716,2.765764,0.272158
6801,292.838867,0.002716,2.765764,0.272158
6802,292.838867,0.002716,2.765764,0.272158
6803,292.838867,0.002716,2.765764,0.272158
6804,292.838867,0.002716,2.765764,0.272158
6805,292.838867,0.002716,2.765764,0.272158
6806,292.838867,0.002716,2.765764,0.272158
6807,292.787537,0.009247,2.787598,0.273302
6808,292.787537,0.009247,2.787598,0.273302
6809,292.787537,0.009247,2.787598,0.273302
6810,292.787537,0.009247,2.787598,0.273302
6811,292.787537,0.009247,2.787598,0.273302
6812,292.787537,0.009247,2.787598,0.273302
6813,292.787537,0.009247,2.787598,0.273302
6814,292.787537,0.009247,2.787598,0.273302
6815,292.787537,0.009247,2.787598,0.273302
6816,292.787537,0.009247,2.787598,0.273302
6817,292.787537,0.009247,2.787598,0.273302
6818,292.787537,0.009247,2.787598,0.273302
6819,293.805237,0,2.767739,0.272541
6820,293.805237,0,2.767739,0.272541
6821,293.805237,0,2.767739,0.272541
6822,293.805237,0,2.767739,0.272541
6823,293.805237,0,2.767739,0.272541
6824,293.805237,0,2.767739,0.272541
6825,292.792114,0.009117,2.796261,0.273803
6826,292.792114,0.009117,2.796261,0.273803
6827,292.792114,0.009117,2.796261,0.273803
6828,292.792114,0.009117,2.796261,0.273803
6829,292.792114,0.009117,2.796261,0.273803
6830,292.792114,0.009117,2.796261,0.273803
6831,292.792114,0.009117,2.796261,0.273803
6832,292.792114,0.009117,2.796261,0.273803
6833,292.792114,0.009117,2.796261,0.273803
6834,292.792114,0.009117,2.796261,0.273803
6835,292.792114,0.009117,2.796261,0.273803
6836,292.792114,0.009117,2.796261,0.273803
6837,292.792114,0.009117,2.796261,0.273803
6838,292.792114,0.009117,2.796261,0.273803
6839,292.792114,0.009117,2.796261,0.273803
6840,293.057434,0.150889,2.753137,0.270684
6841,293.057434,0.150889,2.753137,0.270684
6842,288.011353,0,1.729433,0.209622
6843,288.011353,0,1.729433,0.209622
6844,288.011353,0,1.729433,0.209622
6845,288.203369,6.3e-05,1.638044,0.203766
6846,288.203369,6.3e-05,1.638044,0.203766
6847,288.149536,0,1.683714,0.206529
6848,288.011353,0,1.729433,0.209622
6849,288.253723,7e-06,1.636169,0.203473
6850,288.149536,0,1.683714,0.206529
6851,288.234161,9.6e-05,1.64703,0.204157
6852,288.203369,6.3e-05,1.638044,0.203766
6853,288.203369,6.3e-05,1.638044,0.203766
6854,288.092712,0,1.696391,0.207103
6855,288.011353,0,1.729433,0.209622
6856,288.092712,0,1.696391,0.207103
6857,288.092712,0,1.696391,0.207103
6858,288.092712,0,1.696391,0.207103
6859,288.092712,0,1.696391,0.207103
6860,288.011353,0,1.729433,0.209622
6861,287.252228,0,1.873421,0.213304
6862,287.252228,0,1.873421,0.213304
6863,287.160126,1e-06,1.886882,0.214881
6864,287.309326,0,1.864776,0.212382
6865,287.309326,0,1.864776,0.212382
6866,287.309326,0,1.864776,0.212382
6867,287.309326,0,1.864776,0.212382
6868,287.309326,0,1.864776,0.212382
6869,287.309326,0,1.864776,0.212382
6870,287.258881,0,1.872788,0.212983
6871,287.258881,0,1.872788,0.212983
6872,287.160126,1e-06,1.886882,0.214881
6873,287.309326,0,1.864776,0.212382
6874,287.258881,0,1.872788,0.212983
6875,287.252228,0,1.873421,0.213304
6876,287.258881,0,1.872788,0.212983
6877,287.160126,1e-06,1.886882,0.214881
6878,287.160126,1e-06,1.886882,0.214881
6879,287.309326,0,1.864776,0.212382
6880,287.160126,1e-06,1.886882,0.214881
6881,287.252228,0,1.873421,0.213304
6882,287.252228,0,1.873421,0.213304
6883,288.168549,0,1.889816,0.215639
6884,287.55954,0,1.882889,0.214891
6885,287.252228,0,1.873421,0.213304
6886,287.160126,1e-06,1.886882,0.214881
6887,287.309326,0,1.864776,0.212382
6888,287.309326,0,1.864776,0.212382
6889,287.258881,0,1.872788,0.212983
6890,287.252228,0,1.873421,0.213304
6891,287.160126,1e-06,1.886882,0.214881
6892,287.309326,0,1.864776,0.212382
6893,287.309326,0,1.864776,0.212382
6894,287.160126,1e-06,1.886882,0.214881
6895,287.252228,0,1.873421,0.213304
6896,287.252228,0,1.873421,0.213304
6897,287.160126,1e-06,1.886882,0.214881
6898,287.309326,0,1.864776,0.212382
6899,287.252228,0,1.873421,0.213304
6900,287.252228,0,1.873421,0.213304
6901,287.252228,0,1.873421,0.213304
6902,287.258881,0,1.872788,0.212983
6903,287.258881,0,1.872788,0.212983
6904,287.160126,1e-06,1.886882,0.214881
6905,287.309326,0,1.864776,0.212382
6906,287.160126,1e-06,1.886882,0.214881
6907,287.252228,0,1.873421,0.213304
6908,287.160126,1e-06,1.886882,0.214881
6909,287.378113,0,1.868401,0.216552
6910,287.464844,0.001109,1.860963,0.215459
6911,287.464844,0.001109,1.860963,0.215459
6912,287.557495,1.2e-05,1.839078,0.21352
6913,287.505463,0,1.840583,0.212709
6914,287.505463,0,1.840583,0.212709
6915,287.505463,0,1.840583,0.212709
6916,287.505463,0,1.840583,0.212709
6917,287.505463,0,1.840583,0.212709
6918,287.421692,0,1.851352,0.213294
6919,287.334198,0,1.867739,0.214402
6920,287.39798,0,1.866748,0.215162
6921,287.505463,0,1.840583,0.212709
6922,287.421692,0,1.851352,0.213294
6923,287.421692,0,1.851352,0.213294
6924,287.334198,0,1.867739,0.214402
6925,287.39798,0,1.866748,0.215162
6926,287.464844,0.001109,1.860963,0.215459
6927,287.464844,0.001109,1.860963,0.215459
6928,287.557495,1.2e-05,1.839078,0.21352
6929,287.39798,0,1.866748,0.215162
6930,287.39798,0,1.866748,0.215162
6931,287.39798,0,1.866748,0.215162
6932,287.378113,0,1.868401,0.216552
6933,287.557495,1.2e-05,1.839078,0.21352
6934,287.39798,0,1.866748,0.215162
6935,287.421692,0,1.851352,0.213294
6936,287.557495,1.2e-05,1.839078,0.21352
6937,287.39798,0,1.866748,0.215162
6938,287.464844,0.001109,1.860963,0.215459
6939,287.39798,0,1.866748,0.215162
6940,287.39798,0,1.866748,0.215162
6941,287.464844,0.001109,1.860963,0.215459
6942,287.350555,0,1.864267,0.214518
6943,287.557495,1.2e-05,1.839078,0.21352
6944,287.39798,0,1.866748,0.215162
6945,287.39798,0,1.866748,0.215162
6946,287.350555,0,1.864267,0.214518
6947,287.464844,0.001109,1.860963,0.215459
6948,288.142426,0,1.8706,0.216082
6949,289.707672,0,1.82785,0.213423
6950,287.464844,0.001109,1.860963,0.215459
6951,287.464844,0.001109,1.860963,0.215459
6952,287.464844,0.001109,1.860963,0.215459
6953,287.464844,0.001109,1.860963,0.215459
6954,287.557495,1.2e-05,1.839078,0.21352
6955,288.142426,0,1.8706,0.216082
6956,287.464844,0.001109,1.860963,0.215459
6957,287.378113,0,1.868401,0.216552
6958,289.707672,0,1.82785,0.213423
6959,287.464844,0.001109,1.860963,0.215459
6960,287.421692,0,1.851352,0.213294
6961,288.142426,0,1.8706,0.216082
6962,287.464844,0.001109,1.860963,0.215459
6963,287.077881,0,1.883929,0.213066
6964,286.802948,0,1.932916,0.218021
6965,286.802643,0.000304,1.932994,0.21754
6966,286.802948,0,1.932916,0.218021
6967,287.205261,0,1.8829,0.212304
6968,286.807709,0,1.925466,0.217915
6969,286.866089,0,1.92111,0.217049
6970,287.077881,0,1.883929,0.213066
6971,287.077881,0,1.883929,0.213066
6972,286.866089,0,1.92111,0.217049
6973,286.866089,0,1.92111,0.217049
6974,286.866089,0,1.92111,0.217049
6975,286.807709,0,1.925466,0.217915
6976,286.866089,0,1.92111,0.217049
6977,286.866089,0,1.92111,0.217049
6978,287.340271,0,2.014498,0.215111
6979,290.876648,0,2.031611,0.226189
6980,287.226257,0,2.010299,0.216155
6981,287.303833,0,1.947499,0.212261
6982,287.303833,0,1.947499,0.212261
6983,287.303833,0,1.947499,0.212261
6984,287.303833,0,1.947499,0.212261
6985,287.303833,0,1.947499,0.212261
6986,287.303833,0,1.947499,0.212261
6987,287.303833,0,1.947499,0.212261
6988,287.303833,0,1.947499,0.212261
6989,287.303833,0,1.947499,0.212261
6990,287.303833,0,1.947499,0.212261
6991,287.049194,3e-06,2.034659,0.218031
6992,287.049194,3e-06,2.034659,0.218031
6993,287.049194,3e-06,2.034659,0.218031
6994,287.049194,3e-06,2.034659,0.218031
6995,287.049194,3e-06,2.034659,0.218031
6996,287.049194,3e-06,2.034659,0.218031
6997,287.049194,3e-06,2.034659,0.218031
6998,287.049194,3e-06,2.034659,0.218031
6999,287.049194,3e-06,2.034659,0.218031
7000,287.049194,3e-06,2.034659,0.218031
7001,287.049194,3e-06,2.034659,0.218031
7002,287.049194,3e-06,2.034659,0.218031
7003,287.049194,3e-06,2.034659,0.218031
7004,287.049194,3e-06,2.034659,0.218031
7005,287.049194,3e-06,2.034659,0.218031
7006,287.049194,3e-06,2.034659,0.218031
7007,287.049194,3e-06,2.034659,0.218031
7008,287.049194,3e-06,2.034659,0.218031
7009,287.049194,3e-06,2.034659,0.218031
7010,287.049194,3e-06,2.034659,0.218031
7011,287.049194,3e-06,2.034659,0.218031
7012,287.78598,0,2.018047,0.218685
7013,287.340271,0,2.014498,0.215111
7014,287.340271,0,2.014498,0.215111
7015,287.340271,0,2.014498,0.215111
7016,287.340271,0,2.014498,0.215111
7017,287.340271,0,2.014498,0.215111
7018,287.340271,0,2.014498,0.215111
7019,287.340271,0,2.014498,0.215111
7020,287.340271,0,2.014498,0.215111
7021,287.340271,0,2.014498,0.215111
7022,287.340271,0,2.014498,0.215111
7023,287.340271,0,2.014498,0.215111
7024,287.340271,0,2.014498,0.215111
7025,287.340271,0,2.014498,0.215111
7026,287.340271,0,2.014498,0.215111
7027,287.340271,0,2.014498,0.215111
7028,287.340271,0,2.014498,0.215111
7029,287.340271,0,2.014498,0.215111
7030,287.340271,0,2.014498,0.215111
7031,287.340271,0,2.014498,0.215111
7032,287.340271,0,2.014498,0.215111
7033,287.340271,0,2.014498,0.215111
7034,287.340271,0,2.014498,0.215111
7035,287.226257,0,2.010299,0.216155
7036,287.226257,0,2.010299,0.216155
7037,287.226257,0,2.010299,0.216155
7038,287.226257,0,2.010299,0.216155
7039,287.226257,0,2.010299,0.216155
7040,287.226257,0,2.010299,0.216155
7041,287.226257,0,2.010299,0.216155
7042,287.226257,0,2.010299,0.216155
7043,287.226257,0,2.010299,0.216155
7044,287.226257,0,2.010299,0.216155
7045,287.226257,0,2.010299,0.216155
7046,287.385193,0,1.97954,0.213435
7047,287.385193,0,1.97954,0.213435
7048,287.385193,0,1.97954,0.213435
7049,287.385193,0,1.97954,0.213435
7050,287.385193,0,1.97954,0.213435
7051,287.385193,0,1.97954,0.213435
7052,287.385193,0,1.97954,0.213435
7053,287.385193,0,1.97954,0.213435
7054,287.385193,0,1.97954,0.213435
7055,287.385193,0,1.97954,0.213435
7056,287.385193,0,1.97954,0.213435
7057,287.385193,0,1.97954,0.213435
7058,287.385193,0,1.97954,0.213435
7059,287.385193,0,1.97954,0.213435
7060,287.385193,0,1.97954,0.213435
7061,287.385193,0,1.97954,0.213435
7062,287.385193,0,1.97954,0.213435
7063,287.385193,0,1.97954,0.213435
7064,287.385193,0,1.97954,0.213435
7065,287.385193,0,1.97954,0.213435
7066,287.184174,0,1.927805,0.212997
7067,287.184174,0,1.927805,0.212997
7068,287.184174,0,1.927805,0.212997
7069,287.184174,0,1.927805,0.212997
7070,287.184174,0,1.927805,0.212997
7071,287.184174,0,1.927805,0.212997
7072,287.184174,0,1.927805,0.212997
7073,287.184174,0,1.927805,0.212997
7074,287.184174,0,1.927805,0.212997
7075,287.184174,0,1.927805,0.212997
7076,287.184174,0,1.927805,0.212997
7077,287.184174,0,1.927805,0.212997
7078,287.184174,0,1.927805,0.212997
7079,287.184174,0,1.927805,0.212997
7080,287.385193,0,1.97954,0.213435
7081,287.385193,0,1.97954,0.213435
7082,287.385193,0,1.97954,0.213435
7083,287.385193,0,1.97954,0.213435
7084,287.385193,0,1.97954,0.213435
7085,287.385193,0,1.97954,0.213435
7086,287.385193,0,1.97954,0.213435
7087,287.303833,0,1.947499,0.212261
7088,287.303833,0,1.947499,0.212261
7089,287.303833,0,1.947499,0.212261
7090,287.303833,0,1.947499,0.212261
7091,287.303833,0,1.947499,0.212261
7092,287.303833,0,1.947499,0.212261
7093,287.303833,0,1.947499,0.212261
7094,287.303833,0,1.947499,0.212261
7095,287.303833,0,1.947499,0.212261
7096,287.303833,0,1.947499,0.212261
7097,287.303833,0,1.947499,0.212261
7098,287.303833,0,1.947499,0.212261
7099,287.303833,0,1.947499,0.212261
7100,287.303833,0,1.947499,0.212261
7101,287.303833,0,1.947499,0.212261
7102,287.303833,0,1.947499,0.212261
7103,287.303833,0,1.947499,0.212261
7104,287.303833,0,1.947499,0.212261
7105,287.303833,0,1.947499,0.212261
7106,287.303833,0,1.947499,0.212261
7107,287.303833,0,1.947499,0.212261
7108,287.385193,0,1.97954,0.213435
7109,287.385193,0,1.97954,0.213435
7110,287.226257,0,2.010299,0.216155
7111,287.226257,0,2.010299,0.216155
7112,287.226257,0,2.010299,0.216155
7113,287.226257,0,2.010299,0.216155
7114,287.226257,0,2.010299,0.216155
7115,287.226257,0,2.010299,0.216155
7116,287.226257,0,2.010299,0.216155
7117,287.226257,0,2.010299,0.216155
7118,287.226257,0,2.010299,0.216155
7119,287.226257,0,2.010299,0.216155
7120,287.226257,0,2.010299,0.216155
7121,287.226257,0,2.010299,0.216155
7122,287.226257,0,2.010299,0.216155
7123,287.226257,0,2.010299,0.216155
7124,287.226257,0,2.010299,0.216155
7125,287.226257,0,2.010299,0.216155
7126,287.226257,0,2.010299,0.216155
7127,287.226257,0,2.010299,0.216155
7128,287.226257,0,2.010299,0.216155
7129,287.226257,0,2.010299,0.216155
7130,287.340271,0,2.014498,0.215111
7131,287.340271,0,2.014498,0.215111
7132,287.340271,0,2.014498,0.215111
7133,287.340271,0,2.014498,0.215111
7134,287.340271,0,2.014498,0.215111
7135,287.78598,0,2.018047,0.218685
7136,287.78598,0,2.018047,0.218685
7137,287.78598,0,2.018047,0.218685
7138,287.78598,0,2.018047,0.218685
7139,287.78598,0,2.018047,0.218685
7140,287.78598,0,2.018047,0.218685
7141,287.78598,0,2.018047,0.218685
7142,287.78598,0,2.018047,0.218685
7143,287.78598,0,2.018047,0.218685
7144,287.78598,0,2.018047,0.218685
7145,287.78598,0,2.018047,0.218685
7146,287.385193,0,1.97954,0.213435
7147,287.385193,0,1.97954,0.213435
7148,287.385193,0,1.97954,0.213435
7149,287.385193,0,1.97954,0.213435
7150,287.385193,0,1.97954,0.213435
7151,287.385193,0,1.97954,0.213435
7152,287.385193,0,1.97954,0.213435
7153,287.184174,0,1.927805,0.212997
7154,287.184174,0,1.927805,0.212997
7155,287.184174,0,1.927805,0.212997
7156,287.184174,0,1.927805,0.212997
7157,287.184174,0,1.927805,0.212997
7158,287.184174,0,1.927805,0.212997
7159,287.184174,0,1.927805,0.212997
7160,287.184174,0,1.927805,0.212997
7161,287.184174,0,1.927805,0.212997
7162,287.184174,0,1.927805,0.212997
7163,287.385193,0,1.97954,0.213435
7164,287.385193,0,1.97954,0.213435
7165,287.385193,0,1.97954,0.213435
7166,287.385193,0,1.97954,0.213435
7167,287.385193,0,1.97954,0.213435
7168,287.385193,0,1.97954,0.213435
7169,287.184174,0,1.927805,0.212997
7170,287.184174,0,1.927805,0.212997
7171,287.184174,0,1.927805,0.212997
7172,287.184174,0,1.927805,0.212997
7173,287.303833,0,1.947499,0.212261
7174,287.303833,0,1.947499,0.212261
7175,287.303833,0,1.947499,0.212261
7176,287.303833,0,1.947499,0.212261
7177,287.303833,0,1.947499,0.212261
7178,287.303833,0,1.947499,0.212261
7179,287.303833,0,1.947499,0.212261
7180,290.876648,0,2.031611,0.226189
7181,290.876648,0,2.031611,0.226189
7182,290.876648,0,2.031611,0.226189
7183,290.876648,0,2.031611,0.226189
7184,290.876648,0,2.031611,0.226189
7185,290.876648,0,2.031611,0.226189
7186,290.876648,0,2.031611,0.226189
7187,294.714142,0,0.439608,0.118407
7188,294.497528,0,0.43002,0.119707
7189,294.714142,0,0.439608,0.118407
7190,294.497528,0,0.43002,0.119707
7191,294.497528,0,0.43002,0.119707
7192,294.497528,0,0.43002,0.119707
7193,294.497528,0,0.43002,0.119707
7194,294.497528,0,0.43002,0.119707
7195,294.497528,0,0.43002,0.119707
7196,294.497528,0,0.43002,0.119707
7197,294.497528,0,0.43002,0.119707
7198,294.497528,0,0.43002,0.119707
7199,294.497528,0,0.43002,0.119707
7200,294.497528,0,0.43002,0.119707
7201,294.497528,0,0.43002,0.119707
7202,294.497528,0,0.43002,0.119707
7203,294.497528,0,0.43002,0.119707
7204,294.714142,0,0.439608,0.118407
7205,294.497528,0,0.43002,0.119707
7206,294.497528,0,0.43002,0.119707
7207,294.714142,0,0.439608,0.118407
7208,294.497528,0,0.43002,0.119707
7209,294.714142,0,0.439608,0.118407
7210,294.497528,0,0.43002,0.119707
7211,294.714142,0,0.439608,0.118407
7212,294.714142,0,0.439608,0.118407
7213,294.714142,0,0.439608,0.118407
7214,294.497528,0,0.43002,0.119707
7215,294.714142,0,0.439608,0.118407
7216,294.497528,0,0.43002,0.119707
7217,294.497528,0,0.43002,0.119707
7218,294.497528,0,0.43002,0.119707
7219,294.497528,0,0.43002,0.119707
7220,294.714142,0,0.439608,0.118407
7221,294.497528,0,0.43002,0.119707
7222,294.714142,0,0.439608,0.118407
7223,294.497528,0,0.43002,0.119707
7224,294.497528,0,0.43002,0.119707
7225,294.497528,0,0.43002,0.119707
7226,294.497528,0,0.43002,0.119707
7227,294.497528,0,0.43002,0.119707
7228,294.497528,0,0.43002,0.119707
7229,294.497528,0,0.43002,0.119707
7230,294.497528,0,0.43002,0.119707
7231,294.497528,0,0.43002,0.119707
7232,294.497528,0,0.43002,0.119707
7233,294.497528,0,0.43002,0.119707
7234,294.497528,0,0.43002,0.119707
7235,294.497528,0,0.43002,0.119707
7236,294.497528,0,0.43002,0.119707
7237,294.497528,0,0.43002,0.119707
7238,294.497528,0,0.43002,0.119707
7239,294.497528,0,0.43002,0.119707
7240,294.497528,0,0.43002,0.119707
7241,294.497528,0,0.43002,0.119707
7242,294.497528,0,0.43002,0.119707
7243,294.497528,0,0.43002,0.119707
7244,294.497528,0,0.43002,0.119707
7245,294.497528,0,0.43002,0.119707
7246,294.497528,0,0.43002,0.119707
7247,294.497528,0,0.43002,0.119707
7248,294.497528,0,0.43002,0.119707
7249,294.497528,0,0.43002,0.119707
7250,294.497528,0,0.43002,0.119707
7251,294.497528,0,0.43002,0.119707
7252,294.497528,0,0.43002,0.119707
7253,294.497528,0,0.43002,0.119707
7254,294.497528,0,0.43002,0.119707
7255,294.497528,0,0.43002,0.119707
7256,298.422119,0,0.822493,0.099939
7257,298.422119,0,0.822493,0.099939
7258,298.422119,0,0.822493,0.099939
7259,298.422119,0,0.822493,0.099939
7260,298.422119,0,0.822493,0.099939
7261,298.422119,0,0.822493,0.099939
7262,298.422119,0,0.822493,0.099939
7263,298.422119,0,0.822493,0.099939
7264,298.422119,0,0.822493,0.099939
7265,298.422119,0,0.822493,0.099939
7266,298.422119,0,0.822493,0.099939
7267,298.422119,0,0.822493,0.099939
7268,298.422119,0,0.822493,0.099939
7269,298.422119,0,0.822493,0.099939
7270,298.422119,0,0.822493,0.099939
7271,298.422119,0,0.822493,0.099939
7272,298.422119,0,0.822493,0.099939
7273,298.388733,0,0.814079,0.099967
7274,298.388733,0,0.814079,0.099967
7275,298.388733,0,0.814079,0.099967
7276,298.388733,0,0.814079,0.099967
7277,298.388733,0,0.814079,0.099967
7278,298.388733,0,0.814079,0.099967
7279,298.388733,0,0.814079,0.099967
7280,298.388733,0,0.814079,0.099967
7281,298.388733,0,0.814079,0.099967
7282,298.388733,0,0.814079,0.099967
7283,298.422119,0,0.822493,0.099939
7284,298.422119,0,0.822493,0.099939
7285,298.422119,0,0.822493,0.099939
7286,298.388733,0,0.814079,0.099967
7287,298.388733,0,0.814079,0.099967
7288,298.388733,0,0.814079,0.099967
7289,298.388733,0,0.814079,0.099967
7290,298.388733,0,0.814079,0.099967
7291,298.388733,0,0.814079,0.099967
7292,298.388733,0,0.814079,0.099967
7293,298.388733,0,0.814079,0.099967
7294,298.388733,0,0.814079,0.099967
7295,298.388733,0,0.814079,0.099967
7296,298.388733,0,0.814079,0.099967
7297,298.422119,0,0.822493,0.099939
7298,298.422119,0,0.822493,0.099939
7299,298.422119,0,0.822493,0.099939
7300,288.674561,0,1.886182,0.208814
7301,288.674561,0,1.886182,0.208814
7302,288.674561,0,1.886182,0.208814
7303,288.674561,0,1.886182,0.208814
7304,288.674561,0,1.886182,0.208814
7305,288.674561,0,1.886182,0.208814
7306,288.674561,0,1.886182,0.208814
7307,288.012451,0,1.915642,0.211025
7308,288.012451,0,1.915642,0.211025
7309,287.409302,0,1.950814,0.216351
7310,287.409302,0,1.950814,0.216351
7311,287.409302,0,1.950814,0.216351
7312,287.645264,0,1.918129,0.213185
7313,287.505615,0,1.946963,0.216058
7314,287.811401,0,1.925154,0.214053
7315,287.723633,0,1.929059,0.214384
7316,287.409302,0,1.950814,0.216351
7317,287.723633,0,1.929059,0.214384
7318,287.811401,0,1.925154,0.214053
7319,287.409302,0,1.950814,0.216351
7320,287.941498,0,1.923243,0.213863
7321,287.409302,0,1.950814,0.216351
7322,287.645264,0,1.918129,0.213185
7323,287.723633,0,1.929059,0.214384
7324,287.723633,0,1.929059,0.214384
7325,287.179016,0.003135,1.966562,0.217779
7326,287.151062,0,1.964665,0.217419
7327,287.562683,3e-06,1.952923,0.216653
7328,287.151062,0,1.964665,0.217419
7329,287.179016,0.003135,1.966562,0.217779
7330,287.505615,0,1.946963,0.216058
7331,287.332764,0,1.966894,0.21788
7332,287.179016,0.003135,1.966562,0.217779
7333,287.151062,0,1.964665,0.217419
7334,289.200104,0,1.974401,0.219829
7335,287.505615,0,1.946963,0.216058
7336,287.332764,0,1.966894,0.21788
7337,287.562683,3e-06,1.952923,0.216653
7338,287.562683,3e-06,1.952923,0.216653
7339,287.505615,0,1.946963,0.216058
7340,287.179016,0.003135,1.966562,0.217779
7341,287.151062,0,1.964665,0.217419
7342,287.151062,0,1.964665,0.217419
7343,287.179016,0.003135,1.966562,0.217779
7344,287.179016,0.003135,1.966562,0.217779
7345,287.562683,3e-06,1.952923,0.216653
7346,287.151062,0,1.964665,0.217419
7347,287.179016,0.003135,1.966562,0.217779
7348,287.179016,0.003135,1.966562,0.217779
7349,287.179016,0.003135,1.966562,0.217779
7350,287.179016,0.003135,1.966562,0.217779
7351,287.615997,0,1.977183,0.219062
7352,287.505615,0,1.946963,0.216058
7353,287.723633,0,1.929059,0.214384
7354,287.723633,0,1.929059,0.214384
7355,287.723633,0,1.929059,0.214384
7356,287.723633,0,1.929059,0.214384
7357,287.409302,0,1.950814,0.216351
7358,287.409302,0,1.950814,0.216351
7359,287.409302,0,1.950814,0.216351
7360,287.409302,0,1.950814,0.216351
7361,287.409302,0,1.950814,0.216351
7362,287.409302,0,1.950814,0.216351
7363,287.409302,0,1.950814,0.216351
7364,287.409302,0,1.950814,0.216351
7365,287.151062,0,1.964665,0.217419
7366,287.151062,0,1.964665,0.217419
7367,287.151062,0,1.964665,0.217419
7368,287.151062,0,1.964665,0.217419
7369,287.151062,0,1.964665,0.217419
7370,287.151062,0,1.964665,0.217419
7371,287.151062,0,1.964665,0.217419
7372,287.151062,0,1.964665,0.217419
7373,287.151062,0,1.964665,0.217419
7374,287.151062,0,1.964665,0.217419
7375,287.151062,0,1.964665,0.217419
7376,287.151062,0,1.964665,0.217419
7377,287.151062,0,1.964665,0.217419
7378,287.151062,0,1.964665,0.217419
7379,287.151062,0,1.964665,0.217419
7380,287.151062,0,1.964665,0.217419
7381,287.151062,0,1.964665,0.217419
7382,287.151062,0,1.964665,0.217419
7383,287.151062,0,1.964665,0.217419
7384,287.151062,0,1.964665,0.217419
7385,289.097992,0,1.848863,0.207451
7386,289.097992,0,1.848863,0.207451
7387,289.097992,0,1.848863,0.207451
7388,289.748138,0,1.863623,0.207209
7389,290.587341,0,1.842641,0.20473
7390,290.587341,0,1.842641,0.20473
7391,290.587341,0,1.842641,0.20473
7392,290.587341,0,1.842641,0.20473
7393,290.587341,0,1.842641,0.20473
7394,292.272888,0,1.807772,0.199548
7395,290.877136,0,1.843361,0.205301
7396,290.877136,0,1.843361,0.205301
7397,292.272888,0,1.807772,0.199548
7398,290.877136,0,1.843361,0.205301
7399,290.877136,0,1.843361,0.205301
7400,290.877136,0,1.843361,0.205301
7401,290.877136,0,1.843361,0.205301
7402,290.877136,0,1.843361,0.205301
7403,290.877136,0,1.843361,0.205301
7404,290.877136,0,1.843361,0.205301
7405,290.877136,0,1.843361,0.205301
7406,290.877136,0,1.843361,0.205301
7407,290.877136,0,1.843361,0.205301
7408,290.877136,0,1.843361,0.205301
7409,290.877136,0,1.843361,0.205301
7410,290.877136,0,1.843361,0.205301
7411,290.877136,0,1.843361,0.205301
7412,290.877136,0,1.843361,0.205301
7413,290.877136,0,1.843361,0.205301
7414,290.877136,0,1.843361,0.205301
7415,290.877136,0,1.843361,0.205301
7416,290.877136,0,1.843361,0.205301
7417,291.325043,0,1.833297,0.203478
7418,291.325043,0,1.833297,0.203478
7419,291.699463,0,1.8198,0.202205
7420,291.699463,0,1.8198,0.202205
7421,291.699463,0,1.8198,0.202205
7422,291.699463,0,1.8198,0.202205
7423,291.699463,0,1.8198,0.202205
7424,291.699463,0,1.8198,0.202205
7425,291.699463,0,1.8198,0.202205
7426,291.699463,0,1.8198,0.202205
7427,291.699463,0,1.8198,0.202205
7428,292.119934,0,1.810721,0.201037
7429,292.290955,0,1.808723,0.200783
7430,292.290955,0,1.808723,0.200783
7431,292.290955,0,1.808723,0.200783
7432,292.112305,0,1.811371,0.200951
7433,292.119934,0,1.810721,0.201037
7434,292.119934,0,1.810721,0.201037
7435,292.119934,0,1.810721,0.201037
7436,288.224609,0.015438,1.495399,0.194172
7437,288.224609,0.015438,1.495399,0.194172
7438,288.224609,0.015438,1.495399,0.194172
7439,288.73053,0.003194,1.432961,0.189555
7440,288.355469,0,1.454245,0.191123
7441,288.414551,0,1.45618,0.191419
7442,288.414551,0,1.45618,0.191419
7443,288.414551,0,1.45618,0.191419
7444,288.350952,0.012061,1.49342,0.193857
7445,288.414551,0,1.45618,0.191419
7446,288.414551,0,1.45618,0.191419
7447,288.548706,2.4e-05,1.446811,0.190637
7448,288.350952,0.012061,1.49342,0.193857
7449,288.350952,0.012061,1.49342,0.193857
7450,288.350952,0.012061,1.49342,0.193857
7451,288.350952,0.012061,1.49342,0.193857
7452,288.350952,0.012061,1.49342,0.193857
7453,288.42276,0,1.496877,0.194164
7454,288.42276,0,1.496877,0.194164
7455,288.350952,0.012061,1.49342,0.193857
7456,288.42276,0,1.496877,0.194164
7457,288.224609,0.015438,1.495399,0.194172
7458,288.224609,0.015438,1.495399,0.194172
7459,288.73053,0.003194,1.432961,0.189555
7460,288.224609,0.015438,1.495399,0.194172
7461,288.224609,0.015438,1.495399,0.194172
7462,288.73053,0.003194,1.432961,0.189555
7463,288.414551,0,1.45618,0.191419
7464,288.355469,0,1.454245,0.191123
7465,288.42276,0,1.496877,0.194164
7466,288.350952,0.012061,1.49342,0.193857
7467,288.350952,0.012061,1.49342,0.193857
7468,288.350952,0.012061,1.49342,0.193857
7469,288.73053,0.003194,1.432961,0.189555
7470,288.229675,0.008318,1.53321,0.196756
7471,288.224609,0.015438,1.495399,0.194172
7472,288.224609,0.015438,1.495399,0.194172
7473,288.350952,0.012061,1.49342,0.193857
7474,288.350952,0.012061,1.49342,0.193857
7475,288.350952,0.012061,1.49342,0.193857
7476,288.434448,0,1.518077,0.195433
7477,292.678131,0,1.802068,0.200465
7478,292.678131,0,1.802068,0.200465
7479,292.678131,0,1.802068,0.200465
7480,292.678131,0,1.802068,0.200465
7481,292.678131,0,1.802068,0.200465
7482,292.678131,0,1.802068,0.200465
7483,292.678131,0,1.802068,0.200465
7484,292.678131,0,1.802068,0.200465
7485,292.678131,0,1.802068,0.200465
7486,286.642273,0,2.014763,0.218218
7487,286.642273,0,2.014763,0.218218
7488,286.642273,0,2.014763,0.218218
7489,286.708557,0,2.009061,0.217954
7490,286.642273,0,2.014763,0.218218
7491,286.642273,0,2.014763,0.218218
7492,286.642273,0,2.014763,0.218218
7493,286.708557,0,2.009061,0.217954
7494,286.708557,0,2.009061,0.217954
7495,286.6604,0,2.014021,0.217974
7496,286.957642,0,2.039723,0.216762
7497,286.957642,0,2.039723,0.216762
7498,286.939667,0,1.963568,0.216411
7499,286.970703,0.000214,1.972639,0.21623
7500,286.96524,0,1.995734,0.218279
7501,286.789673,0,1.984126,0.217416
7502,286.96524,0,1.995734,0.218279
7503,286.96524,0,1.995734,0.218279
7504,286.96524,0,1.995734,0.218279
7505,286.789673,0,1.984126,0.217416
7506,286.678955,0,1.991908,0.217908
7507,286.96524,0,1.995734,0.218279
7508,286.678955,0,1.991908,0.217908
7509,286.939667,0,1.963568,0.216411
7510,286.678955,0,1.991908,0.217908
7511,286.806396,0,1.983958,0.217182
7512,286.806396,0,1.983958,0.217182
7513,286.678955,0,1.991908,0.217908
7514,286.678955,0,1.991908,0.217908
7515,286.670197,0,1.994067,0.217995
7516,286.806396,0,1.983958,0.217182
7517,286.806396,0,1.983958,0.217182
7518,286.670197,0,1.994067,0.217995
7519,286.806396,0,1.983958,0.217182
7520,286.670197,0,1.994067,0.217995
7521,286.670197,0,1.994067,0.217995
7522,286.670197,0,1.994067,0.217995
7523,286.670197,0,1.994067,0.217995
7524,287.378113,0,1.868401,0.216552
7525,287.459991,0,1.835191,0.214916
7526,287.501556,0,1.845463,0.214703
7527,287.459991,0,1.835191,0.214916
7528,287.459991,0,1.835191,0.214916
7529,287.691528,2.9e-05,1.798721,0.213702
7530,287.691528,2.9e-05,1.798721,0.213702
7531,287.699554,0,1.790337,0.213465
7532,287.699554,0,1.790337,0.213465
7533,287.699554,0,1.790337,0.213465
7534,287.691528,2.9e-05,1.798721,0.213702
7535,287.699554,0,1.790337,0.213465
7536,287.699554,0,1.790337,0.213465
7537,287.699554,0,1.790337,0.213465
7538,287.912079,0,1.744612,0.210262
7539,287.912079,0,1.744612,0.210262
7540,287.912079,0,1.744612,0.210262
7541,287.912079,0,1.744612,0.210262
7542,287.912079,0,1.744612,0.210262
7543,287.777649,0,1.77014,0.211843
7544,287.777649,0,1.77014,0.211843
7545,287.777649,0,1.77014,0.211843
7546,287.777649,0,1.77014,0.211843
7547,287.777649,0,1.77014,0.211843
7548,287.777649,0,1.77014,0.211843
7549,287.777649,0,1.77014,0.211843
7550,287.777649,0,1.77014,0.211843
7551,287.777649,0,1.77014,0.211843
7552,287.777649,0,1.77014,0.211843
7553,287.777649,0,1.77014,0.211843
7554,287.777649,0,1.77014,0.211843
7555,287.78894,0.003243,1.779791,0.211756
7556,288.41684,0.017165,1.542917,0.197141
7557,288.41684,0.017165,1.542917,0.197141
7558,288.41684,0.017165,1.542917,0.197141
7559,288.41684,0.017165,1.542917,0.197141
7560,288.41684,0.017165,1.542917,0.197141
7561,288.374969,0,1.524763,0.196002
7562,288.393951,2e-05,1.561813,0.1984
7563,288.393951,2e-05,1.561813,0.1984
7564,288.306946,8.3e-05,1.555283,0.198205
7565,288.374969,0,1.524763,0.196002
7566,288.41684,0.017165,1.542917,0.197141
7567,288.41684,0.017165,1.542917,0.197141
7568,288.434448,0,1.518077,0.195433
7569,288.345032,0,1.546416,0.197504
7570,288.357758,0,1.607099,0.201367
7571,288.357758,0,1.607099,0.201367
7572,287.936401,0,1.738603,0.209932
7573,287.936401,0,1.738603,0.209932
7574,287.936401,0,1.738603,0.209932
7575,287.90274,0,1.73377,0.209957
7576,288.092712,0,1.696391,0.207103
7577,288.092712,0,1.696391,0.207103
7578,288.092712,0,1.696391,0.207103
7579,288.092712,0,1.696391,0.207103
7580,288.011353,0,1.729433,0.209622
7581,288.011353,0,1.729433,0.209622
7582,288.011353,0,1.729433,0.209622
7583,288.092712,0,1.696391,0.207103
7584,287.936401,0,1.738603,0.209932
7585,287.936401,0,1.738603,0.209932
7586,287.936401,0,1.738603,0.209932
7587,287.936401,0,1.738603,0.209932
7588,287.936401,0,1.738603,0.209932
7589,288.180389,1.7e-05,1.676853,0.205491
7590,287.777649,0,1.77014,0.211843
7591,288.180389,1.7e-05,1.676853,0.205491
7592,288.180389,1.7e-05,1.676853,0.205491
7593,288.180389,1.7e-05,1.676853,0.205491
7594,288.180389,1.7e-05,1.676853,0.205491
7595,288.180389,1.7e-05,1.676853,0.205491
7596,288.180389,1.7e-05,1.676853,0.205491
7597,288.180389,1.7e-05,1.676853,0.205491
7598,288.180389,1.7e-05,1.676853,0.205491
7599,288.180389,1.7e-05,1.676853,0.205491
7600,288.087494,3e-05,1.710564,0.207647
7601,288.087494,3e-05,1.710564,0.207647
7602,288.087494,3e-05,1.710564,0.207647
7603,288.087494,3e-05,1.710564,0.207647
7604,288.087494,3e-05,1.710564,0.207647
7605,288.087494,3e-05,1.710564,0.207647
7606,288.087494,3e-05,1.710564,0.207647
7607,288.087494,3e-05,1.710564,0.207647
7608,288.087494,3e-05,1.710564,0.207647
7609,287.945557,0,1.739701,0.209576
7610,287.945557,0,1.739701,0.209576
7611,287.945557,0,1.739701,0.209576
7612,287.945557,0,1.739701,0.209576
7613,288.296936,0,1.331148,0.181962
7614,288.468231,0,1.318935,0.181033
7615,288.314453,0,1.333454,0.182374
7616,288.296936,0,1.331148,0.181962
7617,288.397156,0,1.300268,0.179514
7618,288.397156,0,1.300268,0.179514
7619,288.296936,0,1.331148,0.181962
7620,288.296936,0,1.331148,0.181962
7621,288.296936,0,1.331148,0.181962
7622,288.296936,0,1.331148,0.181962
7623,288.296936,0,1.331148,0.181962
7624,288.468231,0,1.318935,0.181033
7625,288.412842,0,1.348638,0.183079
7626,288.412842,0,1.348638,0.183079
7627,288.296936,0,1.331148,0.181962
7628,288.314453,0,1.333454,0.182374
7629,288.296936,0,1.331148,0.181962
7630,288.296936,0,1.331148,0.181962
7631,288.296936,0,1.331148,0.181962
7632,288.296936,0,1.331148,0.181962
7633,288.314453,0,1.333454,0.182374
7634,288.296936,0,1.331148,0.181962
7635,288.296936,0,1.331148,0.181962
7636,288.296936,0,1.331148,0.181962
7637,288.156799,0,1.352939,0.184276
7638,288.296936,0,1.331148,0.181962
7639,288.259399,0,1.369606,0.185277
7640,288.25946,0,1.355133,0.183988
7641,288.25946,0,1.355133,0.183988
7642,288.314453,0,1.333454,0.182374
7643,288.296936,0,1.331148,0.181962
7644,288.296936,0,1.331148,0.181962
7645,288.25946,0,1.355133,0.183988
7646,288.156799,0,1.352939,0.184276
7647,288.296936,0,1.331148,0.181962
7648,288.296936,0,1.331148,0.181962
7649,288.296936,0,1.331148,0.181962
7650,288.285889,0,1.321271,0.181246
7651,288.25946,0,1.355133,0.183988
7652,288.296936,0,1.331148,0.181962
7653,288.296936,0,1.331148,0.181962
7654,288.296936,0,1.331148,0.181962
7655,288.285889,0,1.321271,0.181246
7656,288.314453,0,1.333454,0.182374
7657,288.397156,0,1.300268,0.179514
7658,288.259399,0,1.369606,0.185277
7659,288.259399,0,1.369606,0.185277
7660,288.25946,0,1.355133,0.183988
7661,288.296936,0,1.331148,0.181962
7662,288.296936,0,1.331148,0.181962
7663,288.259399,0,1.369606,0.185277
7664,288.296936,0,1.331148,0.181962
7665,288.25946,0,1.355133,0.183988
7666,288.156799,0,1.352939,0.184276
7667,288.25946,0,1.355133,0.183988
7668,288.25946,0,1.355133,0.183988
7669,288.259399,0,1.369606,0.185277
7670,288.25946,0,1.355133,0.183988
7671,288.259399,0,1.369606,0.185277
7672,288.25946,0,1.355133,0.183988
7673,288.259399,0,1.369606,0.185277
7674,288.314453,0,1.333454,0.182374
7675,288.314453,0,1.333454,0.182374
7676,288.314453,0,1.333454,0.182374
7677,288.314453,0,1.333454,0.182374
7678,288.468231,0,1.318935,0.181033
7679,288.314453,0,1.333454,0.182374
7680,288.314453,0,1.333454,0.182374
7681,288.412842,0,1.348638,0.183079
7682,288.468231,0,1.318935,0.181033
7683,288.314453,0,1.333454,0.182374
7684,288.412842,0,1.348638,0.183079
7685,288.296936,0,1.331148,0.181962
7686,288.412842,0,1.348638,0.183079
7687,288.296936,0,1.331148,0.181962
7688,288.296936,0,1.331148,0.181962
7689,288.314453,0,1.333454,0.182374
7690,288.314453,0,1.333454,0.182374
7691,288.314453,0,1.333454,0.182374
7692,288.468231,0,1.318935,0.181033
7693,288.296936,0,1.331148,0.181962
7694,288.296936,0,1.331148,0.181962
7695,288.468231,0,1.318935,0.181033
7696,288.412842,0,1.348638,0.183079
7697,288.25946,0,1.355133,0.183988
7698,288.259399,0,1.369606,0.185277
7699,288.25946,0,1.355133,0.183988
7700,288.25946,0,1.355133,0.183988
7701,288.25946,0,1.355133,0.183988
7702,288.296936,0,1.331148,0.181962
7703,288.285889,0,1.321271,0.181246
7704,288.296936,0,1.331148,0.181962
7705,288.296936,0,1.331148,0.181962
7706,288.296936,0,1.331148,0.181962
7707,288.296936,0,1.331148,0.181962
7708,288.314453,0,1.333454,0.182374
7709,288.314453,0,1.333454,0.182374
7710,288.314453,0,1.333454,0.182374
7711,288.296936,0,1.331148,0.181962
7712,288.296936,0,1.331148,0.181962
7713,288.296936,0,1.331148,0.181962
7714,288.296936,0,1.331148,0.181962
7715,288.120026,4e-06,1.373799,0.186065
7716,288.259399,0,1.369606,0.185277
7717,288.259399,0,1.369606,0.185277
7718,288.229065,2e-06,1.374204,0.185722
7719,288.229065,2e-06,1.374204,0.185722
7720,288.25946,0,1.355133,0.183988
7721,288.259399,0,1.369606,0.185277
7722,288.259399,0,1.369606,0.185277
7723,288.25946,0,1.355133,0.183988
7724,288.229065,2e-06,1.374204,0.185722
7725,288.25946,0,1.355133,0.183988
7726,288.25946,0,1.355133,0.183988
7727,289.804108,0,1.306102,0.182055
7728,288.259399,0,1.369606,0.185277
7729,288.120026,4e-06,1.373799,0.186065
7730,288.144196,0,1.448205,0.190862
7731,288.144196,0,1.448205,0.190862
7732,288.729767,0,1.399176,0.187803
7733,288.729767,0,1.399176,0.187803
7734,288.729767,0,1.399176,0.187803
7735,288.729767,0,1.399176,0.187803
7736,288.229065,2e-06,1.374204,0.185722
7737,288.220612,2e-05,1.416023,0.188554
7738,288.220612,2e-05,1.416023,0.188554
7739,288.207184,9e-06,1.40415,0.187635
7740,288.207184,9e-06,1.40415,0.187635
7741,288.207184,9e-06,1.40415,0.187635
7742,288.207184,9e-06,1.40415,0.187635
7743,288.220612,2e-05,1.416023,0.188554
7744,288.207184,9e-06,1.40415,0.187635
7745,288.207184,9e-06,1.40415,0.187635
7746,288.207184,9e-06,1.40415,0.187635
7747,288.220612,2e-05,1.416023,0.188554
7748,288.207184,9e-06,1.40415,0.187635
7749,288.207184,9e-06,1.40415,0.187635
7750,288.207184,9e-06,1.40415,0.187635
7751,288.207184,9e-06,1.40415,0.187635
7752,288.229065,2e-06,1.374204,0.185722
7753,288.220612,2e-05,1.416023,0.188554
7754,288.220612,2e-05,1.416023,0.188554
7755,288.220612,2e-05,1.416023,0.188554
7756,288.220612,2e-05,1.416023,0.188554
7757,288.207184,9e-06,1.40415,0.187635
7758,288.370972,0.000242,1.371698,0.185205
7759,288.370972,0.000242,1.371698,0.185205
7760,288.370972,0.000242,1.371698,0.185205
7761,288.480042,0.005337,1.368118,0.184795
7762,288.480042,0.005337,1.368118,0.184795
7763,288.480042,0.005337,1.368118,0.184795
7764,288.350189,0,1.399386,0.187291
7765,288.370972,0.000242,1.371698,0.185205
7766,288.370972,0.000242,1.371698,0.185205
7767,288.370972,0.000242,1.371698,0.185205
7768,288.370972,0.000242,1.371698,0.185205
7769,288.370972,0.000242,1.371698,0.185205
7770,288.370972,0.000242,1.371698,0.185205
7771,288.370972,0.000242,1.371698,0.185205
7772,288.370972,0.000242,1.371698,0.185205
7773,288.370972,0.000242,1.371698,0.185205
7774,288.370972,0.000242,1.371698,0.185205
7775,288.370972,0.000242,1.371698,0.185205
7776,288.370972,0.000242,1.371698,0.185205
7777,288.370972,0.000242,1.371698,0.185205
7778,288.370972,0.000242,1.371698,0.185205
7779,288.480042,0.005337,1.368118,0.184795
7780,288.220612,2e-05,1.416023,0.188554
7781,288.220612,2e-05,1.416023,0.188554
7782,288.220612,2e-05,1.416023,0.188554
7783,288.220612,2e-05,1.416023,0.188554
7784,288.220612,2e-05,1.416023,0.188554
7785,288.220612,2e-05,1.416023,0.188554
7786,288.220612,2e-05,1.416023,0.188554
7787,288.220612,2e-05,1.416023,0.188554
7788,288.350189,0,1.399386,0.187291
7789,288.220612,2e-05,1.416023,0.188554
7790,288.220612,2e-05,1.416023,0.188554
7791,288.220612,2e-05,1.416023,0.188554
7792,288.370972,0.000242,1.371698,0.185205
7793,288.259399,0,1.369606,0.185277
7794,288.259399,0,1.369606,0.185277
7795,288.370972,0.000242,1.371698,0.185205
7796,288.259399,0,1.369606,0.185277
7797,288.370972,0.000242,1.371698,0.185205
7798,288.370972,0.000242,1.371698,0.185205
7799,288.370972,0.000242,1.371698,0.185205
7800,288.370972,0.000242,1.371698,0.185205
7801,288.370972,0.000242,1.371698,0.185205
7802,288.370972,0.000242,1.371698,0.185205
7803,288.370972,0.000242,1.371698,0.185205
7804,288.370972,0.000242,1.371698,0.185205
7805,288.275146,0,1.369795,0.185238
7806,288.370972,0.000242,1.371698,0.185205
7807,288.370972,0.000242,1.371698,0.185205
7808,288.370972,0.000242,1.371698,0.185205
7809,288.370972,0.000242,1.371698,0.185205
7810,288.370972,0.000242,1.371698,0.185205
7811,288.370972,0.000242,1.371698,0.185205
7812,288.275146,0,1.369795,0.185238
7813,288.370972,0.000242,1.371698,0.185205
7814,288.370972,0.000242,1.371698,0.185205
7815,288.370972,0.000242,1.371698,0.185205
7816,288.370972,0.000242,1.371698,0.185205
7817,288.275146,0,1.369795,0.185238
7818,288.370972,0.000242,1.371698,0.185205
7819,288.207184,9e-06,1.40415,0.187635
7820,288.220612,2e-05,1.416023,0.188554
7821,288.220612,2e-05,1.416023,0.188554
7822,288.220612,2e-05,1.416023,0.188554
7823,288.220612,2e-05,1.416023,0.188554
7824,288.220612,2e-05,1.416023,0.188554
7825,288.220612,2e-05,1.416023,0.188554
7826,288.370972,0.000242,1.371698,0.185205
7827,288.370972,0.000242,1.371698,0.185205
7828,288.370972,0.000242,1.371698,0.185205
7829,288.370972,0.000242,1.371698,0.185205
7830,288.480042,0.005337,1.368118,0.184795
7831,288.480042,0.005337,1.368118,0.184795
7832,288.220612,2e-05,1.416023,0.188554
7833,288.220612,2e-05,1.416023,0.188554
7834,288.220612,2e-05,1.416023,0.188554
7835,288.207184,9e-06,1.40415,0.187635
7836,288.207184,9e-06,1.40415,0.187635
7837,288.207184,9e-06,1.40415,0.187635
7838,288.207184,9e-06,1.40415,0.187635
7839,288.207184,9e-06,1.40415,0.187635
7840,288.220612,2e-05,1.416023,0.188554
7841,288.220612,2e-05,1.416023,0.188554
7842,288.207184,9e-06,1.40415,0.187635
7843,288.207184,9e-06,1.40415,0.187635
7844,288.207184,9e-06,1.40415,0.187635
7845,288.220612,2e-05,1.416023,0.188554
7846,288.207184,9e-06,1.40415,0.187635
7847,288.207184,9e-06,1.40415,0.187635
7848,288.229065,2e-06,1.374204,0.185722
7849,288.207184,9e-06,1.40415,0.187635
7850,288.207184,9e-06,1.40415,0.187635
7851,288.350189,0,1.399386,0.187291
7852,288.220612,2e-05,1.416023,0.188554
7853,288.370972,0.000242,1.371698,0.185205
7854,288.370972,0.000242,1.371698,0.185205
7855,288.370972,0.000242,1.371698,0.185205
7856,288.370972,0.000242,1.371698,0.185205
7857,288.480042,0.005337,1.368118,0.184795
7858,288.729767,0,1.399176,0.187803
7859,288.729767,0,1.399176,0.187803
7860,288.207184,9e-06,1.40415,0.187635
7861,288.229065,2e-06,1.374204,0.185722
7862,288.229065,2e-06,1.374204,0.185722
7863,288.229065,2e-06,1.374204,0.185722
7864,288.229065,2e-06,1.374204,0.185722
7865,288.229065,2e-06,1.374204,0.185722
7866,288.229065,2e-06,1.374204,0.185722
7867,288.120026,4e-06,1.373799,0.186065
7868,288.120026,4e-06,1.373799,0.186065
7869,288.120026,4e-06,1.373799,0.186065
7870,288.120026,4e-06,1.373799,0.186065
7871,288.120026,4e-06,1.373799,0.186065
7872,288.120026,4e-06,1.373799,0.186065
7873,288.120026,4e-06,1.373799,0.186065
7874,288.229065,2e-06,1.374204,0.185722
7875,288.229065,2e-06,1.374204,0.185722
7876,288.120026,4e-06,1.373799,0.186065
7877,288.120026,4e-06,1.373799,0.186065
7878,288.120026,4e-06,1.373799,0.186065
7879,288.120026,4e-06,1.373799,0.186065
7880,288.120026,4e-06,1.373799,0.186065
7881,288.120026,4e-06,1.373799,0.186065
7882,288.120026,4e-06,1.373799,0.186065
7883,288.25946,0,1.355133,0.183988
7884,288.25946,0,1.355133,0.183988
7885,288.25946,0,1.355133,0.183988
7886,288.25946,0,1.355133,0.183988
7887,288.370972,0.000242,1.371698,0.185205
7888,288.220612,2e-05,1.416023,0.188554
7889,288.220612,2e-05,1.416023,0.188554
7890,288.220612,2e-05,1.416023,0.188554
7891,288.220612,2e-05,1.416023,0.188554
7892,288.220612,2e-05,1.416023,0.188554
7893,288.220612,2e-05,1.416023,0.188554
7894,288.220612,2e-05,1.416023,0.188554
7895,288.220612,2e-05,1.416023,0.188554
7896,288.220612,2e-05,1.416023,0.188554
7897,288.220612,2e-05,1.416023,0.188554
7898,288.207184,9e-06,1.40415,0.187635
7899,288.207184,9e-06,1.40415,0.187635
7900,288.220612,2e-05,1.416023,0.188554
7901,288.220612,2e-05,1.416023,0.188554
7902,288.220612,2e-05,1.416023,0.188554
7903,288.220612,2e-05,1.416023,0.188554
7904,288.220612,2e-05,1.416023,0.188554
7905,288.220612,2e-05,1.416023,0.188554
7906,288.220612,2e-05,1.416023,0.188554
7907,288.220612,2e-05,1.416023,0.188554
7908,304.609558,0.010402,2.551267,0.248373
7909,304.609558,0.010402,2.551267,0.248373
7910,304.609558,0.010402,2.551267,0.248373
7911,304.609558,0.010402,2.551267,0.248373
7912,304.609558,0.010402,2.551267,0.248373
7913,304.609558,0.010402,2.551267,0.248373
7914,304.609558,0.010402,2.551267,0.248373
7915,304.304047,0.003225,2.628157,0.254343
7916,304.324402,1e-06,2.592782,0.253064
7917,304.449249,0.033953,2.576649,0.251103
7918,304.304047,0.003225,2.628157,0.254343
7919,304.304047,0.003225,2.628157,0.254343
7920,304.449249,0.033953,2.576649,0.251103
7921,304.449249,0.033953,2.576649,0.251103
7922,304.449249,0.033953,2.576649,0.251103
7923,304.449249,0.033953,2.576649,0.251103
7924,304.449249,0.033953,2.576649,0.251103
7925,304.449249,0.033953,2.576649,0.251103
7926,304.449249,0.033953,2.576649,0.251103
7927,304.449249,0.033953,2.576649,0.251103
7928,304.449249,0.033953,2.576649,0.251103
7929,304.449249,0.033953,2.576649,0.251103
7930,304.449249,0.033953,2.576649,0.251103
7931,304.449249,0.033953,2.576649,0.251103
7932,304.449249,0.033953,2.576649,0.251103
7933,304.449249,0.033953,2.576649,0.251103
7934,304.449249,0.033953,2.576649,0.251103
7935,304.449249,0.033953,2.576649,0.251103
7936,304.449249,0.033953,2.576649,0.251103
7937,304.449249,0.033953,2.576649,0.251103
7938,304.449249,0.033953,2.576649,0.251103
7939,304.449249,0.033953,2.576649,0.251103
7940,304.449249,0.033953,2.576649,0.251103
7941,304.449249,0.033953,2.576649,0.251103
7942,304.449249,0.033953,2.576649,0.251103
7943,304.449249,0.033953,2.576649,0.251103
7944,304.449249,0.033953,2.576649,0.251103
7945,304.449249,0.033953,2.576649,0.251103
7946,304.449249,0.033953,2.576649,0.251103
7947,304.449249,0.033953,2.576649,0.251103
7948,304.449249,0.033953,2.576649,0.251103
7949,304.449249,0.033953,2.576649,0.251103
7950,304.449249,0.033953,2.576649,0.251103
7951,304.449249,0.033953,2.576649,0.251103
7952,304.449249,0.033953,2.576649,0.251103
7953,304.449249,0.033953,2.576649,0.251103
7954,304.449249,0.033953,2.576649,0.251103
7955,304.449249,0.033953,2.576649,0.251103
7956,304.449249,0.033953,2.576649,0.251103
7957,304.449249,0.033953,2.576649,0.251103
7958,304.449249,0.033953,2.576649,0.251103
7959,304.449249,0.033953,2.576649,0.251103
7960,304.449249,0.033953,2.576649,0.251103
7961,304.449249,0.033953,2.576649,0.251103
7962,304.449249,0.033953,2.576649,0.251103
7963,304.449249,0.033953,2.576649,0.251103
7964,304.449249,0.033953,2.576649,0.251103
7965,304.449249,0.033953,2.576649,0.251103
7966,304.449249,0.033953,2.576649,0.251103
7967,304.449249,0.033953,2.576649,0.251103
7968,304.449249,0.033953,2.576649,0.251103
7969,304.449249,0.033953,2.576649,0.251103
7970,304.449249,0.033953,2.576649,0.251103
7971,304.449249,0.033953,2.576649,0.251103
7972,304.449249,0.033953,2.576649,0.251103
7973,304.449249,0.033953,2.576649,0.251103
7974,304.449249,0.033953,2.576649,0.251103
7975,304.449249,0.033953,2.576649,0.251103
7976,304.449249,0.033953,2.576649,0.251103
7977,304.449249,0.033953,2.576649,0.251103
7978,304.449249,0.033953,2.576649,0.251103
7979,304.449249,0.033953,2.576649,0.251103
7980,304.324402,1e-06,2.592782,0.253064
7981,304.324402,1e-06,2.592782,0.253064
7982,304.324402,1e-06,2.592782,0.253064
7983,304.324402,1e-06,2.592782,0.253064
7984,304.324402,1e-06,2.592782,0.253064
7985,304.324402,1e-06,2.592782,0.253064
7986,304.324402,1e-06,2.592782,0.253064
7987,304.324402,1e-06,2.592782,0.253064
7988,304.324402,1e-06,2.592782,0.253064
7989,304.324402,1e-06,2.592782,0.253064
7990,304.324402,1e-06,2.592782,0.253064
7991,304.324402,1e-06,2.592782,0.253064
7992,304.324402,1e-06,2.592782,0.253064
7993,304.324402,1e-06,2.592782,0.253064
7994,304.324402,1e-06,2.592782,0.253064
7995,304.324402,1e-06,2.592782,0.253064
7996,304.324402,1e-06,2.592782,0.253064
7997,304.324402,1e-06,2.592782,0.253064
7998,304.324402,1e-06,2.592782,0.253064
7999,304.324402,1e-06,2.592782,0.253064
8000,304.324402,1e-06,2.592782,0.253064
8001,304.324402,1e-06,2.592782,0.253064
8002,304.324402,1e-06,2.592782,0.253064
8003,304.324402,1e-06,2.592782,0.253064
8004,304.324402,1e-06,2.592782,0.253064
8005,304.324402,1e-06,2.592782,0.253064
8006,304.324402,1e-06,2.592782,0.253064
8007,304.324402,1e-06,2.592782,0.253064
8008,304.324402,1e-06,2.592782,0.253064
8009,304.324402,1e-06,2.592782,0.253064
8010,304.324402,1e-06,2.592782,0.253064
8011,304.324402,1e-06,2.592782,0.253064
8012,304.449249,0.033953,2.576649,0.251103
8013,304.449249,0.033953,2.576649,0.251103
8014,304.449249,0.033953,2.576649,0.251103
8015,304.449249,0.033953,2.576649,0.251103
8016,304.449249,0.033953,2.576649,0.251103
8017,304.449249,0.033953,2.576649,0.251103
8018,304.449249,0.033953,2.576649,0.251103
8019,304.449249,0.033953,2.576649,0.251103
8020,304.449249,0.033953,2.576649,0.251103
8021,304.532318,1e-06,2.54908,0.248832
8022,304.532318,1e-06,2.54908,0.248832
8023,304.532318,1e-06,2.54908,0.248832
8024,304.532318,1e-06,2.54908,0.248832
8025,304.609558,0.010402,2.551267,0.248373
8026,304.609558,0.010402,2.551267,0.248373
8027,304.609558,0.010402,2.551267,0.248373
8028,304.609558,0.010402,2.551267,0.248373
8029,304.609558,0.010402,2.551267,0.248373
8030,304.609558,0.010402,2.551267,0.248373
8031,304.609558,0.010402,2.551267,0.248373
8032,304.609558,0.010402,2.551267,0.248373
8033,304.609558,0.010402,2.551267,0.248373
8034,304.609558,0.010402,2.551267,0.248373
8035,304.609558,0.010402,2.551267,0.248373
8036,304.609558,0.010402,2.551267,0.248373
8037,304.609558,0.010402,2.551267,0.248373
8038,304.609558,0.010402,2.551267,0.248373
8039,304.609558,0.010402,2.551267,0.248373
8040,304.609558,0.010402,2.551267,0.248373
8041,304.609558,0.010402,2.551267,0.248373
8042,304.609558,0.010402,2.551267,0.248373
8043,304.609558,0.010402,2.551267,0.248373
8044,304.609558,0.010402,2.551267,0.248373
8045,304.449249,0.033953,2.576649,0.251103
8046,304.449249,0.033953,2.576649,0.251103
8047,304.449249,0.033953,2.576649,0.251103
8048,304.532318,1e-06,2.54908,0.248832
8049,304.449249,0.033953,2.576649,0.251103
8050,304.449249,0.033953,2.576649,0.251103
8051,304.304047,0.003225,2.628157,0.254343
8052,304.532318,1e-06,2.54908,0.248832
8053,304.449249,0.033953,2.576649,0.251103
8054,304.449249,0.033953,2.576649,0.251103
8055,304.449249,0.033953,2.576649,0.251103
8056,304.449249,0.033953,2.576649,0.251103
8057,304.449249,0.033953,2.576649,0.251103
8058,304.449249,0.033953,2.576649,0.251103
8059,304.449249,0.033953,2.576649,0.251103
8060,304.449249,0.033953,2.576649,0.251103
8061,304.449249,0.033953,2.576649,0.251103
8062,304.449249,0.033953,2.576649,0.251103
8063,304.449249,0.033953,2.576649,0.251103
8064,304.449249,0.033953,2.576649,0.251103
8065,304.449249,0.033953,2.576649,0.251103
8066,304.449249,0.033953,2.576649,0.251103
8067,304.449249,0.033953,2.576649,0.251103
8068,304.449249,0.033953,2.576649,0.251103
8069,299.774719,0,2.736746,0.258514
8070,299.774719,0,2.736746,0.258514
8071,299.774719,0,2.736746,0.258514
8072,299.774719,0,2.736746,0.258514
8073,299.774719,0,2.736746,0.258514
8074,299.774719,0,2.736746,0.258514
8075,299.774719,0,2.736746,0.258514
8076,299.774719,0,2.736746,0.258514
8077,299.774719,0,2.736746,0.258514
8078,299.774719,0,2.736746,0.258514
8079,299.774719,0,2.736746,0.258514
8080,299.774719,0,2.736746,0.258514
8081,299.774719,0,2.736746,0.258514
8082,299.774719,0,2.736746,0.258514
8083,299.774719,0,2.736746,0.258514
8084,299.774719,0,2.736746,0.258514
8085,299.774719,0,2.736746,0.258514
8086,299.774719,0,2.736746,0.258514
8087,299.774719,0,2.736746,0.258514
8088,299.794373,0,2.717235,0.256718
8089,299.794373,0,2.717235,0.256718
8090,299.794373,0,2.717235,0.256718
8091,299.794373,0,2.717235,0.256718
8092,299.774719,0,2.736746,0.258514
8093,299.774719,0,2.736746,0.258514
8094,299.774719,0,2.736746,0.258514
8095,299.774719,0,2.736746,0.258514
8096,299.774719,0,2.736746,0.258514
8097,299.774719,0,2.736746,0.258514
8098,299.774719,0,2.736746,0.258514
8099,299.774719,0,2.736746,0.258514
8100,299.774719,0,2.736746,0.258514
8101,299.774719,0,2.736746,0.258514
8102,299.774719,0,2.736746,0.258514
8103,299.774719,0,2.736746,0.258514
8104,299.774719,0,2.736746,0.258514
8105,299.730072,0,2.717483,0.25694
8106,299.730072,0,2.717483,0.25694
8107,299.730072,0,2.717483,0.25694
8108,299.730072,0,2.717483,0.25694
8109,299.730072,0,2.717483,0.25694
8110,299.730072,0,2.717483,0.25694
8111,299.730072,0,2.717483,0.25694
8112,299.730072,0,2.717483,0.25694
8113,299.774719,0,2.736746,0.258514
8114,299.774719,0,2.736746,0.258514
8115,299.823303,1e-06,2.855418,0.267869
8116,299.823303,1e-06,2.855418,0.267869
8117,299.823303,1e-06,2.855418,0.267869
8118,299.823303,1e-06,2.855418,0.267869
8119,299.823303,1e-06,2.855418,0.267869
8120,299.823303,1e-06,2.855418,0.267869
8121,299.823303,1e-06,2.855418,0.267869
8122,299.799774,1e-06,2.894873,0.271409
8123,299.799774,1e-06,2.894873,0.271409
8124,299.799774,1e-06,2.894873,0.271409
8125,299.799774,1e-06,2.894873,0.271409
8126,299.799774,1e-06,2.894873,0.271409
8127,299.799774,1e-06,2.894873,0.271409
8128,299.799774,1e-06,2.894873,0.271409
8129,299.799774,1e-06,2.894873,0.271409
8130,299.799774,1e-06,2.894873,0.271409
8131,299.799774,1e-06,2.894873,0.271409
8132,299.799774,1e-06,2.894873,0.271409
8133,299.799774,1e-06,2.894873,0.271409
8134,299.799774,1e-06,2.894873,0.271409
8135,299.799774,1e-06,2.894873,0.271409
8136,299.799774,1e-06,2.894873,0.271409
8137,299.799774,1e-06,2.894873,0.271409
8138,299.799774,1e-06,2.894873,0.271409
8139,299.852692,0,2.811674,0.2641
8140,299.852692,0,2.811674,0.2641
8141,299.852692,0,2.811674,0.2641
8142,299.852692,0,2.811674,0.2641
8143,299.852692,0,2.811674,0.2641
8144,299.852692,0,2.811674,0.2641
8145,299.852692,0,2.811674,0.2641
8146,299.852692,0,2.811674,0.2641
8147,299.852692,0,2.811674,0.2641
8148,299.852692,0,2.811674,0.2641
8149,299.852692,0,2.811674,0.2641
8150,299.852692,0,2.811674,0.2641
8151,299.852692,0,2.811674,0.2641
8152,300.246979,0,2.818838,0.264954
8153,300.246979,0,2.818838,0.264954
8154,299.852692,0,2.811674,0.2641
8155,299.852692,0,2.811674,0.2641
8156,299.852692,0,2.811674,0.2641
8157,299.852692,0,2.811674,0.2641
8158,299.852692,0,2.811674,0.2641
8159,299.852692,0,2.811674,0.2641
8160,299.852692,0,2.811674,0.2641
8161,299.852692,0,2.811674,0.2641
8162,299.852692,0,2.811674,0.2641
8163,299.852692,0,2.811674,0.2641
8164,299.852692,0,2.811674,0.2641
8165,299.852692,0,2.811674,0.2641
8166,299.852692,0,2.811674,0.2641
8167,299.852692,0,2.811674,0.2641
8168,299.852692,0,2.811674,0.2641
8169,299.840149,0.129489,2.823311,0.265119
8170,299.840149,0.129489,2.823311,0.265119
8171,299.840149,0.129489,2.823311,0.265119
8172,299.840149,0.129489,2.823311,0.265119
8173,299.840149,0.129489,2.823311,0.265119
8174,299.840149,0.129489,2.823311,0.265119
8175,299.840149,0.129489,2.823311,0.265119
8176,299.840149,0.129489,2.823311,0.265119
8177,299.747437,0.000114,2.823806,0.265188
8178,299.747437,0.000114,2.823806,0.265188
8179,299.780548,0,2.774447,0.26137
8180,299.780548,0,2.774447,0.26137
8181,299.747437,0.000114,2.823806,0.265188
8182,299.747437,0.000114,2.823806,0.265188
8183,299.747437,0.000114,2.823806,0.265188
8184,299.780548,0,2.774447,0.26137
8185,299.780548,0,2.774447,0.26137
8186,299.747437,0.000114,2.823806,0.265188
8187,299.780548,0,2.774447,0.26137
8188,299.780548,0,2.774447,0.26137
8189,299.780548,0,2.774447,0.26137
8190,299.780548,0,2.774447,0.26137
8191,299.780548,0,2.774447,0.26137
8192,299.750641,0,2.760738,0.260067
8193,299.750641,0,2.760738,0.260067
8194,299.750641,0,2.760738,0.260067
8195,299.750641,0,2.760738,0.260067
8196,299.750641,0,2.760738,0.260067
8197,299.750641,0,2.760738,0.260067
8198,299.717041,0.031328,2.815154,0.264437
8199,299.717041,0.031328,2.815154,0.264437
8200,299.739227,0.889484,2.778753,0.261406
8201,299.739227,0.889484,2.778753,0.261406
8202,299.739227,0.889484,2.778753,0.261406
8203,299.739227,0.889484,2.778753,0.261406
8204,299.739227,0.889484,2.778753,0.261406
8205,299.660522,0.000367,2.793216,0.262567
8206,299.659607,0,2.733529,0.258068
8207,299.659607,0,2.733529,0.258068
8208,299.659607,0,2.733529,0.258068
8209,299.659607,0,2.733529,0.258068
8210,299.666748,0,2.733264,0.257925
8211,299.666748,0,2.733264,0.257925
8212,299.666748,0,2.733264,0.257925
8213,299.666748,0,2.733264,0.257925
8214,299.666748,0,2.733264,0.257925
8215,299.646057,0.000765,2.747924,0.259226
8216,299.646057,0.000765,2.747924,0.259226
8217,299.646057,0.000765,2.747924,0.259226
8218,299.646057,0.000765,2.747924,0.259226
8219,299.646057,0.000765,2.747924,0.259226
8220,299.775879,0.16912,2.93745,0.273989
8221,299.775879,0.16912,2.93745,0.273989
8222,299.775879,0.16912,2.93745,0.273989
8223,299.775879,0.16912,2.93745,0.273989
8224,299.775879,0.16912,2.93745,0.273989
8225,299.728973,0.080127,2.888033,0.270108
8226,299.728973,0.080127,2.888033,0.270108
8227,299.728973,0.080127,2.888033,0.270108
8228,299.728973,0.080127,2.888033,0.270108
8229,299.728973,0.080127,2.888033,0.270108
8230,299.728973,0.080127,2.888033,0.270108
8231,299.775879,0.16912,2.93745,0.273989
8232,299.775879,0.16912,2.93745,0.273989
8233,299.775879,0.16912,2.93745,0.273989
8234,299.775879,0.16912,2.93745,0.273989
8235,299.775879,0.16912,2.93745,0.273989
8236,299.775879,0.16912,2.93745,0.273989
8237,299.775879,0.16912,2.93745,0.273989
8238,299.775879,0.16912,2.93745,0.273989
8239,299.775879,0.16912,2.93745,0.273989
8240,299.775879,0.16912,2.93745,0.273989
8241,299.775879,0.16912,2.93745,0.273989
8242,299.775879,0.16912,2.93745,0.273989
8243,299.775879,0.16912,2.93745,0.273989
8244,299.775879,0.16912,2.93745,0.273989
8245,299.775879,0.16912,2.93745,0.273989
8246,299.775879,0.16912,2.93745,0.273989
8247,299.775879,0.16912,2.93745,0.273989
8248,299.775879,0.16912,2.93745,0.273989
8249,299.775879,0.16912,2.93745,0.273989
8250,299.775879,0.16912,2.93745,0.273989
8251,299.775879,0.16912,2.93745,0.273989
8252,299.775879,0.16912,2.93745,0.273989
8253,299.775879,0.16912,2.93745,0.273989
8254,299.775879,0.16912,2.93745,0.273989
8255,299.775879,0.16912,2.93745,0.273989
8256,299.775879,0.16912,2.93745,0.273989
8257,299.775879,0.16912,2.93745,0.273989
8258,299.775879,0.16912,2.93745,0.273989
8259,299.775879,0.16912,2.93745,0.273989
8260,299.775879,0.16912,2.93745,0.273989
8261,299.775879,0.16912,2.93745,0.273989
8262,299.775879,0.16912,2.93745,0.273989
8263,299.775879,0.16912,2.93745,0.273989
8264,299.775879,0.16912,2.93745,0.273989
8265,299.775879,0.16912,2.93745,0.273989
8266,299.775879,0.16912,2.93745,0.273989
8267,299.775879,0.16912,2.93745,0.273989
8268,299.775879,0.16912,2.93745,0.273989
8269,299.775879,0.16912,2.93745,0.273989
8270,299.775879,0.16912,2.93745,0.273989
8271,299.775879,0.16912,2.93745,0.273989
8272,299.775879,0.16912,2.93745,0.273989
8273,299.775879,0.16912,2.93745,0.273989
8274,299.775879,0.16912,2.93745,0.273989
8275,299.775879,0.16912,2.93745,0.273989
8276,299.775879,0.16912,2.93745,0.273989
8277,299.775879,0.16912,2.93745,0.273989
8278,299.775879,0.16912,2.93745,0.273989
8279,299.775879,0.16912,2.93745,0.273989
8280,299.775879,0.16912,2.93745,0.273989
8281,299.775879,0.16912,2.93745,0.273989
8282,299.634277,0.0653,2.8743,0.269148
8283,299.634277,0.0653,2.8743,0.269148
8284,299.634277,0.0653,2.8743,0.269148
8285,299.634277,0.0653,2.8743,0.269148
8286,299.634277,0.0653,2.8743,0.269148
8287,299.634277,0.0653,2.8743,0.269148
8288,299.640106,0.00021,2.810979,0.26411
8289,299.640106,0.00021,2.810979,0.26411
8290,299.640106,0.00021,2.810979,0.26411
8291,299.640106,0.00021,2.810979,0.26411
8292,299.640106,0.00021,2.810979,0.26411
8293,299.640106,0.00021,2.810979,0.26411
8294,299.640106,0.00021,2.810979,0.26411
8295,299.624023,0.001303,2.765886,0.260792
8296,299.624023,0.001303,2.765886,0.260792
8297,299.624023,0.001303,2.765886,0.260792
8298,299.624023,0.001303,2.765886,0.260792
8299,299.624023,0.001303,2.765886,0.260792
8300,299.624023,0.001303,2.765886,0.260792
8301,299.624023,0.001303,2.765886,0.260792
8302,299.624023,0.001303,2.765886,0.260792
8303,299.624023,0.001303,2.765886,0.260792
8304,299.640106,0.00021,2.810979,0.26411
8305,299.640106,0.00021,2.810979,0.26411
8306,299.640106,0.00021,2.810979,0.26411
8307,299.640106,0.00021,2.810979,0.26411
8308,299.640106,0.00021,2.810979,0.26411
8309,299.640106,0.00021,2.810979,0.26411
8310,299.640106,0.00021,2.810979,0.26411
8311,299.640106,0.00021,2.810979,0.26411
8312,299.640106,0.00021,2.810979,0.26411
8313,299.640106,0.00021,2.810979,0.26411
8314,299.640106,0.00021,2.810979,0.26411
8315,299.640106,0.00021,2.810979,0.26411
8316,299.640106,0.00021,2.810979,0.26411
8317,299.640106,0.00021,2.810979,0.26411
8318,299.640106,0.00021,2.810979,0.26411
8319,299.624023,0.001303,2.765886,0.260792
8320,299.624023,0.001303,2.765886,0.260792
8321,299.624023,0.001303,2.765886,0.260792
8322,299.624023,0.001303,2.765886,0.260792
8323,299.624023,0.001303,2.765886,0.260792
8324,299.624023,0.001303,2.765886,0.260792
8325,299.624023,0.001303,2.765886,0.260792
8326,299.624023,0.001303,2.765886,0.260792
8327,299.624023,0.001303,2.765886,0.260792
8328,299.624023,0.001303,2.765886,0.260792
8329,299.624023,0.001303,2.765886,0.260792
8330,299.624023,0.001303,2.765886,0.260792
8331,299.624023,0.001303,2.765886,0.260792
8332,299.624023,0.001303,2.765886,0.260792
8333,299.640106,0.00021,2.810979,0.26411
8334,299.640106,0.00021,2.810979,0.26411
8335,299.640106,0.00021,2.810979,0.26411
8336,299.640106,0.00021,2.810979,0.26411
8337,299.624023,0.001303,2.765886,0.260792
8338,299.624023,0.001303,2.765886,0.260792
8339,299.640106,0.00021,2.810979,0.26411
8340,299.640106,0.00021,2.810979,0.26411
8341,299.640106,0.00021,2.810979,0.26411
8342,299.640106,0.00021,2.810979,0.26411
8343,299.640106,0.00021,2.810979,0.26411
8344,299.640106,0.00021,2.810979,0.26411
8345,299.640106,0.00021,2.810979,0.26411
8346,299.640106,0.00021,2.810979,0.26411
8347,299.640106,0.00021,2.810979,0.26411
8348,299.640106,0.00021,2.810979,0.26411
8349,299.876892,0,2.951411,0.275685
8350,299.876892,0,2.951411,0.275685
8351,299.876892,0,2.951411,0.275685
8352,299.876892,0,2.951411,0.275685
8353,299.876892,0,2.951411,0.275685
8354,299.876892,0,2.951411,0.275685
8355,299.876892,0,2.951411,0.275685
8356,299.876892,0,2.951411,0.275685
8357,299.876892,0,2.951411,0.275685
8358,299.876892,0,2.951411,0.275685
8359,299.876892,0,2.951411,0.275685
8360,299.876892,0,2.951411,0.275685
8361,299.876892,0,2.951411,0.275685
8362,299.876892,0,2.951411,0.275685
8363,299.876892,0,2.951411,0.275685
8364,299.876892,0,2.951411,0.275685
8365,299.876892,0,2.951411,0.275685
8366,299.876892,0,2.951411,0.275685
8367,299.876892,0,2.951411,0.275685
8368,299.876892,0,2.951411,0.275685
8369,299.876892,0,2.951411,0.275685
8370,299.876892,0,2.951411,0.275685
8371,299.876892,0,2.951411,0.275685
8372,299.876892,0,2.951411,0.275685
8373,299.876892,0,2.951411,0.275685
8374,299.906647,0.000275,2.983942,0.278729
8375,299.906647,0.000275,2.983942,0.278729
8376,299.906647,0.000275,2.983942,0.278729
8377,299.906647,0.000275,2.983942,0.278729
8378,299.906647,0.000275,2.983942,0.278729
8379,299.906647,0.000275,2.983942,0.278729
8380,299.906647,0.000275,2.983942,0.278729
8381,299.906647,0.000275,2.983942,0.278729
8382,299.845032,8.6e-05,2.935864,0.274467
8383,299.845032,8.6e-05,2.935864,0.274467
8384,299.845032,8.6e-05,2.935864,0.274467
8385,299.845032,8.6e-05,2.935864,0.274467
8386,299.845032,8.6e-05,2.935864,0.274467
8387,299.774719,0,2.736746,0.258514
8388,299.728973,0.080127,2.888033,0.270108
8389,299.774719,0,2.736746,0.258514
8390,299.730072,0,2.717483,0.25694
8391,299.730072,0,2.717483,0.25694
8392,299.730072,0,2.717483,0.25694
8393,299.730072,0,2.717483,0.25694
8394,299.730072,0,2.717483,0.25694
8395,299.730072,0,2.717483,0.25694
8396,299.730072,0,2.717483,0.25694
8397,299.730072,0,2.717483,0.25694
8398,299.774719,0,2.736746,0.258514
8399,299.774719,0,2.736746,0.258514
8400,299.728973,0.080127,2.888033,0.270108
8401,299.775879,0.16912,2.93745,0.273989
8402,299.775879,0.16912,2.93745,0.273989
8403,299.775879,0.16912,2.93745,0.273989
8404,299.624023,0.001303,2.765886,0.260792
8405,299.624023,0.001303,2.765886,0.260792
8406,299.624023,0.001303,2.765886,0.260792
8407,299.640106,0.00021,2.810979,0.26411
8408,299.640106,0.00021,2.810979,0.26411
8409,299.640106,0.00021,2.810979,0.26411
8410,299.730072,0,2.717483,0.25694
8411,299.730072,0,2.717483,0.25694
8412,299.730072,0,2.717483,0.25694
8413,299.775879,0.16912,2.93745,0.273989
8414,299.775879,0.16912,2.93745,0.273989
8415,299.775879,0.16912,2.93745,0.273989
8416,299.775879,0.16912,2.93745,0.273989
8417,299.775879,0.16912,2.93745,0.273989
8418,299.775879,0.16912,2.93745,0.273989
8419,299.624023,0.001303,2.765886,0.260792
8420,299.624023,0.001303,2.765886,0.260792
8421,299.640106,0.00021,2.810979,0.26411
8422,299.775879,0.16912,2.93745,0.273989
8423,299.774719,0,2.736746,0.258514
8424,299.774719,0,2.736746,0.258514
8425,299.730072,0,2.717483,0.25694
8426,299.730072,0,2.717483,0.25694
8427,299.730072,0,2.717483,0.25694
8428,299.730072,0,2.717483,0.25694
8429,299.666748,0,2.733264,0.257925
8430,299.666748,0,2.733264,0.257925
8431,299.666748,0,2.733264,0.257925
8432,299.666748,0,2.733264,0.257925
8433,299.646057,0.000765,2.747924,0.259226
8434,299.646057,0.000765,2.747924,0.259226
8435,299.728973,0.080127,2.888033,0.270108
8436,299.728973,0.080127,2.888033,0.270108
8437,299.775879,0.16912,2.93745,0.273989
8438,299.775879,0.16912,2.93745,0.273989
8439,299.775879,0.16912,2.93745,0.273989
8440,299.775879,0.16912,2.93745,0.273989
8441,299.624023,0.001303,2.765886,0.260792
8442,299.624023,0.001303,2.765886,0.260792
8443,299.624023,0.001303,2.765886,0.260792
8444,299.624023,0.001303,2.765886,0.260792
8445,299.624023,0.001303,2.765886,0.260792
8446,299.624023,0.001303,2.765886,0.260792
8447,299.624023,0.001303,2.765886,0.260792
8448,299.624023,0.001303,2.765886,0.260792
8449,299.624023,0.001303,2.765886,0.260792
8450,299.624023,0.001303,2.765886,0.260792
8451,299.624023,0.001303,2.765886,0.260792
8452,299.640106,0.00021,2.810979,0.26411
8453,299.640106,0.00021,2.810979,0.26411
8454,299.640106,0.00021,2.810979,0.26411
8455,299.640106,0.00021,2.810979,0.26411
8456,299.640106,0.00021,2.810979,0.26411
8457,299.640106,0.00021,2.810979,0.26411
8458,299.640106,0.00021,2.810979,0.26411
8459,299.640106,0.00021,2.810979,0.26411
8460,299.640106,0.00021,2.810979,0.26411
8461,299.640106,0.00021,2.810979,0.26411
8462,299.728973,0.080127,2.888033,0.270108
8463,299.728973,0.080127,2.888033,0.270108
8464,299.728973,0.080127,2.888033,0.270108
8465,286.956238,0,2.047711,0.217498
8466,286.956238,0,2.047711,0.217498
8467,286.956238,0,2.047711,0.217498
8468,287.099487,0,2.04302,0.216044
8469,286.957642,0,2.039723,0.216762
8470,286.957642,0,2.039723,0.216762
8471,286.957642,0,2.039723,0.216762
8472,286.957642,0,2.039723,0.216762
8473,286.956238,0,2.047711,0.217498
8474,286.957642,0,2.039723,0.216762
8475,286.956238,0,2.047711,0.217498
8476,286.957642,0,2.039723,0.216762
8477,286.956238,0,2.047711,0.217498
8478,286.81897,0,2.033535,0.217394
8479,286.81897,0,2.033535,0.217394
8480,287.143677,0,2.045049,0.216289
8481,287.143677,0,2.045049,0.216289
8482,287.099487,0,2.04302,0.216044
8483,287.099487,0,2.04302,0.216044
8484,287.099487,0,2.04302,0.216044
8485,287.088287,0,2.036252,0.215493
8486,287.099487,0,2.04302,0.216044
8487,287.099487,0,2.04302,0.216044
8488,287.099487,0,2.04302,0.216044
8489,287.088287,0,2.036252,0.215493
8490,287.088287,0,2.036252,0.215493
8491,287.088287,0,2.036252,0.215493
8492,287.088287,0,2.036252,0.215493
8493,287.099487,0,2.04302,0.216044
8494,287.273987,0,2.047948,0.215279
8495,287.273987,0,2.047948,0.215279
8496,287.273987,0,2.047948,0.215279
8497,288.464691,0,1.150849,0.163981
8498,288.464691,0,1.150849,0.163981
8499,288.464691,0,1.150849,0.163981
8500,289.41983,0,1.149788,0.165441
8501,288.464691,0,1.150849,0.163981
8502,288.464691,0,1.150849,0.163981
8503,288.464691,0,1.150849,0.163981
8504,289.41983,0,1.149788,0.165441
8505,288.464691,0,1.150849,0.163981
8506,289.41983,0,1.149788,0.165441
8507,289.41983,0,1.149788,0.165441
8508,289.41983,0,1.149788,0.165441
8509,289.41983,0,1.149788,0.165441
8510,288.464691,0,1.150849,0.163981
8511,288.464691,0,1.150849,0.163981
8512,288.464691,0,1.150849,0.163981
8513,288.464691,0,1.150849,0.163981
8514,288.464691,0,1.150849,0.163981
8515,288.464691,0,1.150849,0.163981
8516,289.41983,0,1.149788,0.165441
8517,288.464691,0,1.150849,0.163981
8518,288.464691,0,1.150849,0.163981
8519,288.464691,0,1.150849,0.163981
8520,288.464691,0,1.150849,0.163981
8521,288.464691,0,1.150849,0.163981
8522,289.41983,0,1.149788,0.165441
8523,288.464691,0,1.150849,0.163981
8524,289.41983,0,1.149788,0.165441
8525,289.41983,0,1.149788,0.165441
8526,289.41983,0,1.149788,0.165441
8527,289.41983,0,1.149788,0.165441
8528,289.41983,0,1.149788,0.165441
8529,288.464691,0,1.150849,0.163981
8530,288.464691,0,1.150849,0.163981
8531,289.41983,0,1.149788,0.165441
8532,288.464691,0,1.150849,0.163981
8533,288.464691,0,1.150849,0.163981
8534,288.464691,0,1.150849,0.163981
8535,288.464691,0,1.150849,0.163981
8536,288.464691,0,1.150849,0.163981
8537,288.464691,0,1.150849,0.163981
8538,288.464691,0,1.150849,0.163981
8539,289.41983,0,1.149788,0.165441
8540,288.647491,0,1.144161,0.162128
8541,288.647491,0,1.144161,0.162128
8542,288.568359,0,1.141678,0.162483
8543,288.568359,0,1.141678,0.162483
8544,288.568359,0,1.141678,0.162483
8545,288.568359,0,1.141678,0.162483
8546,288.647491,0,1.144161,0.162128
8547,288.568359,0,1.141678,0.162483
8548,288.568359,0,1.141678,0.162483
8549,288.568359,0,1.141678,0.162483
8550,288.568359,0,1.141678,0.162483
8551,288.568359,0,1.141678,0.162483
8552,288.647491,0,1.144161,0.162128
8553,288.647491,0,1.144161,0.162128
8554,288.647491,0,1.144161,0.162128
8555,288.647491,0,1.144161,0.162128
8556,288.647491,0,1.144161,0.162128
8557,288.647491,0,1.144161,0.162128
8558,288.647491,0,1.144161,0.162128
8559,288.647491,0,1.144161,0.162128
8560,288.647491,0,1.144161,0.162128
8561,288.647491,0,1.144161,0.162128
8562,288.647491,0,1.144161,0.162128
8563,288.647491,0,1.144161,0.162128
8564,288.568359,0,1.141678,0.162483
8565,288.647491,0,1.144161,0.162128
8566,288.647491,0,1.144161,0.162128
8567,288.647491,0,1.144161,0.162128
8568,288.647491,0,1.144161,0.162128
8569,288.647491,0,1.144161,0.162128
8570,288.647491,0,1.144161,0.162128
8571,288.647491,0,1.144161,0.162128
8572,288.647491,0,1.144161,0.162128
8573,288.647491,0,1.144161,0.162128
8574,288.647491,0,1.144161,0.162128
8575,288.568359,0,1.141678,0.162483
8576,288.568359,0,1.141678,0.162483
8577,288.647491,0,1.144161,0.162128
8578,288.647491,0,1.144161,0.162128
8579,288.647491,0,1.144161,0.162128
8580,288.647491,0,1.144161,0.162128
8581,288.647491,0,1.144161,0.162128
8582,288.647491,0,1.144161,0.162128
8583,288.379578,0,1.13193,0.163057
8584,288.379578,0,1.13193,0.163057
8585,288.379578,0,1.13193,0.163057
8586,288.379578,0,1.13193,0.163057
8587,288.379578,0,1.13193,0.163057
8588,288.379578,0,1.13193,0.163057
8589,288.379578,0,1.13193,0.163057
8590,288.379578,0,1.13193,0.163057
8591,288.379578,0,1.13193,0.163057
8592,288.379578,0,1.13193,0.163057
8593,288.379578,0,1.13193,0.163057
8594,288.379578,0,1.13193,0.163057
8595,288.461853,0,1.141232,0.164461
8596,288.461853,0,1.141232,0.164461
8597,288.379578,0,1.13193,0.163057
8598,288.379578,0,1.13193,0.163057
8599,288.379578,0,1.13193,0.163057
8600,288.379578,0,1.13193,0.163057
8601,288.461853,0,1.141232,0.164461
8602,288.461853,0,1.141232,0.164461
8603,288.461853,0,1.141232,0.164461
8604,288.379578,0,1.13193,0.163057
8605,288.461853,0,1.141232,0.164461
8606,288.461853,0,1.141232,0.164461
8607,288.461853,0,1.141232,0.164461
8608,288.461853,0,1.141232,0.164461
8609,288.379578,0,1.13193,0.163057
8610,288.379578,0,1.13193,0.163057
8611,288.379578,0,1.13193,0.163057
8612,288.379578,0,1.13193,0.163057
8613,288.379578,0,1.13193,0.163057
8614,288.379578,0,1.13193,0.163057
8615,288.461853,0,1.141232,0.164461
8616,288.379578,0,1.13193,0.163057
8617,288.379578,0,1.13193,0.163057
8618,288.379578,0,1.13193,0.163057
8619,288.379578,0,1.13193,0.163057
8620,288.379578,0,1.13193,0.163057
8621,288.379578,0,1.13193,0.163057
8622,288.379578,0,1.13193,0.163057
8623,288.379578,0,1.13193,0.163057
8624,288.379578,0,1.13193,0.163057
8625,288.379578,0,1.13193,0.163057
8626,288.379578,0,1.13193,0.163057
8627,288.379578,0,1.13193,0.163057
8628,288.379578,0,1.13193,0.163057
8629,288.379578,0,1.13193,0.163057
8630,288.379578,0,1.13193,0.163057
8631,288.379578,0,1.13193,0.163057
8632,288.379578,0,1.13193,0.163057
8633,288.379578,0,1.13193,0.163057
8634,288.379578,0,1.13193,0.163057
8635,288.379578,0,1.13193,0.163057
8636,288.379578,0,1.13193,0.163057
8637,288.078522,0,1.136676,0.165952
8638,288.078522,0,1.136676,0.165952
8639,288.078522,0,1.136676,0.165952
8640,288.078522,0,1.136676,0.165952
8641,288.078522,0,1.136676,0.165952
8642,288.078522,0,1.136676,0.165952
8643,288.078522,0,1.136676,0.165952
8644,288.078522,0,1.136676,0.165952
8645,288.078522,0,1.136676,0.165952
8646,288.078522,0,1.136676,0.165952
8647,288.078522,0,1.136676,0.165952
8648,288.078522,0,1.136676,0.165952
8649,288.078522,0,1.136676,0.165952
8650,288.078522,0,1.136676,0.165952
8651,288.078522,0,1.136676,0.165952
8652,288.078522,0,1.136676,0.165952
8653,288.078522,0,1.136676,0.165952
8654,288.078522,0,1.136676,0.165952
8655,288.078522,0,1.136676,0.165952
8656,288.078522,0,1.136676,0.165952
8657,288.078522,0,1.136676,0.165952
8658,288.078522,0,1.136676,0.165952
8659,288.078522,0,1.136676,0.165952
8660,288.078522,0,1.136676,0.165952
8661,288.078522,0,1.136676,0.165952
8662,288.078522,0,1.136676,0.165952
8663,288.078522,0,1.136676,0.165952
8664,288.078522,0,1.136676,0.165952
8665,288.078522,0,1.136676,0.165952
8666,288.078522,0,1.136676,0.165952
8667,288.078522,0,1.136676,0.165952
8668,288.078522,0,1.136676,0.165952
8669,288.078522,0,1.136676,0.165952
8670,288.078522,0,1.136676,0.165952
8671,288.078522,0,1.136676,0.165952
8672,288.078522,0,1.136676,0.165952
8673,288.078522,0,1.136676,0.165952
8674,288.078522,0,1.136676,0.165952
8675,288.078522,0,1.136676,0.165952
8676,288.078522,0,1.136676,0.165952
8677,288.078522,0,1.136676,0.165952
8678,288.078522,0,1.136676,0.165952
8679,288.078522,0,1.136676,0.165952
8680,288.078522,0,1.136676,0.165952
8681,288.078522,0,1.136676,0.165952
8682,288.078522,0,1.136676,0.165952
8683,288.078522,0,1.136676,0.165952
8684,288.078522,0,1.136676,0.165952
8685,288.078522,0,1.136676,0.165952
8686,288.078522,0,1.136676,0.165952
8687,288.078522,0,1.136676,0.165952
8688,288.078522,0,1.136676,0.165952
8689,288.078522,0,1.136676,0.165952
8690,288.078522,0,1.136676,0.165952
8691,288.078522,0,1.136676,0.165952
8692,288.078522,0,1.136676,0.165952
8693,288.078522,0,1.136676,0.165952
8694,288.078522,0,1.136676,0.165952
8695,288.078522,0,1.136676,0.165952
8696,288.078522,0,1.136676,0.165952
8697,288.078522,0,1.136676,0.165952
8698,288.196625,0,1.123846,0.164111
8699,288.196625,0,1.123846,0.164111
8700,288.196625,0,1.123846,0.164111
8701,288.196625,0,1.123846,0.164111
8702,288.196625,0,1.123846,0.164111
8703,288.196625,0,1.123846,0.164111
8704,288.196625,0,1.123846,0.164111
8705,288.196625,0,1.123846,0.164111
8706,288.196625,0,1.123846,0.164111
8707,288.196625,0,1.123846,0.164111
8708,288.196625,0,1.123846,0.164111
8709,288.196625,0,1.123846,0.164111
8710,288.196625,0,1.123846,0.164111
8711,288.196625,0,1.123846,0.164111
8712,288.196625,0,1.123846,0.164111
8713,288.196625,0,1.123846,0.164111
8714,288.196625,0,1.123846,0.164111
8715,288.196625,0,1.123846,0.164111
8716,288.196625,0,1.123846,0.164111
8717,288.196625,0,1.123846,0.164111
8718,288.196625,0,1.123846,0.164111
8719,288.196625,0,1.123846,0.164111
8720,288.196625,0,1.123846,0.164111
8721,288.196625,0,1.123846,0.164111
8722,288.196625,0,1.123846,0.164111
8723,288.196625,0,1.123846,0.164111
8724,288.196625,0,1.123846,0.164111
8725,288.196625,0,1.123846,0.164111
8726,288.196625,0,1.123846,0.164111
8727,288.196625,0,1.123846,0.164111
8728,288.196625,0,1.123846,0.164111
8729,288.196625,0,1.123846,0.164111
8730,288.196625,0,1.123846,0.164111
8731,288.196625,0,1.123846,0.164111
8732,288.196625,0,1.123846,0.164111
8733,288.196625,0,1.123846,0.164111
8734,288.196625,0,1.123846,0.164111
8735,288.196625,0,1.123846,0.164111
8736,288.196625,0,1.123846,0.164111
8737,288.196625,0,1.123846,0.164111
8738,288.196625,0,1.123846,0.164111
8739,288.196625,0,1.123846,0.164111
8740,288.196625,0,1.123846,0.164111
8741,288.196625,0,1.123846,0.164111
8742,288.196625,0,1.123846,0.164111
8743,288.196625,0,1.123846,0.164111
8744,288.196625,0,1.123846,0.164111
8745,288.196625,0,1.123846,0.164111
8746,288.196625,0,1.123846,0.164111
8747,288.196625,0,1.123846,0.164111
8748,288.196625,0,1.123846,0.164111
8749,288.196625,0,1.123846,0.164111
8750,288.196625,0,1.123846,0.164111
8751,288.196625,0,1.123846,0.164111
8752,288.196625,0,1.123846,0.164111
8753,288.196625,0,1.123846,0.164111
8754,288.196625,0,1.123846,0.164111
8755,288.563568,0,1.223189,0.171289
8756,288.453796,0,1.221909,0.172371
8757,288.453796,0,1.221909,0.172371
8758,288.359619,0,1.231892,0.173819
8759,288.359619,0,1.231892,0.173819
8760,288.359619,0,1.231892,0.173819
8761,288.449829,0.006967,1.237672,0.173791
8762,288.359619,0,1.231892,0.173819
8763,288.449829,0.006967,1.237672,0.173791
8764,288.359619,0,1.231892,0.173819
8765,288.359619,0,1.231892,0.173819
8766,288.359619,0,1.231892,0.173819
8767,288.359619,0,1.231892,0.173819
8768,288.449829,0.006967,1.237672,0.173791
8769,288.359619,0,1.231892,0.173819
8770,288.359619,0,1.231892,0.173819
8771,288.359619,0,1.231892,0.173819
8772,288.359619,0,1.231892,0.173819
8773,288.359619,0,1.231892,0.173819
8774,288.449829,0.006967,1.237672,0.173791
8775,288.563568,0,1.223189,0.171289
8776,288.453796,0,1.221909,0.172371
8777,288.453796,0,1.221909,0.172371
8778,288.453796,0,1.221909,0.172371
8779,288.359619,0,1.231892,0.173819
8780,288.449829,0.006967,1.237672,0.173791
8781,288.359619,0,1.231892,0.173819
8782,288.359619,0,1.231892,0.173819
8783,288.449829,0.006967,1.237672,0.173791
8784,288.359619,0,1.231892,0.173819
8785,288.449829,0.006967,1.237672,0.173791
8786,288.449829,0.006967,1.237672,0.173791
8787,288.359619,0,1.231892,0.173819
8788,288.359619,0,1.231892,0.173819
8789,288.449829,0.006967,1.237672,0.173791
8790,288.449829,0.006967,1.237672,0.173791
8791,288.359619,0,1.231892,0.173819
8792,288.359619,0,1.231892,0.173819
8793,288.449829,0.006967,1.237672,0.173791
8794,288.453796,0,1.221909,0.172371
8795,288.563568,0,1.223189,0.171289
8796,288.449829,0.006967,1.237672,0.173791
8797,288.359619,0,1.231892,0.173819
8798,288.359619,0,1.231892,0.173819
8799,288.359619,0,1.231892,0.173819
8800,288.359619,0,1.231892,0.173819
8801,288.776886,0,1.213717,0.168893
8802,288.776886,0,1.213717,0.168893
8803,288.776886,0,1.213717,0.168893
8804,288.776886,0,1.213717,0.168893
8805,288.776886,0,1.213717,0.168893
8806,288.776886,0,1.213717,0.168893
8807,288.776886,0,1.213717,0.168893
8808,288.776886,0,1.213717,0.168893
8809,288.776886,0,1.213717,0.168893
8810,288.776886,0,1.213717,0.168893
8811,288.776886,0,1.213717,0.168893
8812,288.776886,0,1.213717,0.168893
8813,288.776886,0,1.213717,0.168893
8814,288.776886,0,1.213717,0.168893
8815,288.776886,0,1.213717,0.168893
8816,288.776886,0,1.213717,0.168893
8817,288.776886,0,1.213717,0.168893
8818,288.776886,0,1.213717,0.168893
8819,288.776886,0,1.213717,0.168893
8820,288.776886,0,1.213717,0.168893
8821,288.776886,0,1.213717,0.168893
8822,288.776886,0,1.213717,0.168893
8823,288.776886,0,1.213717,0.168893
8824,288.776886,0,1.213717,0.168893
8825,288.712433,0,1.244712,0.172533
8826,288.712433,0,1.244712,0.172533
8827,288.712433,0,1.244712,0.172533
8828,288.712433,0,1.244712,0.172533
8829,288.712433,0,1.244712,0.172533
8830,288.696472,0,1.253434,0.173188
8831,288.712433,0,1.244712,0.172533
8832,288.712433,0,1.244712,0.172533
8833,288.696472,0,1.253434,0.173188
8834,288.696472,0,1.253434,0.173188
8835,288.712433,0,1.244712,0.172533
8836,288.696472,0,1.253434,0.173188
8837,288.712433,0,1.244712,0.172533
8838,288.712433,0,1.244712,0.172533
8839,288.712433,0,1.244712,0.172533
8840,288.712433,0,1.244712,0.172533
8841,288.712433,0,1.244712,0.172533
8842,288.712433,0,1.244712,0.172533
8843,288.712433,0,1.244712,0.172533
8844,288.712433,0,1.244712,0.172533
8845,288.712433,0,1.244712,0.172533
8846,288.712433,0,1.244712,0.172533
8847,288.712433,0,1.244712,0.172533
8848,288.696472,0,1.253434,0.173188
8849,288.696472,0,1.253434,0.173188
8850,288.712433,0,1.244712,0.172533
8851,288.712433,0,1.244712,0.172533
8852,288.712433,0,1.244712,0.172533
8853,288.712433,0,1.244712,0.172533
8854,288.696472,0,1.253434,0.173188
8855,288.712433,0,1.244712,0.172533
8856,288.712433,0,1.244712,0.172533
8857,288.478607,0,1.212502,0.17078
8858,288.478607,0,1.212502,0.17078
8859,288.478607,0,1.212502,0.17078
8860,288.478607,0,1.212502,0.17078
8861,288.478607,0,1.212502,0.17078
8862,288.478607,0,1.212502,0.17078
8863,288.478607,0,1.212502,0.17078
8864,288.453796,0,1.221909,0.172371
8865,288.478607,0,1.212502,0.17078
8866,288.478607,0,1.212502,0.17078
8867,288.478607,0,1.212502,0.17078
8868,288.478607,0,1.212502,0.17078
8869,288.478607,0,1.212502,0.17078
8870,288.478607,0,1.212502,0.17078
8871,288.478607,0,1.212502,0.17078
8872,288.478607,0,1.212502,0.17078
8873,288.478607,0,1.212502,0.17078
8874,288.478607,0,1.212502,0.17078
8875,288.478607,0,1.212502,0.17078
8876,288.478607,0,1.212502,0.17078
8877,288.453796,0,1.221909,0.172371
8878,288.453796,0,1.221909,0.172371
8879,288.478607,0,1.212502,0.17078
8880,288.478607,0,1.212502,0.17078
8881,288.478607,0,1.212502,0.17078
8882,288.478607,0,1.212502,0.17078
8883,288.478607,0,1.212502,0.17078
8884,288.478607,0,1.212502,0.17078
8885,288.478607,0,1.212502,0.17078
8886,288.478607,0,1.212502,0.17078
8887,288.478607,0,1.212502,0.17078
8888,288.478607,0,1.212502,0.17078
8889,288.478607,0,1.212502,0.17078
8890,288.478607,0,1.212502,0.17078
8891,288.478607,0,1.212502,0.17078
8892,288.478607,0,1.212502,0.17078
8893,288.478607,0,1.212502,0.17078
8894,288.478607,0,1.212502,0.17078
8895,288.478607,0,1.212502,0.17078
8896,288.478607,0,1.212502,0.17078
8897,288.478607,0,1.212502,0.17078
8898,288.453796,0,1.221909,0.172371
8899,293.281158,0.002335,1.558468,0.194681
8900,293.281158,0.002335,1.558468,0.194681
8901,293.17926,0.002737,1.569627,0.195866
8902,293.17926,0.002737,1.569627,0.195866
8903,293.17926,0.002737,1.569627,0.195866
8904,293.17926,0.002737,1.569627,0.195866
8905,293.17926,0.002737,1.569627,0.195866
8906,293.17926,0.002737,1.569627,0.195866
8907,293.17926,0.002737,1.569627,0.195866
8908,293.17926,0.002737,1.569627,0.195866
8909,293.098206,0.001248,1.559051,0.195344
8910,293.098206,0.001248,1.559051,0.195344
8911,293.098206,0.001248,1.559051,0.195344
8912,293.098206,0.001248,1.559051,0.195344
8913,293.098206,0.001248,1.559051,0.195344
8914,293.098206,0.001248,1.559051,0.195344
8915,293.098206,0.001248,1.559051,0.195344
8916,293.098206,0.001248,1.559051,0.195344
8917,293.098206,0.001248,1.559051,0.195344
8918,293.098206,0.001248,1.559051,0.195344
8919,293.098206,0.001248,1.559051,0.195344
8920,293.098206,0.001248,1.559051,0.195344
8921,293.098206,0.001248,1.559051,0.195344
8922,293.098206,0.001248,1.559051,0.195344
8923,293.098206,0.001248,1.559051,0.195344
8924,293.098206,0.001248,1.559051,0.195344
8925,292.951019,0.004647,1.560192,0.195944
8926,292.951019,0.004647,1.560192,0.195944
8927,292.951019,0.004647,1.560192,0.195944
8928,292.951019,0.004647,1.560192,0.195944
8929,292.951019,0.004647,1.560192,0.195944
8930,292.951019,0.004647,1.560192,0.195944
8931,292.951019,0.004647,1.560192,0.195944
8932,292.92514,0.002228,1.598334,0.198778
8933,292.92514,0.002228,1.598334,0.198778
8934,292.92514,0.002228,1.598334,0.198778
8935,292.92514,0.002228,1.598334,0.198778
8936,292.92514,0.002228,1.598334,0.198778
8937,292.95108,0.007743,1.622488,0.200344
8938,292.95108,0.007743,1.622488,0.200344
8939,292.95108,0.007743,1.622488,0.200344
8940,292.95108,0.007743,1.622488,0.200344
8941,292.95108,0.007743,1.622488,0.200344
8942,292.95108,0.007743,1.622488,0.200344
8943,293.033234,0.124144,1.580355,0.19734
8944,293.033234,0.124144,1.580355,0.19734
8945,292.95108,0.007743,1.622488,0.200344
8946,292.95108,0.007743,1.622488,0.200344
8947,292.95108,0.007743,1.622488,0.200344
8948,292.95108,0.007743,1.622488,0.200344
8949,292.95108,0.007743,1.622488,0.200344
8950,292.95108,0.007743,1.622488,0.200344
8951,292.95108,0.007743,1.622488,0.200344
8952,292.95108,0.007743,1.622488,0.200344
8953,292.95108,0.007743,1.622488,0.200344
8954,292.95108,0.007743,1.622488,0.200344
8955,292.95108,0.007743,1.622488,0.200344
8956,292.95108,0.007743,1.622488,0.200344
8957,292.95108,0.007743,1.622488,0.200344
8958,292.95108,0.007743,1.622488,0.200344
8959,292.95108,0.007743,1.622488,0.200344
8960,292.95108,0.007743,1.622488,0.200344
8961,292.95108,0.007743,1.622488,0.200344
8962,292.95108,0.007743,1.622488,0.200344
8963,292.95108,0.007743,1.622488,0.200344
8964,292.95108,0.007743,1.622488,0.200344
8965,293.033234,0.124144,1.580355,0.19734
8966,293.033234,0.124144,1.580355,0.19734
8967,293.033234,0.124144,1.580355,0.19734
8968,293.033234,0.124144,1.580355,0.19734
8969,293.033234,0.124144,1.580355,0.19734
8970,293.033234,0.124144,1.580355,0.19734
8971,293.033234,0.124144,1.580355,0.19734
8972,292.986084,0.179934,1.626404,0.200237
8973,292.986084,0.179934,1.626404,0.200237
8974,292.986084,0.179934,1.626404,0.200237
8975,292.986084,0.179934,1.626404,0.200237
8976,292.986084,0.179934,1.626404,0.200237
8977,292.986084,0.179934,1.626404,0.200237
8978,292.986084,0.179934,1.626404,0.200237
8979,294.635498,0.025258,1.656816,0.20277
8980,294.635498,0.025258,1.656816,0.20277
8981,294.635498,0.025258,1.656816,0.20277
8982,294.635498,0.025258,1.656816,0.20277
8983,294.635498,0.025258,1.656816,0.20277
8984,294.635498,0.025258,1.656816,0.20277
8985,294.635498,0.025258,1.656816,0.20277
8986,294.635498,0.025258,1.656816,0.20277
8987,294.635498,0.025258,1.656816,0.20277
8988,294.635498,0.025258,1.656816,0.20277
8989,302.278229,0,2.138664,0.238273
8990,302.278229,0,2.138664,0.238273
8991,293.196869,0.0792,1.768855,0.207695
8992,294.403137,0.185792,1.593441,0.193998
8993,294.403137,0.185792,1.593441,0.193998
8994,294.403137,0.185792,1.593441,0.193998
8995,294.403137,0.185792,1.593441,0.193998
8996,294.403137,0.185792,1.593441,0.193998
8997,294.578857,0.19292,1.576842,0.192934
8998,294.578857,0.19292,1.576842,0.192934
8999,294.578857,0.19292,1.576842,0.192934
9000,294.578857,0.19292,1.576842,0.192934
9001,294.578857,0.19292,1.576842,0.192934
9002,294.578857,0.19292,1.576842,0.192934
9003,295.034546,0.001333,1.560001,0.192479
9004,295.034546,0.001333,1.560001,0.192479
9005,295.034546,0.001333,1.560001,0.192479
9006,295.034546,0.001333,1.560001,0.192479
9007,295.034546,0.001333,1.560001,0.192479
9008,295.034546,0.001333,1.560001,0.192479
9009,295.034546,0.001333,1.560001,0.192479
9010,294.125305,0.023659,1.570083,0.193182
9011,294.125305,0.023659,1.570083,0.193182
9012,294.125305,0.023659,1.570083,0.193182
9013,294.125305,0.023659,1.570083,0.193182
9014,293.890869,0.021959,1.58918,0.194866
9015,293.890869,0.021959,1.58918,0.194866
9016,293.890869,0.021959,1.58918,0.194866
9017,293.842682,0.000836,1.554341,0.192765
9018,293.842682,0.000836,1.554341,0.192765
9019,293.842682,0.000836,1.554341,0.192765
9020,293.842682,0.000836,1.554341,0.192765
9021,293.842682,0.000836,1.554341,0.192765
9022,293.842682,0.000836,1.554341,0.192765
9023,293.819977,0.006393,1.522961,0.190722
9024,293.819977,0.006393,1.522961,0.190722
9025,293.819977,0.006393,1.522961,0.190722
9026,293.819977,0.006393,1.522961,0.190722
9027,293.819977,0.006393,1.522961,0.190722
9028,293.819977,0.006393,1.522961,0.190722
9029,293.61319,0.024262,1.551078,0.19309
9030,293.61319,0.024262,1.551078,0.19309
9031,293.61319,0.024262,1.551078,0.19309
9032,293.61319,0.024262,1.551078,0.19309
9033,293.408142,0.033756,1.604783,0.197021
9034,293.49649,1e-06,1.851068,0.212425
9035,293.49649,1e-06,1.851068,0.212425
9036,293.49649,1e-06,1.851068,0.212425
9037,293.424744,0,1.835871,0.211597
9038,293.28241,0.087703,1.792967,0.209046
9039,293.28241,0.087703,1.792967,0.209046
9040,293.28241,0.087703,1.792967,0.209046
9041,293.196869,0.0792,1.768855,0.207695
9042,293.196869,0.0792,1.768855,0.207695
9043,293.196869,0.0792,1.768855,0.207695
9044,293.196869,0.0792,1.768855,0.207695
9045,293.196869,0.0792,1.768855,0.207695
9046,293.196869,0.0792,1.768855,0.207695
9047,293.196869,0.0792,1.768855,0.207695
9048,293.196869,0.0792,1.768855,0.207695
9049,293.488495,0.625584,1.746863,0.205759
9050,293.488495,0.625584,1.746863,0.205759
9051,293.744873,0,1.863014,0.213842
9052,293.744873,0,1.863014,0.213842
9053,293.744873,0,1.863014,0.213842
9054,293.744873,0,1.863014,0.213842
9055,293.744873,0,1.863014,0.213842
9056,299.354156,0,2.134217,0.234292
9057,299.354156,0,2.134217,0.234292
9058,299.354156,0,2.134217,0.234292
9059,299.354156,0,2.134217,0.234292
9060,299.354156,0,2.134217,0.234292
9061,299.354156,0,2.134217,0.234292
9062,299.354156,0,2.134217,0.234292
9063,293.240173,0.011725,1.786213,0.208605
9064,293.240173,0.011725,1.786213,0.208605
9065,293.240173,0.011725,1.786213,0.208605
9066,293.240173,0.011725,1.786213,0.208605
9067,293.240173,0.011725,1.786213,0.208605
9068,293.240173,0.011725,1.786213,0.208605
9069,293.240173,0.011725,1.786213,0.208605
9070,293.240173,0.011725,1.786213,0.208605
9071,293.240173,0.011725,1.786213,0.208605
9072,293.240173,0.011725,1.786213,0.208605
9073,293.240173,0.011725,1.786213,0.208605
9074,293.240173,0.011725,1.786213,0.208605
9075,293.240173,0.011725,1.786213,0.208605
9076,296.649109,2.1e-05,1.88855,0.21675
9077,296.649109,2.1e-05,1.88855,0.21675
9078,296.649109,2.1e-05,1.88855,0.21675
9079,296.649109,2.1e-05,1.88855,0.21675
9080,293.196869,0.0792,1.768855,0.207695
9081,293.196869,0.0792,1.768855,0.207695
9082,293.196869,0.0792,1.768855,0.207695
9083,293.196869,0.0792,1.768855,0.207695
9084,NA,NA,NA,NA
9085,293.196869,0.0792,1.768855,0.207695
9086,293.341156,0.028571,1.576878,0.195466
9087,293.341156,0.028571,1.576878,0.195466
9088,293.341156,0.028571,1.576878,0.195466
9089,293.341156,0.028571,1.576878,0.195466
9090,293.341156,0.028571,1.576878,0.195466
9091,293.341156,0.028571,1.576878,0.195466
9092,293.266937,0.023474,1.583917,0.196202
9093,293.266937,0.023474,1.583917,0.196202
9094,302.738312,0.002413,2.481618,0.265889
9095,302.738312,0.002413,2.481618,0.265889
9096,293.281158,0.002335,1.558468,0.194681
9097,293.281158,0.002335,1.558468,0.194681
9098,293.281158,0.002335,1.558468,0.194681
9099,293.281158,0.002335,1.558468,0.194681
9100,293.281158,0.002335,1.558468,0.194681
9101,293.281158,0.002335,1.558468,0.194681
9102,293.281158,0.002335,1.558468,0.194681
9103,293.281158,0.002335,1.558468,0.194681
9104,293.034546,0.436204,1.658293,0.201861
9105,293.034546,0.436204,1.658293,0.201861
9106,293.034546,0.436204,1.658293,0.201861
9107,293.034546,0.436204,1.658293,0.201861
9108,292.876801,3e-05,1.76982,0.209031
9109,292.876801,3e-05,1.76982,0.209031
9110,292.876801,3e-05,1.76982,0.209031
9111,292.876801,3e-05,1.76982,0.209031
9112,292.876801,3e-05,1.76982,0.209031
9113,292.876801,3e-05,1.76982,0.209031
9114,292.876801,3e-05,1.76982,0.209031
9115,292.876801,3e-05,1.76982,0.209031
9116,292.876801,3e-05,1.76982,0.209031
9117,292.876801,3e-05,1.76982,0.209031
9118,292.876801,3e-05,1.76982,0.209031
9119,292.876801,3e-05,1.76982,0.209031
9120,292.876801,3e-05,1.76982,0.209031
9121,292.876801,3e-05,1.76982,0.209031
9122,293.018951,0.007915,1.714611,0.205197
9123,293.018951,0.007915,1.714611,0.205197
9124,292.876801,3e-05,1.76982,0.209031
9125,292.876801,3e-05,1.76982,0.209031
9126,292.876801,3e-05,1.76982,0.209031
9127,293.018951,0.007915,1.714611,0.205197
9128,293.018951,0.007915,1.714611,0.205197
9129,293.018951,0.007915,1.714611,0.205197
9130,293.018951,0.007915,1.714611,0.205197
9131,293.018951,0.007915,1.714611,0.205197
9132,293.018951,0.007915,1.714611,0.205197
9133,295.321381,0,1.843215,0.214191
9134,295.321381,0,1.843215,0.214191
9135,295.321381,0,1.843215,0.214191
9136,298.453705,0,1.865752,0.216519
9137,293.169342,2e-06,1.720919,0.20518
9138,293.169342,2e-06,1.720919,0.20518
9139,293.169342,2e-06,1.720919,0.20518
9140,293.169342,2e-06,1.720919,0.20518
9141,293.169342,2e-06,1.720919,0.20518
9142,293.169342,2e-06,1.720919,0.20518
9143,293.169342,2e-06,1.720919,0.20518
9144,293.169342,2e-06,1.720919,0.20518
9145,293.775482,0,0.425579,0.123231
9146,293.435333,0,0.426948,0.124603
9147,293.435333,0,0.426948,0.124603
9148,293.435333,0,0.426948,0.124603
9149,293.435333,0,0.426948,0.124603
9150,293.775482,0,0.425579,0.123231
9151,293.435333,0,0.426948,0.124603
9152,293.775482,0,0.425579,0.123231
9153,293.435333,0,0.426948,0.124603
9154,293.435333,0,0.426948,0.124603
9155,293.435333,0,0.426948,0.124603
9156,293.435333,0,0.426948,0.124603
9157,293.775482,0,0.425579,0.123231
9158,293.435333,0,0.426948,0.124603
9159,293.435333,0,0.426948,0.124603
9160,293.435333,0,0.426948,0.124603
9161,293.435333,0,0.426948,0.124603
9162,293.435333,0,0.426948,0.124603
9163,293.435333,0,0.426948,0.124603
9164,293.435333,0,0.426948,0.124603
9165,293.775482,0,0.425579,0.123231
9166,293.775482,0,0.425579,0.123231
9167,293.775482,0,0.425579,0.123231
9168,293.775482,0,0.425579,0.123231
9169,293.435333,0,0.426948,0.124603
9170,293.435333,0,0.426948,0.124603
9171,293.435333,0,0.426948,0.124603
9172,293.435333,0,0.426948,0.124603
9173,293.435333,0,0.426948,0.124603
9174,293.435333,0,0.426948,0.124603
9175,293.435333,0,0.426948,0.124603
9176,293.435333,0,0.426948,0.124603
9177,293.435333,0,0.426948,0.124603
9178,293.435333,0,0.426948,0.124603
9179,293.435333,0,0.426948,0.124603
9180,293.435333,0,0.426948,0.124603
9181,293.775482,0,0.425579,0.123231
9182,293.775482,0,0.425579,0.123231
9183,293.775482,0,0.425579,0.123231
9184,293.775482,0,0.425579,0.123231
9185,293.775482,0,0.425579,0.123231
9186,293.775482,0,0.425579,0.123231
9187,293.775482,0,0.425579,0.123231
9188,293.775482,0,0.425579,0.123231
9189,293.775482,0,0.425579,0.123231
9190,293.775482,0,0.425579,0.123231
9191,293.775482,0,0.425579,0.123231
9192,293.775482,0,0.425579,0.123231
9193,293.775482,0,0.425579,0.123231
9194,293.775482,0,0.425579,0.123231
9195,293.775482,0,0.425579,0.123231
9196,293.775482,0,0.425579,0.123231
9197,293.775482,0,0.425579,0.123231
9198,293.775482,0,0.425579,0.123231
9199,293.775482,0,0.425579,0.123231
9200,293.775482,0,0.425579,0.123231
9201,293.775482,0,0.425579,0.123231
9202,293.435333,0,0.426948,0.124603
9203,293.775482,0,0.425579,0.123231
9204,293.775482,0,0.425579,0.123231
9205,293.775482,0,0.425579,0.123231
9206,293.775482,0,0.425579,0.123231
9207,293.775482,0,0.425579,0.123231
9208,293.775482,0,0.425579,0.123231
9209,293.775482,0,0.425579,0.123231
9210,293.775482,0,0.425579,0.123231
9211,293.775482,0,0.425579,0.123231
9212,293.775482,0,0.425579,0.123231
9213,293.775482,0,0.425579,0.123231
9214,293.775482,0,0.425579,0.123231
9215,293.775482,0,0.425579,0.123231
9216,293.775482,0,0.425579,0.123231
9217,293.435333,0,0.426948,0.124603
9218,294.714142,0,0.439608,0.118407
9219,294.714142,0,0.439608,0.118407
9220,294.714142,0,0.439608,0.118407
9221,294.714142,0,0.439608,0.118407
9222,294.714142,0,0.439608,0.118407
9223,294.714142,0,0.439608,0.118407
9224,294.714142,0,0.439608,0.118407
9225,294.714142,0,0.439608,0.118407
9226,299.084473,0,0.434624,0.123028
9227,294.714142,0,0.439608,0.118407
9228,294.714142,0,0.439608,0.118407
9229,299.084473,0,0.434624,0.123028
9230,299.084473,0,0.434624,0.123028
9231,294.714142,0,0.439608,0.118407
9232,294.714142,0,0.439608,0.118407
9233,294.714142,0,0.439608,0.118407
9234,294.714142,0,0.439608,0.118407
9235,294.714142,0,0.439608,0.118407
9236,294.714142,0,0.439608,0.118407
9237,294.714142,0,0.439608,0.118407
9238,294.714142,0,0.439608,0.118407
9239,294.714142,0,0.439608,0.118407
9240,294.714142,0,0.439608,0.118407
9241,294.714142,0,0.439608,0.118407
9242,294.714142,0,0.439608,0.118407
9243,289.897125,0,0.815958,0.150398
9244,289.897125,0,0.815958,0.150398
9245,289.897125,0,0.815958,0.150398
9246,289.897125,0,0.815958,0.150398
9247,289.897125,0,0.815958,0.150398
9248,289.897125,0,0.815958,0.150398
9249,289.897125,0,0.815958,0.150398
9250,289.897125,0,0.815958,0.150398
9251,289.897125,0,0.815958,0.150398
9252,289.897125,0,0.815958,0.150398
9253,289.670807,0,0.811152,0.152118
9254,289.670807,0,0.811152,0.152118
9255,289.670807,0,0.811152,0.152118
9256,289.670807,0,0.811152,0.152118
9257,289.670807,0,0.811152,0.152118
9258,289.670807,0,0.811152,0.152118
9259,289.670807,0,0.811152,0.152118
9260,289.670807,0,0.811152,0.152118
9261,289.670807,0,0.811152,0.152118
9262,292.365936,0,0.461537,0.129578
9263,292.365936,0,0.461537,0.129578
9264,292.365936,0,0.461537,0.129578
9265,292.365936,0,0.461537,0.129578
9266,292.365936,0,0.461537,0.129578
9267,292.365936,0,0.461537,0.129578
9268,292.365936,0,0.461537,0.129578
9269,292.365936,0,0.461537,0.129578
9270,292.365936,0,0.461537,0.129578
9271,292.365936,0,0.461537,0.129578
9272,292.365936,0,0.461537,0.129578
9273,292.365936,0,0.461537,0.129578
9274,292.313721,0,0.450243,0.130306
9275,292.313721,0,0.450243,0.130306
9276,292.365936,0,0.461537,0.129578
9277,292.313721,0,0.450243,0.130306
9278,292.313721,0,0.450243,0.130306
9279,292.313721,0,0.450243,0.130306
9280,292.313721,0,0.450243,0.130306
9281,292.313721,0,0.450243,0.130306
9282,292.313721,0,0.450243,0.130306
9283,292.313721,0,0.450243,0.130306
9284,292.313721,0,0.450243,0.130306
9285,292.313721,0,0.450243,0.130306
9286,292.365936,0,0.461537,0.129578
9287,292.313721,0,0.450243,0.130306
9288,292.313721,0,0.450243,0.130306
9289,292.313721,0,0.450243,0.130306
9290,292.313721,0,0.450243,0.130306
9291,292.313721,0,0.450243,0.130306
9292,292.365936,0,0.461537,0.129578
9293,292.313721,0,0.450243,0.130306
9294,292.313721,0,0.450243,0.130306
9295,292.365936,0,0.461537,0.129578
9296,292.313721,0,0.450243,0.130306
9297,292.313721,0,0.450243,0.130306
9298,292.365936,0,0.461537,0.129578
9299,292.365936,0,0.461537,0.129578
9300,292.365936,0,0.461537,0.129578
9301,292.365936,0,0.461537,0.129578
9302,292.365936,0,0.461537,0.129578
9303,292.313721,0,0.450243,0.130306
9304,292.365936,0,0.461537,0.129578
9305,292.313721,0,0.450243,0.130306
9306,292.313721,0,0.450243,0.130306
9307,292.313721,0,0.450243,0.130306
9308,292.365936,0,0.461537,0.129578
9309,292.365936,0,0.461537,0.129578
9310,292.313721,0,0.450243,0.130306
9311,292.365936,0,0.461537,0.129578
9312,292.313721,0,0.450243,0.130306
9313,292.365936,0,0.461537,0.129578
9314,292.313721,0,0.450243,0.130306
9315,292.365936,0,0.461537,0.129578
9316,292.365936,0,0.461537,0.129578
9317,292.365936,0,0.461537,0.129578
9318,292.313721,0,0.450243,0.130306
9319,292.313721,0,0.450243,0.130306
9320,292.313721,0,0.450243,0.130306
9321,292.313721,0,0.450243,0.130306
9322,292.313721,0,0.450243,0.130306
9323,292.365936,0,0.461537,0.129578
9324,292.313721,0,0.450243,0.130306
9325,292.313721,0,0.450243,0.130306
9326,292.313721,0,0.450243,0.130306
9327,292.313721,0,0.450243,0.130306
9328,292.313721,0,0.450243,0.130306
9329,292.313721,0,0.450243,0.130306
9330,292.365936,0,0.461537,0.129578
9331,292.365936,0,0.461537,0.129578
9332,292.313721,0,0.450243,0.130306
9333,292.365936,0,0.461537,0.129578
9334,292.313721,0,0.450243,0.130306
9335,292.313721,0,0.450243,0.130306
9336,292.365936,0,0.461537,0.129578
9337,292.365936,0,0.461537,0.129578
9338,292.313721,0,0.450243,0.130306
9339,292.365936,0,0.461537,0.129578
9340,292.313721,0,0.450243,0.130306
9341,292.313721,0,0.450243,0.130306
9342,292.313721,0,0.450243,0.130306
9343,292.313721,0,0.450243,0.130306
9344,292.365936,0,0.461537,0.129578
9345,292.365936,0,0.461537,0.129578
9346,292.365936,0,0.461537,0.129578
9347,292.365936,0,0.461537,0.129578
9348,292.313721,0,0.450243,0.130306
9349,292.365936,0,0.461537,0.129578
9350,292.365936,0,0.461537,0.129578
9351,292.365936,0,0.461537,0.129578
9352,292.313721,0,0.450243,0.130306
9353,292.313721,0,0.450243,0.130306
9354,291.290344,0,0.502514,0.135459
9355,291.290344,0,0.502514,0.135459
9356,291.290344,0,0.502514,0.135459
9357,291.290344,0,0.502514,0.135459
9358,291.290344,0,0.502514,0.135459
9359,291.290344,0,0.502514,0.135459
9360,291.290344,0,0.502514,0.135459
9361,291.290344,0,0.502514,0.135459
9362,290.883514,0,0.514479,0.137938
9363,291.290344,0,0.502514,0.135459
9364,291.290344,0,0.502514,0.135459
9365,290.883514,0,0.514479,0.137938
9366,291.290344,0,0.502514,0.135459
9367,291.290344,0,0.502514,0.135459
9368,291.290344,0,0.502514,0.135459
9369,291.290344,0,0.502514,0.135459
9370,290.883514,0,0.514479,0.137938
9371,291.290344,0,0.502514,0.135459
9372,290.883514,0,0.514479,0.137938
9373,291.290344,0,0.502514,0.135459
9374,291.290344,0,0.502514,0.135459
9375,291.290344,0,0.502514,0.135459
9376,291.290344,0,0.502514,0.135459
9377,291.290344,0,0.502514,0.135459
9378,291.290344,0,0.502514,0.135459
9379,291.290344,0,0.502514,0.135459
9380,291.290344,0,0.502514,0.135459
9381,291.290344,0,0.502514,0.135459
9382,291.290344,0,0.502514,0.135459
9383,291.290344,0,0.502514,0.135459
9384,291.290344,0,0.502514,0.135459
9385,291.290344,0,0.502514,0.135459
9386,291.290344,0,0.502514,0.135459
9387,291.290344,0,0.502514,0.135459
9388,291.290344,0,0.502514,0.135459
9389,291.290344,0,0.502514,0.135459
9390,291.290344,0,0.502514,0.135459
9391,291.290344,0,0.502514,0.135459
9392,291.290344,0,0.502514,0.135459
9393,291.290344,0,0.502514,0.135459
9394,291.290344,0,0.502514,0.135459
9395,291.290344,0,0.502514,0.135459
9396,291.290344,0,0.502514,0.135459
9397,288.136993,0,1.900749,0.211561
9398,288.254059,0,1.897124,0.211405
9399,288.254059,0,1.897124,0.211405
9400,288.254059,0,1.897124,0.211405
9401,288.254059,0,1.897124,0.211405
9402,288.254059,0,1.897124,0.211405
9403,288.254059,0,1.897124,0.211405
9404,288.254059,0,1.897124,0.211405
9405,288.254059,0,1.897124,0.211405
9406,288.254059,0,1.897124,0.211405
9407,288.136993,0,1.900749,0.211561
9408,288.254059,0,1.897124,0.211405
9409,288.254059,0,1.897124,0.211405
9410,288.254059,0,1.897124,0.211405
9411,288.254059,0,1.897124,0.211405
9412,288.254059,0,1.897124,0.211405
9413,288.254059,0,1.897124,0.211405
9414,288.254059,0,1.897124,0.211405
9415,288.254059,0,1.897124,0.211405
9416,288.254059,0,1.897124,0.211405
9417,288.254059,0,1.897124,0.211405
9418,288.254059,0,1.897124,0.211405
9419,287.750671,0,1.918789,0.213239
9420,287.750671,0,1.918789,0.213239
9421,287.750671,0,1.918789,0.213239
9422,287.750671,0,1.918789,0.213239
9423,287.750671,0,1.918789,0.213239
9424,287.750671,0,1.918789,0.213239
9425,287.750671,0,1.918789,0.213239
9426,287.750671,0,1.918789,0.213239
9427,287.750671,0,1.918789,0.213239
9428,287.750671,0,1.918789,0.213239
9429,287.750671,0,1.918789,0.213239
9430,287.750671,0,1.918789,0.213239
9431,287.750671,0,1.918789,0.213239
9432,287.750671,0,1.918789,0.213239
9433,287.750671,0,1.918789,0.213239
9434,287.750671,0,1.918789,0.213239
9435,287.750671,0,1.918789,0.213239
9436,287.340912,0,1.940069,0.214961
9437,287.340912,0,1.940069,0.214961
9438,287.340912,0,1.940069,0.214961
9439,287.340912,0,1.940069,0.214961
9440,287.340912,0,1.940069,0.214961
9441,287.340912,0,1.940069,0.214961
9442,287.340912,0,1.940069,0.214961
9443,287.340912,0,1.940069,0.214961
9444,287.340912,0,1.940069,0.214961
9445,287.340912,0,1.940069,0.214961
9446,287.340912,0,1.940069,0.214961
9447,287.340912,0,1.940069,0.214961
9448,287.340912,0,1.940069,0.214961
9449,302.934814,1.6e-05,2.754708,0.266667
9450,302.263062,0.001798,2.862984,0.274372
9451,302.263062,0.001798,2.862984,0.274372
9452,302.263062,0.001798,2.862984,0.274372
9453,302.934814,1.6e-05,2.754708,0.266667
9454,302.934814,1.6e-05,2.754708,0.266667
9455,302.263062,0.001798,2.862984,0.274372
9456,302.934814,1.6e-05,2.754708,0.266667
9457,302.263062,0.001798,2.862984,0.274372
9458,302.322205,0.000259,2.888099,0.276142
9459,302.263062,0.001798,2.862984,0.274372
9460,302.859283,0,2.808406,0.270967
9461,302.263062,0.001798,2.862984,0.274372
9462,302.263062,0.001798,2.862984,0.274372
9463,302.764984,0.000401,2.77314,0.267948
9464,302.934814,1.6e-05,2.754708,0.266667
9465,302.263062,0.001798,2.862984,0.274372
9466,302.263062,0.001798,2.862984,0.274372
9467,302.322205,0.000259,2.888099,0.276142
9468,302.263062,0.001798,2.862984,0.274372
9469,302.263062,0.001798,2.862984,0.274372
9470,302.263062,0.001798,2.862984,0.274372
9471,302.263062,0.001798,2.862984,0.274372
9472,302.263062,0.001798,2.862984,0.274372
9473,302.263062,0.001798,2.862984,0.274372
9474,302.322205,0.000259,2.888099,0.276142
9475,302.263062,0.001798,2.862984,0.274372
9476,302.263062,0.001798,2.862984,0.274372
9477,302.934814,1.6e-05,2.754708,0.266667
9478,302.934814,1.6e-05,2.754708,0.266667
9479,302.322205,0.000259,2.888099,0.276142
9480,302.934814,1.6e-05,2.754708,0.266667
9481,302.263062,0.001798,2.862984,0.274372
9482,302.322205,0.000259,2.888099,0.276142
9483,302.934814,1.6e-05,2.754708,0.266667
9484,302.934814,1.6e-05,2.754708,0.266667
9485,302.934814,1.6e-05,2.754708,0.266667
9486,302.263062,0.001798,2.862984,0.274372
9487,302.263062,0.001798,2.862984,0.274372
9488,302.263062,0.001798,2.862984,0.274372
9489,302.322205,0.000259,2.888099,0.276142
9490,302.322205,0.000259,2.888099,0.276142
9491,302.859283,0,2.808406,0.270967
9492,302.764984,0.000401,2.77314,0.267948
9493,302.263062,0.001798,2.862984,0.274372
9494,302.322205,0.000259,2.888099,0.276142
9495,302.263062,0.001798,2.862984,0.274372
9496,302.322205,0.000259,2.888099,0.276142
9497,302.322205,0.000259,2.888099,0.276142
9498,302.263062,0.001798,2.862984,0.274372
9499,302.263062,0.001798,2.862984,0.274372
9500,302.263062,0.001798,2.862984,0.274372
9501,302.263062,0.001798,2.862984,0.274372
9502,302.859283,0,2.808406,0.270967
9503,302.322205,0.000259,2.888099,0.276142
9504,302.322205,0.000259,2.888099,0.276142
9505,302.859283,0,2.808406,0.270967
9506,302.859283,0,2.808406,0.270967
9507,302.859283,0,2.808406,0.270967
9508,302.859283,0,2.808406,0.270967
9509,302.859283,0,2.808406,0.270967
9510,302.322205,0.000259,2.888099,0.276142
9511,302.322205,0.000259,2.888099,0.276142
9512,302.859283,0,2.808406,0.270967
9513,302.909912,0,2.782183,0.268852
9514,302.263062,0.001798,2.862984,0.274372
9515,302.859283,0,2.808406,0.270967
9516,302.859283,0,2.808406,0.270967
9517,302.859283,0,2.808406,0.270967
9518,302.322205,0.000259,2.888099,0.276142
9519,302.859283,0,2.808406,0.270967
9520,302.322205,0.000259,2.888099,0.276142
9521,302.859283,0,2.808406,0.270967
9522,302.263062,0.001798,2.862984,0.274372
9523,302.859283,0,2.808406,0.270967
9524,302.934814,1.6e-05,2.754708,0.266667
9525,302.934814,1.6e-05,2.754708,0.266667
9526,302.934814,1.6e-05,2.754708,0.266667
9527,302.934814,1.6e-05,2.754708,0.266667
9528,302.934814,1.6e-05,2.754708,0.266667
9529,302.859283,0,2.808406,0.270967
9530,302.859283,0,2.808406,0.270967
9531,302.859283,0,2.808406,0.270967
9532,302.934814,1.6e-05,2.754708,0.266667
9533,302.934814,1.6e-05,2.754708,0.266667
9534,302.971893,0,2.766239,0.267507
9535,302.934814,1.6e-05,2.754708,0.266667
9536,302.934814,1.6e-05,2.754708,0.266667
9537,302.934814,1.6e-05,2.754708,0.266667
9538,302.934814,1.6e-05,2.754708,0.266667
9539,302.934814,1.6e-05,2.754708,0.266667
9540,302.934814,1.6e-05,2.754708,0.266667
9541,302.859283,0,2.808406,0.270967
9542,302.859283,0,2.808406,0.270967
9543,302.859283,0,2.808406,0.270967
9544,302.909912,0,2.782183,0.268852
9545,302.934814,1.6e-05,2.754708,0.266667
9546,302.934814,1.6e-05,2.754708,0.266667
9547,302.934814,1.6e-05,2.754708,0.266667
9548,302.859283,0,2.808406,0.270967
9549,302.859283,0,2.808406,0.270967
9550,302.859283,0,2.808406,0.270967
9551,302.859283,0,2.808406,0.270967
9552,302.859283,0,2.808406,0.270967
9553,302.859283,0,2.808406,0.270967
9554,302.859283,0,2.808406,0.270967
9555,302.859283,0,2.808406,0.270967
9556,302.859283,0,2.808406,0.270967
9557,302.859283,0,2.808406,0.270967
9558,302.859283,0,2.808406,0.270967
9559,302.859283,0,2.808406,0.270967
9560,302.859283,0,2.808406,0.270967
9561,302.859283,0,2.808406,0.270967
9562,302.859283,0,2.808406,0.270967
9563,302.859283,0,2.808406,0.270967
9564,302.859283,0,2.808406,0.270967
9565,302.263062,0.001798,2.862984,0.274372
9566,302.859283,0,2.808406,0.270967
9567,302.934814,1.6e-05,2.754708,0.266667
9568,302.934814,1.6e-05,2.754708,0.266667
9569,302.934814,1.6e-05,2.754708,0.266667
9570,302.934814,1.6e-05,2.754708,0.266667
9571,302.263062,0.001798,2.862984,0.274372
9572,302.934814,1.6e-05,2.754708,0.266667
9573,302.934814,1.6e-05,2.754708,0.266667
9574,302.934814,1.6e-05,2.754708,0.266667
9575,302.934814,1.6e-05,2.754708,0.266667
9576,302.934814,1.6e-05,2.754708,0.266667
9577,302.934814,1.6e-05,2.754708,0.266667
9578,302.934814,1.6e-05,2.754708,0.266667
9579,302.934814,1.6e-05,2.754708,0.266667
9580,302.934814,1.6e-05,2.754708,0.266667
9581,302.934814,1.6e-05,2.754708,0.266667
9582,302.859283,0,2.808406,0.270967
9583,302.934814,1.6e-05,2.754708,0.266667
9584,302.934814,1.6e-05,2.754708,0.266667
9585,302.859283,0,2.808406,0.270967
9586,302.859283,0,2.808406,0.270967
9587,302.859283,0,2.808406,0.270967
9588,302.859283,0,2.808406,0.270967
9589,302.859283,0,2.808406,0.270967
9590,305.342255,0,2.501287,0.239627
9591,305.342255,0,2.501287,0.239627
9592,305.342255,0,2.501287,0.239627
9593,305.342255,0,2.501287,0.239627
9594,305.342255,0,2.501287,0.239627
9595,305.342255,0,2.501287,0.239627
9596,305.342255,0,2.501287,0.239627
9597,305.342255,0,2.501287,0.239627
9598,305.342255,0,2.501287,0.239627
9599,305.342255,0,2.501287,0.239627
9600,305.342255,0,2.501287,0.239627
9601,305.342255,0,2.501287,0.239627
9602,305.342255,0,2.501287,0.239627
9603,305.342255,0,2.501287,0.239627
9604,305.342255,0,2.501287,0.239627
9605,305.43512,0,2.472992,0.237975
9606,305.43512,0,2.472992,0.237975
9607,305.43512,0,2.472992,0.237975
9608,305.43512,0,2.472992,0.237975
9609,305.43512,0,2.472992,0.237975
9610,305.342255,0,2.501287,0.239627
9611,305.43512,0,2.472992,0.237975
9612,305.259277,0,2.529929,0.241448
9613,305.259277,0,2.529929,0.241448
9614,305.259277,0,2.529929,0.241448
9615,305.471375,0,2.428166,0.235866
9616,305.471375,0,2.428166,0.235866
9617,305.471375,0,2.428166,0.235866
9618,305.471375,0,2.428166,0.235866
9619,305.471375,0,2.428166,0.235866
9620,305.471375,0,2.428166,0.235866
9621,305.471375,0,2.428166,0.235866
9622,305.471375,0,2.428166,0.235866
9623,305.471375,0,2.428166,0.235866
9624,305.471375,0,2.428166,0.235866
9625,305.471375,0,2.428166,0.235866
9626,305.471375,0,2.428166,0.235866
9627,305.471375,0,2.428166,0.235866
9628,305.43338,0,2.428543,0.236154
9629,305.471375,0,2.428166,0.235866
9630,305.471375,0,2.428166,0.235866
9631,305.471375,0,2.428166,0.235866
9632,305.43512,0,2.472992,0.237975
9633,305.471375,0,2.428166,0.235866
9634,305.471375,0,2.428166,0.235866
9635,305.342255,0,2.501287,0.239627
9636,305.342255,0,2.501287,0.239627
9637,305.342255,0,2.501287,0.239627
9638,305.43512,0,2.472992,0.237975
9639,305.471375,0,2.428166,0.235866
9640,305.43512,0,2.472992,0.237975
9641,305.43512,0,2.472992,0.237975
9642,305.43512,0,2.472992,0.237975
9643,305.43512,0,2.472992,0.237975
9644,305.471375,0,2.428166,0.235866
9645,305.43512,0,2.472992,0.237975
9646,305.43512,0,2.472992,0.237975
9647,305.43512,0,2.472992,0.237975
9648,305.342255,0,2.501287,0.239627
9649,305.342255,0,2.501287,0.239627
9650,305.342255,0,2.501287,0.239627
9651,305.342255,0,2.501287,0.239627
9652,305.43512,0,2.472992,0.237975
9653,305.43512,0,2.472992,0.237975
9654,305.43512,0,2.472992,0.237975
9655,305.43512,0,2.472992,0.237975
9656,305.43512,0,2.472992,0.237975
9657,305.43512,0,2.472992,0.237975
9658,305.43512,0,2.472992,0.237975
9659,305.342255,0,2.501287,0.239627
9660,305.342255,0,2.501287,0.239627
9661,305.342255,0,2.501287,0.239627
9662,305.342255,0,2.501287,0.239627
9663,305.471375,0,2.428166,0.235866
9664,305.471375,0,2.428166,0.235866
9665,305.471375,0,2.428166,0.235866
9666,305.471375,0,2.428166,0.235866
9667,305.43338,0,2.428543,0.236154
9668,305.43338,0,2.428543,0.236154
9669,305.471375,0,2.428166,0.235866
9670,305.471375,0,2.428166,0.235866
9671,305.471375,0,2.428166,0.235866
9672,305.43338,0,2.428543,0.236154
9673,305.43512,0,2.472992,0.237975
9674,305.342255,0,2.501287,0.239627
9675,305.471375,0,2.428166,0.235866
9676,305.471375,0,2.428166,0.235866
9677,305.471375,0,2.428166,0.235866
9678,305.471375,0,2.428166,0.235866
9679,305.471375,0,2.428166,0.235866
9680,305.471375,0,2.428166,0.235866
9681,305.43338,0,2.428543,0.236154
9682,305.43338,0,2.428543,0.236154
9683,305.471375,0,2.428166,0.235866
9684,305.471375,0,2.428166,0.235866
9685,305.471375,0,2.428166,0.235866
9686,305.471375,0,2.428166,0.235866
9687,305.471375,0,2.428166,0.235866
9688,305.471375,0,2.428166,0.235866
9689,305.471375,0,2.428166,0.235866
9690,305.218994,0,2.534617,0.241376
9691,305.471375,0,2.428166,0.235866
9692,305.43512,0,2.472992,0.237975
9693,305.43512,0,2.472992,0.237975
9694,305.43512,0,2.472992,0.237975
9695,305.43512,0,2.472992,0.237975
9696,305.43512,0,2.472992,0.237975
9697,305.43512,0,2.472992,0.237975
9698,305.43512,0,2.472992,0.237975
9699,305.43512,0,2.472992,0.237975
9700,305.43512,0,2.472992,0.237975
9701,305.43512,0,2.472992,0.237975
9702,305.43512,0,2.472992,0.237975
9703,305.43512,0,2.472992,0.237975
9704,305.259277,0,2.529929,0.241448
9705,305.43512,0,2.472992,0.237975
9706,305.43512,0,2.472992,0.237975
9707,305.342255,0,2.501287,0.239627
9708,305.259277,0,2.529929,0.241448
9709,305.259277,0,2.529929,0.241448
9710,304.795959,2.469504,2.616561,0.246448
9711,304.795959,2.469504,2.616561,0.246448
9712,304.795959,2.469504,2.616561,0.246448
9713,304.795959,2.469504,2.616561,0.246448
9714,304.795959,2.469504,2.616561,0.246448
9715,304.795959,2.469504,2.616561,0.246448
9716,304.795959,2.469504,2.616561,0.246448
9717,304.795959,2.469504,2.616561,0.246448
9718,304.795959,2.469504,2.616561,0.246448
9719,304.795959,2.469504,2.616561,0.246448
9720,304.795959,2.469504,2.616561,0.246448
9721,304.795959,2.469504,2.616561,0.246448
9722,304.795959,2.469504,2.616561,0.246448
9723,304.795959,2.469504,2.616561,0.246448
9724,304.795959,2.469504,2.616561,0.246448
9725,304.795959,2.469504,2.616561,0.246448
9726,304.795959,2.469504,2.616561,0.246448
9727,304.795959,2.469504,2.616561,0.246448
9728,304.795959,2.469504,2.616561,0.246448
9729,304.795959,2.469504,2.616561,0.246448
9730,304.795959,2.469504,2.616561,0.246448
9731,304.795959,2.469504,2.616561,0.246448
9732,304.795959,2.469504,2.616561,0.246448
9733,304.795959,2.469504,2.616561,0.246448
9734,304.795959,2.469504,2.616561,0.246448
9735,304.795959,2.469504,2.616561,0.246448
9736,304.795959,2.469504,2.616561,0.246448
9737,304.795959,2.469504,2.616561,0.246448
9738,304.795959,2.469504,2.616561,0.246448
9739,304.795959,2.469504,2.616561,0.246448
9740,304.795959,2.469504,2.616561,0.246448
9741,304.795959,2.469504,2.616561,0.246448
9742,304.795959,2.469504,2.616561,0.246448
9743,304.795959,2.469504,2.616561,0.246448
9744,304.795959,2.469504,2.616561,0.246448
9745,304.795959,2.469504,2.616561,0.246448
9746,304.795959,2.469504,2.616561,0.246448
9747,304.795959,2.469504,2.616561,0.246448
9748,304.795959,2.469504,2.616561,0.246448
9749,304.795959,2.469504,2.616561,0.246448
9750,304.795959,2.469504,2.616561,0.246448
9751,304.795959,2.469504,2.616561,0.246448
9752,304.795959,2.469504,2.616561,0.246448
9753,304.795959,2.469504,2.616561,0.246448
9754,288.445435,0,0.993907,0.153623
9755,288.390381,0,0.972398,0.152961
9756,288.390381,0,0.972398,0.152961
9757,288.390381,0,0.972398,0.152961
9758,288.390381,0,0.972398,0.152961
9759,288.390381,0,0.972398,0.152961
9760,288.390381,0,0.972398,0.152961
9761,288.390381,0,0.972398,0.152961
9762,288.390381,0,0.972398,0.152961
9763,288.390381,0,0.972398,0.152961
9764,288.390381,0,0.972398,0.152961
9765,288.390381,0,0.972398,0.152961
9766,288.390381,0,0.972398,0.152961
9767,288.390381,0,0.972398,0.152961
9768,288.390381,0,0.972398,0.152961
9769,288.390381,0,0.972398,0.152961
9770,288.390381,0,0.972398,0.152961
9771,288.445435,0,0.993907,0.153623
9772,288.445435,0,0.993907,0.153623
9773,288.445435,0,0.993907,0.153623
9774,288.445435,0,0.993907,0.153623
9775,288.445435,0,0.993907,0.153623
9776,288.445435,0,0.993907,0.153623
9777,288.390381,0,0.972398,0.152961
9778,288.390381,0,0.972398,0.152961
9779,288.390381,0,0.972398,0.152961
9780,288.390381,0,0.972398,0.152961
9781,288.390381,0,0.972398,0.152961
9782,288.390381,0,0.972398,0.152961
9783,288.390381,0,0.972398,0.152961
9784,288.390381,0,0.972398,0.152961
9785,288.390381,0,0.972398,0.152961
9786,288.445435,0,0.993907,0.153623
9787,288.390381,0,0.972398,0.152961
9788,288.445435,0,0.993907,0.153623
9789,288.445435,0,0.993907,0.153623
9790,288.445435,0,0.993907,0.153623
9791,288.445435,0,0.993907,0.153623
9792,288.445435,0,0.993907,0.153623
9793,288.445435,0,0.993907,0.153623
9794,288.445435,0,0.993907,0.153623
9795,288.445435,0,0.993907,0.153623
9796,288.445435,0,0.993907,0.153623
9797,288.445435,0,0.993907,0.153623
9798,288.445435,0,0.993907,0.153623
9799,288.445435,0,0.993907,0.153623
9800,288.445435,0,0.993907,0.153623
9801,288.445435,0,0.993907,0.153623
9802,288.445435,0,0.993907,0.153623
9803,288.445435,0,0.993907,0.153623
9804,288.445435,0,0.993907,0.153623
9805,288.445435,0,0.993907,0.153623
9806,288.445435,0,0.993907,0.153623
9807,288.445435,0,0.993907,0.153623
9808,288.445435,0,0.993907,0.153623
9809,288.445435,0,0.993907,0.153623
9810,288.445435,0,0.993907,0.153623
9811,288.445435,0,0.993907,0.153623
9812,288.445435,0,0.993907,0.153623
9813,288.445435,0,0.993907,0.153623
9814,288.445435,0,0.993907,0.153623
9815,288.445435,0,0.993907,0.153623
9816,288.390381,0,0.972398,0.152961
9817,288.445435,0,0.993907,0.153623
9818,288.390381,0,0.972398,0.152961
9819,288.390381,0,0.972398,0.152961
9820,288.390381,0,0.972398,0.152961
9821,288.390381,0,0.972398,0.152961
9822,288.390381,0,0.972398,0.152961
9823,288.390381,0,0.972398,0.152961
9824,288.390381,0,0.972398,0.152961
9825,288.390381,0,0.972398,0.152961
9826,288.390381,0,0.972398,0.152961
9827,288.390381,0,0.972398,0.152961
9828,288.390381,0,0.972398,0.152961
9829,288.390381,0,0.972398,0.152961
9830,288.445435,0,0.993907,0.153623
9831,288.445435,0,0.993907,0.153623
9832,288.445435,0,0.993907,0.153623
9833,288.445435,0,0.993907,0.153623
9834,288.390381,0,0.972398,0.152961
9835,288.318451,0,0.935048,0.151269
9836,288.318451,0,0.935048,0.151269
9837,288.318451,0,0.935048,0.151269
9838,288.28186,0,0.936283,0.151757
9839,288.318451,0,0.935048,0.151269
9840,288.318451,0,0.935048,0.151269
9841,288.318451,0,0.935048,0.151269
9842,288.318451,0,0.935048,0.151269
9843,288.318451,0,0.935048,0.151269
9844,288.318451,0,0.935048,0.151269
9845,288.318451,0,0.935048,0.151269
9846,288.318451,0,0.935048,0.151269
9847,288.318451,0,0.935048,0.151269
9848,288.28186,0,0.936283,0.151757
9849,288.318451,0,0.935048,0.151269
9850,288.318451,0,0.935048,0.151269
9851,288.28186,0,0.936283,0.151757
9852,288.318451,0,0.935048,0.151269
9853,288.318451,0,0.935048,0.151269
9854,288.28186,0,0.936283,0.151757
9855,288.28186,0,0.936283,0.151757
9856,288.28186,0,0.936283,0.151757
9857,288.318451,0,0.935048,0.151269
9858,288.318451,0,0.935048,0.151269
9859,288.318451,0,0.935048,0.151269
9860,288.318451,0,0.935048,0.151269
9861,288.318451,0,0.935048,0.151269
9862,288.318451,0,0.935048,0.151269
9863,288.318451,0,0.935048,0.151269
9864,288.318451,0,0.935048,0.151269
9865,288.318451,0,0.935048,0.151269
9866,288.318451,0,0.935048,0.151269
9867,288.318451,0,0.935048,0.151269
9868,288.318451,0,0.935048,0.151269
9869,288.318451,0,0.935048,0.151269
9870,288.318451,0,0.935048,0.151269
9871,288.318451,0,0.935048,0.151269
9872,268.218597,0,8.300721,0.678791
9873,288.318451,0,0.935048,0.151269
9874,287.334198,0,1.867739,0.214402
9875,287.334198,0,1.867739,0.214402
9876,287.360992,0,1.864647,0.214007
9877,287.360992,0,1.864647,0.214007
9878,287.360992,0,1.864647,0.214007
9879,287.360992,0,1.864647,0.214007
9880,287.360992,0,1.864647,0.214007
9881,287.421692,0,1.851352,0.213294
9882,287.334198,0,1.867739,0.214402
9883,287.360992,0,1.864647,0.214007
9884,287.360992,0,1.864647,0.214007
9885,287.421692,0,1.851352,0.213294
9886,287.421692,0,1.851352,0.213294
9887,287.334198,0,1.867739,0.214402
9888,287.334198,0,1.867739,0.214402
9889,287.360992,0,1.864647,0.214007
9890,287.421692,0,1.851352,0.213294
9891,287.334198,0,1.867739,0.214402
9892,287.360992,0,1.864647,0.214007
9893,287.334198,0,1.867739,0.214402
9894,287.360992,0,1.864647,0.214007
9895,287.334198,0,1.867739,0.214402
9896,287.71109,0,1.949161,0.209421
9897,287.71109,0,1.949161,0.209421
9898,287.71109,0,1.949161,0.209421
9899,287.469543,0,2.031348,0.212209
9900,287.469543,0,2.031348,0.212209
9901,287.307953,0,2.032053,0.213183
9902,287.307953,0,2.032053,0.213183
9903,287.307953,0,2.032053,0.213183
9904,287.307953,0,2.032053,0.213183
9905,287.307953,0,2.032053,0.213183
9906,287.355255,0,2.024288,0.21274
9907,287.616974,0,2.008044,0.21139
9908,287.616974,0,2.008044,0.21139
9909,287.616974,0,2.008044,0.21139
9910,287.616974,0,2.008044,0.21139
9911,287.616974,0,2.008044,0.21139
9912,287.616974,0,2.008044,0.21139
9913,287.454315,0,2.031414,0.21231
9914,287.454315,0,2.031414,0.21231
9915,287.454315,0,2.031414,0.21231
9916,287.454315,0,2.031414,0.21231
9917,287.454315,0,2.031414,0.21231
9918,287.454315,0,2.031414,0.21231
9919,287.454315,0,2.031414,0.21231
9920,287.454315,0,2.031414,0.21231
9921,287.469543,0,2.031348,0.212209
9922,287.664581,0,1.994538,0.211465
9923,287.664581,0,1.994538,0.211465
9924,287.664581,0,1.994538,0.211465
9925,287.664581,0,1.994538,0.211465
9926,287.664581,0,1.994538,0.211465
9927,287.664581,0,1.994538,0.211465
9928,287.664581,0,1.994538,0.211465
9929,287.664581,0,1.994538,0.211465
9930,287.664581,0,1.994538,0.211465
9931,287.664581,0,1.994538,0.211465
9932,287.664581,0,1.994538,0.211465
9933,287.664581,0,1.994538,0.211465
9934,287.664581,0,1.994538,0.211465
9935,287.664581,0,1.994538,0.211465
9936,287.775818,0,1.979771,0.211558
9937,287.82666,0,1.981486,0.211133
9938,287.82666,0,1.981486,0.211133
9939,287.82666,0,1.981486,0.211133
9940,287.82666,0,1.981486,0.211133
9941,287.82666,0,1.981486,0.211133
9942,287.82666,0,1.981486,0.211133
9943,290.557068,2e-06,0.995251,0.12788
9944,290.557068,2e-06,0.995251,0.12788
9945,290.557068,2e-06,0.995251,0.12788
9946,290.557068,2e-06,0.995251,0.12788
9947,290.557068,2e-06,0.995251,0.12788
9948,290.557068,2e-06,0.995251,0.12788
9949,290.557068,2e-06,0.995251,0.12788
9950,290.557068,2e-06,0.995251,0.12788
9951,290.557068,2e-06,0.995251,0.12788
9952,290.557068,2e-06,0.995251,0.12788
9953,290.557068,2e-06,0.995251,0.12788
9954,290.557068,2e-06,0.995251,0.12788
9955,290.557068,2e-06,0.995251,0.12788
9956,290.557068,2e-06,0.995251,0.12788
9957,290.557068,2e-06,0.995251,0.12788
9958,290.557068,2e-06,0.995251,0.12788
9959,290.557068,2e-06,0.995251,0.12788
9960,290.557068,2e-06,0.995251,0.12788
9961,290.557068,2e-06,0.995251,0.12788
9962,290.557068,2e-06,0.995251,0.12788
9963,290.557068,2e-06,0.995251,0.12788
9964,290.557068,2e-06,0.995251,0.12788
9965,290.557068,2e-06,0.995251,0.12788
9966,290.557068,2e-06,0.995251,0.12788
9967,290.557068,2e-06,0.995251,0.12788
9968,290.557068,2e-06,0.995251,0.12788
9969,290.557068,2e-06,0.995251,0.12788
9970,290.557068,2e-06,0.995251,0.12788
9971,290.557068,2e-06,0.995251,0.12788
9972,290.649933,0.108317,1.014197,0.127122
9973,290.649933,0.108317,1.014197,0.127122
9974,290.649933,0.108317,1.014197,0.127122
9975,290.649933,0.108317,1.014197,0.127122
9976,290.649933,0.108317,1.014197,0.127122
9977,290.649933,0.108317,1.014197,0.127122
9978,290.649933,0.108317,1.014197,0.127122
9979,290.649933,0.108317,1.014197,0.127122
9980,290.557068,2e-06,0.995251,0.12788
9981,290.557068,2e-06,0.995251,0.12788
9982,290.557068,2e-06,0.995251,0.12788
9983,290.557068,2e-06,0.995251,0.12788
9984,290.557068,2e-06,0.995251,0.12788
9985,290.557068,2e-06,0.995251,0.12788
9986,290.557068,2e-06,0.995251,0.12788
9987,290.557068,2e-06,0.995251,0.12788
9988,290.557068,2e-06,0.995251,0.12788
9989,290.557068,2e-06,0.995251,0.12788
9990,290.510284,0,1.070501,0.120776
9991,290.510284,0,1.070501,0.120776
9992,290.510284,0,1.070501,0.120776
9993,290.278259,0,1.046994,0.122017
9994,290.510284,0,1.070501,0.120776
9995,290.510284,0,1.070501,0.120776
9996,290.384338,0,1.038437,0.122525
9997,290.510284,0,1.070501,0.120776
9998,290.384338,0,1.038437,0.122525
9999,290.384338,0,1.038437,0.122525
10000,290.384338,0,1.038437,0.122525
10001,290.384338,0,1.038437,0.122525
10002,290.510284,0,1.070501,0.120776
10003,290.384338,0,1.038437,0.122525
10004,290.384338,0,1.038437,0.122525
10005,290.510284,0,1.070501,0.120776
10006,290.510284,0,1.070501,0.120776
10007,290.510284,0,1.070501,0.120776
10008,290.384338,0,1.038437,0.122525
10009,290.510284,0,1.070501,0.120776
10010,290.510284,0,1.070501,0.120776
10011,290.510284,0,1.070501,0.120776
10012,290.278259,0,1.046994,0.122017
10013,290.278259,0,1.046994,0.122017
10014,290.278259,0,1.046994,0.122017
10015,290.278259,0,1.046994,0.122017
10016,290.278259,0,1.046994,0.122017
10017,290.278259,0,1.046994,0.122017
10018,291.009399,0,1.162599,0.116206
10019,291.009399,0,1.162599,0.116206
10020,291.070038,0,1.191622,0.11336
10021,291.070038,0,1.191622,0.11336
10022,291.120911,0,1.186091,0.115334
10023,291.127197,0,1.211781,0.111521
10024,291.070038,0,1.191622,0.11336
10025,291.232269,0,1.218009,0.114658
10026,291.232269,0,1.218009,0.114658
10027,291.070038,0,1.191622,0.11336
10028,291.009399,0,1.162599,0.116206
10029,291.80481,0,1.389376,0.100474
10030,291.80481,0,1.389376,0.100474
10031,291.80481,0,1.389376,0.100474
10032,291.009399,0,1.162599,0.116206
10033,291.80481,0,1.389376,0.100474
10034,291.80481,0,1.389376,0.100474
10035,291.80481,0,1.389376,0.100474
10036,291.80481,0,1.389376,0.100474
10037,291.070038,0,1.191622,0.11336
10038,291.070038,0,1.191622,0.11336
10039,291.070038,0,1.191622,0.11336
10040,291.070038,0,1.191622,0.11336
10041,291.070038,0,1.191622,0.11336
10042,291.070038,0,1.191622,0.11336
10043,291.070038,0,1.191622,0.11336
10044,291.070038,0,1.191622,0.11336
10045,291.070038,0,1.191622,0.11336
10046,291.070038,0,1.191622,0.11336
10047,291.070038,0,1.191622,0.11336
10048,291.204163,0,1.217089,0.112708
10049,291.204163,0,1.217089,0.112708
10050,291.204163,0,1.217089,0.112708
10051,291.204163,0,1.217089,0.112708
10052,291.204163,0,1.217089,0.112708
10053,291.204163,0,1.217089,0.112708
10054,291.204163,0,1.217089,0.112708
10055,291.204163,0,1.217089,0.112708
10056,291.204163,0,1.217089,0.112708
10057,291.204163,0,1.217089,0.112708
10058,291.070038,0,1.191622,0.11336
10059,291.070038,0,1.191622,0.11336
10060,291.070038,0,1.191622,0.11336
10061,291.070038,0,1.191622,0.11336
10062,291.070038,0,1.191622,0.11336
10063,291.070038,0,1.191622,0.11336
10064,291.070038,0,1.191622,0.11336
10065,291.204163,0,1.217089,0.112708
10066,291.204163,0,1.217089,0.112708
10067,291.204163,0,1.217089,0.112708
10068,291.319031,0,1.244968,0.112396
10069,291.319031,0,1.244968,0.112396
10070,291.319031,0,1.244968,0.112396
10071,291.319031,0,1.244968,0.112396
10072,291.319031,0,1.244968,0.112396
10073,291.450073,0,1.259566,0.114187
10074,291.450073,0,1.259566,0.114187
10075,291.450073,0,1.259566,0.114187
10076,291.009399,0,1.162599,0.116206
10077,291.009399,0,1.162599,0.116206
10078,291.009399,0,1.162599,0.116206
10079,291.009399,0,1.162599,0.116206
10080,291.009399,0,1.162599,0.116206
10081,291.009399,0,1.162599,0.116206
10082,291.009399,0,1.162599,0.116206
10083,291.009399,0,1.162599,0.116206
10084,291.009399,0,1.162599,0.116206
10085,291.80481,0,1.389376,0.100474
10086,291.80481,0,1.389376,0.100474
10087,291.80481,0,1.389376,0.100474
10088,291.80481,0,1.389376,0.100474
10089,291.80481,0,1.389376,0.100474
10090,291.070038,0,1.191622,0.11336
10091,291.070038,0,1.191622,0.11336
10092,291.070038,0,1.191622,0.11336
10093,291.070038,0,1.191622,0.11336
10094,291.070038,0,1.191622,0.11336
10095,291.070038,0,1.191622,0.11336
10096,291.070038,0,1.191622,0.11336
10097,291.070038,0,1.191622,0.11336
10098,291.070038,0,1.191622,0.11336
10099,291.070038,0,1.191622,0.11336
10100,291.204163,0,1.217089,0.112708
10101,291.204163,0,1.217089,0.112708
10102,291.204163,0,1.217089,0.112708
10103,291.070038,0,1.191622,0.11336
10104,291.070038,0,1.191622,0.11336
10105,291.070038,0,1.191622,0.11336
10106,291.070038,0,1.191622,0.11336
10107,291.070038,0,1.191622,0.11336
10108,291.204163,0,1.217089,0.112708
10109,291.319031,0,1.244968,0.112396
10110,291.319031,0,1.244968,0.112396
10111,291.009399,0,1.162599,0.116206
10112,291.009399,0,1.162599,0.116206
10113,291.80481,0,1.389376,0.100474
10114,291.80481,0,1.389376,0.100474
10115,291.80481,0,1.389376,0.100474
10116,291.80481,0,1.389376,0.100474
10117,291.80481,0,1.389376,0.100474
10118,291.80481,0,1.389376,0.100474
10119,291.070038,0,1.191622,0.11336
10120,291.070038,0,1.191622,0.11336
10121,291.070038,0,1.191622,0.11336
10122,291.204163,0,1.217089,0.112708
10123,291.204163,0,1.217089,0.112708
10124,291.204163,0,1.217089,0.112708
10125,291.204163,0,1.217089,0.112708
10126,291.070038,0,1.191622,0.11336
10127,291.009399,0,1.162599,0.116206
10128,291.070038,0,1.191622,0.11336
10129,291.120911,0,1.186091,0.115334
10130,291.232269,0,1.218009,0.114658
10131,291.232269,0,1.218009,0.114658
10132,291.232269,0,1.218009,0.114658
10133,291.120911,0,1.186091,0.115334
10134,291.232269,0,1.218009,0.114658
10135,291.232269,0,1.218009,0.114658
10136,291.232269,0,1.218009,0.114658
10137,291.232269,0,1.218009,0.114658
10138,291.120911,0,1.186091,0.115334
10139,291.232269,0,1.218009,0.114658
10140,291.232269,0,1.218009,0.114658
10141,291.232269,0,1.218009,0.114658
10142,291.232269,0,1.218009,0.114658
10143,291.232269,0,1.218009,0.114658
10144,291.03421,0,1.189698,0.112815
10145,291.03421,0,1.189698,0.112815
10146,291.03421,0,1.189698,0.112815
10147,291.03421,0,1.189698,0.112815
10148,291.03421,0,1.189698,0.112815
10149,291.03421,0,1.189698,0.112815
10150,291.03421,0,1.189698,0.112815
10151,291.03421,0,1.189698,0.112815
10152,291.03421,0,1.189698,0.112815
10153,291.03421,0,1.189698,0.112815
10154,291.03421,0,1.189698,0.112815
10155,291.03421,0,1.189698,0.112815
10156,291.03421,0,1.189698,0.112815
10157,291.03421,0,1.189698,0.112815
10158,291.03421,0,1.189698,0.112815
10159,291.03421,0,1.189698,0.112815
10160,291.03421,0,1.189698,0.112815
10161,291.03421,0,1.189698,0.112815
10162,291.03421,0,1.189698,0.112815
10163,291.03421,0,1.189698,0.112815
10164,291.03421,0,1.189698,0.112815
10165,291.03421,0,1.189698,0.112815
10166,291.03421,0,1.189698,0.112815
10167,291.03421,0,1.189698,0.112815
10168,291.03421,0,1.189698,0.112815
10169,291.03421,0,1.189698,0.112815
10170,291.03421,0,1.189698,0.112815
10171,291.03421,0,1.189698,0.112815
10172,291.03421,0,1.189698,0.112815
10173,291.03421,0,1.189698,0.112815
10174,291.03421,0,1.189698,0.112815
10175,291.03421,0,1.189698,0.112815
10176,291.03421,0,1.189698,0.112815
10177,291.03421,0,1.189698,0.112815
10178,291.03421,0,1.189698,0.112815
10179,291.03421,0,1.189698,0.112815
10180,291.80481,0,1.389376,0.100474
10181,291.80481,0,1.389376,0.100474
10182,291.80481,0,1.389376,0.100474
10183,291.80481,0,1.389376,0.100474
10184,291.80481,0,1.389376,0.100474
10185,291.80481,0,1.389376,0.100474
10186,291.80481,0,1.389376,0.100474
10187,291.80481,0,1.389376,0.100474
10188,291.80481,0,1.389376,0.100474
10189,291.80481,0,1.389376,0.100474
10190,291.80481,0,1.389376,0.100474
10191,291.80481,0,1.389376,0.100474
10192,291.80481,0,1.389376,0.100474
10193,291.80481,0,1.389376,0.100474
10194,291.80481,0,1.389376,0.100474
10195,291.80481,0,1.389376,0.100474
10196,291.80481,0,1.389376,0.100474
10197,291.80481,0,1.389376,0.100474
10198,291.80481,0,1.389376,0.100474
10199,291.80481,0,1.389376,0.100474
10200,291.80481,0,1.389376,0.100474
10201,291.80481,0,1.389376,0.100474
10202,291.80481,0,1.389376,0.100474
10203,291.80481,0,1.389376,0.100474
10204,291.80481,0,1.389376,0.100474
10205,291.80481,0,1.389376,0.100474
10206,291.80481,0,1.389376,0.100474
10207,291.80481,0,1.389376,0.100474
10208,291.80481,0,1.389376,0.100474
10209,291.80481,0,1.389376,0.100474
10210,291.80481,0,1.389376,0.100474
10211,291.80481,0,1.389376,0.100474
10212,291.80481,0,1.389376,0.100474
10213,291.80481,0,1.389376,0.100474
10214,291.302246,0,1.201671,0.117366
10215,291.418396,0,1.243116,0.117512
10216,291.418396,0,1.243116,0.117512
10217,291.490204,1e-06,1.263149,0.117602
10218,291.256714,0,1.184654,0.118679
10219,291.256714,0,1.184654,0.118679
10220,291.256714,0,1.184654,0.118679
10221,291.256714,0,1.184654,0.118679
10222,291.302246,0,1.201671,0.117366
10223,291.302246,0,1.201671,0.117366
10224,291.302246,0,1.201671,0.117366
10225,291.302246,0,1.201671,0.117366
10226,291.302246,0,1.201671,0.117366
10227,291.302246,0,1.201671,0.117366
10228,291.183655,0,1.179677,0.117848
10229,291.418396,0,1.243116,0.117512
10230,290.408966,1.2e-05,0.973577,0.135968
10231,290.408966,1.2e-05,0.973577,0.135968
10232,290.408966,1.2e-05,0.973577,0.135968
10233,290.408966,1.2e-05,0.973577,0.135968
10234,290.408966,1.2e-05,0.973577,0.135968
10235,290.408966,1.2e-05,0.973577,0.135968
10236,290.408966,1.2e-05,0.973577,0.135968
10237,290.408966,1.2e-05,0.973577,0.135968
10238,290.408966,1.2e-05,0.973577,0.135968
10239,290.408966,1.2e-05,0.973577,0.135968
10240,290.408966,1.2e-05,0.973577,0.135968
10241,290.408966,1.2e-05,0.973577,0.135968
10242,290.408966,1.2e-05,0.973577,0.135968
10243,290.408966,1.2e-05,0.973577,0.135968
10244,290.408966,1.2e-05,0.973577,0.135968
10245,290.408966,1.2e-05,0.973577,0.135968
10246,290.408966,1.2e-05,0.973577,0.135968
10247,290.408966,1.2e-05,0.973577,0.135968
10248,290.408966,1.2e-05,0.973577,0.135968
10249,290.408966,1.2e-05,0.973577,0.135968
10250,290.408966,1.2e-05,0.973577,0.135968
10251,290.408966,1.2e-05,0.973577,0.135968
10252,290.408966,1.2e-05,0.973577,0.135968
10253,290.408966,1.2e-05,0.973577,0.135968
10254,290.408966,1.2e-05,0.973577,0.135968
10255,290.408966,1.2e-05,0.973577,0.135968
10256,290.408966,1.2e-05,0.973577,0.135968
10257,290.408966,1.2e-05,0.973577,0.135968
10258,290.408966,1.2e-05,0.973577,0.135968
10259,290.408966,1.2e-05,0.973577,0.135968
10260,290.408966,1.2e-05,0.973577,0.135968
10261,290.408966,1.2e-05,0.973577,0.135968
10262,290.408966,1.2e-05,0.973577,0.135968
10263,290.194183,0,0.904822,0.135512
10264,290.194183,0,0.904822,0.135512
10265,290.194183,0,0.904822,0.135512
10266,290.194183,0,0.904822,0.135512
10267,290.194183,0,0.904822,0.135512
10268,290.194183,0,0.904822,0.135512
10269,290.194183,0,0.904822,0.135512
10270,290.194183,0,0.904822,0.135512
10271,290.194183,0,0.904822,0.135512
10272,290.194183,0,0.904822,0.135512
10273,290.194183,0,0.904822,0.135512
10274,290.194183,0,0.904822,0.135512
10275,290.194183,0,0.904822,0.135512
10276,290.194183,0,0.904822,0.135512
10277,290.194183,0,0.904822,0.135512
10278,290.194183,0,0.904822,0.135512
10279,290.194183,0,0.904822,0.135512
10280,290.194183,0,0.904822,0.135512
10281,290.194183,0,0.904822,0.135512
10282,290.194183,0,0.904822,0.135512
10283,290.194183,0,0.904822,0.135512
10284,290.194183,0,0.904822,0.135512
10285,290.194183,0,0.904822,0.135512
10286,290.194183,0,0.904822,0.135512
10287,290.194183,0,0.904822,0.135512
10288,290.194183,0,0.904822,0.135512
10289,290.194183,0,0.904822,0.135512
10290,290.194183,0,0.904822,0.135512
10291,290.194183,0,0.904822,0.135512
10292,290.194183,0,0.904822,0.135512
10293,290.194183,0,0.904822,0.135512
10294,290.194183,0,0.904822,0.135512
10295,290.194183,0,0.904822,0.135512
10296,290.194183,0,0.904822,0.135512
10297,290.194183,0,0.904822,0.135512
10298,290.194183,0,0.904822,0.135512
10299,290.194183,0,0.904822,0.135512
10300,290.194183,0,0.904822,0.135512
10301,290.194183,0,0.904822,0.135512
10302,290.194183,0,0.904822,0.135512
10303,290.194183,0,0.904822,0.135512
10304,290.194183,0,0.904822,0.135512
10305,290.194183,0,0.904822,0.135512
10306,290.194183,0,0.904822,0.135512
10307,290.194183,0,0.904822,0.135512
10308,290.194183,0,0.904822,0.135512
10309,290.194183,0,0.904822,0.135512
10310,290.194183,0,0.904822,0.135512
10311,290.194183,0,0.904822,0.135512
10312,290.194183,0,0.904822,0.135512
10313,290.194183,0,0.904822,0.135512
10314,290.194183,0,0.904822,0.135512
10315,290.194183,0,0.904822,0.135512
10316,290.194183,0,0.904822,0.135512
10317,290.194183,0,0.904822,0.135512
10318,290.194183,0,0.904822,0.135512
10319,290.194183,0,0.904822,0.135512
10320,290.194183,0,0.904822,0.135512
10321,290.194183,0,0.904822,0.135512
10322,290.194183,0,0.904822,0.135512
10323,290.194183,0,0.904822,0.135512
10324,290.194183,0,0.904822,0.135512
10325,290.194183,0,0.904822,0.135512
10326,290.194183,0,0.904822,0.135512
10327,290.194183,0,0.904822,0.135512
10328,290.194183,0,0.904822,0.135512
10329,290.647919,0,1.108689,0.116522
10330,290.647919,0,1.108689,0.116522
10331,290.647919,0,1.108689,0.116522
10332,290.647919,0,1.108689,0.116522
10333,290.647919,0,1.108689,0.116522
10334,290.647919,0,1.108689,0.116522
10335,290.808075,0,1.138263,0.115135
10336,290.808075,0,1.138263,0.115135
10337,290.808075,0,1.138263,0.115135
10338,290.808075,0,1.138263,0.115135
10339,290.808075,0,1.138263,0.115135
10340,290.808075,0,1.138263,0.115135
10341,290.808075,0,1.138263,0.115135
10342,290.808075,0,1.138263,0.115135
10343,290.808075,0,1.138263,0.115135
10344,290.808075,0,1.138263,0.115135
10345,290.808075,0,1.138263,0.115135
10346,290.808075,0,1.138263,0.115135
10347,290.808075,0,1.138263,0.115135
10348,290.808075,0,1.138263,0.115135
10349,290.808075,0,1.138263,0.115135
10350,290.808075,0,1.138263,0.115135
10351,290.808075,0,1.138263,0.115135
10352,290.808075,0,1.138263,0.115135
10353,290.808075,0,1.138263,0.115135
10354,290.808075,0,1.138263,0.115135
10355,290.808075,0,1.138263,0.115135
10356,290.808075,0,1.138263,0.115135
10357,290.808075,0,1.138263,0.115135
10358,290.808075,0,1.138263,0.115135
10359,290.808075,0,1.138263,0.115135
10360,290.808075,0,1.138263,0.115135
10361,290.808075,0,1.138263,0.115135
10362,290.647919,0,1.108689,0.116522
10363,289.183014,0,0.786576,0.13933
10364,289.183014,0,0.786576,0.13933
10365,289.183014,0,0.786576,0.13933
10366,289.183014,0,0.786576,0.13933
10367,289.183014,0,0.786576,0.13933
10368,289.183014,0,0.786576,0.13933
10369,289.183014,0,0.786576,0.13933
10370,289.183014,0,0.786576,0.13933
10371,289.183014,0,0.786576,0.13933
10372,289.183014,0,0.786576,0.13933
10373,289.183014,0,0.786576,0.13933
10374,289.183014,0,0.786576,0.13933
10375,289.183014,0,0.786576,0.13933
10376,289.183014,0,0.786576,0.13933
10377,289.183014,0,0.786576,0.13933
10378,289.183014,0,0.786576,0.13933
10379,289.183014,0,0.786576,0.13933
10380,289.183014,0,0.786576,0.13933
10381,289.183014,0,0.786576,0.13933
10382,289.183014,0,0.786576,0.13933
10383,289.183014,0,0.786576,0.13933
10384,289.183014,0,0.786576,0.13933
10385,289.183014,0,0.786576,0.13933
10386,289.183014,0,0.786576,0.13933
10387,289.183014,0,0.786576,0.13933
10388,289.183014,0,0.786576,0.13933
10389,289.183014,0,0.786576,0.13933
10390,289.183014,0,0.786576,0.13933
10391,289.183014,0,0.786576,0.13933
10392,289.183014,0,0.786576,0.13933
10393,289.183014,0,0.786576,0.13933
10394,289.183014,0,0.786576,0.13933
10395,289.183014,0,0.786576,0.13933
10396,289.368469,0,0.878095,0.131872
10397,289.368469,0,0.878095,0.131872
10398,289.368469,0,0.878095,0.131872
10399,289.368469,0,0.878095,0.131872
10400,289.368469,0,0.878095,0.131872
10401,289.368469,0,0.878095,0.131872
10402,289.368469,0,0.878095,0.131872
10403,289.368469,0,0.878095,0.131872
10404,289.368469,0,0.878095,0.131872
10405,289.368469,0,0.878095,0.131872
10406,289.368469,0,0.878095,0.131872
10407,289.368469,0,0.878095,0.131872
10408,289.368469,0,0.878095,0.131872
10409,289.368469,0,0.878095,0.131872
10410,289.368469,0,0.878095,0.131872
10411,289.368469,0,0.878095,0.131872
10412,289.368469,0,0.878095,0.131872
10413,289.05661,0,0.818922,0.135867
10414,289.05661,0,0.818922,0.135867
10415,289.368469,0,0.878095,0.131872
10416,289.368469,0,0.878095,0.131872
10417,289.368469,0,0.878095,0.131872
10418,289.368469,0,0.878095,0.131872
10419,289.368469,0,0.878095,0.131872
10420,289.368469,0,0.878095,0.131872
10421,289.368469,0,0.878095,0.131872
10422,289.368469,0,0.878095,0.131872
10423,289.05661,0,0.818922,0.135867
10424,289.05661,0,0.818922,0.135867
10425,289.05661,0,0.818922,0.135867
10426,289.618774,0.001002,0.906003,0.128884
10427,289.618774,0.001002,0.906003,0.128884
10428,289.618774,0.001002,0.906003,0.128884
10429,289.618774,0.001002,0.906003,0.128884
10430,289.493256,1.6e-05,0.8932,0.129981
10431,289.493256,1.6e-05,0.8932,0.129981
10432,290.29422,0,1.054422,0.120434
10433,290.048126,0,0.973387,0.126269
10434,289.623993,0,0.874127,0.131853
10435,289.075775,0,0.799293,0.137238
10436,289.075775,0,0.799293,0.137238
10437,289.075775,0,0.799293,0.137238
10438,289.075775,0,0.799293,0.137238
10439,289.075775,0,0.799293,0.137238
10440,289.075775,0,0.799293,0.137238
10441,289.075775,0,0.799293,0.137238
10442,289.075775,0,0.799293,0.137238
10443,289.075775,0,0.799293,0.137238
10444,289.075775,0,0.799293,0.137238
10445,289.075775,0,0.799293,0.137238
10446,289.075775,0,0.799293,0.137238
10447,289.075775,0,0.799293,0.137238
10448,289.075775,0,0.799293,0.137238
10449,289.075775,0,0.799293,0.137238
10450,289.075775,0,0.799293,0.137238
10451,289.075775,0,0.799293,0.137238
10452,289.075775,0,0.799293,0.137238
10453,289.075775,0,0.799293,0.137238
10454,289.075775,0,0.799293,0.137238
10455,289.075775,0,0.799293,0.137238
10456,289.075775,0,0.799293,0.137238
10457,289.075775,0,0.799293,0.137238
10458,289.075775,0,0.799293,0.137238
10459,289.075775,0,0.799293,0.137238
10460,289.075775,0,0.799293,0.137238
10461,289.075775,0,0.799293,0.137238
10462,289.075775,0,0.799293,0.137238
10463,289.075775,0,0.799293,0.137238
10464,289.075775,0,0.799293,0.137238
10465,289.075775,0,0.799293,0.137238
10466,289.075775,0,0.799293,0.137238
10467,289.075775,0,0.799293,0.137238
10468,289.075775,0,0.799293,0.137238
10469,289.075775,0,0.799293,0.137238
10470,289.075775,0,0.799293,0.137238
10471,289.534454,0.337153,0.881664,0.13137
10472,289.534454,0.337153,0.881664,0.13137
10473,289.534454,0.337153,0.881664,0.13137
10474,289.534454,0.337153,0.881664,0.13137
10475,289.534454,0.337153,0.881664,0.13137
10476,289.703003,0,0.816748,0.134951
10477,289.534454,0.337153,0.881664,0.13137
10478,289.534454,0.337153,0.881664,0.13137
10479,289.534454,0.337153,0.881664,0.13137
10480,289.534454,0.337153,0.881664,0.13137
10481,289.703003,0,0.816748,0.134951
10482,289.703003,0,0.816748,0.134951
10483,289.703003,0,0.816748,0.134951
10484,289.703003,0,0.816748,0.134951
10485,289.534454,0.337153,0.881664,0.13137
10486,289.703003,0,0.816748,0.134951
10487,289.534454,0.337153,0.881664,0.13137
10488,289.703003,0,0.816748,0.134951
10489,289.534454,0.337153,0.881664,0.13137
10490,289.703003,0,0.816748,0.134951
10491,289.534454,0.337153,0.881664,0.13137
10492,289.534454,0.337153,0.881664,0.13137
10493,289.534454,0.337153,0.881664,0.13137
10494,289.534454,0.337153,0.881664,0.13137
10495,289.703003,0,0.816748,0.134951
10496,289.534454,0.337153,0.881664,0.13137
10497,289.703003,0,0.816748,0.134951
10498,289.703003,0,0.816748,0.134951
10499,289.534454,0.337153,0.881664,0.13137
10500,289.703003,0,0.816748,0.134951
10501,289.703003,0,0.816748,0.134951
10502,289.534454,0.337153,0.881664,0.13137
10503,289.534454,0.337153,0.881664,0.13137
10504,289.534454,0.337153,0.881664,0.13137
10505,289.703003,0,0.816748,0.134951
10506,289.534454,0.337153,0.881664,0.13137
10507,289.534454,0.337153,0.881664,0.13137
10508,289.534454,0.337153,0.881664,0.13137
10509,289.534454,0.337153,0.881664,0.13137
10510,289.703003,0,0.816748,0.134951
10511,289.534454,0.337153,0.881664,0.13137
10512,289.534454,0.337153,0.881664,0.13137
10513,289.534454,0.337153,0.881664,0.13137
10514,291.591156,2.4e-05,1.283892,0.114647
10515,291.436188,0,1.280689,0.112753
10516,291.436188,0,1.280689,0.112753
10517,291.319031,0,1.244968,0.112396
10518,291.319031,0,1.244968,0.112396
10519,291.319031,0,1.244968,0.112396
10520,291.436188,0,1.280689,0.112753
10521,291.319031,0,1.244968,0.112396
10522,290.891235,0.016801,1.105013,0.120607
10523,290.782349,6e-06,1.080528,0.121615
10524,290.782349,6e-06,1.080528,0.121615
10525,290.782349,6e-06,1.080528,0.121615
10526,290.782349,6e-06,1.080528,0.121615
10527,290.782349,6e-06,1.080528,0.121615
10528,290.782349,6e-06,1.080528,0.121615
10529,290.782349,6e-06,1.080528,0.121615
10530,290.782349,6e-06,1.080528,0.121615
10531,290.782349,6e-06,1.080528,0.121615
10532,290.782349,6e-06,1.080528,0.121615
10533,290.782349,6e-06,1.080528,0.121615
10534,290.730377,0,1.087533,0.12055
10535,290.730377,0,1.087533,0.12055
10536,290.730377,0,1.087533,0.12055
10537,290.730377,0,1.087533,0.12055
10538,290.730377,0,1.087533,0.12055
10539,290.730377,0,1.087533,0.12055
10540,290.730377,0,1.087533,0.12055
10541,290.730377,0,1.087533,0.12055
10542,290.730377,0,1.087533,0.12055
10543,290.730377,0,1.087533,0.12055
10544,290.730377,0,1.087533,0.12055
10545,290.730377,0,1.087533,0.12055
10546,290.730377,0,1.087533,0.12055
10547,290.730377,0,1.087533,0.12055
10548,290.730377,0,1.087533,0.12055
10549,290.730377,0,1.087533,0.12055
10550,290.730377,0,1.087533,0.12055
10551,290.730377,0,1.087533,0.12055
10552,290.730377,0,1.087533,0.12055
10553,290.730377,0,1.087533,0.12055
10554,290.730377,0,1.087533,0.12055
10555,290.730377,0,1.087533,0.12055
10556,290.730377,0,1.087533,0.12055
10557,290.730377,0,1.087533,0.12055
10558,290.730377,0,1.087533,0.12055
10559,290.730377,0,1.087533,0.12055
10560,290.730377,0,1.087533,0.12055
10561,290.730377,0,1.087533,0.12055
10562,290.730377,0,1.087533,0.12055
10563,290.730377,0,1.087533,0.12055
10564,290.730377,0,1.087533,0.12055
10565,290.730377,0,1.087533,0.12055
10566,290.730377,0,1.087533,0.12055
10567,290.730377,0,1.087533,0.12055
10568,290.730377,0,1.087533,0.12055
10569,290.730377,0,1.087533,0.12055
10570,290.730377,0,1.087533,0.12055
10571,290.730377,0,1.087533,0.12055
10572,290.730377,0,1.087533,0.12055
10573,290.901093,0,1.120911,0.119342
10574,290.901093,0,1.120911,0.119342
10575,290.901093,0,1.120911,0.119342
10576,290.901093,0,1.120911,0.119342
10577,290.901093,0,1.120911,0.119342
10578,290.901093,0,1.120911,0.119342
10579,290.901093,0,1.120911,0.119342
10580,290.901093,0,1.120911,0.119342
10581,290.901093,0,1.120911,0.119342
10582,290.901093,0,1.120911,0.119342
10583,290.901093,0,1.120911,0.119342
10584,290.901093,0,1.120911,0.119342
10585,290.901093,0,1.120911,0.119342
10586,290.901093,0,1.120911,0.119342
10587,290.901093,0,1.120911,0.119342
10588,290.901093,0,1.120911,0.119342
10589,290.901093,0,1.120911,0.119342
10590,290.901093,0,1.120911,0.119342
10591,290.901093,0,1.120911,0.119342
10592,290.901093,0,1.120911,0.119342
10593,290.901093,0,1.120911,0.119342
10594,290.901093,0,1.120911,0.119342
10595,290.986176,0,1.14491,0.11816
10596,290.986176,0,1.14491,0.11816
10597,290.844666,0,1.129955,0.117359
10598,290.986176,0,1.14491,0.11816
10599,290.986176,0,1.14491,0.11816
10600,290.986176,0,1.14491,0.11816
10601,290.986176,0,1.14491,0.11816
10602,290.986176,0,1.14491,0.11816
10603,290.844666,0,1.129955,0.117359
10604,290.612518,0,1.097026,0.119314
10605,290.901093,0,1.120911,0.119342
10606,290.901093,0,1.120911,0.119342
10607,290.986176,0,1.14491,0.11816
10608,290.986176,0,1.14491,0.11816
10609,290.612518,0,1.097026,0.119314
10610,290.844666,0,1.129955,0.117359
10611,290.844666,0,1.129955,0.117359
10612,290.844666,0,1.129955,0.117359
10613,290.844666,0,1.129955,0.117359
10614,290.844666,0,1.129955,0.117359
10615,290.844666,0,1.129955,0.117359
10616,290.844666,0,1.129955,0.117359
10617,290.844666,0,1.129955,0.117359
10618,291.009399,0,1.162599,0.116206
10619,291.009399,0,1.162599,0.116206
10620,291.009399,0,1.162599,0.116206
10621,290.844666,0,1.129955,0.117359
10622,291.120911,0,1.186091,0.115334
10623,291.120911,0,1.186091,0.115334
10624,291.120911,0,1.186091,0.115334
10625,291.120911,0,1.186091,0.115334
10626,291.120911,0,1.186091,0.115334
10627,291.120911,0,1.186091,0.115334
10628,291.120911,0,1.186091,0.115334
10629,291.120911,0,1.186091,0.115334
10630,291.120911,0,1.186091,0.115334
10631,291.120911,0,1.186091,0.115334
10632,290.986176,0,1.14491,0.11816
10633,290.986176,0,1.14491,0.11816
10634,290.986176,0,1.14491,0.11816
10635,290.986176,0,1.14491,0.11816
10636,290.986176,0,1.14491,0.11816
10637,290.986176,0,1.14491,0.11816
10638,290.986176,0,1.14491,0.11816
10639,291.009399,0,1.162599,0.116206
10640,291.120911,0,1.186091,0.115334
10641,291.120911,0,1.186091,0.115334
10642,291.120911,0,1.186091,0.115334
10643,291.120911,0,1.186091,0.115334
10644,291.120911,0,1.186091,0.115334
10645,291.120911,0,1.186091,0.115334
10646,290.986176,0,1.14491,0.11816
10647,290.986176,0,1.14491,0.11816
10648,291.009399,0,1.162599,0.116206
10649,291.120911,0,1.186091,0.115334
10650,291.120911,0,1.186091,0.115334
10651,291.120911,0,1.186091,0.115334
10652,291.009399,0,1.162599,0.116206
10653,291.120911,0,1.186091,0.115334
10654,290.986176,0,1.14491,0.11816
10655,290.986176,0,1.14491,0.11816
10656,290.844666,0,1.129955,0.117359
10657,290.844666,0,1.129955,0.117359
10658,290.844666,0,1.129955,0.117359
10659,290.844666,0,1.129955,0.117359
10660,290.844666,0,1.129955,0.117359
10661,290.844666,0,1.129955,0.117359
10662,290.844666,0,1.129955,0.117359
10663,290.844666,0,1.129955,0.117359
10664,290.844666,0,1.129955,0.117359
10665,290.844666,0,1.129955,0.117359
10666,290.844666,0,1.129955,0.117359
10667,290.844666,0,1.129955,0.117359
10668,290.844666,0,1.129955,0.117359
10669,290.844666,0,1.129955,0.117359
10670,290.844666,0,1.129955,0.117359
10671,290.844666,0,1.129955,0.117359
10672,290.844666,0,1.129955,0.117359
10673,290.844666,0,1.129955,0.117359
10674,290.844666,0,1.129955,0.117359
10675,290.844666,0,1.129955,0.117359
10676,290.844666,0,1.129955,0.117359
10677,290.844666,0,1.129955,0.117359
10678,290.986176,0,1.14491,0.11816
10679,291.203613,0,1.168476,0.119316
10680,291.203613,0,1.168476,0.119316
10681,290.986176,0,1.14491,0.11816
10682,291.203613,0,1.168476,0.119316
10683,290.891235,0.016801,1.105013,0.120607
10684,290.891235,0.016801,1.105013,0.120607
10685,290.891235,0.016801,1.105013,0.120607
10686,290.891235,0.016801,1.105013,0.120607
10687,290.891235,0.016801,1.105013,0.120607
10688,290.891235,0.016801,1.105013,0.120607
10689,291.183655,0,1.179677,0.117848
10690,291.183655,0,1.179677,0.117848
10691,291.183655,0,1.179677,0.117848
10692,291.183655,0,1.179677,0.117848
10693,291.183655,0,1.179677,0.117848
10694,291.183655,0,1.179677,0.117848
10695,290.891235,0.016801,1.105013,0.120607
10696,290.891235,0.016801,1.105013,0.120607
10697,290.891235,0.016801,1.105013,0.120607
10698,290.891235,0.016801,1.105013,0.120607
10699,290.891235,0.016801,1.105013,0.120607
10700,290.891235,0.016801,1.105013,0.120607
10701,290.891235,0.016801,1.105013,0.120607
10702,290.891235,0.016801,1.105013,0.120607
10703,290.891235,0.016801,1.105013,0.120607
10704,290.891235,0.016801,1.105013,0.120607
10705,290.891235,0.016801,1.105013,0.120607
10706,290.891235,0.016801,1.105013,0.120607
10707,290.891235,0.016801,1.105013,0.120607
10708,290.891235,0.016801,1.105013,0.120607
10709,290.891235,0.016801,1.105013,0.120607
10710,290.891235,0.016801,1.105013,0.120607
10711,290.891235,0.016801,1.105013,0.120607
10712,290.891235,0.016801,1.105013,0.120607
10713,290.891235,0.016801,1.105013,0.120607
10714,290.891235,0.016801,1.105013,0.120607
10715,290.891235,0.016801,1.105013,0.120607
10716,290.891235,0.016801,1.105013,0.120607
10717,290.891235,0.016801,1.105013,0.120607
10718,291.183655,0,1.179677,0.117848
10719,291.203613,0,1.168476,0.119316
10720,291.203613,0,1.168476,0.119316
10721,291.183655,0,1.179677,0.117848
10722,295.191589,0,0.894954,0.169929
10723,289.658356,0,0.940147,0.154638
10724,289.658356,0,0.940147,0.154638
10725,289.658356,0,0.940147,0.154638
10726,289.658356,0,0.940147,0.154638
10727,289.658356,0,0.940147,0.154638
10728,289.658356,0,0.940147,0.154638
10729,289.658356,0,0.940147,0.154638
10730,289.658356,0,0.940147,0.154638
10731,289.658356,0,0.940147,0.154638
10732,289.658356,0,0.940147,0.154638
10733,295.191589,0,0.894954,0.169929
10734,296.89328,0,0.941838,0.175021
10735,296.89328,0,0.941838,0.175021
10736,296.89328,0,0.941838,0.175021
10737,296.89328,0,0.941838,0.175021
10738,295.191589,0,0.894954,0.169929
10739,296.89328,0,0.941838,0.175021
10740,296.89328,0,0.941838,0.175021
10741,296.89328,0,0.941838,0.175021
10742,289.658356,0,0.940147,0.154638
10743,289.658356,0,0.940147,0.154638
10744,295.191589,0,0.894954,0.169929
10745,295.191589,0,0.894954,0.169929
10746,295.191589,0,0.894954,0.169929
10747,295.191589,0,0.894954,0.169929
10748,295.191589,0,0.894954,0.169929
10749,295.191589,0,0.894954,0.169929
10750,295.191589,0,0.894954,0.169929
10751,296.89328,0,0.941838,0.175021
10752,289.949615,0,0.977597,0.150812
10753,289.658356,0,0.940147,0.154638
10754,289.658356,0,0.940147,0.154638
10755,289.658356,0,0.940147,0.154638
10756,289.658356,0,0.940147,0.154638
10757,289.949615,0,0.977597,0.150812
10758,289.949615,0,0.977597,0.150812
10759,289.949615,0,0.977597,0.150812
10760,289.658356,0,0.940147,0.154638
10761,289.658356,0,0.940147,0.154638
10762,288.549713,0,0.770637,0.14259
10763,288.549713,0,0.770637,0.14259
10764,288.549713,0,0.770637,0.14259
10765,288.549713,0,0.770637,0.14259
10766,288.549713,0,0.770637,0.14259
10767,288.549713,0,0.770637,0.14259
10768,288.549713,0,0.770637,0.14259
10769,288.549713,0,0.770637,0.14259
10770,288.549713,0,0.770637,0.14259
10771,288.549713,0,0.770637,0.14259
10772,288.549713,0,0.770637,0.14259
10773,288.549713,0,0.770637,0.14259
10774,288.549713,0,0.770637,0.14259
10775,288.549713,0,0.770637,0.14259
10776,288.549713,0,0.770637,0.14259
10777,288.549713,0,0.770637,0.14259
10778,288.549713,0,0.770637,0.14259
10779,288.549713,0,0.770637,0.14259
10780,288.549713,0,0.770637,0.14259
10781,288.549713,0,0.770637,0.14259
10782,288.549713,0,0.770637,0.14259
10783,288.549713,0,0.770637,0.14259
10784,288.549713,0,0.770637,0.14259
10785,288.549713,0,0.770637,0.14259
10786,288.549713,0,0.770637,0.14259
10787,288.549713,0,0.770637,0.14259
10788,288.549713,0,0.770637,0.14259
10789,288.549713,0,0.770637,0.14259
10790,288.549713,0,0.770637,0.14259
10791,288.549713,0,0.770637,0.14259
10792,288.549713,0,0.770637,0.14259
10793,288.549713,0,0.770637,0.14259
10794,288.549713,0,0.770637,0.14259
10795,288.549713,0,0.770637,0.14259
10796,288.549713,0,0.770637,0.14259
10797,288.549713,0,0.770637,0.14259
10798,288.549713,0,0.770637,0.14259
10799,288.549713,0,0.770637,0.14259
10800,288.549713,0,0.770637,0.14259
10801,288.549713,0,0.770637,0.14259
10802,288.549713,0,0.770637,0.14259
10803,288.549713,0,0.770637,0.14259
10804,288.549713,0,0.770637,0.14259
10805,288.549713,0,0.770637,0.14259
10806,288.549713,0,0.770637,0.14259
10807,288.549713,0,0.770637,0.14259
10808,288.549713,0,0.770637,0.14259
10809,288.549713,0,0.770637,0.14259
10810,290.56546,0,1.05651,0.121904
10811,290.56546,0,1.05651,0.121904
10812,290.56546,0,1.05651,0.121904
10813,290.56546,0,1.05651,0.121904
10814,290.56546,0,1.05651,0.121904
10815,290.56546,0,1.05651,0.121904
10816,290.56546,0,1.05651,0.121904
10817,290.56546,0,1.05651,0.121904
10818,290.56546,0,1.05651,0.121904
10819,290.56546,0,1.05651,0.121904
10820,290.56546,0,1.05651,0.121904
10821,290.56546,0,1.05651,0.121904
10822,290.56546,0,1.05651,0.121904
10823,290.56546,0,1.05651,0.121904
10824,290.56546,0,1.05651,0.121904
10825,290.56546,0,1.05651,0.121904
10826,290.56546,0,1.05651,0.121904
10827,290.56546,0,1.05651,0.121904
10828,290.56546,0,1.05651,0.121904
10829,290.56546,0,1.05651,0.121904
10830,290.56546,0,1.05651,0.121904
10831,290.56546,0,1.05651,0.121904
10832,290.56546,0,1.05651,0.121904
10833,290.56546,0,1.05651,0.121904
10834,290.56546,0,1.05651,0.121904
10835,290.56546,0,1.05651,0.121904
10836,290.56546,0,1.05651,0.121904
10837,290.56546,0,1.05651,0.121904
10838,290.56546,0,1.05651,0.121904
10839,290.56546,0,1.05651,0.121904
10840,290.56546,0,1.05651,0.121904
10841,290.56546,0,1.05651,0.121904
10842,290.56546,0,1.05651,0.121904
10843,290.56546,0,1.05651,0.121904
10844,290.56546,0,1.05651,0.121904
10845,290.56546,0,1.05651,0.121904
10846,290.56546,0,1.05651,0.121904
10847,290.56546,0,1.05651,0.121904
10848,290.56546,0,1.05651,0.121904
10849,290.56546,0,1.05651,0.121904
10850,290.56546,0,1.05651,0.121904
10851,290.56546,0,1.05651,0.121904
10852,290.56546,0,1.05651,0.121904
10853,290.56546,0,1.05651,0.121904
10854,290.56546,0,1.05651,0.121904
10855,290.56546,0,1.05651,0.121904
10856,290.56546,0,1.05651,0.121904
10857,290.56546,0,1.05651,0.121904
10858,290.56546,0,1.05651,0.121904
10859,290.56546,0,1.05651,0.121904
10860,290.56546,0,1.05651,0.121904
10861,290.56546,0,1.05651,0.121904
10862,290.56546,0,1.05651,0.121904
10863,290.56546,0,1.05651,0.121904
10864,290.56546,0,1.05651,0.121904
10865,290.56546,0,1.05651,0.121904
10866,290.56546,0,1.05651,0.121904
10867,290.56546,0,1.05651,0.121904
10868,290.56546,0,1.05651,0.121904
10869,290.56546,0,1.05651,0.121904
10870,290.56546,0,1.05651,0.121904
10871,290.56546,0,1.05651,0.121904
10872,290.56546,0,1.05651,0.121904
10873,290.56546,0,1.05651,0.121904
10874,290.56546,0,1.05651,0.121904
10875,290.56546,0,1.05651,0.121904
10876,290.56546,0,1.05651,0.121904
10877,290.510284,0,1.070501,0.120776
10878,290.56546,0,1.05651,0.121904
10879,290.56546,0,1.05651,0.121904
10880,290.56546,0,1.05651,0.121904
10881,290.56546,0,1.05651,0.121904
10882,290.56546,0,1.05651,0.121904
10883,290.56546,0,1.05651,0.121904
10884,290.56546,0,1.05651,0.121904
10885,290.56546,0,1.05651,0.121904
10886,290.56546,0,1.05651,0.121904
10887,290.56546,0,1.05651,0.121904
10888,290.56546,0,1.05651,0.121904
10889,290.56546,0,1.05651,0.121904
10890,290.269775,0,0.993949,0.12535
10891,290.269775,0,0.993949,0.12535
10892,290.269775,0,0.993949,0.12535
10893,290.56546,0,1.05651,0.121904
10894,290.56546,0,1.05651,0.121904
10895,290.269775,0,0.993949,0.12535
10896,290.269775,0,0.993949,0.12535
10897,290.269775,0,0.993949,0.12535
10898,290.782349,6e-06,1.080528,0.121615
10899,290.782349,6e-06,1.080528,0.121615
10900,290.782349,6e-06,1.080528,0.121615
10901,290.487885,1e-06,0.997568,0.126492
10902,290.487885,1e-06,0.997568,0.126492
10903,290.487885,1e-06,0.997568,0.126492
10904,290.487885,1e-06,0.997568,0.126492
10905,290.487885,1e-06,0.997568,0.126492
10906,290.487885,1e-06,0.997568,0.126492
10907,290.487885,1e-06,0.997568,0.126492
10908,290.487885,1e-06,0.997568,0.126492
10909,290.487885,1e-06,0.997568,0.126492
10910,290.487885,1e-06,0.997568,0.126492
10911,290.487885,1e-06,0.997568,0.126492
10912,290.782349,6e-06,1.080528,0.121615
10913,290.782349,6e-06,1.080528,0.121615
10914,290.782349,6e-06,1.080528,0.121615
10915,290.782349,6e-06,1.080528,0.121615
10916,290.782349,6e-06,1.080528,0.121615
10917,290.782349,6e-06,1.080528,0.121615
10918,290.782349,6e-06,1.080528,0.121615
10919,290.782349,6e-06,1.080528,0.121615
10920,290.782349,6e-06,1.080528,0.121615
10921,290.782349,6e-06,1.080528,0.121615
10922,290.782349,6e-06,1.080528,0.121615
10923,290.782349,6e-06,1.080528,0.121615
10924,290.782349,6e-06,1.080528,0.121615
10925,290.782349,6e-06,1.080528,0.121615
10926,290.782349,6e-06,1.080528,0.121615
10927,290.487885,1e-06,0.997568,0.126492
10928,290.487885,1e-06,0.997568,0.126492
10929,290.487885,1e-06,0.997568,0.126492
10930,290.487885,1e-06,0.997568,0.126492
10931,290.487885,1e-06,0.997568,0.126492
10932,290.487885,1e-06,0.997568,0.126492
10933,290.487885,1e-06,0.997568,0.126492
10934,290.487885,1e-06,0.997568,0.126492
10935,290.487885,1e-06,0.997568,0.126492
10936,290.487885,1e-06,0.997568,0.126492
10937,290.487885,1e-06,0.997568,0.126492
10938,290.487885,1e-06,0.997568,0.126492
10939,290.487885,1e-06,0.997568,0.126492
10940,290.487885,1e-06,0.997568,0.126492
10941,290.487885,1e-06,0.997568,0.126492
10942,290.487885,1e-06,0.997568,0.126492
10943,290.487885,1e-06,0.997568,0.126492
10944,290.487885,1e-06,0.997568,0.126492
10945,290.487885,1e-06,0.997568,0.126492
10946,290.487885,1e-06,0.997568,0.126492
10947,290.487885,1e-06,0.997568,0.126492
10948,290.487885,1e-06,0.997568,0.126492
10949,290.487885,1e-06,0.997568,0.126492
10950,290.487885,1e-06,0.997568,0.126492
10951,290.798126,3e-05,1.067596,0.123429
10952,290.798126,3e-05,1.067596,0.123429
10953,290.798126,3e-05,1.067596,0.123429
10954,298.949097,0,0.880477,0.174558
10955,298.949097,0,0.880477,0.174558
10956,288.944427,0,0.8201,0.137122
10957,288.944427,0,0.8201,0.137122
10958,288.944427,0,0.8201,0.137122
10959,298.949097,0,0.880477,0.174558
10960,288.944427,0,0.8201,0.137122
10961,288.944427,0,0.8201,0.137122
10962,298.949097,0,0.880477,0.174558
10963,298.949097,0,0.880477,0.174558
10964,288.944427,0,0.8201,0.137122
10965,288.944427,0,0.8201,0.137122
10966,288.944427,0,0.8201,0.137122
10967,288.944427,0,0.8201,0.137122
10968,288.944427,0,0.8201,0.137122
10969,288.944427,0,0.8201,0.137122
10970,288.944427,0,0.8201,0.137122
10971,288.944427,0,0.8201,0.137122
10972,288.944427,0,0.8201,0.137122
10973,288.852875,0,0.832697,0.13855
10974,288.851837,0,0.824677,0.13831
10975,288.851837,0,0.824677,0.13831
10976,288.851837,0,0.824677,0.13831
10977,288.851837,0,0.824677,0.13831
10978,288.851837,0,0.824677,0.13831
10979,288.851837,0,0.824677,0.13831
10980,288.851837,0,0.824677,0.13831
10981,288.851837,0,0.824677,0.13831
10982,288.851837,0,0.824677,0.13831
10983,288.851837,0,0.824677,0.13831
10984,288.851837,0,0.824677,0.13831
10985,288.851837,0,0.824677,0.13831
10986,288.851837,0,0.824677,0.13831
10987,288.851837,0,0.824677,0.13831
10988,288.851837,0,0.824677,0.13831
10989,288.851837,0,0.824677,0.13831
10990,288.851837,0,0.824677,0.13831
10991,288.944427,0,0.8201,0.137122
10992,288.944427,0,0.8201,0.137122
10993,288.944427,0,0.8201,0.137122
10994,288.944427,0,0.8201,0.137122
10995,288.944427,0,0.8201,0.137122
10996,288.944427,0,0.8201,0.137122
10997,288.944427,0,0.8201,0.137122
10998,288.944427,0,0.8201,0.137122
10999,288.944427,0,0.8201,0.137122
11000,288.944427,0,0.8201,0.137122
11001,288.944427,0,0.8201,0.137122
11002,288.944427,0,0.8201,0.137122
11003,288.944427,0,0.8201,0.137122
11004,288.944427,0,0.8201,0.137122
11005,288.944427,0,0.8201,0.137122
11006,288.944427,0,0.8201,0.137122
11007,288.944427,0,0.8201,0.137122
11008,288.944427,0,0.8201,0.137122
11009,288.944427,0,0.8201,0.137122
11010,288.944427,0,0.8201,0.137122
11011,288.944427,0,0.8201,0.137122
11012,288.944427,0,0.8201,0.137122
11013,288.944427,0,0.8201,0.137122
11014,288.944427,0,0.8201,0.137122
11015,288.852875,0,0.832697,0.13855
11016,288.852875,0,0.832697,0.13855
11017,288.852875,0,0.832697,0.13855
11018,288.852875,0,0.832697,0.13855
11019,288.852875,0,0.832697,0.13855
11020,288.852875,0,0.832697,0.13855
11021,288.852875,0,0.832697,0.13855
11022,288.852875,0,0.832697,0.13855
11023,288.852875,0,0.832697,0.13855
11024,288.852875,0,0.832697,0.13855
11025,288.852875,0,0.832697,0.13855
11026,288.852875,0,0.832697,0.13855
11027,288.852875,0,0.832697,0.13855
11028,288.852875,0,0.832697,0.13855
11029,288.852875,0,0.832697,0.13855
11030,288.852875,0,0.832697,0.13855
11031,288.852875,0,0.832697,0.13855
11032,288.852875,0,0.832697,0.13855
11033,288.852875,0,0.832697,0.13855
11034,288.852875,0,0.832697,0.13855
11035,288.851837,0,0.824677,0.13831
11036,288.852875,0,0.832697,0.13855
11037,288.851837,0,0.824677,0.13831
11038,288.852875,0,0.832697,0.13855
11039,288.852875,0,0.832697,0.13855
11040,288.852875,0,0.832697,0.13855
11041,288.851837,0,0.824677,0.13831
11042,288.851837,0,0.824677,0.13831
11043,288.851837,0,0.824677,0.13831
11044,288.851837,0,0.824677,0.13831
11045,288.851837,0,0.824677,0.13831
11046,288.851837,0,0.824677,0.13831
11047,288.7099,0,0.847573,0.141017
11048,288.852875,0,0.832697,0.13855
11049,288.852875,0,0.832697,0.13855
11050,288.852875,0,0.832697,0.13855
11051,288.852875,0,0.832697,0.13855
11052,288.852875,0,0.832697,0.13855
11053,288.752838,0,0.824949,0.139823
11054,288.752838,0,0.824949,0.139823
11055,288.752838,0,0.824949,0.139823
11056,288.852875,0,0.832697,0.13855
11057,288.852875,0,0.832697,0.13855
11058,288.752838,0,0.824949,0.139823
11059,288.752838,0,0.824949,0.139823
11060,288.752838,0,0.824949,0.139823
11061,288.852875,0,0.832697,0.13855
11062,288.752838,0,0.824949,0.139823
11063,288.619751,0,0.8447,0.141965
11064,288.619751,0,0.8447,0.141965
11065,288.619751,0,0.8447,0.141965
11066,288.619751,0,0.8447,0.141965
11067,288.752838,0,0.824949,0.139823
11068,288.619751,0,0.8447,0.141965
11069,288.752838,0,0.824949,0.139823
11070,289.545166,0,0.897907,0.129397
11071,289.545166,0,0.897907,0.129397
11072,289.545166,0,0.897907,0.129397
11073,289.545166,0,0.897907,0.129397
11074,289.545166,0,0.897907,0.129397
11075,289.545166,0,0.897907,0.129397
11076,289.545166,0,0.897907,0.129397
11077,289.545166,0,0.897907,0.129397
11078,289.545166,0,0.897907,0.129397
11079,289.545166,0,0.897907,0.129397
11080,289.545166,0,0.897907,0.129397
11081,289.545166,0,0.897907,0.129397
11082,289.545166,0,0.897907,0.129397
11083,289.545166,0,0.897907,0.129397
11084,289.545166,0,0.897907,0.129397
11085,289.545166,0,0.897907,0.129397
11086,289.545166,0,0.897907,0.129397
11087,289.545166,0,0.897907,0.129397
11088,289.545166,0,0.897907,0.129397
11089,289.545166,0,0.897907,0.129397
11090,289.545166,0,0.897907,0.129397
11091,289.545166,0,0.897907,0.129397
11092,289.545166,0,0.897907,0.129397
11093,289.545166,0,0.897907,0.129397
11094,289.545166,0,0.897907,0.129397
11095,289.545166,0,0.897907,0.129397
11096,289.545166,0,0.897907,0.129397
11097,289.545166,0,0.897907,0.129397
11098,289.545166,0,0.897907,0.129397
11099,289.545166,0,0.897907,0.129397
11100,289.545166,0,0.897907,0.129397
11101,289.545166,0,0.897907,0.129397
11102,289.545166,0,0.897907,0.129397
11103,289.545166,0,0.897907,0.129397
11104,289.545166,0,0.897907,0.129397
11105,289.545166,0,0.897907,0.129397
11106,289.545166,0,0.897907,0.129397
11107,289.545166,0,0.897907,0.129397
11108,289.545166,0,0.897907,0.129397
11109,289.545166,0,0.897907,0.129397
11110,289.545166,0,0.897907,0.129397
11111,289.545166,0,0.897907,0.129397
11112,289.545166,0,0.897907,0.129397
11113,289.545166,0,0.897907,0.129397
11114,289.545166,0,0.897907,0.129397
11115,289.545166,0,0.897907,0.129397
11116,NA,NA,NA,NA
11117,289.545166,0,0.897907,0.129397
11118,289.618774,0.001002,0.906003,0.128884
11119,290.454681,0,1.018308,0.139226
11120,290.454681,0,1.018308,0.139226
11121,290.483124,0.000155,1.045815,0.140303
11122,290.454681,0,1.018308,0.139226
11123,290.454681,0,1.018308,0.139226
11124,290.454681,0,1.018308,0.139226
11125,290.454681,0,1.018308,0.139226
11126,290.454681,0,1.018308,0.139226
11127,290.454681,0,1.018308,0.139226
11128,290.454681,0,1.018308,0.139226
11129,290.454681,0,1.018308,0.139226
11130,290.454681,0,1.018308,0.139226
11131,290.454681,0,1.018308,0.139226
11132,290.454681,0,1.018308,0.139226
11133,290.454681,0,1.018308,0.139226
11134,290.454681,0,1.018308,0.139226
11135,290.454681,0,1.018308,0.139226
11136,290.454681,0,1.018308,0.139226
11137,290.454681,0,1.018308,0.139226
11138,290.454681,0,1.018308,0.139226
11139,290.454681,0,1.018308,0.139226
11140,290.454681,0,1.018308,0.139226
11141,290.454681,0,1.018308,0.139226
11142,290.454681,0,1.018308,0.139226
11143,290.454681,0,1.018308,0.139226
11144,290.454681,0,1.018308,0.139226
11145,290.454681,0,1.018308,0.139226
11146,290.454681,0,1.018308,0.139226
11147,290.454681,0,1.018308,0.139226
11148,290.454681,0,1.018308,0.139226
11149,290.454681,0,1.018308,0.139226
11150,295.191589,0,0.894954,0.169929
11151,295.191589,0,0.894954,0.169929
11152,295.191589,0,0.894954,0.169929
11153,295.191589,0,0.894954,0.169929
11154,295.191589,0,0.894954,0.169929
11155,295.191589,0,0.894954,0.169929
11156,297.573822,0,0.652251,0.103407
11157,297.573822,0,0.652251,0.103407
11158,297.573822,0,0.652251,0.103407
11159,297.573822,0,0.652251,0.103407
11160,297.573822,0,0.652251,0.103407
11161,297.573822,0,0.652251,0.103407
11162,297.573822,0,0.652251,0.103407
11163,297.573822,0,0.652251,0.103407
11164,297.573822,0,0.652251,0.103407
11165,297.573822,0,0.652251,0.103407
11166,297.573822,0,0.652251,0.103407
11167,297.573822,0,0.652251,0.103407
11168,297.573822,0,0.652251,0.103407
11169,297.573822,0,0.652251,0.103407
11170,297.454132,0,0.643246,0.103681
11171,297.573822,0,0.652251,0.103407
11172,297.454132,0,0.643246,0.103681
11173,297.454132,0,0.643246,0.103681
11174,297.454132,0,0.643246,0.103681
11175,297.454132,0,0.643246,0.103681
11176,297.573822,0,0.652251,0.103407
11177,297.454132,0,0.643246,0.103681
11178,297.454132,0,0.643246,0.103681
11179,297.454132,0,0.643246,0.103681
11180,297.573822,0,0.652251,0.103407
11181,297.454132,0,0.643246,0.103681
11182,297.454132,0,0.643246,0.103681
11183,297.454132,0,0.643246,0.103681
11184,297.573822,0,0.652251,0.103407
11185,297.454132,0,0.643246,0.103681
11186,297.998779,0,0.741687,0.100127
11187,297.998779,0,0.741687,0.100127
11188,297.998779,0,0.741687,0.100127
11189,297.998779,0,0.741687,0.100127
11190,298.121613,0,0.76992,0.100118
11191,297.998779,0,0.741687,0.100127
11192,297.998779,0,0.741687,0.100127
11193,298.121613,0,0.76992,0.100118
11194,298.121613,0,0.76992,0.100118
11195,297.998779,0,0.741687,0.100127
11196,298.121613,0,0.76992,0.100118
11197,297.998779,0,0.741687,0.100127
11198,297.998779,0,0.741687,0.100127
11199,298.121613,0,0.76992,0.100118
11200,297.998779,0,0.741687,0.100127
11201,298.121613,0,0.76992,0.100118
11202,298.121613,0,0.76992,0.100118
11203,297.998779,0,0.741687,0.100127
11204,297.998779,0,0.741687,0.100127
11205,297.998779,0,0.741687,0.100127
11206,297.998779,0,0.741687,0.100127
11207,297.998779,0,0.741687,0.100127
11208,297.998779,0,0.741687,0.100127
11209,297.998779,0,0.741687,0.100127
11210,298.121613,0,0.76992,0.100118
11211,297.998779,0,0.741687,0.100127
11212,297.998779,0,0.741687,0.100127
11213,297.998779,0,0.741687,0.100127
11214,297.998779,0,0.741687,0.100127
11215,297.998779,0,0.741687,0.100127
11216,298.121613,0,0.76992,0.100118
11217,298.121613,0,0.76992,0.100118
11218,297.675232,0,0.662369,0.103319
11219,297.675232,0,0.662369,0.103319
11220,298.121613,0,0.76992,0.100118
11221,297.675232,0,0.662369,0.103319
11222,297.675232,0,0.662369,0.103319
11223,297.675232,0,0.662369,0.103319
11224,298.041656,0,0.749771,0.100782
11225,297.675232,0,0.662369,0.103319
11226,297.675232,0,0.662369,0.103319
11227,297.675232,0,0.662369,0.103319
11228,297.675232,0,0.662369,0.103319
11229,297.675232,0,0.662369,0.103319
11230,297.675232,0,0.662369,0.103319
11231,298.041656,0,0.749771,0.100782
11232,297.675232,0,0.662369,0.103319
11233,297.675232,0,0.662369,0.103319
11234,297.675232,0,0.662369,0.103319
11235,297.675232,0,0.662369,0.103319
11236,298.041656,0,0.749771,0.100782
11237,297.675232,0,0.662369,0.103319
11238,298.041656,0,0.749771,0.100782
11239,297.675232,0,0.662369,0.103319
11240,297.675232,0,0.662369,0.103319
11241,297.675232,0,0.662369,0.103319
11242,297.675232,0,0.662369,0.103319
11243,297.675232,0,0.662369,0.103319
11244,297.675232,0,0.662369,0.103319
11245,297.675232,0,0.662369,0.103319
11246,297.675232,0,0.662369,0.103319
11247,297.675232,0,0.662369,0.103319
11248,297.675232,0,0.662369,0.103319
11249,297.675232,0,0.662369,0.103319
11250,297.675232,0,0.662369,0.103319
11251,297.675232,0,0.662369,0.103319
11252,297.675232,0,0.662369,0.103319
11253,297.675232,0,0.662369,0.103319
11254,297.675232,0,0.662369,0.103319
11255,297.675232,0,0.662369,0.103319
11256,297.675232,0,0.662369,0.103319
11257,297.675232,0,0.662369,0.103319
11258,297.573822,0,0.652251,0.103407
11259,297.573822,0,0.652251,0.103407
11260,297.573822,0,0.652251,0.103407
11261,297.573822,0,0.652251,0.103407
11262,297.573822,0,0.652251,0.103407
11263,297.573822,0,0.652251,0.103407
11264,297.573822,0,0.652251,0.103407
11265,297.573822,0,0.652251,0.103407
11266,297.573822,0,0.652251,0.103407
11267,297.573822,0,0.652251,0.103407
11268,297.573822,0,0.652251,0.103407
11269,297.573822,0,0.652251,0.103407
11270,297.573822,0,0.652251,0.103407
11271,297.573822,0,0.652251,0.103407
11272,297.573822,0,0.652251,0.103407
11273,297.573822,0,0.652251,0.103407
11274,297.573822,0,0.652251,0.103407
11275,297.573822,0,0.652251,0.103407
11276,297.573822,0,0.652251,0.103407
11277,297.573822,0,0.652251,0.103407
11278,297.573822,0,0.652251,0.103407
11279,297.573822,0,0.652251,0.103407
11280,297.454132,0,0.643246,0.103681
11281,297.573822,0,0.652251,0.103407
11282,297.573822,0,0.652251,0.103407
11283,297.573822,0,0.652251,0.103407
11284,297.573822,0,0.652251,0.103407
11285,297.573822,0,0.652251,0.103407
11286,297.573822,0,0.652251,0.103407
11287,297.573822,0,0.652251,0.103407
11288,297.573822,0,0.652251,0.103407
11289,297.573822,0,0.652251,0.103407
11290,297.454132,0,0.643246,0.103681
11291,297.573822,0,0.652251,0.103407
11292,297.573822,0,0.652251,0.103407
11293,297.573822,0,0.652251,0.103407
11294,297.573822,0,0.652251,0.103407
11295,297.573822,0,0.652251,0.103407
11296,297.573822,0,0.652251,0.103407
11297,297.573822,0,0.652251,0.103407
11298,297.573822,0,0.652251,0.103407
11299,297.573822,0,0.652251,0.103407
11300,297.573822,0,0.652251,0.103407
11301,297.573822,0,0.652251,0.103407
11302,297.573822,0,0.652251,0.103407
11303,297.573822,0,0.652251,0.103407
11304,297.573822,0,0.652251,0.103407
11305,296.719299,0,0.545153,0.10688
11306,296.719299,0,0.545153,0.10688
11307,296.719299,0,0.545153,0.10688
11308,296.719299,0,0.545153,0.10688
11309,296.719299,0,0.545153,0.10688
11310,296.719299,0,0.545153,0.10688
11311,296.719299,0,0.545153,0.10688
11312,296.719299,0,0.545153,0.10688
11313,296.719299,0,0.545153,0.10688
11314,296.719299,0,0.545153,0.10688
11315,296.719299,0,0.545153,0.10688
11316,296.719299,0,0.545153,0.10688
11317,296.719299,0,0.545153,0.10688
11318,296.719299,0,0.545153,0.10688
11319,296.719299,0,0.545153,0.10688
11320,296.719299,0,0.545153,0.10688
11321,296.719299,0,0.545153,0.10688
11322,296.719299,0,0.545153,0.10688
11323,296.719299,0,0.545153,0.10688
11324,296.719299,0,0.545153,0.10688
11325,296.719299,0,0.545153,0.10688
11326,296.719299,0,0.545153,0.10688
11327,296.719299,0,0.545153,0.10688
11328,297.161621,0,0.610332,0.104348
11329,297.161621,0,0.610332,0.104348
11330,297.161621,0,0.610332,0.104348
11331,297.161621,0,0.610332,0.104348
11332,296.719299,0,0.545153,0.10688
11333,296.719299,0,0.545153,0.10688
11334,297.161621,0,0.610332,0.104348
11335,296.719299,0,0.545153,0.10688
11336,296.719299,0,0.545153,0.10688
11337,296.719299,0,0.545153,0.10688
11338,297.161621,0,0.610332,0.104348
11339,296.719299,0,0.545153,0.10688
11340,297.161621,0,0.610332,0.104348
11341,296.719299,0,0.545153,0.10688
11342,297.161621,0,0.610332,0.104348
11343,296.719299,0,0.545153,0.10688
11344,297.161621,0,0.610332,0.104348
11345,297.161621,0,0.610332,0.104348
11346,297.161621,0,0.610332,0.104348
11347,297.161621,0,0.610332,0.104348
11348,297.161621,0,0.610332,0.104348
11349,297.161621,0,0.610332,0.104348
11350,297.161621,0,0.610332,0.104348
11351,297.161621,0,0.610332,0.104348
11352,297.161621,0,0.610332,0.104348
11353,297.161621,0,0.610332,0.104348
11354,297.161621,0,0.610332,0.104348
11355,297.161621,0,0.610332,0.104348
11356,297.161621,0,0.610332,0.104348
11357,297.161621,0,0.610332,0.104348
11358,297.161621,0,0.610332,0.104348
11359,297.161621,0,0.610332,0.104348
11360,297.161621,0,0.610332,0.104348
11361,297.161621,0,0.610332,0.104348
11362,297.161621,0,0.610332,0.104348
11363,297.161621,0,0.610332,0.104348
11364,297.161621,0,0.610332,0.104348
11365,297.161621,0,0.610332,0.104348
11366,297.161621,0,0.610332,0.104348
11367,297.161621,0,0.610332,0.104348
11368,297.161621,0,0.610332,0.104348
11369,297.161621,0,0.610332,0.104348
11370,297.161621,0,0.610332,0.104348
11371,297.161621,0,0.610332,0.104348
11372,297.161621,0,0.610332,0.104348
11373,297.161621,0,0.610332,0.104348
11374,297.161621,0,0.610332,0.104348
11375,297.161621,0,0.610332,0.104348
11376,297.161621,0,0.610332,0.104348
11377,297.161621,0,0.610332,0.104348
11378,297.161621,0,0.610332,0.104348
11379,297.161621,0,0.610332,0.104348
11380,297.161621,0,0.610332,0.104348
11381,297.161621,0,0.610332,0.104348
11382,297.161621,0,0.610332,0.104348
11383,297.161621,0,0.610332,0.104348
11384,297.161621,0,0.610332,0.104348
11385,297.161621,0,0.610332,0.104348
11386,NA,NA,NA,NA
11387,NA,NA,NA,NA
11388,NA,NA,NA,NA
11389,NA,NA,NA,NA
11390,NA,NA,NA,NA
11391,NA,NA,NA,NA
11392,NA,NA,NA,NA
11393,NA,NA,NA,NA
11394,NA,NA,NA,NA
11395,NA,NA,NA,NA
11396,NA,NA,NA,NA
11397,NA,NA,NA,NA
11398,NA,NA,NA,NA
11399,NA,NA,NA,NA
11400,NA,NA,NA,NA
11401,NA,NA,NA,NA
11402,NA,NA,NA,NA
11403,NA,NA,NA,NA
11404,NA,NA,NA,NA
11405,NA,NA,NA,NA
11406,NA,NA,NA,NA
11407,NA,NA,NA,NA
11408,NA,NA,NA,NA
11409,NA,NA,NA,NA
11410,NA,NA,NA,NA
11411,NA,NA,NA,NA
11412,NA,NA,NA,NA
11413,NA,NA,NA,NA
11414,NA,NA,NA,NA
11415,NA,NA,NA,NA
11416,NA,NA,NA,NA
11417,NA,NA,NA,NA
11418,NA,NA,NA,NA
11419,NA,NA,NA,NA
11420,NA,NA,NA,NA
11421,287.694336,0,1.840403,0.207624
11422,287.604523,0,1.841644,0.208857
11423,287.604523,0,1.841644,0.208857
11424,287.648193,0,1.832421,0.208564
11425,287.648193,0,1.832421,0.208564
11426,287.648193,0,1.832421,0.208564
11427,287.648193,0,1.832421,0.208564
11428,287.648193,0,1.832421,0.208564
11429,287.648193,0,1.832421,0.208564
11430,287.648193,0,1.832421,0.208564
11431,287.648193,0,1.832421,0.208564
11432,287.648193,0,1.832421,0.208564
11433,287.648193,0,1.832421,0.208564
11434,287.648193,0,1.832421,0.208564
11435,287.648193,0,1.832421,0.208564
11436,287.648193,0,1.832421,0.208564
11437,287.648193,0,1.832421,0.208564
11438,287.648193,0,1.832421,0.208564
11439,287.648193,0,1.832421,0.208564
11440,287.648193,0,1.832421,0.208564
11441,287.648193,0,1.832421,0.208564
11442,287.648193,0,1.832421,0.208564
11443,287.648193,0,1.832421,0.208564
11444,287.648193,0,1.832421,0.208564
11445,287.648193,0,1.832421,0.208564
11446,287.648193,0,1.832421,0.208564
11447,287.648193,0,1.832421,0.208564
11448,NA,NA,NA,NA
11449,NA,NA,NA,NA
11450,NA,NA,NA,NA
11451,NA,NA,NA,NA
11452,NA,NA,NA,NA
11453,NA,NA,NA,NA
11454,NA,NA,NA,NA
11455,287.636292,0,1.836517,0.208555
11456,287.636292,0,1.836517,0.208555
11457,287.636292,0,1.836517,0.208555
11458,287.604523,0,1.841644,0.208857
11459,287.604523,0,1.841644,0.208857
11460,287.604523,0,1.841644,0.208857
11461,287.685425,0,1.84012,0.207896
11462,287.685425,0,1.84012,0.207896
11463,287.685425,0,1.84012,0.207896
11464,287.694336,0,1.840403,0.207624
11465,287.694336,0,1.840403,0.207624
11466,287.694336,0,1.840403,0.207624
11467,287.694336,0,1.840403,0.207624
11468,287.694336,0,1.840403,0.207624
11469,287.694336,0,1.840403,0.207624
11470,287.694336,0,1.840403,0.207624
11471,287.694336,0,1.840403,0.207624
11472,287.694336,0,1.840403,0.207624
11473,NA,NA,NA,NA
11474,NA,NA,NA,NA
11475,NA,NA,NA,NA
11476,NA,NA,NA,NA
11477,NA,NA,NA,NA
11478,NA,NA,NA,NA
11479,NA,NA,NA,NA
11480,NA,NA,NA,NA
11481,NA,NA,NA,NA
11482,NA,NA,NA,NA
11483,NA,NA,NA,NA
11484,NA,NA,NA,NA
11485,NA,NA,NA,NA
11486,287.55658,0,1.833085,0.21002
11487,287.55658,0,1.833085,0.21002
11488,287.55658,0,1.833085,0.21002
11489,287.55658,0,1.833085,0.21002
11490,287.55658,0,1.833085,0.21002
11491,287.55658,0,1.833085,0.21002
11492,287.55658,0,1.833085,0.21002
11493,287.55658,0,1.833085,0.21002
11494,287.55658,0,1.833085,0.21002
11495,287.55658,0,1.833085,0.21002
11496,287.55658,0,1.833085,0.21002
11497,287.55658,0,1.833085,0.21002
11498,287.55658,0,1.833085,0.21002
11499,287.55658,0,1.833085,0.21002
11500,287.55658,0,1.833085,0.21002
11501,287.55658,0,1.833085,0.21002
11502,287.55658,0,1.833085,0.21002
11503,287.55658,0,1.833085,0.21002
11504,287.55658,0,1.833085,0.21002
11505,287.55658,0,1.833085,0.21002
11506,287.55658,0,1.833085,0.21002
11507,287.55658,0,1.833085,0.21002
11508,287.55658,0,1.833085,0.21002
11509,287.55658,0,1.833085,0.21002
11510,287.55658,0,1.833085,0.21002
11511,287.55658,0,1.833085,0.21002
11512,287.55658,0,1.833085,0.21002
11513,287.55658,0,1.833085,0.21002
11514,287.55658,0,1.833085,0.21002
11515,287.55658,0,1.833085,0.21002
11516,287.55658,0,1.833085,0.21002
11517,287.55658,0,1.833085,0.21002
11518,287.55658,0,1.833085,0.21002
11519,287.55658,0,1.833085,0.21002
11520,287.55658,0,1.833085,0.21002
11521,287.55658,0,1.833085,0.21002
11522,287.55658,0,1.833085,0.21002
11523,287.55658,0,1.833085,0.21002
11524,287.55658,0,1.833085,0.21002
11525,287.55658,0,1.833085,0.21002
11526,287.55658,0,1.833085,0.21002
11527,287.55658,0,1.833085,0.21002
11528,287.55658,0,1.833085,0.21002
11529,287.55658,0,1.833085,0.21002
11530,287.55658,0,1.833085,0.21002
11531,287.55658,0,1.833085,0.21002
11532,287.55658,0,1.833085,0.21002
11533,287.55658,0,1.833085,0.21002
11534,287.55658,0,1.833085,0.21002
11535,287.55658,0,1.833085,0.21002
11536,287.55658,0,1.833085,0.21002
11537,287.55658,0,1.833085,0.21002
11538,287.55658,0,1.833085,0.21002
11539,287.55658,0,1.833085,0.21002
11540,287.55658,0,1.833085,0.21002
11541,287.55658,0,1.833085,0.21002
11542,287.55658,0,1.833085,0.21002
11543,287.55658,0,1.833085,0.21002
11544,287.55658,0,1.833085,0.21002
11545,287.55658,0,1.833085,0.21002
11546,287.55658,0,1.833085,0.21002
11547,287.55658,0,1.833085,0.21002
11548,287.55658,0,1.833085,0.21002
11549,287.55658,0,1.833085,0.21002
11550,287.55658,0,1.833085,0.21002
11551,287.55658,0,1.833085,0.21002
11552,287.55658,0,1.833085,0.21002
11553,287.55658,0,1.833085,0.21002
11554,287.55658,0,1.833085,0.21002
11555,287.55658,0,1.833085,0.21002
11556,287.55658,0,1.833085,0.21002
11557,287.55658,0,1.833085,0.21002
11558,287.55658,0,1.833085,0.21002
11559,287.55658,0,1.833085,0.21002
11560,287.55658,0,1.833085,0.21002
11561,287.55658,0,1.833085,0.21002
11562,287.55658,0,1.833085,0.21002
11563,287.55658,0,1.833085,0.21002
11564,287.496063,0,1.839944,0.210519
11565,287.496063,0,1.839944,0.210519
11566,287.496063,0,1.839944,0.210519
11567,287.496063,0,1.839944,0.210519
11568,287.496063,0,1.839944,0.210519
11569,287.496063,0,1.839944,0.210519
11570,287.496063,0,1.839944,0.210519
11571,287.496063,0,1.839944,0.210519
11572,287.496063,0,1.839944,0.210519
11573,287.496063,0,1.839944,0.210519
11574,287.496063,0,1.839944,0.210519
11575,287.496063,0,1.839944,0.210519
11576,287.496063,0,1.839944,0.210519
11577,287.496063,0,1.839944,0.210519
11578,287.496063,0,1.839944,0.210519
11579,287.496063,0,1.839944,0.210519
11580,287.496063,0,1.839944,0.210519
11581,287.496063,0,1.839944,0.210519
11582,287.496063,0,1.839944,0.210519
11583,287.496063,0,1.839944,0.210519
11584,287.496063,0,1.839944,0.210519
11585,287.496063,0,1.839944,0.210519
11586,287.496063,0,1.839944,0.210519
11587,287.496063,0,1.839944,0.210519
11588,287.496063,0,1.839944,0.210519
11589,287.496063,0,1.839944,0.210519
11590,287.496063,0,1.839944,0.210519
11591,287.496063,0,1.839944,0.210519
11592,287.496063,0,1.839944,0.210519
11593,287.496063,0,1.839944,0.210519
11594,287.496063,0,1.839944,0.210519
11595,287.497742,0,1.845315,0.210177
11596,287.497742,0,1.845315,0.210177
11597,287.50824,0,1.844083,0.210229
11598,287.50824,0,1.844083,0.210229
11599,287.50824,0,1.844083,0.210229
11600,287.50824,0,1.844083,0.210229
11601,287.50824,0,1.844083,0.210229
11602,287.50824,0,1.844083,0.210229
11603,287.50824,0,1.844083,0.210229
11604,287.50824,0,1.844083,0.210229
11605,287.50824,0,1.844083,0.210229
11606,287.50824,0,1.844083,0.210229
11607,287.50824,0,1.844083,0.210229
11608,287.50824,0,1.844083,0.210229
11609,287.50824,0,1.844083,0.210229
11610,287.50824,0,1.844083,0.210229
11611,287.50824,0,1.844083,0.210229
11612,287.50824,0,1.844083,0.210229
11613,287.50824,0,1.844083,0.210229
11614,287.50824,0,1.844083,0.210229
11615,287.50824,0,1.844083,0.210229
11616,287.497742,0,1.845315,0.210177
11617,287.497742,0,1.845315,0.210177
11618,287.497742,0,1.845315,0.210177
11619,287.415314,0,1.848949,0.212052
11620,287.415314,0,1.848949,0.212052
11621,287.415314,0,1.848949,0.212052
11622,287.415314,0,1.848949,0.212052
11623,287.415314,0,1.848949,0.212052
11624,287.415314,0,1.848949,0.212052
11625,287.415314,0,1.848949,0.212052
11626,287.415314,0,1.848949,0.212052
11627,287.415314,0,1.848949,0.212052
11628,287.415314,0,1.848949,0.212052
11629,287.415314,0,1.848949,0.212052
11630,287.415314,0,1.848949,0.212052
11631,287.415314,0,1.848949,0.212052
11632,287.415314,0,1.848949,0.212052
11633,287.415314,0,1.848949,0.212052
11634,287.415314,0,1.848949,0.212052
11635,287.415314,0,1.848949,0.212052
11636,287.415314,0,1.848949,0.212052
11637,287.415314,0,1.848949,0.212052
11638,287.415314,0,1.848949,0.212052
11639,287.415314,0,1.848949,0.212052
11640,287.415314,0,1.848949,0.212052
11641,287.415314,0,1.848949,0.212052
11642,287.415314,0,1.848949,0.212052
11643,287.415314,0,1.848949,0.212052
11644,287.415314,0,1.848949,0.212052
11645,287.415314,0,1.848949,0.212052
11646,287.415314,0,1.848949,0.212052
11647,287.415314,0,1.848949,0.212052
11648,287.415314,0,1.848949,0.212052
11649,287.415314,0,1.848949,0.212052
11650,287.415314,0,1.848949,0.212052
11651,287.415314,0,1.848949,0.212052
11652,287.415314,0,1.848949,0.212052
11653,287.415314,0,1.848949,0.212052
11654,287.415314,0,1.848949,0.212052
11655,287.415314,0,1.848949,0.212052
11656,287.415314,0,1.848949,0.212052
11657,287.415314,0,1.848949,0.212052
11658,287.496063,0,1.839944,0.210519
11659,287.496063,0,1.839944,0.210519
11660,287.496063,0,1.839944,0.210519
11661,287.496063,0,1.839944,0.210519
11662,287.496063,0,1.839944,0.210519
11663,287.415314,0,1.848949,0.212052
11664,287.415314,0,1.848949,0.212052
11665,287.496063,0,1.839944,0.210519
11666,287.496063,0,1.839944,0.210519
11667,287.496063,0,1.839944,0.210519
11668,287.496063,0,1.839944,0.210519
11669,287.496063,0,1.839944,0.210519
11670,287.496063,0,1.839944,0.210519
11671,287.496063,0,1.839944,0.210519
11672,287.496063,0,1.839944,0.210519
11673,287.496063,0,1.839944,0.210519
11674,287.490387,0,1.840945,0.210527
11675,287.490387,0,1.840945,0.210527
11676,287.490387,0,1.840945,0.210527
11677,287.490387,0,1.840945,0.210527
11678,287.490387,0,1.840945,0.210527
11679,287.501373,0,1.840124,0.210436
11680,287.501373,0,1.840124,0.210436
11681,287.501373,0,1.840124,0.210436
11682,287.501373,0,1.840124,0.210436
11683,287.501373,0,1.840124,0.210436
11684,287.501373,0,1.840124,0.210436
11685,287.501373,0,1.840124,0.210436
11686,287.501373,0,1.840124,0.210436
11687,287.501373,0,1.840124,0.210436
11688,287.501373,0,1.840124,0.210436
11689,287.501373,0,1.840124,0.210436
11690,287.501373,0,1.840124,0.210436
11691,287.501373,0,1.840124,0.210436
11692,287.501373,0,1.840124,0.210436
11693,287.501373,0,1.840124,0.210436
11694,287.501373,0,1.840124,0.210436
11695,287.501373,0,1.840124,0.210436
11696,287.501373,0,1.840124,0.210436
11697,287.501373,0,1.840124,0.210436
11698,287.501373,0,1.840124,0.210436
11699,287.501373,0,1.840124,0.210436
11700,287.501373,0,1.840124,0.210436
11701,287.501373,0,1.840124,0.210436
11702,287.501373,0,1.840124,0.210436
11703,287.501373,0,1.840124,0.210436
11704,287.501373,0,1.840124,0.210436
11705,287.501373,0,1.840124,0.210436
11706,287.501373,0,1.840124,0.210436
11707,287.501373,0,1.840124,0.210436
11708,287.501373,0,1.840124,0.210436
11709,287.501373,0,1.840124,0.210436
11710,287.441437,0,1.848273,0.212083
11711,287.441437,0,1.848273,0.212083
11712,287.441437,0,1.848273,0.212083
11713,287.441437,0,1.848273,0.212083
11714,287.441437,0,1.848273,0.212083
11715,287.441437,0,1.848273,0.212083
11716,287.441437,0,1.848273,0.212083
11717,287.441437,0,1.848273,0.212083
11718,287.441437,0,1.848273,0.212083
11719,287.441437,0,1.848273,0.212083
11720,287.441437,0,1.848273,0.212083
11721,287.441437,0,1.848273,0.212083
11722,287.441437,0,1.848273,0.212083
11723,287.441437,0,1.848273,0.212083
11724,287.441437,0,1.848273,0.212083
11725,287.441437,0,1.848273,0.212083
11726,287.441437,0,1.848273,0.212083
11727,287.441437,0,1.848273,0.212083
11728,287.441437,0,1.848273,0.212083
11729,287.441437,0,1.848273,0.212083
11730,287.441437,0,1.848273,0.212083
11731,287.441437,0,1.848273,0.212083
11732,287.441437,0,1.848273,0.212083
11733,287.441437,0,1.848273,0.212083
11734,287.441437,0,1.848273,0.212083
11735,287.441437,0,1.848273,0.212083
11736,287.441437,0,1.848273,0.212083
11737,287.441437,0,1.848273,0.212083
11738,287.441437,0,1.848273,0.212083
11739,287.441437,0,1.848273,0.212083
11740,287.441437,0,1.848273,0.212083
11741,287.441437,0,1.848273,0.212083
11742,287.441437,0,1.848273,0.212083
11743,287.441437,0,1.848273,0.212083
11744,287.441437,0,1.848273,0.212083
11745,287.441437,0,1.848273,0.212083
11746,287.441437,0,1.848273,0.212083
11747,287.441437,0,1.848273,0.212083
11748,287.441437,0,1.848273,0.212083
11749,287.441437,0,1.848273,0.212083
11750,287.441437,0,1.848273,0.212083
11751,287.441437,0,1.848273,0.212083
11752,287.441437,0,1.848273,0.212083
11753,287.441437,0,1.848273,0.212083
11754,287.441437,0,1.848273,0.212083
11755,NA,NA,NA,NA
11756,NA,NA,NA,NA
11757,287.441437,0,1.848273,0.212083
11758,287.441437,0,1.848273,0.212083
11759,287.441437,0,1.848273,0.212083
11760,287.441437,0,1.848273,0.212083
11761,287.441437,0,1.848273,0.212083
11762,287.441437,0,1.848273,0.212083
11763,287.441437,0,1.848273,0.212083
11764,287.441437,0,1.848273,0.212083
11765,287.429108,0,1.849384,0.212208
11766,287.429108,0,1.849384,0.212208
11767,287.429108,0,1.849384,0.212208
11768,287.429108,0,1.849384,0.212208
11769,287.496063,0,1.839944,0.210519
11770,287.496063,0,1.839944,0.210519
11771,287.415314,0,1.848949,0.212052
11772,287.415314,0,1.848949,0.212052
11773,287.415314,0,1.848949,0.212052
11774,287.415314,0,1.848949,0.212052
11775,287.415314,0,1.848949,0.212052
11776,287.415314,0,1.848949,0.212052
11777,287.325867,0,1.868318,0.214215
11778,287.325867,0,1.868318,0.214215
11779,287.325867,0,1.868318,0.214215
11780,287.325867,0,1.868318,0.214215
11781,287.325867,0,1.868318,0.214215
11782,287.325867,0,1.868318,0.214215
11783,287.325867,0,1.868318,0.214215
11784,287.325867,0,1.868318,0.214215
11785,287.302948,0,1.870909,0.214485
11786,287.302948,0,1.870909,0.214485
11787,287.31778,0,1.865097,0.213832
11788,287.31778,0,1.865097,0.213832
11789,287.31778,0,1.865097,0.213832
11790,287.31778,0,1.865097,0.213832
11791,287.378906,0,1.859017,0.212857
11792,287.378906,0,1.859017,0.212857
11793,287.378906,0,1.859017,0.212857
11794,287.378906,0,1.859017,0.212857
11795,287.384918,0,1.854987,0.212317
11796,287.384918,0,1.854987,0.212317
11797,287.384918,0,1.854987,0.212317
11798,287.384918,0,1.854987,0.212317
11799,287.384918,0,1.854987,0.212317
11800,287.384918,0,1.854987,0.212317
11801,287.384918,0,1.854987,0.212317
11802,287.384918,0,1.854987,0.212317
11803,287.384918,0,1.854987,0.212317
11804,287.384918,0,1.854987,0.212317
11805,287.384918,0,1.854987,0.212317
11806,287.384918,0,1.854987,0.212317
11807,287.384918,0,1.854987,0.212317
11808,287.31778,0,1.865097,0.213832
11809,287.31778,0,1.865097,0.213832
11810,287.378906,0,1.859017,0.212857
11811,287.289459,0.000563,1.868114,0.21415
11812,287.294373,0.000153,1.870534,0.213778
11813,287.294373,0.000153,1.870534,0.213778
11814,287.294373,0.000153,1.870534,0.213778
11815,287.294373,0.000153,1.870534,0.213778
11816,287.294373,0.000153,1.870534,0.213778
11817,287.294373,0.000153,1.870534,0.213778
11818,287.360352,1e-06,1.857252,0.212567
11819,287.360352,1e-06,1.857252,0.212567
11820,287.360352,1e-06,1.857252,0.212567
11821,287.360352,1e-06,1.857252,0.212567
11822,287.360352,1e-06,1.857252,0.212567
11823,287.360352,1e-06,1.857252,0.212567
11824,287.360352,1e-06,1.857252,0.212567
11825,287.360352,1e-06,1.857252,0.212567
11826,287.409851,0,1.853736,0.211568
11827,287.409851,0,1.853736,0.211568
11828,287.409851,0,1.853736,0.211568
11829,287.409851,0,1.853736,0.211568
11830,287.409851,0,1.853736,0.211568
11831,287.360352,1e-06,1.857252,0.212567
11832,287.360352,1e-06,1.857252,0.212567
11833,287.360352,1e-06,1.857252,0.212567
11834,287.360352,1e-06,1.857252,0.212567
11835,287.360352,1e-06,1.857252,0.212567
11836,287.360352,1e-06,1.857252,0.212567
11837,287.360352,1e-06,1.857252,0.212567
11838,287.360352,1e-06,1.857252,0.212567
11839,287.409851,0,1.853736,0.211568
11840,287.409851,0,1.853736,0.211568
11841,287.409851,0,1.853736,0.211568
11842,287.409851,0,1.853736,0.211568
11843,287.407166,0,1.854934,0.211403
11844,287.407166,0,1.854934,0.211403
11845,287.407166,0,1.854934,0.211403
11846,287.407166,0,1.854934,0.211403
11847,287.407166,0,1.854934,0.211403
11848,287.409851,0,1.853736,0.211568
11849,287.409851,0,1.853736,0.211568
11850,287.409851,0,1.853736,0.211568
11851,287.407166,0,1.854934,0.211403
11852,287.407166,0,1.854934,0.211403
11853,287.407166,0,1.854934,0.211403
11854,287.407166,0,1.854934,0.211403
11855,287.407166,0,1.854934,0.211403
11856,287.407166,0,1.854934,0.211403
11857,287.407166,0,1.854934,0.211403
11858,287.407166,0,1.854934,0.211403
11859,287.479309,0,1.84124,0.210672
11860,287.479309,0,1.84124,0.210672
11861,287.479309,0,1.84124,0.210672
11862,287.38147,2.379991,1.856213,0.211839
11863,287.294373,0.000153,1.870534,0.213778
11864,287.130951,0.002422,1.901715,0.216745
11865,287.130951,0.002422,1.901715,0.216745
11866,287.130951,0.002422,1.901715,0.216745
11867,287.165649,7e-05,1.896859,0.216742
11868,287.130951,0.002422,1.901715,0.216745
11869,287.130951,0.002422,1.901715,0.216745
11870,287.130951,0.002422,1.901715,0.216745
11871,287.130951,0.002422,1.901715,0.216745
11872,287.130951,0.002422,1.901715,0.216745
11873,287.130951,0.002422,1.901715,0.216745
11874,287.130951,0.002422,1.901715,0.216745
11875,287.130951,0.002422,1.901715,0.216745
11876,287.165649,7e-05,1.896859,0.216742
11877,287.165649,7e-05,1.896859,0.216742
11878,287.130951,0.002422,1.901715,0.216745
11879,287.130951,0.002422,1.901715,0.216745
11880,287.130951,0.002422,1.901715,0.216745
11881,287.235931,0.000586,1.883889,0.215371
11882,287.235931,0.000586,1.883889,0.215371
11883,287.235931,0.000586,1.883889,0.215371
11884,287.235931,0.000586,1.883889,0.215371
11885,287.130951,0.002422,1.901715,0.216745
11886,287.130951,0.002422,1.901715,0.216745
11887,287.235931,0.000586,1.883889,0.215371
11888,287.235931,0.000586,1.883889,0.215371
11889,NA,NA,NA,NA
11890,NA,NA,NA,NA
11891,NA,NA,NA,NA
11892,298.753693,0,0.923773,0.097456
11893,298.726257,0,0.917675,0.097713
11894,298.733612,0,0.918739,0.097573
11895,298.733612,0,0.918739,0.097573
11896,298.728394,0,0.920929,0.09728
11897,298.707092,0,0.915852,0.097412
11898,NA,NA,NA,NA
11899,288.152496,0,1.052849,0.160142
11900,289.549011,0,0.881108,0.154466
11901,294.497528,0,0.43002,0.119707
11902,288.295776,0,0.949308,0.152506
11903,288.138153,0,1.012714,0.157936
11904,288.625061,3.8e-05,0.889784,0.144216
11905,288.877136,0,0.808914,0.137945
11906,288.7099,0,0.847573,0.141017
11907,290.048126,0,0.973387,0.126269
11908,290.487885,1e-06,0.997568,0.126492
11909,291.931854,0,0.470924,0.13225
11910,290.252625,0,0.620586,0.144246
11911,289.480255,0,0.676305,0.150512
11912,289.842499,0,0.907242,0.15279
11913,289.707153,0,0.936821,0.154488
11914,296.033936,0,0.4966,0.110487
11915,294.497528,0,0.43002,0.119707
11916,NA,NA,NA,NA
11917,293.775482,0,0.425579,0.123231
11918,292.960724,0,0.430938,0.127311
11919,292.313721,0,0.450243,0.130306
11920,295.345734,0,0.447798,0.115733
11921,298.49939,0,0.79418,0.104367
11922,298.283203,0,0.804818,0.099812
11923,290.115692,0,0.944836,0.14369
11924,297.161621,0,0.610332,0.104348
11925,NA,NA,NA,NA
11926,291.354523,0,0.503411,0.135047
11927,291.102692,0.001519,0.513847,0.136713
11928,297.675232,0,0.662369,0.103319
11929,289.242554,0,0.905966,0.157303
11930,289.242554,0,0.905966,0.157303
11931,298.446838,0,0.82525,0.100659
11932,289.967194,0,0.639103,0.146363
11933,289.549011,0,0.881108,0.154466
11934,290.257141,0.182109,0.638181,0.144637
11935,289.967194,0,0.639103,0.146363
11936,289.967194,0,0.639103,0.146363
11937,289.549011,0,0.881108,0.154466
11938,289.549011,0,0.881108,0.154466
11939,288.602509,0,1.289492,0.177506
11940,288.602509,0,1.289492,0.177506
11941,288.602509,0,1.289492,0.177506
11942,288.602509,0,1.289492,0.177506
11943,289.897125,0,0.815958,0.150398
11944,298.504303,3.9e-05,0.845142,0.09929
11945,298.478058,9e-06,0.850695,0.098334
11946,293.940063,2e-06,0.425692,0.122397
11947,293.988892,0,0.421583,0.122792
11948,293.940063,2e-06,0.425692,0.122397
11949,290.257141,0.182109,0.638181,0.144637
11950,290.252625,0,0.620586,0.144246
11951,289.967194,0,0.639103,0.146363
11952,289.967194,0,0.639103,0.146363
11953,290.257141,0.182109,0.638181,0.144637
11954,290.257141,0.182109,0.638181,0.144637
11955,290.257141,0.182109,0.638181,0.144637
11956,290.257141,0.182109,0.638181,0.144637
11957,290.257141,0.182109,0.638181,0.144637
11958,289.798645,0,0.729002,0.14936
11959,289.798645,0,0.729002,0.14936
11960,289.798645,0,0.729002,0.14936
11961,289.798645,0,0.729002,0.14936
11962,289.798645,0,0.729002,0.14936
11963,289.798645,0,0.729002,0.14936
11964,289.798645,0,0.729002,0.14936
11965,289.798645,0,0.729002,0.14936
11966,289.798645,0,0.729002,0.14936
11967,289.798645,0,0.729002,0.14936
11968,289.798645,0,0.729002,0.14936
11969,289.798645,0,0.729002,0.14936
11970,289.798645,0,0.729002,0.14936
11971,289.798645,0,0.729002,0.14936
11972,289.798645,0,0.729002,0.14936
11973,289.798645,0,0.729002,0.14936
11974,289.798645,0,0.729002,0.14936
11975,289.798645,0,0.729002,0.14936
11976,289.798645,0,0.729002,0.14936
11977,289.798645,0,0.729002,0.14936
11978,289.798645,0,0.729002,0.14936
11979,289.798645,0,0.729002,0.14936
11980,289.967194,0,0.639103,0.146363
11981,289.967194,0,0.639103,0.146363
11982,289.967194,0,0.639103,0.146363
11983,289.967194,0,0.639103,0.146363
11984,289.967194,0,0.639103,0.146363
11985,296.033936,0,0.4966,0.110487
11986,296.033936,0,0.4966,0.110487
11987,296.033936,0,0.4966,0.110487
11988,297.160553,0,0.623158,0.103146
11989,296.921356,0,0.595566,0.10492
11990,296.921356,0,0.595566,0.10492
11991,296.121735,0,0.500633,0.109792
11992,296.121735,0,0.500633,0.109792
11993,296.033936,0,0.4966,0.110487
11994,293.940063,2e-06,0.425692,0.122397
11995,292.365936,0,0.461537,0.129578
11996,292.365936,0,0.461537,0.129578
11997,NA,NA,NA,NA
11998,291.75415,0,0.468482,0.132801
11999,291.75415,0,0.468482,0.132801
12000,292.365936,0,0.461537,0.129578
12001,292.365936,0,0.461537,0.129578
12002,292.365936,0,0.461537,0.129578
12003,292.365936,0,0.461537,0.129578
12004,294.714142,0,0.439608,0.118407
12005,294.714142,0,0.439608,0.118407
12006,294.714142,0,0.439608,0.118407
12007,294.497528,0,0.43002,0.119707
12008,294.714142,0,0.439608,0.118407
12009,294.714142,0,0.439608,0.118407
12010,294.714142,0,0.439608,0.118407
12011,294.753998,4.8e-05,0.443075,0.117966
12012,295.278046,0,0.450781,0.115429
12013,295.278046,0,0.450781,0.115429
12014,295.278046,0,0.450781,0.115429
12015,295.278046,0,0.450781,0.115429
12016,295.345734,0,0.447798,0.115733
12017,295.345734,0,0.447798,0.115733
12018,295.345734,0,0.447798,0.115733
12019,298.684753,1.7e-05,0.814074,0.104235
12020,298.664551,0,0.801804,0.105663
12021,297.998779,0,0.741687,0.100127
12022,297.998779,0,0.741687,0.100127
12023,297.998779,0,0.741687,0.100127
12024,297.998779,0,0.741687,0.100127
12025,297.998779,0,0.741687,0.100127
12026,298.637726,0,0.874469,0.098724
12027,298.594849,0.000303,0.866748,0.098653
12028,298.594849,0.000303,0.866748,0.098653
12029,298.594849,0.000303,0.866748,0.098653
12030,298.594849,0.000303,0.866748,0.098653
12031,298.594849,0.000303,0.866748,0.098653
12032,298.594849,0.000303,0.866748,0.098653
12033,290.315277,6e-06,0.623626,0.143869
12034,289.798645,0,0.729002,0.14936
12035,296.033936,0,0.4966,0.110487
12036,296.033936,0,0.4966,0.110487
12037,296.921356,0,0.595566,0.10492
12038,291.75415,0,0.468482,0.132801
12039,294.753998,4.8e-05,0.443075,0.117966
12040,294.714142,0,0.439608,0.118407
12041,294.753998,4.8e-05,0.443075,0.117966
12042,295.278046,0,0.450781,0.115429
12043,298.622101,0,0.786811,0.10605
12044,298.622101,0,0.786811,0.10605
12045,298.684753,1.7e-05,0.814074,0.104235
12046,298.664551,0,0.801804,0.105663
12047,296.719299,0,0.545153,0.10688
12048,296.719299,0,0.545153,0.10688
12049,296.719299,0,0.545153,0.10688
12050,297.998779,0,0.741687,0.100127
12051,289.967194,0,0.639103,0.146363
12052,296.033936,0,0.4966,0.110487
12053,296.921356,0,0.595566,0.10492
12054,293.940063,2e-06,0.425692,0.122397
12055,294.753998,4.8e-05,0.443075,0.117966
12056,295.278046,0,0.450781,0.115429
12057,295.278046,0,0.450781,0.115429
12058,298.49939,0,0.79418,0.104367
12059,298.49939,0,0.79418,0.104367
12060,298.49939,0,0.79418,0.104367
12061,296.719299,0,0.545153,0.10688
12062,296.719299,0,0.545153,0.10688
12063,296.921356,0,0.595566,0.10492
12064,288.757782,0,0.904431,0.143295
12065,288.944427,0,0.8201,0.137122
12066,289.076202,0,0.885776,0.135911
12067,289.076202,0,0.885776,0.135911
12068,290.483124,0.000155,1.045815,0.140303
12069,290.483124,0.000155,1.045815,0.140303
12070,290.483124,0.000155,1.045815,0.140303
12071,290.483124,0.000155,1.045815,0.140303
12072,290.483124,0.000155,1.045815,0.140303
12073,291.373993,0,1.226766,0.118879
12074,291.373993,0,1.226766,0.118879
12075,291.373993,0,1.226766,0.118879
12076,291.373993,0,1.226766,0.118879
12077,291.373993,0,1.226766,0.118879
12078,290.397186,0,1.078897,0.118986
12079,290.901093,0,1.120911,0.119342
12080,290.986176,0,1.14491,0.11816
12081,290.29422,0,1.054422,0.120434
12082,290.397186,0,1.078897,0.118986
12083,290.397186,0,1.078897,0.118986
12084,290.397186,0,1.078897,0.118986
12085,291.232269,0,1.218009,0.114658
12086,291.183655,0,1.179677,0.117848
12087,291.232269,0,1.218009,0.114658
12088,289.798645,0,0.729002,0.14936
12089,289.798645,0,0.729002,0.14936
12090,290.023224,0,0.717128,0.147369
12091,290.023224,0,0.717128,0.147369
12092,289.798645,0,0.729002,0.14936
12093,289.798645,0,0.729002,0.14936
12094,289.798645,0,0.729002,0.14936
12095,292.960724,0,0.430938,0.127311
12096,297.998779,0,0.741687,0.100127
12097,288.713318,0,0.889926,0.14301
12098,288.713318,0,0.889926,0.14301
12099,289.076202,0,0.885776,0.135911
12100,289.076202,0,0.885776,0.135911
12101,290.483124,0.000155,1.045815,0.140303
12102,291.256714,0,1.184654,0.118679
12103,291.256714,0,1.184654,0.118679
12104,290.844666,0,1.129955,0.117359
12105,290.29422,0,1.054422,0.120434
12106,291.009399,0,1.162599,0.116206
12107,291.183655,0,1.179677,0.117848
12108,290.986176,0,1.14491,0.11816
12109,290.397186,0,1.078897,0.118986
12110,290.397186,0,1.078897,0.118986
12111,291.232269,0,1.218009,0.114658
12112,291.203613,0,1.168476,0.119316
12113,291.203613,0,1.168476,0.119316
12114,291.256714,0,1.184654,0.118679
12115,291.256714,0,1.184654,0.118679
12116,291.120911,0,1.186091,0.115334
12117,291.203613,0,1.168476,0.119316
12118,297.675232,0,0.662369,0.103319
12119,288.841492,0,1.021912,0.150959
12120,288.841492,0,1.021912,0.150959
12121,288.841492,0,1.021912,0.150959
12122,288.841492,0,1.021912,0.150959
12123,288.699005,0,1.028511,0.15317
12124,288.699005,0,1.028511,0.15317
12125,288.699005,0,1.028511,0.15317
12126,288.699005,0,1.028511,0.15317
12127,288.699005,0,1.028511,0.15317
12128,288.841492,0,1.021912,0.150959
12129,288.699005,0,1.028511,0.15317
12130,288.757782,0,0.904431,0.143295
12131,288.713318,0,0.889926,0.14301
12132,288.713318,0,0.889926,0.14301
12133,288.944427,0,0.8201,0.137122
12134,288.775513,0,0.852196,0.140384
12135,289.076202,0,0.885776,0.135911
12136,290.454681,0,1.018308,0.139226
12137,290.483124,0.000155,1.045815,0.140303
12138,290.454681,0,1.018308,0.139226
12139,290.454681,0,1.018308,0.139226
12140,291.373993,0,1.226766,0.118879
12141,291.373993,0,1.226766,0.118879
12142,290.29422,0,1.054422,0.120434
12143,291.120911,0,1.186091,0.115334
12144,291.232269,0,1.218009,0.114658
12145,288.757782,0,0.904431,0.143295
12146,288.713318,0,0.889926,0.14301
12147,288.944427,0,0.8201,0.137122
12148,288.944427,0,0.8201,0.137122
12149,288.944427,0,0.8201,0.137122
12150,289.290741,0,0.907116,0.132955
12151,290.483124,0.000155,1.045815,0.140303
12152,290.483124,0.000155,1.045815,0.140303
12153,290.844666,0,1.129955,0.117359
12154,290.29422,0,1.054422,0.120434
12155,290.397186,0,1.078897,0.118986
12156,289.618774,0.001002,0.906003,0.128884
12157,289.618774,0.001002,0.906003,0.128884
12158,291.232269,0,1.218009,0.114658
12159,288.757782,0,0.904431,0.143295
12160,288.713318,0,0.889926,0.14301
12161,288.944427,0,0.8201,0.137122
12162,288.944427,0,0.8201,0.137122
12163,288.944427,0,0.8201,0.137122
12164,288.944427,0,0.8201,0.137122
12165,288.877136,0,0.808914,0.137945
12166,288.944427,0,0.8201,0.137122
12167,288.944427,0,0.8201,0.137122
12168,289.076202,0,0.885776,0.135911
12169,290.483124,0.000155,1.045815,0.140303
12170,290.454681,0,1.018308,0.139226
12171,290.483124,0.000155,1.045815,0.140303
12172,290.901093,0,1.120911,0.119342
12173,290.612518,0,1.097026,0.119314
12174,290.612518,0,1.097026,0.119314
12175,289.845184,0,0.948997,0.12661
12176,290.278259,0,1.046994,0.122017
12177,289.845184,0,0.948997,0.12661
12178,290.649475,0,1.105466,0.118054
12179,289.618774,0.001002,0.906003,0.128884
12180,291.232269,0,1.218009,0.114658
12181,287.571014,0,1.834485,0.210144
12182,287.441437,0,1.848273,0.212083
12183,287.571014,0,1.834485,0.210144
12184,287.652771,0,1.833569,0.208523
12185,287.652771,0,1.833569,0.208523
12186,287.706116,0,1.825857,0.208124
12187,287.916687,0.11052,1.756248,0.209319
12188,287.916687,0.11052,1.756248,0.209319
12189,287.636292,0,1.836517,0.208555
12190,287.716949,0,1.834917,0.207613
12191,287.716949,0,1.834917,0.207613
12192,287.715912,0,1.834975,0.207605
12193,289.096375,2e-06,1.192138,0.163789
12194,289.052582,0,1.188353,0.163796
12195,289.041077,0,1.185892,0.163574
12196,289.052582,0,1.188353,0.163796
12197,288.713318,0,0.889926,0.14301
12198,289.524811,0,0.984178,0.131152
12199,289.160065,0,0.923754,0.136368
12200,291.256714,0,1.184654,0.118679
12201,291.454285,0,1.246798,0.119284
12202,290.986176,0,1.14491,0.11816
12203,291.450073,0,1.259566,0.114187
12204,291.203613,0,1.168476,0.119316
12205,291.203613,0,1.168476,0.119316
12206,291.256714,0,1.184654,0.118679
12207,290.023224,0,0.717128,0.147369
12208,293.435333,0,0.426948,0.124603
12209,287.445038,0,1.84787,0.211995
12210,287.441437,0,1.848273,0.212083
12211,287.571014,0,1.834485,0.210144
12212,287.445038,0,1.84787,0.211995
12213,NA,NA,NA,NA
12214,288.536194,0,1.50747,0.194576
12215,288.555328,1e-06,1.46702,0.191888
12216,288.536194,0,1.50747,0.194576
12217,288.525299,1e-06,1.504251,0.194344
12218,288.525299,1e-06,1.504251,0.194344
12219,NA,NA,NA,NA
12220,287.881805,0.017728,1.762555,0.209771
12221,287.881805,0.017728,1.762555,0.209771
12222,NA,NA,NA,NA
12223,NA,NA,NA,NA
12224,NA,NA,NA,NA
12225,288.981964,0,1.135524,0.159568
12226,288.390381,0,0.972398,0.152961
12227,288.390381,0,0.972398,0.152961
12228,288.69751,0,0.956858,0.147542
12229,288.69751,0,0.956858,0.147542
12230,288.624481,0,0.96518,0.149432
12231,288.624481,0,0.96518,0.149432
12232,288.757782,0,0.904431,0.143295
12233,288.713318,0,0.889926,0.14301
12234,288.713318,0,0.889926,0.14301
12235,288.713318,0,0.889926,0.14301
12236,289.524811,0,0.984178,0.131152
12237,289.524811,0,0.984178,0.131152
12238,289.160065,0,0.923754,0.136368
12239,289.160065,0,0.923754,0.136368
12240,291.373993,0,1.226766,0.118879
12241,291.256714,0,1.184654,0.118679
12242,291.256714,0,1.184654,0.118679
12243,291.454285,0,1.246798,0.119284
12244,291.373993,0,1.226766,0.118879
12245,291.373993,0,1.226766,0.118879
12246,291.373993,0,1.226766,0.118879
12247,291.450073,0,1.259566,0.114187
12248,291.450073,0,1.259566,0.114187
12249,291.450073,0,1.259566,0.114187
12250,291.232269,0,1.218009,0.114658
12251,291.232269,0,1.218009,0.114658
12252,291.120911,0,1.186091,0.115334
12253,291.450073,0,1.259566,0.114187
12254,291.319031,0,1.244968,0.112396
12255,291.319031,0,1.244968,0.112396
12256,291.183655,0,1.179677,0.117848
12257,291.183655,0,1.179677,0.117848
12258,291.183655,0,1.179677,0.117848
12259,291.354523,0,0.503411,0.135047
12260,290.813568,0,0.558427,0.139282
12261,290.365051,0,0.583766,0.142153
12262,290.365051,0,0.583766,0.142153
12263,290.315277,6e-06,0.623626,0.143869
12264,287.441437,0,1.848273,0.212083
12265,287.441406,0,1.852298,0.212502
12266,287.78894,0.003243,1.779791,0.211756
12267,288.555328,1e-06,1.46702,0.191888
12268,288.536194,0,1.50747,0.194576
12269,288.525299,1e-06,1.504251,0.194344
12270,288.525299,1e-06,1.504251,0.194344
12271,287.916687,0.11052,1.756248,0.209319
12272,287.881805,0.017728,1.762555,0.209771
12273,287.881805,0.017728,1.762555,0.209771
12274,288.712433,0,1.244712,0.172533
12275,288.712433,0,1.244712,0.172533
12276,288.649048,0,1.246876,0.172995
12277,289.038483,0,1.145133,0.159943
12278,289.038483,0,1.145133,0.159943
12279,288.981964,0,1.135524,0.159568
12280,288.894043,0,1.170416,0.163089
12281,288.799286,0,0.957284,0.146551
12282,288.799286,0,0.957284,0.146551
12283,288.652985,0,0.977567,0.150093
12284,288.652985,0,0.977567,0.150093
12285,288.713318,0,0.889926,0.14301
12286,288.713318,0,0.889926,0.14301
12287,288.713318,0,0.889926,0.14301
12288,288.713318,0,0.889926,0.14301
12289,288.713318,0,0.889926,0.14301
12290,288.713318,0,0.889926,0.14301
12291,289.160065,0,0.923754,0.136368
12292,289.160065,0,0.923754,0.136368
12293,291.373993,0,1.226766,0.118879
12294,291.373993,0,1.226766,0.118879
12295,291.120911,0,1.186091,0.115334
12296,291.120911,0,1.186091,0.115334
12297,291.450073,0,1.259566,0.114187
12298,291.232269,0,1.218009,0.114658
12299,291.232269,0,1.218009,0.114658
12300,291.450073,0,1.259566,0.114187
12301,291.319031,0,1.244968,0.112396
12302,291.354523,0,0.503411,0.135047
12303,289.667053,0,0.806752,0.152062
12304,289.612244,0,0.824011,0.152852
12305,NA,NA,NA,NA
12306,287.441437,0,1.848273,0.212083
12307,287.78894,0.003243,1.779791,0.211756
12308,287.777649,0,1.77014,0.211843
12309,288.525299,1e-06,1.504251,0.194344
12310,288.536194,0,1.50747,0.194576
12311,288.525299,1e-06,1.504251,0.194344
12312,288.536194,0,1.50747,0.194576
12313,288.620605,0,1.469844,0.191859
12314,288.525299,1e-06,1.504251,0.194344
12315,288.525299,1e-06,1.504251,0.194344
12316,288.525299,1e-06,1.504251,0.194344
12317,288.525299,1e-06,1.504251,0.194344
12318,288.608063,0,1.263203,0.175129
12319,288.712433,0,1.244712,0.172533
12320,288.981964,0,1.135524,0.159568
12321,288.915497,0,1.161369,0.162024
12322,288.915497,0,1.161369,0.162024
12323,288.894043,0,1.170416,0.163089
12324,288.894043,0,1.170416,0.163089
12325,288.902527,0,1.160427,0.162047
12326,NA,NA,NA,NA
12327,288.894043,0,1.170416,0.163089
12328,288.791046,0,1.1443,0.161165
12329,288.799286,0,0.957284,0.146551
12330,288.390381,0,0.972398,0.152961
12331,288.652985,0,0.977567,0.150093
12332,288.713318,0,0.889926,0.14301
12333,289.14859,0,0.909473,0.135918
12334,289.160065,0,0.923754,0.136368
12335,291.183655,0,1.179677,0.117848
12336,289.707153,0,0.936821,0.154488
12337,NA,NA,NA,NA
12338,NA,NA,NA,NA
12339,287.881805,0.017728,1.762555,0.209771
12340,287.945557,0,1.739701,0.209576
12341,287.945557,0,1.739701,0.209576
12342,288.555328,1e-06,1.46702,0.191888
12343,288.555328,1e-06,1.46702,0.191888
12344,288.608978,2e-06,1.251675,0.174216
12345,288.608063,0,1.263203,0.175129
12346,288.608063,0,1.263203,0.175129
12347,288.598419,0,1.250727,0.174195
12348,288.608063,0,1.263203,0.175129
12349,288.608978,2e-06,1.251675,0.174216
12350,288.608978,2e-06,1.251675,0.174216
12351,288.598419,0,1.250727,0.174195
12352,288.608063,0,1.263203,0.175129
12353,288.598419,0,1.250727,0.174195
12354,288.608063,0,1.263203,0.175129
12355,288.649048,0,1.246876,0.172995
12356,288.649048,0,1.246876,0.172995
12357,288.74411,0,1.127089,0.16017
12358,289.038483,0,1.145133,0.159943
12359,289.038483,0,1.145133,0.159943
12360,288.791046,0,1.1443,0.161165
12361,289.038483,0,1.145133,0.159943
12362,288.880859,0,1.146029,0.160815
12363,288.791046,0,1.1443,0.161165
12364,288.791046,0,1.1443,0.161165
12365,288.791046,0,1.1443,0.161165
12366,288.986023,0,1.181096,0.163442
12367,288.986023,0,1.181096,0.163442
12368,NA,NA,NA,NA
12369,288.791046,0,1.1443,0.161165
12370,288.872803,0,0.954625,0.145236
12371,288.799286,0,0.957284,0.146551
12372,288.626709,0,0.978655,0.150472
12373,288.713318,0,0.889926,0.14301
12374,288.757782,0,0.904431,0.143295
12375,288.757782,0,0.904431,0.143295
12376,288.757782,0,0.904431,0.143295
12377,288.713318,0,0.889926,0.14301
12378,288.713318,0,0.889926,0.14301
12379,289.949615,0,0.977597,0.150812
12380,289.949615,0,0.977597,0.150812
12381,289.897125,0,0.815958,0.150398
12382,292.313721,0,0.450243,0.130306
12383,288.799866,0,0.884679,0.141593
12384,288.799866,0,0.884679,0.141593
12385,290.361511,0,1.128273,0.118455
12386,290.425781,0,1.127908,0.117731
12387,290.31781,0,1.118694,0.119118
12388,290.329895,0,1.147864,0.121034
12389,290.285889,0,1.109627,0.11959
12390,290.285889,0,1.109627,0.11959
12391,290.249573,0,1.099657,0.120129
12392,290.292389,0,1.108487,0.119472
12393,290.292389,0,1.108487,0.119472
12394,290.292389,0,1.108487,0.119472
12395,290.250336,0,1.097157,0.120092
12396,290.292389,0,1.108487,0.119472
12397,290.250336,0,1.097157,0.120092
12398,290.31781,0,1.118694,0.119118
12399,290.425781,0,1.127908,0.117731
12400,290.388763,0,1.117272,0.118271
12401,290.296997,0,1.107326,0.119374
12402,290.396271,0,1.117475,0.118129
12403,290.396271,0,1.117475,0.118129
12404,290.484497,0,1.127445,0.116988
12405,290.31781,0,1.118694,0.119118
12406,290.481079,0,1.117843,0.116358
12407,290.481079,0,1.117843,0.116358
12408,290.481079,0,1.117843,0.116358
12409,290.481079,0,1.117843,0.116358
12410,291.256714,0,1.184654,0.118679
12411,290.257141,0.182109,0.638181,0.144637
12412,290.315277,6e-06,0.623626,0.143869
12413,290.315277,6e-06,0.623626,0.143869
12414,290.257141,0.182109,0.638181,0.144637
12415,290.252625,0,0.620586,0.144246
12416,289.967194,0,0.639103,0.146363
12417,289.967194,0,0.639103,0.146363
12418,289.967194,0,0.639103,0.146363
12419,289.967194,0,0.639103,0.146363
12420,290.252625,0,0.620586,0.144246
12421,290.252625,0,0.620586,0.144246
12422,290.252625,0,0.620586,0.144246
12423,289.967194,0,0.639103,0.146363
12424,289.967194,0,0.639103,0.146363
12425,289.967194,0,0.639103,0.146363
12426,289.967194,0,0.639103,0.146363
12427,289.612244,0,0.824011,0.152852
12428,289.897125,0,0.815958,0.150398
12429,289.667053,0,0.806752,0.152062
12430,289.667053,0,0.806752,0.152062
12431,289.667053,0,0.806752,0.152062
12432,289.667053,0,0.806752,0.152062
12433,296.249817,0,0.490215,0.110396
12434,296.033936,0,0.4966,0.110487
12435,295.876007,0,0.472275,0.111805
12436,295.876007,0,0.472275,0.111805
12437,295.876007,0,0.472275,0.111805
12438,296.033936,0,0.4966,0.110487
12439,297.161621,0,0.610332,0.104348
12440,297.161621,0,0.610332,0.104348
12441,297.161621,0,0.610332,0.104348
12442,297.161621,0,0.610332,0.104348
12443,297.161621,0,0.610332,0.104348
12444,297.161621,0,0.610332,0.104348
12445,296.719299,0,0.545153,0.10688
12446,288.757782,0,0.904431,0.143295
12447,288.794647,1.4e-05,0.904363,0.142765
12448,288.794647,1.4e-05,0.904363,0.142765
12449,290.292389,0,1.108487,0.119472
12450,290.41864,0,1.102217,0.117255
12451,290.41864,0,1.102217,0.117255
12452,290.3461,0,1.104276,0.118859
12453,290.3461,0,1.104276,0.118859
12454,290.388763,0,1.117272,0.118271
12455,290.388763,0,1.117272,0.118271
12456,290.481079,0,1.117843,0.116358
12457,291.373993,0,1.226766,0.118879
12458,291.319031,0,1.244968,0.112396
12459,291.183655,0,1.179677,0.117848
12460,291.203613,0,1.168476,0.119316
12461,297.161621,0,0.610332,0.104348
12462,298.59549,0,0.822315,0.103234
12463,298.668365,0,0.845073,0.102514
12464,297.72525,0,0.677515,0.102002
12465,298.283203,0,0.804818,0.099812
12466,289.549011,0,0.881108,0.154466
12467,288.799866,0,0.884679,0.141593
12468,288.757782,0,0.904431,0.143295
12469,288.794647,1.4e-05,0.904363,0.142765
12470,288.794647,1.4e-05,0.904363,0.142765
12471,290.252899,0,1.081823,0.119754
12472,290.388763,0,1.117272,0.118271
12473,290.422516,0,1.109423,0.117443
12474,290.986176,0,1.14491,0.11816
12475,290.986176,0,1.14491,0.11816
12476,292.960724,0,0.430938,0.127311
12477,292.960724,0,0.430938,0.127311
12478,298.6698,0,0.920189,0.096233
12479,298.756531,0,0.896008,0.099328
12480,298.570068,0,0.817351,0.103598
12481,298.363434,5e-06,0.826187,0.099192
12482,298.73407,0,0.915917,0.096976
12483,288.757782,0,0.904431,0.143295
12484,288.757782,0,0.904431,0.143295
12485,288.794647,1.4e-05,0.904363,0.142765
12486,288.794647,1.4e-05,0.904363,0.142765
12487,290.41864,0,1.102217,0.117255
12488,290.41864,0,1.102217,0.117255
12489,290.252899,0,1.081823,0.119754
12490,290.422516,0,1.109423,0.117443
12491,290.41864,0,1.102217,0.117255
12492,289.612244,0,0.824011,0.152852
12493,288.757782,0,0.904431,0.143295
12494,288.757782,0,0.904431,0.143295
12495,288.700806,0,0.905463,0.144123
12496,290.41864,0,1.102217,0.117255
12497,290.252899,0,1.081823,0.119754
12498,290.422516,0,1.109423,0.117443
12499,290.252899,0,1.081823,0.119754
12500,292.960724,0,0.430938,0.127311
12501,292.960724,0,0.430938,0.127311
12502,NA,NA,NA,NA
12503,288.445435,0,0.993907,0.153623
12504,288.799286,0,0.957284,0.146551
12505,288.757782,0,0.904431,0.143295
12506,290.361511,0,1.128273,0.118455
12507,290.249573,0,1.099657,0.120129
12508,290.292389,0,1.108487,0.119472
12509,290.396271,0,1.117475,0.118129
12510,290.484497,0,1.127445,0.116988
12511,290.3461,0,1.104276,0.118859
12512,289.160065,0,0.923754,0.136368
12513,291.373993,0,1.226766,0.118879
12514,291.232269,0,1.218009,0.114658
12515,291.450073,0,1.259566,0.114187
12516,289.967194,0,0.639103,0.146363
12517,289.798645,0,0.729002,0.14936
12518,296.249817,0,0.490215,0.110396
12519,296.249817,0,0.490215,0.110396
12520,296.033936,0,0.4966,0.110487
12521,296.033936,0,0.4966,0.110487
12522,293.435333,0,0.426948,0.124603
12523,293.435333,0,0.426948,0.124603
12524,293.223083,0,0.432238,0.125711
12525,293.223083,0,0.432238,0.125711
12526,297.998779,0,0.741687,0.100127
12527,298.637726,0,0.874469,0.098724
12528,298.637726,0,0.874469,0.098724
12529,298.594849,0.000303,0.866748,0.098653
12530,298.594849,0.000303,0.866748,0.098653
12531,288.757782,0,0.904431,0.143295
12532,288.799866,0,0.884679,0.141593
12533,290.285889,0,1.109627,0.11959
12534,290.425781,0,1.127908,0.117731
12535,290.484497,0,1.127445,0.116988
12536,290.3461,0,1.104276,0.118859
12537,289.160065,0,0.923754,0.136368
12538,290.650085,0,1.144027,0.11428
12539,291.373993,0,1.226766,0.118879
12540,291.232269,0,1.218009,0.114658
12541,291.232269,0,1.218009,0.114658
12542,291.120911,0,1.186091,0.115334
12543,298.684753,1.7e-05,0.814074,0.104235
12544,298.684753,1.7e-05,0.814074,0.104235
12545,298.684753,1.7e-05,0.814074,0.104235
12546,297.998779,0,0.741687,0.100127
12547,298.637726,0,0.874469,0.098724
12548,298.637726,0,0.874469,0.098724
12549,298.594849,0.000303,0.866748,0.098653
12550,288.794647,1.4e-05,0.904363,0.142765
12551,288.799866,0,0.884679,0.141593
12552,288.794647,1.4e-05,0.904363,0.142765
12553,290.388763,0,1.117272,0.118271
12554,290.425781,0,1.127908,0.117731
12555,290.296997,0,1.107326,0.119374
12556,290.3461,0,1.104276,0.118859
12557,290.3461,0,1.104276,0.118859
12558,290.3461,0,1.104276,0.118859
12559,290.3461,0,1.104276,0.118859
12560,291.373993,0,1.226766,0.118879
12561,291.232269,0,1.218009,0.114658
12562,291.319031,0,1.244968,0.112396
12563,291.319031,0,1.244968,0.112396
12564,289.798645,0,0.729002,0.14936
12565,298.664551,0,0.801804,0.105663
12566,298.664551,0,0.801804,0.105663
12567,297.998779,0,0.741687,0.100127
12568,291.183655,0,1.179677,0.117848
12569,293.223083,0,0.432238,0.125711
12570,298.684753,1.7e-05,0.814074,0.104235
12571,288.74411,0,1.127089,0.16017
12572,288.74411,0,1.127089,0.16017
12573,288.390381,0,0.972398,0.152961
12574,288.757782,0,0.904431,0.143295
12575,288.757782,0,0.904431,0.143295
12576,288.713318,0,0.889926,0.14301
12577,291.373993,0,1.226766,0.118879
12578,291.120911,0,1.186091,0.115334
12579,289.038483,0,1.145133,0.159943
12580,288.74411,0,1.127089,0.16017
12581,288.794647,1.4e-05,0.904363,0.142765
12582,288.713318,0,0.889926,0.14301
12583,291.256714,0,1.184654,0.118679
12584,290.986176,0,1.14491,0.11816
12585,291.354523,0,0.503411,0.135047
12586,291.354523,0,0.503411,0.135047
12587,290.315277,6e-06,0.623626,0.143869
12588,297.160553,0,0.623158,0.103146
12589,292.960724,0,0.430938,0.127311
12590,295.345734,0,0.447798,0.115733
12591,298.684753,1.7e-05,0.814074,0.104235
12592,292.960724,0,0.430938,0.127311
12593,298.756531,0,0.896008,0.099328
12594,296.719299,0,0.545153,0.10688
12595,298.744446,0,0.834403,0.103558
12596,298.770508,0,0.918035,0.097753
12597,287.756439,0.408202,1.800966,0.21068
12598,287.756439,0.408202,1.800966,0.21068
12599,287.756439,0.408202,1.800966,0.21068
12600,287.756439,0.408202,1.800966,0.21068
12601,287.756439,0.408202,1.800966,0.21068
12602,287.756439,0.408202,1.800966,0.21068
12603,287.756439,0.408202,1.800966,0.21068
12604,287.771576,0.078799,1.793097,0.209713
12605,287.771576,0.078799,1.793097,0.209713
12606,287.771576,0.078799,1.793097,0.209713
12607,287.771576,0.078799,1.793097,0.209713
12608,287.771576,0.078799,1.793097,0.209713
12609,287.771576,0.078799,1.793097,0.209713
12610,287.771576,0.078799,1.793097,0.209713
12611,287.771576,0.078799,1.793097,0.209713
12612,287.771576,0.078799,1.793097,0.209713
12613,287.771576,0.078799,1.793097,0.209713
12614,287.771576,0.078799,1.793097,0.209713
12615,287.771576,0.078799,1.793097,0.209713
12616,287.771576,0.078799,1.793097,0.209713
12617,287.771576,0.078799,1.793097,0.209713
12618,287.771576,0.078799,1.793097,0.209713
12619,287.771576,0.078799,1.793097,0.209713
12620,287.771576,0.078799,1.793097,0.209713
12621,287.771576,0.078799,1.793097,0.209713
12622,287.771576,0.078799,1.793097,0.209713
12623,287.771576,0.078799,1.793097,0.209713
12624,NA,NA,NA,NA
12625,NA,NA,NA,NA
12626,NA,NA,NA,NA
12627,NA,NA,NA,NA
12628,NA,NA,NA,NA
12629,NA,NA,NA,NA
12630,NA,NA,NA,NA
12631,NA,NA,NA,NA
12632,NA,NA,NA,NA
12633,NA,NA,NA,NA
12634,NA,NA,NA,NA
12635,NA,NA,NA,NA
12636,NA,NA,NA,NA
12637,NA,NA,NA,NA
12638,NA,NA,NA,NA
12639,NA,NA,NA,NA
12640,287.771576,0.078799,1.793097,0.209713
12641,287.771576,0.078799,1.793097,0.209713
12642,287.756439,0.408202,1.800966,0.21068
12643,288.357758,0,1.607099,0.201367
12644,288.357758,0,1.607099,0.201367
12645,288.357758,0,1.607099,0.201367
12646,288.357758,0,1.607099,0.201367
12647,288.357758,0,1.607099,0.201367
12648,288.414093,0,1.572421,0.198984
12649,288.414093,0,1.572421,0.198984
12650,288.410736,0,1.574881,0.199104
12651,288.410736,0,1.574881,0.199104
12652,288.410736,0,1.574881,0.199104
12653,288.478943,4e-06,1.543023,0.196962
12654,288.410736,0,1.574881,0.199104
12655,288.410736,0,1.574881,0.199104
12656,288.410736,0,1.574881,0.199104
12657,288.393951,2e-05,1.561813,0.1984
12658,288.414093,0,1.572421,0.198984
12659,288.414093,0,1.572421,0.198984
12660,288.414093,0,1.572421,0.198984
12661,288.414093,0,1.572421,0.198984
12662,288.414093,0,1.572421,0.198984
12663,288.414093,0,1.572421,0.198984
12664,288.414093,0,1.572421,0.198984
12665,288.414093,0,1.572421,0.198984
12666,290.220001,0,1.500081,0.195096
12667,288.296509,0,1.636129,0.203262
12668,288.296509,0,1.636129,0.203262
12669,288.296509,0,1.636129,0.203262
12670,288.296509,0,1.636129,0.203262
12671,288.296509,0,1.636129,0.203262
12672,288.258545,0,1.655303,0.204217
12673,288.258545,0,1.655303,0.204217
12674,288.258545,0,1.655303,0.204217
12675,288.258545,0,1.655303,0.204217
12676,288.258545,0,1.655303,0.204217
12677,288.258545,0,1.655303,0.204217
12678,288.258545,0,1.655303,0.204217
12679,288.219971,0,1.668958,0.204906
12680,288.219971,0,1.668958,0.204906
12681,288.219971,0,1.668958,0.204906
12682,288.219971,0,1.668958,0.204906
12683,288.219971,0,1.668958,0.204906
12684,288.219971,0,1.668958,0.204906
12685,288.219971,0,1.668958,0.204906
12686,288.189026,0,1.676471,0.205362
12687,288.087494,3e-05,1.710564,0.207647
12688,287.945557,0,1.739701,0.209576
12689,288.111542,0,1.707996,0.207121
12690,288.111542,0,1.707996,0.207121
12691,288.111542,0,1.707996,0.207121
12692,288.028473,0,1.722029,0.207706
12693,288.080048,0,1.725058,0.207002
12694,287.734406,0.080986,1.808673,0.211451
12695,287.902832,8e-06,1.766089,0.209163
12696,287.902832,8e-06,1.766089,0.209163
12697,287.902832,8e-06,1.766089,0.209163
12698,287.902832,8e-06,1.766089,0.209163
12699,287.902832,8e-06,1.766089,0.209163
12700,287.902832,8e-06,1.766089,0.209163
12701,287.902832,8e-06,1.766089,0.209163
12702,287.902832,8e-06,1.766089,0.209163
12703,287.902832,8e-06,1.766089,0.209163
12704,287.902832,8e-06,1.766089,0.209163
12705,287.902832,8e-06,1.766089,0.209163
12706,287.902832,8e-06,1.766089,0.209163
12707,287.902832,8e-06,1.766089,0.209163
12708,287.902832,8e-06,1.766089,0.209163
12709,287.902832,8e-06,1.766089,0.209163
12710,287.902832,8e-06,1.766089,0.209163
12711,287.91153,0,1.762738,0.20911
12712,287.91153,0,1.762738,0.20911
12713,287.924255,0,1.756518,0.209159
12714,287.924255,0,1.756518,0.209159
12715,287.881805,0.017728,1.762555,0.209771
12716,287.881805,0.017728,1.762555,0.209771
12717,287.881805,0.017728,1.762555,0.209771
12718,287.881805,0.017728,1.762555,0.209771
12719,287.881805,0.017728,1.762555,0.209771
12720,287.881805,0.017728,1.762555,0.209771
12721,NA,NA,NA,NA
12722,NA,NA,NA,NA
12723,NA,NA,NA,NA
12724,NA,NA,NA,NA
12725,NA,NA,NA,NA
12726,NA,NA,NA,NA
12727,NA,NA,NA,NA
12728,NA,NA,NA,NA
12729,NA,NA,NA,NA
12730,NA,NA,NA,NA
12731,NA,NA,NA,NA
12732,NA,NA,NA,NA
12733,NA,NA,NA,NA
12734,289.096375,2e-06,1.192138,0.163789
12735,289.096375,2e-06,1.192138,0.163789
12736,289.096375,2e-06,1.192138,0.163789
12737,289.096375,2e-06,1.192138,0.163789
12738,289.096375,2e-06,1.192138,0.163789
12739,289.096375,2e-06,1.192138,0.163789
12740,288.828552,1e-06,1.105941,0.158018
12741,289.052582,0,1.188353,0.163796
12742,289.052582,0,1.188353,0.163796
12743,289.052582,0,1.188353,0.163796
12744,289.052582,0,1.188353,0.163796
12745,289.052582,0,1.188353,0.163796
12746,289.052582,0,1.188353,0.163796
12747,289.052582,0,1.188353,0.163796
12748,289.052582,0,1.188353,0.163796
12749,289.052582,0,1.188353,0.163796
12750,289.052582,0,1.188353,0.163796
12751,289.041077,0,1.185892,0.163574
12752,289.041077,0,1.185892,0.163574
12753,289.041077,0,1.185892,0.163574
12754,289.041077,0,1.185892,0.163574
12755,288.986023,0,1.181096,0.163442
12756,288.986023,0,1.181096,0.163442
12757,288.986023,0,1.181096,0.163442
12758,288.915497,0,1.161369,0.162024
12759,288.915497,0,1.161369,0.162024
12760,288.915497,0,1.161369,0.162024
12761,288.915497,0,1.161369,0.162024
12762,288.915497,0,1.161369,0.162024
12763,288.915497,0,1.161369,0.162024
12764,288.915497,0,1.161369,0.162024
12765,288.915497,0,1.161369,0.162024
12766,288.915497,0,1.161369,0.162024
12767,288.915497,0,1.161369,0.162024
12768,288.915497,0,1.161369,0.162024
12769,288.915497,0,1.161369,0.162024
12770,288.915497,0,1.161369,0.162024
12771,288.915497,0,1.161369,0.162024
12772,288.915497,0,1.161369,0.162024
12773,288.915497,0,1.161369,0.162024
12774,288.915497,0,1.161369,0.162024
12775,288.915497,0,1.161369,0.162024
12776,288.915497,0,1.161369,0.162024
12777,288.915497,0,1.161369,0.162024
12778,288.915497,0,1.161369,0.162024
12779,288.859528,0,1.120082,0.15896
12780,288.859528,0,1.120082,0.15896
12781,288.859528,0,1.120082,0.15896
12782,288.859528,0,1.120082,0.15896
12783,288.859528,0,1.120082,0.15896
12784,288.859528,0,1.120082,0.15896
12785,288.859528,0,1.120082,0.15896
12786,288.859528,0,1.120082,0.15896
12787,288.859528,0,1.120082,0.15896
12788,288.859528,0,1.120082,0.15896
12789,288.859528,0,1.120082,0.15896
12790,288.859528,0,1.120082,0.15896
12791,288.958923,0,1.121032,0.158488
12792,288.882141,0,1.098755,0.157128
12793,288.882141,0,1.098755,0.157128
12794,288.882141,0,1.098755,0.157128
12795,288.975891,0,1.094898,0.155895
12796,288.958923,0,1.121032,0.158488
12797,288.958923,0,1.121032,0.158488
12798,288.958923,0,1.121032,0.158488
12799,288.958923,0,1.121032,0.158488
12800,288.958923,0,1.121032,0.158488
12801,288.958923,0,1.121032,0.158488
12802,288.958923,0,1.121032,0.158488
12803,288.958923,0,1.121032,0.158488
12804,288.958923,0,1.121032,0.158488
12805,288.958923,0,1.121032,0.158488
12806,288.975891,0,1.094898,0.155895
12807,288.975891,0,1.094898,0.155895
12808,288.975891,0,1.094898,0.155895
12809,288.975891,0,1.094898,0.155895
12810,288.975891,0,1.094898,0.155895
12811,288.975891,0,1.094898,0.155895
12812,288.975891,0,1.094898,0.155895
12813,289.046875,0,1.097748,0.155812
12814,289.046875,0,1.097748,0.155812
12815,289.046875,0,1.097748,0.155812
12816,289.697693,0,1.216347,0.164264
12817,289.697693,0,1.216347,0.164264
12818,289.697693,0,1.216347,0.164264
12819,289.697693,0,1.216347,0.164264
12820,289.697693,0,1.216347,0.164264
12821,289.697693,0,1.216347,0.164264
12822,289.697693,0,1.216347,0.164264
12823,289.697693,0,1.216347,0.164264
12824,289.58255,0,1.258238,0.168865
12825,289.58255,0,1.258238,0.168865
12826,289.58255,0,1.258238,0.168865
12827,289.58255,0,1.258238,0.168865
12828,289.58255,0,1.258238,0.168865
12829,289.58255,0,1.258238,0.168865
12830,289.58255,0,1.258238,0.168865
12831,289.58255,0,1.258238,0.168865
12832,289.58255,0,1.258238,0.168865
12833,289.58255,0,1.258238,0.168865
12834,289.58255,0,1.258238,0.168865
12835,289.58255,0,1.258238,0.168865
12836,289.58255,0,1.258238,0.168865
12837,289.703888,0,1.213603,0.163883
12838,289.703888,0,1.213603,0.163883
12839,289.703888,0,1.213603,0.163883
12840,289.703888,0,1.213603,0.163883
12841,289.703888,0,1.213603,0.163883
12842,289.703888,0,1.213603,0.163883
12843,289.703888,0,1.213603,0.163883
12844,289.703888,0,1.213603,0.163883
12845,289.697693,0,1.216347,0.164264
12846,289.697693,0,1.216347,0.164264
12847,289.697693,0,1.216347,0.164264
12848,289.697693,0,1.216347,0.164264
12849,289.697693,0,1.216347,0.164264
12850,289.697693,0,1.216347,0.164264
12851,289.697693,0,1.216347,0.164264
12852,289.697693,0,1.216347,0.164264
12853,289.697693,0,1.216347,0.164264
12854,289.697693,0,1.216347,0.164264
12855,289.697693,0,1.216347,0.164264
12856,289.697693,0,1.216347,0.164264
12857,289.697693,0,1.216347,0.164264
12858,289.697693,0,1.216347,0.164264
12859,289.155731,0,1.089937,0.153871
12860,289.046875,0,1.097748,0.155812
12861,289.046875,0,1.097748,0.155812
12862,289.046875,0,1.097748,0.155812
12863,289.046875,0,1.097748,0.155812
12864,289.046875,0,1.097748,0.155812
12865,289.155731,0,1.089937,0.153871
12866,289.155731,0,1.089937,0.153871
12867,289.155731,0,1.089937,0.153871
12868,289.155731,0,1.089937,0.153871
12869,289.155731,0,1.089937,0.153871
12870,289.155731,0,1.089937,0.153871
12871,290.388763,0,1.117272,0.118271
12872,290.388763,0,1.117272,0.118271
12873,290.388763,0,1.117272,0.118271
12874,290.388763,0,1.117272,0.118271
12875,290.388763,0,1.117272,0.118271
12876,290.388763,0,1.117272,0.118271
12877,290.388763,0,1.117272,0.118271
12878,290.388763,0,1.117272,0.118271
12879,290.388763,0,1.117272,0.118271
12880,290.388763,0,1.117272,0.118271
12881,290.388763,0,1.117272,0.118271
12882,290.484497,0,1.127445,0.116988
12883,290.484497,0,1.127445,0.116988
12884,290.484497,0,1.127445,0.116988
12885,290.484497,0,1.127445,0.116988
12886,290.484497,0,1.127445,0.116988
12887,290.484497,0,1.127445,0.116988
12888,290.484497,0,1.127445,0.116988
12889,290.484497,0,1.127445,0.116988
12890,290.484497,0,1.127445,0.116988
12891,290.484497,0,1.127445,0.116988
12892,290.396271,0,1.117475,0.118129
12893,290.396271,0,1.117475,0.118129
12894,290.396271,0,1.117475,0.118129
12895,290.396271,0,1.117475,0.118129
12896,290.396271,0,1.117475,0.118129
12897,290.396271,0,1.117475,0.118129
12898,290.396271,0,1.117475,0.118129
12899,290.396271,0,1.117475,0.118129
12900,290.396271,0,1.117475,0.118129
12901,290.396271,0,1.117475,0.118129
12902,290.396271,0,1.117475,0.118129
12903,290.396271,0,1.117475,0.118129
12904,291.120911,0,1.186091,0.115334
12905,291.120911,0,1.186091,0.115334
12906,291.120911,0,1.186091,0.115334
12907,291.120911,0,1.186091,0.115334
12908,291.120911,0,1.186091,0.115334
12909,291.120911,0,1.186091,0.115334
12910,290.986176,0,1.14491,0.11816
12911,290.986176,0,1.14491,0.11816
12912,291.009399,0,1.162599,0.116206
12913,291.009399,0,1.162599,0.116206
12914,291.009399,0,1.162599,0.116206
12915,291.009399,0,1.162599,0.116206
12916,291.009399,0,1.162599,0.116206
12917,291.009399,0,1.162599,0.116206
12918,291.009399,0,1.162599,0.116206
12919,291.009399,0,1.162599,0.116206
12920,291.009399,0,1.162599,0.116206
12921,291.009399,0,1.162599,0.116206
12922,291.009399,0,1.162599,0.116206
12923,291.009399,0,1.162599,0.116206
12924,291.009399,0,1.162599,0.116206
12925,291.80481,0,1.389376,0.100474
12926,291.80481,0,1.389376,0.100474
12927,291.80481,0,1.389376,0.100474
12928,291.80481,0,1.389376,0.100474
12929,291.80481,0,1.389376,0.100474
12930,291.80481,0,1.389376,0.100474
12931,291.070038,0,1.191622,0.11336
12932,291.070038,0,1.191622,0.11336
12933,291.070038,0,1.191622,0.11336
12934,291.070038,0,1.191622,0.11336
12935,291.070038,0,1.191622,0.11336
12936,291.070038,0,1.191622,0.11336
12937,291.070038,0,1.191622,0.11336
12938,291.070038,0,1.191622,0.11336
12939,291.070038,0,1.191622,0.11336
12940,291.450073,0,1.259566,0.114187
12941,291.450073,0,1.259566,0.114187
12942,291.232269,0,1.218009,0.114658
12943,291.319031,0,1.244968,0.112396
12944,291.204163,0,1.217089,0.112708
12945,291.204163,0,1.217089,0.112708
12946,291.204163,0,1.217089,0.112708
12947,291.204163,0,1.217089,0.112708
12948,291.204163,0,1.217089,0.112708
12949,291.204163,0,1.217089,0.112708
12950,291.204163,0,1.217089,0.112708
12951,291.204163,0,1.217089,0.112708
12952,291.204163,0,1.217089,0.112708
12953,291.204163,0,1.217089,0.112708
12954,291.204163,0,1.217089,0.112708
12955,291.204163,0,1.217089,0.112708
12956,291.204163,0,1.217089,0.112708
12957,291.070038,0,1.191622,0.11336
12958,291.204163,0,1.217089,0.112708
12959,291.204163,0,1.217089,0.112708
12960,291.204163,0,1.217089,0.112708
12961,291.204163,0,1.217089,0.112708
12962,287.756439,0.408202,1.800966,0.21068
12963,287.756439,0.408202,1.800966,0.21068
12964,287.771576,0.078799,1.793097,0.209713
12965,287.771576,0.078799,1.793097,0.209713
12966,287.771576,0.078799,1.793097,0.209713
12967,287.771576,0.078799,1.793097,0.209713
12968,287.756439,0.408202,1.800966,0.21068
12969,287.756439,0.408202,1.800966,0.21068
12970,287.756439,0.408202,1.800966,0.21068
12971,288.357758,0,1.607099,0.201367
12972,288.357758,0,1.607099,0.201367
12973,288.410736,0,1.574881,0.199104
12974,288.410736,0,1.574881,0.199104
12975,288.410736,0,1.574881,0.199104
12976,288.410736,0,1.574881,0.199104
12977,288.478943,4e-06,1.543023,0.196962
12978,288.414093,0,1.572421,0.198984
12979,288.414093,0,1.572421,0.198984
12980,288.258545,0,1.655303,0.204217
12981,288.258545,0,1.655303,0.204217
12982,287.734406,0.080986,1.808673,0.211451
12983,287.902832,8e-06,1.766089,0.209163
12984,287.902832,8e-06,1.766089,0.209163
12985,287.902832,8e-06,1.766089,0.209163
12986,287.91153,0,1.762738,0.20911
12987,287.91153,0,1.762738,0.20911
12988,287.924255,0,1.756518,0.209159
12989,287.924255,0,1.756518,0.209159
12990,287.924255,0,1.756518,0.209159
12991,287.924255,0,1.756518,0.209159
12992,NA,NA,NA,NA
12993,NA,NA,NA,NA
12994,288.828552,1e-06,1.105941,0.158018
12995,289.052582,0,1.188353,0.163796
12996,288.986023,0,1.181096,0.163442
12997,288.986023,0,1.181096,0.163442
12998,288.915497,0,1.161369,0.162024
12999,288.915497,0,1.161369,0.162024
13000,288.859528,0,1.120082,0.15896
13001,288.859528,0,1.120082,0.15896
13002,288.958923,0,1.121032,0.158488
13003,288.958923,0,1.121032,0.158488
13004,288.882141,0,1.098755,0.157128
13005,288.882141,0,1.098755,0.157128
13006,288.882141,0,1.098755,0.157128
13007,288.975891,0,1.094898,0.155895
13008,288.975891,0,1.094898,0.155895
13009,289.155731,0,1.089937,0.153871
13010,290.388763,0,1.117272,0.118271
13011,290.484497,0,1.127445,0.116988
13012,290.396271,0,1.117475,0.118129
13013,290.396271,0,1.117475,0.118129
13014,291.009399,0,1.162599,0.116206
13015,291.009399,0,1.162599,0.116206
13016,291.009399,0,1.162599,0.116206
13017,291.070038,0,1.191622,0.11336
13018,287.756439,0.408202,1.800966,0.21068
13019,287.756439,0.408202,1.800966,0.21068
13020,287.756439,0.408202,1.800966,0.21068
13021,287.756439,0.408202,1.800966,0.21068
13022,287.771576,0.078799,1.793097,0.209713
13023,287.771576,0.078799,1.793097,0.209713
13024,288.357758,0,1.607099,0.201367
13025,288.357758,0,1.607099,0.201367
13026,288.357758,0,1.607099,0.201367
13027,288.410736,0,1.574881,0.199104
13028,288.410736,0,1.574881,0.199104
13029,288.410736,0,1.574881,0.199104
13030,288.410736,0,1.574881,0.199104
13031,288.478943,4e-06,1.543023,0.196962
13032,288.478943,4e-06,1.543023,0.196962
13033,288.478943,4e-06,1.543023,0.196962
13034,288.296509,0,1.636129,0.203262
13035,288.296509,0,1.636129,0.203262
13036,288.296509,0,1.636129,0.203262
13037,288.258545,0,1.655303,0.204217
13038,287.945557,0,1.739701,0.209576
13039,287.945557,0,1.739701,0.209576
13040,287.945557,0,1.739701,0.209576
13041,288.111542,0,1.707996,0.207121
13042,288.028473,0,1.722029,0.207706
13043,287.734406,0.080986,1.808673,0.211451
13044,287.902832,8e-06,1.766089,0.209163
13045,287.902832,8e-06,1.766089,0.209163
13046,287.902832,8e-06,1.766089,0.209163
13047,287.902832,8e-06,1.766089,0.209163
13048,287.91153,0,1.762738,0.20911
13049,287.91153,0,1.762738,0.20911
13050,287.91153,0,1.762738,0.20911
13051,287.91153,0,1.762738,0.20911
13052,287.91153,0,1.762738,0.20911
13053,287.91153,0,1.762738,0.20911
13054,287.91153,0,1.762738,0.20911
13055,287.91153,0,1.762738,0.20911
13056,287.924255,0,1.756518,0.209159
13057,287.924255,0,1.756518,0.209159
13058,288.986023,0,1.181096,0.163442
13059,288.915497,0,1.161369,0.162024
13060,289.052582,0,1.188353,0.163796
13061,288.828552,1e-06,1.105941,0.158018
13062,288.828552,1e-06,1.105941,0.158018
13063,288.958923,0,1.121032,0.158488
13064,288.882141,0,1.098755,0.157128
13065,288.882141,0,1.098755,0.157128
13066,288.882141,0,1.098755,0.157128
13067,288.975891,0,1.094898,0.155895
13068,288.958923,0,1.121032,0.158488
13069,288.958923,0,1.121032,0.158488
13070,288.958923,0,1.121032,0.158488
13071,288.958923,0,1.121032,0.158488
13072,288.975891,0,1.094898,0.155895
13073,289.046875,0,1.097748,0.155812
13074,289.697693,0,1.216347,0.164264
13075,289.155731,0,1.089937,0.153871
13076,289.155731,0,1.089937,0.153871
13077,289.155731,0,1.089937,0.153871
13078,289.155731,0,1.089937,0.153871
13079,289.155731,0,1.089937,0.153871
13080,290.484497,0,1.127445,0.116988
13081,290.484497,0,1.127445,0.116988
13082,290.396271,0,1.117475,0.118129
13083,290.396271,0,1.117475,0.118129
13084,290.396271,0,1.117475,0.118129
13085,290.396271,0,1.117475,0.118129
13086,290.396271,0,1.117475,0.118129
13087,291.120911,0,1.186091,0.115334
13088,291.120911,0,1.186091,0.115334
13089,291.120911,0,1.186091,0.115334
13090,291.009399,0,1.162599,0.116206
13091,291.009399,0,1.162599,0.116206
13092,291.204163,0,1.217089,0.112708
13093,287.756439,0.408202,1.800966,0.21068
13094,287.756439,0.408202,1.800966,0.21068
13095,287.756439,0.408202,1.800966,0.21068
13096,287.756439,0.408202,1.800966,0.21068
13097,287.756439,0.408202,1.800966,0.21068
13098,288.357758,0,1.607099,0.201367
13099,288.357758,0,1.607099,0.201367
13100,288.357758,0,1.607099,0.201367
13101,288.357758,0,1.607099,0.201367
13102,288.410736,0,1.574881,0.199104
13103,288.410736,0,1.574881,0.199104
13104,288.410736,0,1.574881,0.199104
13105,288.478943,4e-06,1.543023,0.196962
13106,288.410736,0,1.574881,0.199104
13107,288.393951,2e-05,1.561813,0.1984
13108,288.414093,0,1.572421,0.198984
13109,288.414093,0,1.572421,0.198984
13110,290.220001,0,1.500081,0.195096
13111,288.296509,0,1.636129,0.203262
13112,288.258545,0,1.655303,0.204217
13113,288.258545,0,1.655303,0.204217
13114,288.258545,0,1.655303,0.204217
13115,288.258545,0,1.655303,0.204217
13116,288.189026,0,1.676471,0.205362
13117,288.111542,0,1.707996,0.207121
13118,288.111542,0,1.707996,0.207121
13119,287.734406,0.080986,1.808673,0.211451
13120,287.902832,8e-06,1.766089,0.209163
13121,287.902832,8e-06,1.766089,0.209163
13122,287.91153,0,1.762738,0.20911
13123,287.91153,0,1.762738,0.20911
13124,287.881805,0.017728,1.762555,0.209771
13125,288.859528,0,1.120082,0.15896
13126,288.828552,1e-06,1.105941,0.158018
13127,288.882141,0,1.098755,0.157128
13128,288.882141,0,1.098755,0.157128
13129,289.046875,0,1.097748,0.155812
13130,290.388763,0,1.117272,0.118271
13131,290.388763,0,1.117272,0.118271
13132,290.388763,0,1.117272,0.118271
13133,290.396271,0,1.117475,0.118129
13134,287.756439,0.408202,1.800966,0.21068
13135,288.357758,0,1.607099,0.201367
13136,288.357758,0,1.607099,0.201367
13137,288.357758,0,1.607099,0.201367
13138,288.357758,0,1.607099,0.201367
13139,288.478943,4e-06,1.543023,0.196962
13140,288.414093,0,1.572421,0.198984
13141,288.414093,0,1.572421,0.198984
13142,288.414093,0,1.572421,0.198984
13143,288.414093,0,1.572421,0.198984
13144,288.414093,0,1.572421,0.198984
13145,288.414093,0,1.572421,0.198984
13146,288.414093,0,1.572421,0.198984
13147,288.414093,0,1.572421,0.198984
13148,290.220001,0,1.500081,0.195096
13149,288.296509,0,1.636129,0.203262
13150,288.258545,0,1.655303,0.204217
13151,288.258545,0,1.655303,0.204217
13152,288.258545,0,1.655303,0.204217
13153,288.258545,0,1.655303,0.204217
13154,288.219971,0,1.668958,0.204906
13155,288.219971,0,1.668958,0.204906
13156,288.219971,0,1.668958,0.204906
13157,288.219971,0,1.668958,0.204906
13158,288.189026,0,1.676471,0.205362
13159,288.087494,3e-05,1.710564,0.207647
13160,287.945557,0,1.739701,0.209576
13161,287.945557,0,1.739701,0.209576
13162,288.080048,0,1.725058,0.207002
13163,287.881805,0.017728,1.762555,0.209771
13164,287.881805,0.017728,1.762555,0.209771
13165,287.881805,0.017728,1.762555,0.209771
13166,302.934814,1.6e-05,2.754708,0.266667
13167,300.496246,0.000208,2.890666,0.274247
13168,300.496246,0.000208,2.890666,0.274247
13169,302.931061,0.001963,2.816739,0.270658
13170,300.496246,0.000208,2.890666,0.274247
13171,300.496246,0.000208,2.890666,0.274247
13172,302.263062,0.001798,2.862984,0.274372
13173,302.263062,0.001798,2.862984,0.274372
13174,302.610718,0.094954,3.040591,0.286183
13175,302.263062,0.001798,2.862984,0.274372
13176,302.931061,0.001963,2.816739,0.270658
13177,300.623077,0,2.866259,0.272669
13178,302.934814,1.6e-05,2.754708,0.266667
13179,302.934814,1.6e-05,2.754708,0.266667
13180,302.931061,0.001963,2.816739,0.270658
13181,302.263062,0.001798,2.862984,0.274372
13182,302.934814,1.6e-05,2.754708,0.266667
13183,300.496246,0.000208,2.890666,0.274247
13184,302.263062,0.001798,2.862984,0.274372
13185,302.322205,0.000259,2.888099,0.276142
13186,300.623077,0,2.866259,0.272669
13187,302.263062,0.001798,2.862984,0.274372
13188,302.859283,0,2.808406,0.270967
13189,302.931061,0.001963,2.816739,0.270658
13190,300.496246,0.000208,2.890666,0.274247
13191,300.496246,0.000208,2.890666,0.274247
13192,302.263062,0.001798,2.862984,0.274372
13193,302.263062,0.001798,2.862984,0.274372
13194,300.496246,0.000208,2.890666,0.274247
13195,300.496246,0.000208,2.890666,0.274247
13196,300.496246,0.000208,2.890666,0.274247
13197,300.496246,0.000208,2.890666,0.274247
13198,302.764984,0.000401,2.77314,0.267948
13199,302.610718,0.094954,3.040591,0.286183
13200,300.496246,0.000208,2.890666,0.274247
13201,302.934814,1.6e-05,2.754708,0.266667
13202,302.610718,0.094954,3.040591,0.286183
13203,300.496246,0.000208,2.890666,0.274247
13204,302.263062,0.001798,2.862984,0.274372
13205,302.263062,0.001798,2.862984,0.274372
13206,302.610718,0.094954,3.040591,0.286183
13207,302.610718,0.094954,3.040591,0.286183
13208,302.322205,0.000259,2.888099,0.276142
13209,302.263062,0.001798,2.862984,0.274372
13210,300.496246,0.000208,2.890666,0.274247
13211,300.496246,0.000208,2.890666,0.274247
13212,302.263062,0.001798,2.862984,0.274372
13213,300.496246,0.000208,2.890666,0.274247
13214,302.263062,0.001798,2.862984,0.274372
13215,302.263062,0.001798,2.862984,0.274372
13216,300.496246,0.000208,2.890666,0.274247
13217,300.496246,0.000208,2.890666,0.274247
13218,300.496246,0.000208,2.890666,0.274247
13219,302.263062,0.001798,2.862984,0.274372
13220,302.263062,0.001798,2.862984,0.274372
13221,302.610718,0.094954,3.040591,0.286183
13222,300.496246,0.000208,2.890666,0.274247
13223,302.322205,0.000259,2.888099,0.276142
13224,302.263062,0.001798,2.862984,0.274372
13225,302.610718,0.094954,3.040591,0.286183
13226,300.496246,0.000208,2.890666,0.274247
13227,302.263062,0.001798,2.862984,0.274372
13228,300.496246,0.000208,2.890666,0.274247
13229,302.931061,0.001963,2.816739,0.270658
13230,302.610718,0.094954,3.040591,0.286183
13231,302.610718,0.094954,3.040591,0.286183
13232,302.934814,1.6e-05,2.754708,0.266667
13233,302.721619,0.018345,2.798088,0.269636
13234,302.934814,1.6e-05,2.754708,0.266667
13235,302.610718,0.094954,3.040591,0.286183
13236,302.931061,0.001963,2.816739,0.270658
13237,302.322205,0.000259,2.888099,0.276142
13238,302.610718,0.094954,3.040591,0.286183
13239,300.496246,0.000208,2.890666,0.274247
13240,300.496246,0.000208,2.890666,0.274247
13241,302.721619,0.018345,2.798088,0.269636
13242,302.934814,1.6e-05,2.754708,0.266667
13243,302.263062,0.001798,2.862984,0.274372
13244,302.931061,0.001963,2.816739,0.270658
13245,302.931061,0.001963,2.816739,0.270658
13246,302.931061,0.001963,2.816739,0.270658
13247,302.322205,0.000259,2.888099,0.276142
13248,302.931061,0.001963,2.816739,0.270658
13249,302.934814,1.6e-05,2.754708,0.266667
13250,302.610718,0.094954,3.040591,0.286183
13251,302.610718,0.094954,3.040591,0.286183
13252,302.721619,0.018345,2.798088,0.269636
13253,302.610718,0.094954,3.040591,0.286183
13254,302.934814,1.6e-05,2.754708,0.266667
13255,302.934814,1.6e-05,2.754708,0.266667
13256,300.623077,0,2.866259,0.272669
13257,302.263062,0.001798,2.862984,0.274372
13258,302.931061,0.001963,2.816739,0.270658
13259,302.931061,0.001963,2.816739,0.270658
13260,302.931061,0.001963,2.816739,0.270658
13261,302.931061,0.001963,2.816739,0.270658
13262,300.496246,0.000208,2.890666,0.274247
13263,302.610718,0.094954,3.040591,0.286183
13264,302.931061,0.001963,2.816739,0.270658
13265,300.496246,0.000208,2.890666,0.274247
13266,302.610718,0.094954,3.040591,0.286183
13267,302.263062,0.001798,2.862984,0.274372
13268,302.931061,0.001963,2.816739,0.270658
13269,302.721619,0.018345,2.798088,0.269636
13270,300.496246,0.000208,2.890666,0.274247
13271,302.931061,0.001963,2.816739,0.270658
13272,302.721619,0.018345,2.798088,0.269636
13273,302.263062,0.001798,2.862984,0.274372
13274,300.496246,0.000208,2.890666,0.274247
13275,302.322205,0.000259,2.888099,0.276142
13276,302.721619,0.018345,2.798088,0.269636
13277,302.322205,0.000259,2.888099,0.276142
13278,302.610718,0.094954,3.040591,0.286183
13279,302.859283,0,2.808406,0.270967
13280,302.764984,0.000401,2.77314,0.267948
13281,302.263062,0.001798,2.862984,0.274372
13282,302.931061,0.001963,2.816739,0.270658
13283,302.684326,0.061186,3.004472,0.283607
13284,300.496246,0.000208,2.890666,0.274247
13285,302.684326,0.061186,3.004472,0.283607
13286,302.684326,0.061186,3.004472,0.283607
13287,302.684326,0.061186,3.004472,0.283607
13288,302.322205,0.000259,2.888099,0.276142
13289,302.263062,0.001798,2.862984,0.274372
13290,302.931061,0.001963,2.816739,0.270658
13291,302.684326,0.061186,3.004472,0.283607
13292,302.322205,0.000259,2.888099,0.276142
13293,302.684326,0.061186,3.004472,0.283607
13294,300.496246,0.000208,2.890666,0.274247
13295,302.931061,0.001963,2.816739,0.270658
13296,302.931061,0.001963,2.816739,0.270658
13297,302.322205,0.000259,2.888099,0.276142
13298,302.931061,0.001963,2.816739,0.270658
13299,300.496246,0.000208,2.890666,0.274247
13300,300.496246,0.000208,2.890666,0.274247
13301,300.496246,0.000208,2.890666,0.274247
13302,302.931061,0.001963,2.816739,0.270658
13303,300.623077,0,2.866259,0.272669
13304,302.263062,0.001798,2.862984,0.274372
13305,302.263062,0.001798,2.862984,0.274372
13306,300.496246,0.000208,2.890666,0.274247
13307,302.263062,0.001798,2.862984,0.274372
13308,302.684326,0.061186,3.004472,0.283607
13309,302.931061,0.001963,2.816739,0.270658
13310,302.263062,0.001798,2.862984,0.274372
13311,302.859283,0,2.808406,0.270967
13312,300.623077,0,2.866259,0.272669
13313,302.322205,0.000259,2.888099,0.276142
13314,302.933472,1e-06,2.813274,0.270482
13315,302.322205,0.000259,2.888099,0.276142
13316,302.684326,0.061186,3.004472,0.283607
13317,302.721619,0.018345,2.798088,0.269636
13318,300.496246,0.000208,2.890666,0.274247
13319,302.931061,0.001963,2.816739,0.270658
13320,302.931061,0.001963,2.816739,0.270658
13321,302.931061,0.001963,2.816739,0.270658
13322,302.931061,0.001963,2.816739,0.270658
13323,300.496246,0.000208,2.890666,0.274247
13324,300.496246,0.000208,2.890666,0.274247
13325,300.496246,0.000208,2.890666,0.274247
13326,302.859283,0,2.808406,0.270967
13327,302.859283,0,2.808406,0.270967
13328,302.859283,0,2.808406,0.270967
13329,302.610718,0.094954,3.040591,0.286183
13330,302.859283,0,2.808406,0.270967
13331,302.859283,0,2.808406,0.270967
13332,302.322205,0.000259,2.888099,0.276142
13333,302.322205,0.000259,2.888099,0.276142
13334,302.610718,0.094954,3.040591,0.286183
13335,302.859283,0,2.808406,0.270967
13336,302.909912,0,2.782183,0.268852
13337,302.263062,0.001798,2.862984,0.274372
13338,302.931061,0.001963,2.816739,0.270658
13339,302.610718,0.094954,3.040591,0.286183
13340,302.859283,0,2.808406,0.270967
13341,302.931061,0.001963,2.816739,0.270658
13342,302.931061,0.001963,2.816739,0.270658
13343,302.610718,0.094954,3.040591,0.286183
13344,302.931061,0.001963,2.816739,0.270658
13345,302.610718,0.094954,3.040591,0.286183
13346,302.931061,0.001963,2.816739,0.270658
13347,302.610718,0.094954,3.040591,0.286183
13348,302.610718,0.094954,3.040591,0.286183
13349,302.859283,0,2.808406,0.270967
13350,302.859283,0,2.808406,0.270967
13351,302.322205,0.000259,2.888099,0.276142
13352,302.859283,0,2.808406,0.270967
13353,302.322205,0.000259,2.888099,0.276142
13354,302.610718,0.094954,3.040591,0.286183
13355,302.931061,0.001963,2.816739,0.270658
13356,302.931061,0.001963,2.816739,0.270658
13357,302.610718,0.094954,3.040591,0.286183
13358,302.610718,0.094954,3.040591,0.286183
13359,302.610718,0.094954,3.040591,0.286183
13360,302.610718,0.094954,3.040591,0.286183
13361,302.931061,0.001963,2.816739,0.270658
13362,302.610718,0.094954,3.040591,0.286183
13363,302.610718,0.094954,3.040591,0.286183
13364,302.859283,0,2.808406,0.270967
13365,302.610718,0.094954,3.040591,0.286183
13366,302.610718,0.094954,3.040591,0.286183
13367,302.684326,0.061186,3.004472,0.283607
13368,302.610718,0.094954,3.040591,0.286183
13369,302.263062,0.001798,2.862984,0.274372
13370,302.859283,0,2.808406,0.270967
13371,302.610718,0.094954,3.040591,0.286183
13372,302.934814,1.6e-05,2.754708,0.266667
13373,302.934814,1.6e-05,2.754708,0.266667
13374,302.934814,1.6e-05,2.754708,0.266667
13375,302.934814,1.6e-05,2.754708,0.266667
13376,302.934814,1.6e-05,2.754708,0.266667
13377,302.859283,0,2.808406,0.270967
13378,302.859283,0,2.808406,0.270967
13379,302.859283,0,2.808406,0.270967
13380,302.934814,1.6e-05,2.754708,0.266667
13381,302.934814,1.6e-05,2.754708,0.266667
13382,302.971893,0,2.766239,0.267507
13383,302.934814,1.6e-05,2.754708,0.266667
13384,302.934814,1.6e-05,2.754708,0.266667
13385,302.934814,1.6e-05,2.754708,0.266667
13386,302.934814,1.6e-05,2.754708,0.266667
13387,302.934814,1.6e-05,2.754708,0.266667
13388,302.934814,1.6e-05,2.754708,0.266667
13389,302.859283,0,2.808406,0.270967
13390,302.859283,0,2.808406,0.270967
13391,302.931061,0.001963,2.816739,0.270658
13392,302.859283,0,2.808406,0.270967
13393,302.909912,0,2.782183,0.268852
13394,302.934814,1.6e-05,2.754708,0.266667
13395,302.934814,1.6e-05,2.754708,0.266667
13396,302.934814,1.6e-05,2.754708,0.266667
13397,302.859283,0,2.808406,0.270967
13398,302.859283,0,2.808406,0.270967
13399,302.859283,0,2.808406,0.270967
13400,302.859283,0,2.808406,0.270967
13401,302.859283,0,2.808406,0.270967
13402,302.859283,0,2.808406,0.270967
13403,302.859283,0,2.808406,0.270967
13404,302.859283,0,2.808406,0.270967
13405,302.859283,0,2.808406,0.270967
13406,302.859283,0,2.808406,0.270967
13407,302.859283,0,2.808406,0.270967
13408,302.859283,0,2.808406,0.270967
13409,302.859283,0,2.808406,0.270967
13410,302.859283,0,2.808406,0.270967
13411,302.859283,0,2.808406,0.270967
13412,302.931061,0.001963,2.816739,0.270658
13413,302.859283,0,2.808406,0.270967
13414,302.859283,0,2.808406,0.270967
13415,302.263062,0.001798,2.862984,0.274372
13416,302.931061,0.001963,2.816739,0.270658
13417,302.931061,0.001963,2.816739,0.270658
13418,302.859283,0,2.808406,0.270967
13419,302.934814,1.6e-05,2.754708,0.266667
13420,302.931061,0.001963,2.816739,0.270658
13421,302.934814,1.6e-05,2.754708,0.266667
13422,302.934814,1.6e-05,2.754708,0.266667
13423,302.934814,1.6e-05,2.754708,0.266667
13424,302.263062,0.001798,2.862984,0.274372
13425,302.934814,1.6e-05,2.754708,0.266667
13426,302.934814,1.6e-05,2.754708,0.266667
13427,302.934814,1.6e-05,2.754708,0.266667
13428,302.934814,1.6e-05,2.754708,0.266667
13429,302.934814,1.6e-05,2.754708,0.266667
13430,302.934814,1.6e-05,2.754708,0.266667
13431,302.934814,1.6e-05,2.754708,0.266667
13432,302.934814,1.6e-05,2.754708,0.266667
13433,302.934814,1.6e-05,2.754708,0.266667
13434,302.934814,1.6e-05,2.754708,0.266667
13435,302.859283,0,2.808406,0.270967
13436,302.934814,1.6e-05,2.754708,0.266667
13437,302.934814,1.6e-05,2.754708,0.266667
13438,302.859283,0,2.808406,0.270967
13439,302.931061,0.001963,2.816739,0.270658
13440,302.859283,0,2.808406,0.270967
13441,302.859283,0,2.808406,0.270967
13442,302.859283,0,2.808406,0.270967
13443,302.931061,0.001963,2.816739,0.270658
13444,302.931061,0.001963,2.816739,0.270658
13445,302.859283,0,2.808406,0.270967
13446,299.537994,1e-06,2.519439,0.242703
13447,288.397156,0,1.300268,0.179514
13448,288.397156,0,1.300268,0.179514
13449,288.355164,2e-06,1.297673,0.179422
13450,288.355164,2e-06,1.297673,0.179422
13451,288.355164,2e-06,1.297673,0.179422
13452,288.397156,0,1.300268,0.179514
13453,288.397156,0,1.300268,0.179514
13454,288.355164,2e-06,1.297673,0.179422
13455,288.355164,2e-06,1.297673,0.179422
13456,288.355164,2e-06,1.297673,0.179422
13457,288.355164,2e-06,1.297673,0.179422
13458,288.355164,2e-06,1.297673,0.179422
13459,288.355164,2e-06,1.297673,0.179422
13460,288.355164,2e-06,1.297673,0.179422
13461,288.355164,2e-06,1.297673,0.179422
13462,288.397156,0,1.300268,0.179514
13463,288.397156,0,1.300268,0.179514
13464,288.397156,0,1.300268,0.179514
13465,288.211151,0,1.328282,0.181993
13466,288.211151,0,1.328282,0.181993
13467,288.211151,0,1.328282,0.181993
13468,288.211151,0,1.328282,0.181993
13469,288.211151,0,1.328282,0.181993
13470,288.211151,0,1.328282,0.181993
13471,288.211151,0,1.328282,0.181993
13472,288.211151,0,1.328282,0.181993
13473,288.211151,0,1.328282,0.181993
13474,288.211151,0,1.328282,0.181993
13475,288.211151,0,1.328282,0.181993
13476,288.211151,0,1.328282,0.181993
13477,288.211151,0,1.328282,0.181993
13478,288.211151,0,1.328282,0.181993
13479,288.211151,0,1.328282,0.181993
13480,288.211151,0,1.328282,0.181993
13481,288.211151,0,1.328282,0.181993
13482,288.211151,0,1.328282,0.181993
13483,288.211151,0,1.328282,0.181993
13484,288.211151,0,1.328282,0.181993
13485,288.211151,0,1.328282,0.181993
13486,288.211151,0,1.328282,0.181993
13487,288.211151,0,1.328282,0.181993
13488,288.211151,0,1.328282,0.181993
13489,288.285889,0,1.321271,0.181246
13490,288.211151,0,1.328282,0.181993
13491,288.285889,0,1.321271,0.181246
13492,288.285889,0,1.321271,0.181246
13493,288.211151,0,1.328282,0.181993
13494,288.285889,0,1.321271,0.181246
13495,288.285889,0,1.321271,0.181246
13496,288.211151,0,1.328282,0.181993
13497,288.211151,0,1.328282,0.181993
13498,288.211151,0,1.328282,0.181993
13499,288.211151,0,1.328282,0.181993
13500,288.285889,0,1.321271,0.181246
13501,288.285889,0,1.321271,0.181246
13502,288.211151,0,1.328282,0.181993
13503,288.211151,0,1.328282,0.181993
13504,288.211151,0,1.328282,0.181993
13505,288.211151,0,1.328282,0.181993
13506,288.211151,0,1.328282,0.181993
13507,288.211151,0,1.328282,0.181993
13508,288.211151,0,1.328282,0.181993
13509,288.211151,0,1.328282,0.181993
13510,288.198639,0,1.311283,0.181034
13511,288.211151,0,1.328282,0.181993
13512,288.198639,0,1.311283,0.181034
13513,288.198639,0,1.311283,0.181034
13514,288.198639,0,1.311283,0.181034
13515,288.211151,0,1.328282,0.181993
13516,288.211151,0,1.328282,0.181993
13517,288.198639,0,1.311283,0.181034
13518,288.198639,0,1.311283,0.181034
13519,288.198639,0,1.311283,0.181034
13520,288.198639,0,1.311283,0.181034
13521,288.198639,0,1.311283,0.181034
13522,288.198639,0,1.311283,0.181034
13523,288.198639,0,1.311283,0.181034
13524,288.198639,0,1.311283,0.181034
13525,288.198639,0,1.311283,0.181034
13526,288.198639,0,1.311283,0.181034
13527,288.198639,0,1.311283,0.181034
13528,288.198639,0,1.311283,0.181034
13529,288.198639,0,1.311283,0.181034
13530,288.211151,0,1.328282,0.181993
13531,288.198639,0,1.311283,0.181034
13532,288.198639,0,1.311283,0.181034
13533,288.198639,0,1.311283,0.181034
13534,288.198639,0,1.311283,0.181034
13535,288.198639,0,1.311283,0.181034
13536,288.198639,0,1.311283,0.181034
13537,288.211151,0,1.328282,0.181993
13538,288.198639,0,1.311283,0.181034
13539,288.198639,0,1.311283,0.181034
13540,288.198639,0,1.311283,0.181034
13541,288.211151,0,1.328282,0.181993
13542,288.198639,0,1.311283,0.181034
13543,288.198639,0,1.311283,0.181034
13544,288.211151,0,1.328282,0.181993
13545,288.198639,0,1.311283,0.181034
13546,288.198639,0,1.311283,0.181034
13547,288.198639,0,1.311283,0.181034
13548,288.198639,0,1.311283,0.181034
13549,288.198639,0,1.311283,0.181034
13550,288.198639,0,1.311283,0.181034
13551,288.198639,0,1.311283,0.181034
13552,288.198639,0,1.311283,0.181034
13553,288.211151,0,1.328282,0.181993
13554,288.198639,0,1.311283,0.181034
13555,288.211151,0,1.328282,0.181993
13556,288.211151,0,1.328282,0.181993
13557,288.301819,0,1.291304,0.179173
13558,288.301819,0,1.291304,0.179173
13559,288.301819,0,1.291304,0.179173
13560,288.301819,0,1.291304,0.179173
13561,288.301819,0,1.291304,0.179173
13562,288.301819,0,1.291304,0.179173
13563,288.301819,0,1.291304,0.179173
13564,288.301819,0,1.291304,0.179173
13565,288.301819,0,1.291304,0.179173
13566,288.301819,0,1.291304,0.179173
13567,288.301819,0,1.291304,0.179173
13568,288.301819,0,1.291304,0.179173
13569,288.301819,0,1.291304,0.179173
13570,288.301819,0,1.291304,0.179173
13571,288.301819,0,1.291304,0.179173
13572,288.301819,0,1.291304,0.179173
13573,288.301819,0,1.291304,0.179173
13574,288.301819,0,1.291304,0.179173
13575,288.301819,0,1.291304,0.179173
13576,288.301819,0,1.291304,0.179173
13577,288.301819,0,1.291304,0.179173
13578,288.301819,0,1.291304,0.179173
13579,288.301819,0,1.291304,0.179173
13580,288.301819,0,1.291304,0.179173
13581,288.301819,0,1.291304,0.179173
13582,288.301819,0,1.291304,0.179173
13583,288.301819,0,1.291304,0.179173
13584,288.301819,0,1.291304,0.179173
13585,288.301819,0,1.291304,0.179173
13586,288.301819,0,1.291304,0.179173
13587,288.301819,0,1.291304,0.179173
13588,288.301819,0,1.291304,0.179173
13589,288.301819,0,1.291304,0.179173
13590,288.301819,0,1.291304,0.179173
13591,288.301819,0,1.291304,0.179173
13592,288.301819,0,1.291304,0.179173
13593,288.301819,0,1.291304,0.179173
13594,288.301819,0,1.291304,0.179173
13595,288.301819,0,1.291304,0.179173
13596,288.301819,0,1.291304,0.179173
13597,288.301819,0,1.291304,0.179173
13598,288.301819,0,1.291304,0.179173
13599,288.301819,0,1.291304,0.179173
13600,288.301819,0,1.291304,0.179173
13601,288.301819,0,1.291304,0.179173
13602,288.420959,0,1.282267,0.177706
13603,288.420959,0,1.282267,0.177706
13604,288.420959,0,1.282267,0.177706
13605,288.420959,0,1.282267,0.177706
13606,288.420959,0,1.282267,0.177706
13607,288.420959,0,1.282267,0.177706
13608,288.420959,0,1.282267,0.177706
13609,288.420959,0,1.282267,0.177706
13610,288.420959,0,1.282267,0.177706
13611,288.420959,0,1.282267,0.177706
13612,288.420959,0,1.282267,0.177706
13613,288.420959,0,1.282267,0.177706
13614,288.420959,0,1.282267,0.177706
13615,288.420959,0,1.282267,0.177706
13616,288.420959,0,1.282267,0.177706
13617,288.420959,0,1.282267,0.177706
13618,288.420959,0,1.282267,0.177706
13619,288.420959,0,1.282267,0.177706
13620,288.420959,0,1.282267,0.177706
13621,288.420959,0,1.282267,0.177706
13622,288.420959,0,1.282267,0.177706
13623,288.420959,0,1.282267,0.177706
13624,288.420959,0,1.282267,0.177706
13625,288.420959,0,1.282267,0.177706
13626,288.420959,0,1.282267,0.177706
13627,288.420959,0,1.282267,0.177706
13628,288.420959,0,1.282267,0.177706
13629,288.420959,0,1.282267,0.177706
13630,288.420959,0,1.282267,0.177706
13631,288.420959,0,1.282267,0.177706
13632,288.420959,0,1.282267,0.177706
13633,288.420959,0,1.282267,0.177706
13634,288.420959,0,1.282267,0.177706
13635,288.420959,0,1.282267,0.177706
13636,288.420959,0,1.282267,0.177706
13637,288.420959,0,1.282267,0.177706
13638,288.420959,0,1.282267,0.177706
13639,288.420959,0,1.282267,0.177706
13640,288.420959,0,1.282267,0.177706
13641,288.420959,0,1.282267,0.177706
13642,288.420959,0,1.282267,0.177706
13643,288.420959,0,1.282267,0.177706
13644,288.420959,0,1.282267,0.177706
13645,288.420959,0,1.282267,0.177706
13646,288.460724,0,1.279398,0.177242
13647,288.608978,2e-06,1.251675,0.174216
13648,288.460724,0,1.279398,0.177242
13649,288.460724,0,1.279398,0.177242
13650,288.460724,0,1.279398,0.177242
13651,288.460724,0,1.279398,0.177242
13652,288.460724,0,1.279398,0.177242
13653,288.460724,0,1.279398,0.177242
13654,288.608978,2e-06,1.251675,0.174216
13655,288.460724,0,1.279398,0.177242
13656,288.460724,0,1.279398,0.177242
13657,288.460724,0,1.279398,0.177242
13658,288.460724,0,1.279398,0.177242
13659,288.460724,0,1.279398,0.177242
13660,288.460724,0,1.279398,0.177242
13661,288.460724,0,1.279398,0.177242
13662,288.460724,0,1.279398,0.177242
13663,288.460724,0,1.279398,0.177242
13664,288.460724,0,1.279398,0.177242
13665,288.460724,0,1.279398,0.177242
13666,288.460724,0,1.279398,0.177242
13667,288.460724,0,1.279398,0.177242
13668,288.608978,2e-06,1.251675,0.174216
13669,288.608978,2e-06,1.251675,0.174216
13670,288.608978,2e-06,1.251675,0.174216
13671,288.460724,0,1.279398,0.177242
13672,288.460724,0,1.279398,0.177242
13673,288.460724,0,1.279398,0.177242
13674,288.460724,0,1.279398,0.177242
13675,288.460724,0,1.279398,0.177242
13676,288.460724,0,1.279398,0.177242
13677,288.460724,0,1.279398,0.177242
13678,288.460724,0,1.279398,0.177242
13679,288.460724,0,1.279398,0.177242
13680,288.460724,0,1.279398,0.177242
13681,288.460724,0,1.279398,0.177242
13682,288.460724,0,1.279398,0.177242
13683,288.460724,0,1.279398,0.177242
13684,288.460724,0,1.279398,0.177242
13685,288.4505,0,1.267131,0.176485
13686,288.391846,0,1.266637,0.176689
13687,288.391846,0,1.266637,0.176689
13688,288.4505,0,1.267131,0.176485
13689,288.391846,0,1.266637,0.176689
13690,288.391846,0,1.266637,0.176689
13691,288.4505,0,1.267131,0.176485
13692,288.4505,0,1.267131,0.176485
13693,288.4505,0,1.267131,0.176485
13694,288.4505,0,1.267131,0.176485
13695,288.391846,0,1.266637,0.176689
13696,288.4505,0,1.267131,0.176485
13697,288.4505,0,1.267131,0.176485
13698,288.4505,0,1.267131,0.176485
13699,288.4505,0,1.267131,0.176485
13700,288.4505,0,1.267131,0.176485
13701,288.4505,0,1.267131,0.176485
13702,288.4505,0,1.267131,0.176485
13703,288.4505,0,1.267131,0.176485
13704,288.4505,0,1.267131,0.176485
13705,288.391846,0,1.266637,0.176689
13706,288.4505,0,1.267131,0.176485
13707,288.391846,0,1.266637,0.176689
13708,288.4505,0,1.267131,0.176485
13709,288.391846,0,1.266637,0.176689
13710,288.391846,0,1.266637,0.176689
13711,288.391846,0,1.266637,0.176689
13712,288.391846,0,1.266637,0.176689
13713,288.391846,0,1.266637,0.176689
13714,288.391846,0,1.266637,0.176689
13715,288.391846,0,1.266637,0.176689
13716,288.391846,0,1.266637,0.176689
13717,288.4505,0,1.267131,0.176485
13718,288.4505,0,1.267131,0.176485
13719,288.391846,0,1.266637,0.176689
13720,288.391846,0,1.266637,0.176689
13721,288.391846,0,1.266637,0.176689
13722,288.391846,0,1.266637,0.176689
13723,288.4505,0,1.267131,0.176485
13724,288.4505,0,1.267131,0.176485
13725,288.4505,0,1.267131,0.176485
13726,288.391846,0,1.266637,0.176689
13727,288.4505,0,1.267131,0.176485
13728,288.4505,0,1.267131,0.176485
13729,288.4505,0,1.267131,0.176485
13730,288.391846,0,1.266637,0.176689
13731,291.41037,0,1.279051,0.184539
13732,291.41037,0,1.279051,0.184539
13733,291.41037,0,1.279051,0.184539
13734,291.41037,0,1.279051,0.184539
13735,291.41037,0,1.279051,0.184539
13736,291.41037,0,1.279051,0.184539
13737,291.41037,0,1.279051,0.184539
13738,291.41037,0,1.279051,0.184539
13739,291.41037,0,1.279051,0.184539
13740,291.41037,0,1.279051,0.184539
13741,291.41037,0,1.279051,0.184539
13742,291.41037,0,1.279051,0.184539
13743,291.41037,0,1.279051,0.184539
13744,291.41037,0,1.279051,0.184539
13745,291.41037,0,1.279051,0.184539
13746,291.41037,0,1.279051,0.184539
13747,291.41037,0,1.279051,0.184539
13748,291.41037,0,1.279051,0.184539
13749,291.41037,0,1.279051,0.184539
13750,291.41037,0,1.279051,0.184539
13751,291.41037,0,1.279051,0.184539
13752,291.41037,0,1.279051,0.184539
13753,291.41037,0,1.279051,0.184539
13754,291.41037,0,1.279051,0.184539
13755,291.41037,0,1.279051,0.184539
13756,291.41037,0,1.279051,0.184539
13757,291.41037,0,1.279051,0.184539
13758,291.41037,0,1.279051,0.184539
13759,291.41037,0,1.279051,0.184539
13760,291.41037,0,1.279051,0.184539
13761,291.41037,0,1.279051,0.184539
13762,291.41037,0,1.279051,0.184539
13763,291.41037,0,1.279051,0.184539
13764,291.41037,0,1.279051,0.184539
13765,291.41037,0,1.279051,0.184539
13766,291.41037,0,1.279051,0.184539
13767,291.41037,0,1.279051,0.184539
13768,291.41037,0,1.279051,0.184539
13769,291.41037,0,1.279051,0.184539
13770,291.41037,0,1.279051,0.184539
13771,291.41037,0,1.279051,0.184539
13772,288.696472,0,1.253434,0.173188
13773,288.712433,0,1.244712,0.172533
13774,288.712433,0,1.244712,0.172533
13775,288.712433,0,1.244712,0.172533
13776,288.712433,0,1.244712,0.172533
13777,288.712433,0,1.244712,0.172533
13778,288.696472,0,1.253434,0.173188
13779,288.712433,0,1.244712,0.172533
13780,288.712433,0,1.244712,0.172533
13781,288.696472,0,1.253434,0.173188
13782,288.712433,0,1.244712,0.172533
13783,288.712433,0,1.244712,0.172533
13784,288.696472,0,1.253434,0.173188
13785,288.696472,0,1.253434,0.173188
13786,288.712433,0,1.244712,0.172533
13787,288.696472,0,1.253434,0.173188
13788,288.712433,0,1.244712,0.172533
13789,288.712433,0,1.244712,0.172533
13790,288.712433,0,1.244712,0.172533
13791,288.712433,0,1.244712,0.172533
13792,288.712433,0,1.244712,0.172533
13793,288.712433,0,1.244712,0.172533
13794,288.712433,0,1.244712,0.172533
13795,288.712433,0,1.244712,0.172533
13796,288.712433,0,1.244712,0.172533
13797,288.712433,0,1.244712,0.172533
13798,288.696472,0,1.253434,0.173188
13799,288.712433,0,1.244712,0.172533
13800,288.712433,0,1.244712,0.172533
13801,288.712433,0,1.244712,0.172533
13802,288.712433,0,1.244712,0.172533
13803,288.712433,0,1.244712,0.172533
13804,288.712433,0,1.244712,0.172533
13805,288.712433,0,1.244712,0.172533
13806,288.712433,0,1.244712,0.172533
13807,288.712433,0,1.244712,0.172533
13808,288.696472,0,1.253434,0.173188
13809,288.696472,0,1.253434,0.173188
13810,288.712433,0,1.244712,0.172533
13811,288.712433,0,1.244712,0.172533
13812,288.712433,0,1.244712,0.172533
13813,288.712433,0,1.244712,0.172533
13814,288.712433,0,1.244712,0.172533
13815,288.712433,0,1.244712,0.172533
13816,288.712433,0,1.244712,0.172533
13817,288.696472,0,1.253434,0.173188
13818,288.712433,0,1.244712,0.172533
13819,288.712433,0,1.244712,0.172533
13820,288.712433,0,1.244712,0.172533
13821,288.563568,0,1.223189,0.171289
13822,288.453796,0,1.221909,0.172371
13823,288.453796,0,1.221909,0.172371
13824,288.453796,0,1.221909,0.172371
13825,288.359619,0,1.231892,0.173819
13826,288.359619,0,1.231892,0.173819
13827,288.359619,0,1.231892,0.173819
13828,288.449829,0.006967,1.237672,0.173791
13829,288.359619,0,1.231892,0.173819
13830,288.449829,0.006967,1.237672,0.173791
13831,288.449829,0.006967,1.237672,0.173791
13832,288.359619,0,1.231892,0.173819
13833,288.359619,0,1.231892,0.173819
13834,288.359619,0,1.231892,0.173819
13835,288.359619,0,1.231892,0.173819
13836,288.449829,0.006967,1.237672,0.173791
13837,288.359619,0,1.231892,0.173819
13838,288.359619,0,1.231892,0.173819
13839,288.359619,0,1.231892,0.173819
13840,288.359619,0,1.231892,0.173819
13841,288.359619,0,1.231892,0.173819
13842,288.449829,0.006967,1.237672,0.173791
13843,288.563568,0,1.223189,0.171289
13844,288.453796,0,1.221909,0.172371
13845,288.453796,0,1.221909,0.172371
13846,288.453796,0,1.221909,0.172371
13847,288.359619,0,1.231892,0.173819
13848,288.449829,0.006967,1.237672,0.173791
13849,288.359619,0,1.231892,0.173819
13850,288.359619,0,1.231892,0.173819
13851,288.449829,0.006967,1.237672,0.173791
13852,288.359619,0,1.231892,0.173819
13853,288.449829,0.006967,1.237672,0.173791
13854,288.449829,0.006967,1.237672,0.173791
13855,288.359619,0,1.231892,0.173819
13856,288.359619,0,1.231892,0.173819
13857,288.449829,0.006967,1.237672,0.173791
13858,288.449829,0.006967,1.237672,0.173791
13859,288.359619,0,1.231892,0.173819
13860,288.359619,0,1.231892,0.173819
13861,288.449829,0.006967,1.237672,0.173791
13862,288.453796,0,1.221909,0.172371
13863,288.563568,0,1.223189,0.171289
13864,288.449829,0.006967,1.237672,0.173791
13865,288.359619,0,1.231892,0.173819
13866,288.359619,0,1.231892,0.173819
13867,288.359619,0,1.231892,0.173819
13868,288.359619,0,1.231892,0.173819
13869,288.359619,0,1.231892,0.173819
13870,288.359619,0,1.231892,0.173819
13871,288.478607,0,1.212502,0.17078
13872,288.478607,0,1.212502,0.17078
13873,288.478607,0,1.212502,0.17078
13874,288.478607,0,1.212502,0.17078
13875,288.478607,0,1.212502,0.17078
13876,288.478607,0,1.212502,0.17078
13877,288.478607,0,1.212502,0.17078
13878,288.478607,0,1.212502,0.17078
13879,288.453796,0,1.221909,0.172371
13880,288.478607,0,1.212502,0.17078
13881,288.478607,0,1.212502,0.17078
13882,288.478607,0,1.212502,0.17078
13883,288.478607,0,1.212502,0.17078
13884,288.478607,0,1.212502,0.17078
13885,288.478607,0,1.212502,0.17078
13886,288.478607,0,1.212502,0.17078
13887,288.478607,0,1.212502,0.17078
13888,288.478607,0,1.212502,0.17078
13889,288.478607,0,1.212502,0.17078
13890,288.478607,0,1.212502,0.17078
13891,288.478607,0,1.212502,0.17078
13892,288.478607,0,1.212502,0.17078
13893,288.478607,0,1.212502,0.17078
13894,288.478607,0,1.212502,0.17078
13895,288.478607,0,1.212502,0.17078
13896,288.453796,0,1.221909,0.172371
13897,288.453796,0,1.221909,0.172371
13898,288.478607,0,1.212502,0.17078
13899,288.478607,0,1.212502,0.17078
13900,288.478607,0,1.212502,0.17078
13901,288.478607,0,1.212502,0.17078
13902,288.478607,0,1.212502,0.17078
13903,288.478607,0,1.212502,0.17078
13904,288.478607,0,1.212502,0.17078
13905,288.478607,0,1.212502,0.17078
13906,288.478607,0,1.212502,0.17078
13907,288.478607,0,1.212502,0.17078
13908,288.478607,0,1.212502,0.17078
13909,288.478607,0,1.212502,0.17078
13910,288.478607,0,1.212502,0.17078
13911,288.478607,0,1.212502,0.17078
13912,288.478607,0,1.212502,0.17078
13913,288.478607,0,1.212502,0.17078
13914,288.478607,0,1.212502,0.17078
13915,288.478607,0,1.212502,0.17078
13916,288.478607,0,1.212502,0.17078
13917,288.453796,0,1.221909,0.172371
13918,288.776886,0,1.213717,0.168893
13919,288.776886,0,1.213717,0.168893
13920,288.776886,0,1.213717,0.168893
13921,288.776886,0,1.213717,0.168893
13922,288.776886,0,1.213717,0.168893
13923,288.776886,0,1.213717,0.168893
13924,288.776886,0,1.213717,0.168893
13925,288.776886,0,1.213717,0.168893
13926,288.776886,0,1.213717,0.168893
13927,288.776886,0,1.213717,0.168893
13928,288.776886,0,1.213717,0.168893
13929,288.776886,0,1.213717,0.168893
13930,288.776886,0,1.213717,0.168893
13931,288.776886,0,1.213717,0.168893
13932,288.776886,0,1.213717,0.168893
13933,288.776886,0,1.213717,0.168893
13934,288.776886,0,1.213717,0.168893
13935,288.776886,0,1.213717,0.168893
13936,288.776886,0,1.213717,0.168893
13937,288.776886,0,1.213717,0.168893
13938,288.776886,0,1.213717,0.168893
13939,288.776886,0,1.213717,0.168893
13940,288.776886,0,1.213717,0.168893
13941,288.776886,0,1.213717,0.168893
13942,288.776886,0,1.213717,0.168893
13943,288.776886,0,1.213717,0.168893
13944,288.776886,0,1.213717,0.168893
13945,288.776886,0,1.213717,0.168893
13946,288.776886,0,1.213717,0.168893
13947,288.776886,0,1.213717,0.168893
13948,288.776886,0,1.213717,0.168893
13949,288.776886,0,1.213717,0.168893
13950,288.776886,0,1.213717,0.168893
13951,288.776886,0,1.213717,0.168893
13952,288.776886,0,1.213717,0.168893
13953,288.776886,0,1.213717,0.168893
13954,288.776886,0,1.213717,0.168893
13955,288.776886,0,1.213717,0.168893
13956,288.776886,0,1.213717,0.168893
13957,288.776886,0,1.213717,0.168893
13958,288.776886,0,1.213717,0.168893
13959,288.776886,0,1.213717,0.168893
13960,288.776886,0,1.213717,0.168893
13961,288.776886,0,1.213717,0.168893
13962,288.776886,0,1.213717,0.168893
13963,288.776886,0,1.213717,0.168893
13964,288.776886,0,1.213717,0.168893
13965,288.776886,0,1.213717,0.168893
13966,286.678955,0,1.991908,0.217908
13967,286.678955,0,1.991908,0.217908
13968,286.939667,0,1.963568,0.216411
13969,286.670197,0,1.994067,0.217995
13970,286.806396,0,1.983958,0.217182
13971,286.806396,0,1.983958,0.217182
13972,286.939667,0,1.963568,0.216411
13973,286.670197,0,1.994067,0.217995
13974,286.806396,0,1.983958,0.217182
13975,286.670197,0,1.994067,0.217995
13976,286.670197,0,1.994067,0.217995
13977,286.970703,0.000214,1.972639,0.21623
13978,286.806396,0,1.983958,0.217182
13979,286.806396,0,1.983958,0.217182
13980,287.077881,0,1.883929,0.213066
13981,287.077881,0,1.883929,0.213066
13982,287.077881,0,1.883929,0.213066
13983,287.583405,0,2.02815,0.212298
13984,287.623199,0,2.015854,0.211965
13985,287.623199,0,2.015854,0.211965
13986,287.684662,0,2.020836,0.211623
13987,287.739807,0,2.010358,0.210815
13988,287.684662,0,2.020836,0.211623
13989,287.778992,0,2.010772,0.210503
13990,286.956238,0,2.047711,0.217498
13991,286.956238,0,2.047711,0.217498
13992,286.956238,0,2.047711,0.217498
13993,287.099487,0,2.04302,0.216044
13994,287.088287,0,2.036252,0.215493
13995,287.088287,0,2.036252,0.215493
13996,287.088287,0,2.036252,0.215493
13997,287.088287,0,2.036252,0.215493
13998,287.088287,0,2.036252,0.215493
13999,287.088287,0,2.036252,0.215493
14000,287.088287,0,2.036252,0.215493
14001,287.099487,0,2.04302,0.216044
14002,287.270447,0,2.039205,0.214426
14003,287.270447,0,2.039205,0.214426
14004,286.678955,0,1.991908,0.217908
14005,286.789673,0,1.984126,0.217416
14006,286.96524,0,1.995734,0.218279
14007,286.96524,0,1.995734,0.218279
14008,286.96524,0,1.995734,0.218279
14009,286.789673,0,1.984126,0.217416
14010,286.678955,0,1.991908,0.217908
14011,286.96524,0,1.995734,0.218279
14012,286.678955,0,1.991908,0.217908
14013,286.939667,0,1.963568,0.216411
14014,286.678955,0,1.991908,0.217908
14015,286.789673,0,1.984126,0.217416
14016,286.670197,0,1.994067,0.217995
14017,286.642273,0,2.014763,0.218218
14018,286.806396,0,1.983958,0.217182
14019,286.806396,0,1.983958,0.217182
14020,286.642273,0,2.014763,0.218218
14021,286.670197,0,1.994067,0.217995
14022,286.970703,0.000214,1.972639,0.21623
14023,286.708557,0,2.009061,0.217954
14024,286.670197,0,1.994067,0.217995
14025,286.670197,0,1.994067,0.217995
14026,286.642273,0,2.014763,0.218218
14027,286.670197,0,1.994067,0.217995
14028,286.708557,0,2.009061,0.217954
14029,286.806396,0,1.983958,0.217182
14030,286.806396,0,1.983958,0.217182
14031,286.642273,0,2.014763,0.218218
14032,286.708557,0,2.009061,0.217954
14033,286.642273,0,2.014763,0.218218
14034,286.670197,0,1.994067,0.217995
14035,286.708557,0,2.009061,0.217954
14036,286.708557,0,2.009061,0.217954
14037,286.6604,0,2.014021,0.217974
14038,286.957642,0,2.039723,0.216762
14039,286.957642,0,2.039723,0.216762
14040,286.957642,0,2.039723,0.216762
14041,286.957642,0,2.039723,0.216762
14042,286.956238,0,2.047711,0.217498
14043,286.957642,0,2.039723,0.216762
14044,286.957642,0,2.039723,0.216762
14045,286.957642,0,2.039723,0.216762
14046,286.957642,0,2.039723,0.216762
14047,286.956238,0,2.047711,0.217498
14048,286.957642,0,2.039723,0.216762
14049,286.957642,0,2.039723,0.216762
14050,286.956238,0,2.047711,0.217498
14051,286.81897,0,2.033535,0.217394
14052,286.956238,0,2.047711,0.217498
14053,287.143677,0,2.045049,0.216289
14054,287.143677,0,2.045049,0.216289
14055,287.099487,0,2.04302,0.216044
14056,287.099487,0,2.04302,0.216044
14057,287.088287,0,2.036252,0.215493
14058,287.099487,0,2.04302,0.216044
14059,287.088287,0,2.036252,0.215493
14060,287.099487,0,2.04302,0.216044
14061,287.099487,0,2.04302,0.216044
14062,287.099487,0,2.04302,0.216044
14063,287.143677,0,2.045049,0.216289
14064,287.099487,0,2.04302,0.216044
14065,287.099487,0,2.04302,0.216044
14066,287.273987,0,2.047948,0.215279
14067,287.273987,0,2.047948,0.215279
14068,287.500641,0,2.031317,0.213036
14069,287.500641,0,2.031317,0.213036
14070,287.41748,0,2.040229,0.214086
14071,287.409912,0,2.040804,0.213942
14072,287.41748,0,2.040229,0.214086
14073,287.41748,0,2.040229,0.214086
14074,287.583405,0,2.02815,0.212298
14075,287.583405,0,2.02815,0.212298
14076,287.583405,0,2.02815,0.212298
14077,287.583405,0,2.02815,0.212298
14078,287.583405,0,2.02815,0.212298
14079,287.553711,0,2.035004,0.212694
14080,287.583405,0,2.02815,0.212298
14081,287.583405,0,2.02815,0.212298
14082,287.583405,0,2.02815,0.212298
14083,287.623199,0,2.015854,0.211965
14084,287.583405,0,2.02815,0.212298
14085,287.583405,0,2.02815,0.212298
14086,287.684662,0,2.020836,0.211623
14087,287.684662,0,2.020836,0.211623
14088,288.285461,0,2.00741,0.210024
14089,287.684662,0,2.020836,0.211623
14090,287.739807,0,2.010358,0.210815
14091,287.739807,0,2.010358,0.210815
14092,287.778992,0,2.010772,0.210503
14093,287.778992,0,2.010772,0.210503
14094,287.778992,0,2.010772,0.210503
14095,287.747406,0,2.004987,0.210841
14096,287.778992,0,2.010772,0.210503
14097,286.802948,0,1.932916,0.218021
14098,286.802643,0.000304,1.932994,0.21754
14099,286.802948,0,1.932916,0.218021
14100,286.866089,0,1.92111,0.217049
14101,287.205261,0,1.8829,0.212304
14102,286.807709,0,1.925466,0.217915
14103,286.866089,0,1.92111,0.217049
14104,287.077881,0,1.883929,0.213066
14105,287.077881,0,1.883929,0.213066
14106,286.866089,0,1.92111,0.217049
14107,287.205261,0,1.8829,0.212304
14108,286.866089,0,1.92111,0.217049
14109,286.866089,0,1.92111,0.217049
14110,286.807709,0,1.925466,0.217915
14111,286.807709,0,1.925466,0.217915
14112,286.866089,0,1.92111,0.217049
14113,286.866089,0,1.92111,0.217049
14114,287.623199,0,2.015854,0.211965
14115,300.496246,0.000208,2.890666,0.274247
14116,300.496246,0.000208,2.890666,0.274247
14117,300.496246,0.000208,2.890666,0.274247
14118,300.496246,0.000208,2.890666,0.274247
14119,300.496246,0.000208,2.890666,0.274247
14120,300.496246,0.000208,2.890666,0.274247
14121,300.496246,0.000208,2.890666,0.274247
14122,300.496246,0.000208,2.890666,0.274247
14123,300.496246,0.000208,2.890666,0.274247
14124,300.496246,0.000208,2.890666,0.274247
14125,300.496246,0.000208,2.890666,0.274247
14126,300.496246,0.000208,2.890666,0.274247
14127,300.496246,0.000208,2.890666,0.274247
14128,300.496246,0.000208,2.890666,0.274247
14129,300.496246,0.000208,2.890666,0.274247
14130,300.496246,0.000208,2.890666,0.274247
14131,300.496246,0.000208,2.890666,0.274247
14132,300.623077,0,2.866259,0.272669
14133,300.496246,0.000208,2.890666,0.274247
14134,300.496246,0.000208,2.890666,0.274247
14135,300.496246,0.000208,2.890666,0.274247
14136,300.496246,0.000208,2.890666,0.274247
14137,300.623077,0,2.866259,0.272669
14138,300.496246,0.000208,2.890666,0.274247
14139,300.496246,0.000208,2.890666,0.274247
14140,300.623077,0,2.866259,0.272669
14141,300.623077,0,2.866259,0.272669
14142,300.496246,0.000208,2.890666,0.274247
14143,300.496246,0.000208,2.890666,0.274247
14144,300.496246,0.000208,2.890666,0.274247
14145,300.496246,0.000208,2.890666,0.274247
14146,300.496246,0.000208,2.890666,0.274247
14147,300.496246,0.000208,2.890666,0.274247
14148,300.496246,0.000208,2.890666,0.274247
14149,300.496246,0.000208,2.890666,0.274247
14150,300.496246,0.000208,2.890666,0.274247
14151,300.496246,0.000208,2.890666,0.274247
14152,300.623077,0,2.866259,0.272669
14153,300.700378,0,2.878135,0.274001
14154,300.700378,0,2.878135,0.274001
14155,300.700378,0,2.878135,0.274001
14156,300.700378,0,2.878135,0.274001
14157,300.700378,0,2.878135,0.274001
14158,300.700378,0,2.878135,0.274001
14159,300.700378,0,2.878135,0.274001
14160,300.700378,0,2.878135,0.274001
14161,300.700378,0,2.878135,0.274001
14162,300.700378,0,2.878135,0.274001
14163,300.748352,0,2.864939,0.273273
14164,300.700378,0,2.878135,0.274001
14165,300.700378,0,2.878135,0.274001
14166,300.748352,0,2.864939,0.273273
14167,300.700378,0,2.878135,0.274001
14168,300.748352,0,2.864939,0.273273
14169,300.748352,0,2.864939,0.273273
14170,300.700378,0,2.878135,0.274001
14171,300.748352,0,2.864939,0.273273
14172,300.700378,0,2.878135,0.274001
14173,300.700378,0,2.878135,0.274001
14174,300.748352,0,2.864939,0.273273
14175,300.748352,0,2.864939,0.273273
14176,300.700378,0,2.878135,0.274001
14177,300.748352,0,2.864939,0.273273
14178,300.748352,0,2.864939,0.273273
14179,300.700378,0,2.878135,0.274001
14180,300.700378,0,2.878135,0.274001
14181,300.748352,0,2.864939,0.273273
14182,300.700378,0,2.878135,0.274001
14183,300.700378,0,2.878135,0.274001
14184,300.700378,0,2.878135,0.274001
14185,300.700378,0,2.878135,0.274001
14186,300.748352,0,2.864939,0.273273
14187,300.748352,0,2.864939,0.273273
14188,300.748352,0,2.864939,0.273273
14189,300.748352,0,2.864939,0.273273
14190,300.748352,0,2.864939,0.273273
14191,300.748352,0,2.864939,0.273273
14192,300.748352,0,2.864939,0.273273
14193,300.748352,0,2.864939,0.273273
14194,300.748352,0,2.864939,0.273273
14195,300.748352,0,2.864939,0.273273
14196,300.748352,0,2.864939,0.273273
14197,302.721619,0.018345,2.798088,0.269636
14198,302.721619,0.018345,2.798088,0.269636
14199,302.721619,0.018345,2.798088,0.269636
14200,302.721619,0.018345,2.798088,0.269636
14201,302.721619,0.018345,2.798088,0.269636
14202,302.721619,0.018345,2.798088,0.269636
14203,302.721619,0.018345,2.798088,0.269636
14204,302.721619,0.018345,2.798088,0.269636
14205,302.721619,0.018345,2.798088,0.269636
14206,302.764984,0.000401,2.77314,0.267948
14207,302.721619,0.018345,2.798088,0.269636
14208,302.721619,0.018345,2.798088,0.269636
14209,302.721619,0.018345,2.798088,0.269636
14210,302.721619,0.018345,2.798088,0.269636
14211,302.721619,0.018345,2.798088,0.269636
14212,302.721619,0.018345,2.798088,0.269636
14213,302.721619,0.018345,2.798088,0.269636
14214,302.721619,0.018345,2.798088,0.269636
14215,302.721619,0.018345,2.798088,0.269636
14216,302.721619,0.018345,2.798088,0.269636
14217,302.721619,0.018345,2.798088,0.269636
14218,302.721619,0.018345,2.798088,0.269636
14219,302.721619,0.018345,2.798088,0.269636
14220,302.721619,0.018345,2.798088,0.269636
14221,302.721619,0.018345,2.798088,0.269636
14222,302.721619,0.018345,2.798088,0.269636
14223,302.721619,0.018345,2.798088,0.269636
14224,302.721619,0.018345,2.798088,0.269636
14225,302.721619,0.018345,2.798088,0.269636
14226,302.721619,0.018345,2.798088,0.269636
14227,302.721619,0.018345,2.798088,0.269636
14228,302.721619,0.018345,2.798088,0.269636
14229,302.721619,0.018345,2.798088,0.269636
14230,302.721619,0.018345,2.798088,0.269636
14231,302.721619,0.018345,2.798088,0.269636
14232,302.721619,0.018345,2.798088,0.269636
14233,302.721619,0.018345,2.798088,0.269636
14234,302.721619,0.018345,2.798088,0.269636
14235,302.721619,0.018345,2.798088,0.269636
14236,302.721619,0.018345,2.798088,0.269636
14237,302.721619,0.018345,2.798088,0.269636
14238,302.934814,1.6e-05,2.754708,0.266667
14239,302.934814,1.6e-05,2.754708,0.266667
14240,302.934814,1.6e-05,2.754708,0.266667
14241,302.934814,1.6e-05,2.754708,0.266667
14242,302.934814,1.6e-05,2.754708,0.266667
14243,302.934814,1.6e-05,2.754708,0.266667
14244,302.934814,1.6e-05,2.754708,0.266667
14245,302.934814,1.6e-05,2.754708,0.266667
14246,302.934814,1.6e-05,2.754708,0.266667
14247,302.934814,1.6e-05,2.754708,0.266667
14248,302.934814,1.6e-05,2.754708,0.266667
14249,302.934814,1.6e-05,2.754708,0.266667
14250,302.934814,1.6e-05,2.754708,0.266667
14251,302.934814,1.6e-05,2.754708,0.266667
14252,302.934814,1.6e-05,2.754708,0.266667
14253,302.934814,1.6e-05,2.754708,0.266667
14254,302.934814,1.6e-05,2.754708,0.266667
14255,302.934814,1.6e-05,2.754708,0.266667
14256,302.934814,1.6e-05,2.754708,0.266667
14257,302.934814,1.6e-05,2.754708,0.266667
14258,302.934814,1.6e-05,2.754708,0.266667
14259,302.934814,1.6e-05,2.754708,0.266667
14260,302.934814,1.6e-05,2.754708,0.266667
14261,302.934814,1.6e-05,2.754708,0.266667
14262,302.934814,1.6e-05,2.754708,0.266667
14263,302.934814,1.6e-05,2.754708,0.266667
14264,302.934814,1.6e-05,2.754708,0.266667
14265,302.934814,1.6e-05,2.754708,0.266667
14266,302.934814,1.6e-05,2.754708,0.266667
14267,302.934814,1.6e-05,2.754708,0.266667
14268,302.934814,1.6e-05,2.754708,0.266667
14269,302.934814,1.6e-05,2.754708,0.266667
14270,302.934814,1.6e-05,2.754708,0.266667
14271,302.934814,1.6e-05,2.754708,0.266667
14272,302.971893,0,2.766239,0.267507
14273,302.934814,1.6e-05,2.754708,0.266667
14274,302.934814,1.6e-05,2.754708,0.266667
14275,302.934814,1.6e-05,2.754708,0.266667
14276,302.934814,1.6e-05,2.754708,0.266667
14277,302.934814,1.6e-05,2.754708,0.266667
14278,302.934814,1.6e-05,2.754708,0.266667
14279,302.934814,1.6e-05,2.754708,0.266667
14280,302.263062,0.001798,2.862984,0.274372
14281,302.263062,0.001798,2.862984,0.274372
14282,302.263062,0.001798,2.862984,0.274372
14283,302.263062,0.001798,2.862984,0.274372
14284,302.263062,0.001798,2.862984,0.274372
14285,302.263062,0.001798,2.862984,0.274372
14286,302.263062,0.001798,2.862984,0.274372
14287,302.263062,0.001798,2.862984,0.274372
14288,302.263062,0.001798,2.862984,0.274372
14289,302.263062,0.001798,2.862984,0.274372
14290,302.322205,0.000259,2.888099,0.276142
14291,302.263062,0.001798,2.862984,0.274372
14292,302.322205,0.000259,2.888099,0.276142
14293,302.263062,0.001798,2.862984,0.274372
14294,302.322205,0.000259,2.888099,0.276142
14295,302.322205,0.000259,2.888099,0.276142
14296,302.263062,0.001798,2.862984,0.274372
14297,302.263062,0.001798,2.862984,0.274372
14298,302.263062,0.001798,2.862984,0.274372
14299,302.263062,0.001798,2.862984,0.274372
14300,302.322205,0.000259,2.888099,0.276142
14301,302.322205,0.000259,2.888099,0.276142
14302,302.322205,0.000259,2.888099,0.276142
14303,302.263062,0.001798,2.862984,0.274372
14304,302.322205,0.000259,2.888099,0.276142
14305,302.263062,0.001798,2.862984,0.274372
14306,302.322205,0.000259,2.888099,0.276142
14307,302.263062,0.001798,2.862984,0.274372
14308,302.263062,0.001798,2.862984,0.274372
14309,302.263062,0.001798,2.862984,0.274372
14310,302.263062,0.001798,2.862984,0.274372
14311,302.322205,0.000259,2.888099,0.276142
14312,302.263062,0.001798,2.862984,0.274372
14313,302.263062,0.001798,2.862984,0.274372
14314,302.322205,0.000259,2.888099,0.276142
14315,302.263062,0.001798,2.862984,0.274372
14316,302.263062,0.001798,2.862984,0.274372
14317,302.322205,0.000259,2.888099,0.276142
14318,302.263062,0.001798,2.862984,0.274372
14319,302.322205,0.000259,2.888099,0.276142
14320,302.322205,0.000259,2.888099,0.276142
14321,302.263062,0.001798,2.862984,0.274372
14322,302.322205,0.000259,2.888099,0.276142
14323,302.263062,0.001798,2.862984,0.274372
14324,302.263062,0.001798,2.862984,0.274372
14325,302.263062,0.001798,2.862984,0.274372
14326,302.859283,0,2.808406,0.270967
14327,302.859283,0,2.808406,0.270967
14328,302.859283,0,2.808406,0.270967
14329,302.859283,0,2.808406,0.270967
14330,302.859283,0,2.808406,0.270967
14331,302.859283,0,2.808406,0.270967
14332,302.859283,0,2.808406,0.270967
14333,302.859283,0,2.808406,0.270967
14334,302.859283,0,2.808406,0.270967
14335,302.859283,0,2.808406,0.270967
14336,302.859283,0,2.808406,0.270967
14337,302.859283,0,2.808406,0.270967
14338,302.859283,0,2.808406,0.270967
14339,302.859283,0,2.808406,0.270967
14340,302.859283,0,2.808406,0.270967
14341,302.859283,0,2.808406,0.270967
14342,302.859283,0,2.808406,0.270967
14343,302.859283,0,2.808406,0.270967
14344,302.859283,0,2.808406,0.270967
14345,302.859283,0,2.808406,0.270967
14346,302.859283,0,2.808406,0.270967
14347,302.859283,0,2.808406,0.270967
14348,302.859283,0,2.808406,0.270967
14349,302.859283,0,2.808406,0.270967
14350,302.859283,0,2.808406,0.270967
14351,302.859283,0,2.808406,0.270967
14352,302.859283,0,2.808406,0.270967
14353,302.859283,0,2.808406,0.270967
14354,302.859283,0,2.808406,0.270967
14355,302.859283,0,2.808406,0.270967
14356,302.859283,0,2.808406,0.270967
14357,302.859283,0,2.808406,0.270967
14358,302.859283,0,2.808406,0.270967
14359,302.859283,0,2.808406,0.270967
14360,302.859283,0,2.808406,0.270967
14361,302.859283,0,2.808406,0.270967
14362,302.859283,0,2.808406,0.270967
14363,302.859283,0,2.808406,0.270967
14364,302.859283,0,2.808406,0.270967
14365,302.859283,0,2.808406,0.270967
14366,302.859283,0,2.808406,0.270967
14367,302.909912,0,2.782183,0.268852
14368,302.859283,0,2.808406,0.270967
14369,302.909912,0,2.782183,0.268852
14370,302.859283,0,2.808406,0.270967
14371,302.931061,0.001963,2.816739,0.270658
14372,302.931061,0.001963,2.816739,0.270658
14373,302.931061,0.001963,2.816739,0.270658
14374,302.931061,0.001963,2.816739,0.270658
14375,302.931061,0.001963,2.816739,0.270658
14376,302.931061,0.001963,2.816739,0.270658
14377,302.931061,0.001963,2.816739,0.270658
14378,302.931061,0.001963,2.816739,0.270658
14379,302.931061,0.001963,2.816739,0.270658
14380,302.931061,0.001963,2.816739,0.270658
14381,302.931061,0.001963,2.816739,0.270658
14382,302.931061,0.001963,2.816739,0.270658
14383,302.931061,0.001963,2.816739,0.270658
14384,302.931061,0.001963,2.816739,0.270658
14385,302.931061,0.001963,2.816739,0.270658
14386,302.931061,0.001963,2.816739,0.270658
14387,302.931061,0.001963,2.816739,0.270658
14388,302.931061,0.001963,2.816739,0.270658
14389,302.931061,0.001963,2.816739,0.270658
14390,302.931061,0.001963,2.816739,0.270658
14391,302.931061,0.001963,2.816739,0.270658
14392,302.933472,1e-06,2.813274,0.270482
14393,302.931061,0.001963,2.816739,0.270658
14394,302.931061,0.001963,2.816739,0.270658
14395,302.931061,0.001963,2.816739,0.270658
14396,302.931061,0.001963,2.816739,0.270658
14397,302.931061,0.001963,2.816739,0.270658
14398,302.931061,0.001963,2.816739,0.270658
14399,302.931061,0.001963,2.816739,0.270658
14400,302.931061,0.001963,2.816739,0.270658
14401,302.931061,0.001963,2.816739,0.270658
14402,302.931061,0.001963,2.816739,0.270658
14403,302.931061,0.001963,2.816739,0.270658
14404,302.931061,0.001963,2.816739,0.270658
14405,302.931061,0.001963,2.816739,0.270658
14406,302.931061,0.001963,2.816739,0.270658
14407,302.931061,0.001963,2.816739,0.270658
14408,302.931061,0.001963,2.816739,0.270658
14409,302.931061,0.001963,2.816739,0.270658
14410,302.931061,0.001963,2.816739,0.270658
14411,302.931061,0.001963,2.816739,0.270658
14412,302.931061,0.001963,2.816739,0.270658
14413,302.931061,0.001963,2.816739,0.270658
14414,302.610718,0.094954,3.040591,0.286183
14415,302.610718,0.094954,3.040591,0.286183
14416,302.684326,0.061186,3.004472,0.283607
14417,302.610718,0.094954,3.040591,0.286183
14418,302.684326,0.061186,3.004472,0.283607
14419,302.610718,0.094954,3.040591,0.286183
14420,302.610718,0.094954,3.040591,0.286183
14421,302.610718,0.094954,3.040591,0.286183
14422,302.684326,0.061186,3.004472,0.283607
14423,302.610718,0.094954,3.040591,0.286183
14424,302.684326,0.061186,3.004472,0.283607
14425,302.610718,0.094954,3.040591,0.286183
14426,302.684326,0.061186,3.004472,0.283607
14427,302.684326,0.061186,3.004472,0.283607
14428,302.610718,0.094954,3.040591,0.286183
14429,302.610718,0.094954,3.040591,0.286183
14430,302.610718,0.094954,3.040591,0.286183
14431,302.610718,0.094954,3.040591,0.286183
14432,302.684326,0.061186,3.004472,0.283607
14433,302.610718,0.094954,3.040591,0.286183
14434,302.610718,0.094954,3.040591,0.286183
14435,302.610718,0.094954,3.040591,0.286183
14436,302.610718,0.094954,3.040591,0.286183
14437,302.610718,0.094954,3.040591,0.286183
14438,302.610718,0.094954,3.040591,0.286183
14439,302.610718,0.094954,3.040591,0.286183
14440,302.610718,0.094954,3.040591,0.286183
14441,302.610718,0.094954,3.040591,0.286183
14442,302.684326,0.061186,3.004472,0.283607
14443,302.610718,0.094954,3.040591,0.286183
14444,302.610718,0.094954,3.040591,0.286183
14445,302.610718,0.094954,3.040591,0.286183
14446,302.610718,0.094954,3.040591,0.286183
14447,302.610718,0.094954,3.040591,0.286183
14448,302.610718,0.094954,3.040591,0.286183
14449,302.684326,0.061186,3.004472,0.283607
14450,302.610718,0.094954,3.040591,0.286183
14451,302.610718,0.094954,3.040591,0.286183
14452,302.610718,0.094954,3.040591,0.286183
14453,302.610718,0.094954,3.040591,0.286183
14454,302.610718,0.094954,3.040591,0.286183
14455,302.610718,0.094954,3.040591,0.286183
14456,302.541656,0,3.168899,0.293853
14457,302.537292,5e-06,3.145414,0.292469
14458,302.541656,0,3.168899,0.293853
14459,302.537292,5e-06,3.145414,0.292469
14460,302.541656,0,3.168899,0.293853
14461,302.537292,5e-06,3.145414,0.292469
14462,302.537292,5e-06,3.145414,0.292469
14463,302.541656,0,3.168899,0.293853
14464,302.541656,0,3.168899,0.293853
14465,302.537292,5e-06,3.145414,0.292469
14466,302.537292,5e-06,3.145414,0.292469
14467,302.541656,0,3.168899,0.293853
14468,302.541656,0,3.168899,0.293853
14469,302.541656,0,3.168899,0.293853
14470,302.537292,5e-06,3.145414,0.292469
14471,302.537292,5e-06,3.145414,0.292469
14472,302.541656,0,3.168899,0.293853
14473,302.541656,0,3.168899,0.293853
14474,302.541656,0,3.168899,0.293853
14475,302.537292,5e-06,3.145414,0.292469
14476,302.541656,0,3.168899,0.293853
14477,302.537292,5e-06,3.145414,0.292469
14478,302.541656,0,3.168899,0.293853
14479,302.541656,0,3.168899,0.293853
14480,302.537292,5e-06,3.145414,0.292469
14481,302.537292,5e-06,3.145414,0.292469
14482,302.537292,5e-06,3.145414,0.292469
14483,302.541656,0,3.168899,0.293853
14484,302.537292,5e-06,3.145414,0.292469
14485,302.541656,0,3.168899,0.293853
14486,302.541656,0,3.168899,0.293853
14487,302.537292,5e-06,3.145414,0.292469
14488,302.541656,0,3.168899,0.293853
14489,302.541656,0,3.168899,0.293853
14490,302.541656,0,3.168899,0.293853
14491,302.541656,0,3.168899,0.293853
14492,302.537292,5e-06,3.145414,0.292469
14493,302.541656,0,3.168899,0.293853
14494,302.537292,5e-06,3.145414,0.292469
14495,302.541656,0,3.168899,0.293853
14496,302.541656,0,3.168899,0.293853
14497,302.537292,5e-06,3.145414,0.292469
14498,302.541656,0,3.168899,0.293853
14499,302.537292,5e-06,3.145414,0.292469
14500,302.541656,0,3.168899,0.293853
14501,302.541656,0,3.168899,0.293853
14502,302.541656,0,3.168899,0.293853
14503,302.541656,0,3.168899,0.293853
14504,302.541656,0,3.168899,0.293853
14505,302.537292,5e-06,3.145414,0.292469
14506,302.449066,0,3.069477,0.285529
14507,302.449066,0,3.069477,0.285529
14508,302.449066,0,3.069477,0.285529
14509,302.449066,0,3.069477,0.285529
14510,302.449066,0,3.069477,0.285529
14511,302.449066,0,3.069477,0.285529
14512,302.449066,0,3.069477,0.285529
14513,302.449066,0,3.069477,0.285529
14514,302.449066,0,3.069477,0.285529
14515,302.449066,0,3.069477,0.285529
14516,302.449066,0,3.069477,0.285529
14517,302.449066,0,3.069477,0.285529
14518,302.449066,0,3.069477,0.285529
14519,302.449066,0,3.069477,0.285529
14520,302.449066,0,3.069477,0.285529
14521,302.449066,0,3.069477,0.285529
14522,302.449066,0,3.069477,0.285529
14523,302.449066,0,3.069477,0.285529
14524,302.449066,0,3.069477,0.285529
14525,302.449066,0,3.069477,0.285529
14526,302.449066,0,3.069477,0.285529
14527,302.449066,0,3.069477,0.285529
14528,302.449066,0,3.069477,0.285529
14529,302.449066,0,3.069477,0.285529
14530,302.449066,0,3.069477,0.285529
14531,302.449066,0,3.069477,0.285529
14532,302.449066,0,3.069477,0.285529
14533,302.449066,0,3.069477,0.285529
14534,302.449066,0,3.069477,0.285529
14535,302.449066,0,3.069477,0.285529
14536,302.449066,0,3.069477,0.285529
14537,302.449066,0,3.069477,0.285529
14538,302.449066,0,3.069477,0.285529
14539,302.449066,0,3.069477,0.285529
14540,302.449066,0,3.069477,0.285529
14541,302.449066,0,3.069477,0.285529
14542,302.449066,0,3.069477,0.285529
14543,302.449066,0,3.069477,0.285529
14544,302.449066,0,3.069477,0.285529
14545,302.449066,0,3.069477,0.285529
14546,302.449066,0,3.069477,0.285529
14547,302.449066,0,3.069477,0.285529
14548,302.449066,0,3.069477,0.285529
14549,302.449066,0,3.069477,0.285529
14550,302.479736,0,3.06714,0.285293
14551,302.479736,0,3.06714,0.285293
14552,302.479736,0,3.06714,0.285293
14553,302.479736,0,3.06714,0.285293
14554,302.479736,0,3.06714,0.285293
14555,302.449066,0,3.069477,0.285529
14556,302.479736,0,3.06714,0.285293
14557,302.479736,0,3.06714,0.285293
14558,302.479736,0,3.06714,0.285293
14559,302.479736,0,3.06714,0.285293
14560,302.479736,0,3.06714,0.285293
14561,302.479736,0,3.06714,0.285293
14562,302.479736,0,3.06714,0.285293
14563,302.479736,0,3.06714,0.285293
14564,302.479736,0,3.06714,0.285293
14565,302.479736,0,3.06714,0.285293
14566,302.479736,0,3.06714,0.285293
14567,302.479736,0,3.06714,0.285293
14568,302.479736,0,3.06714,0.285293
14569,302.479736,0,3.06714,0.285293
14570,302.479736,0,3.06714,0.285293
14571,302.479736,0,3.06714,0.285293
14572,302.479736,0,3.06714,0.285293
14573,302.479736,0,3.06714,0.285293
14574,302.479736,0,3.06714,0.285293
14575,302.479736,0,3.06714,0.285293
14576,302.479736,0,3.06714,0.285293
14577,302.479736,0,3.06714,0.285293
14578,302.479736,0,3.06714,0.285293
14579,302.479736,0,3.06714,0.285293
14580,302.479736,0,3.06714,0.285293
14581,302.479736,0,3.06714,0.285293
14582,302.479736,0,3.06714,0.285293
14583,302.479736,0,3.06714,0.285293
14584,302.479736,0,3.06714,0.285293
14585,302.479736,0,3.06714,0.285293
14586,302.479736,0,3.06714,0.285293
14587,302.483429,0,3.069388,0.285507
14588,302.483429,0,3.069388,0.285507
14589,302.483429,0,3.069388,0.285507
14590,302.483429,0,3.069388,0.285507
14591,302.483429,0,3.069388,0.285507
14592,302.483429,0,3.069388,0.285507
14593,302.483429,0,3.069388,0.285507
14594,302.483429,0,3.069388,0.285507
14595,302.483429,0,3.069388,0.285507
14596,302.615662,0.338261,3.054263,0.284235
14597,302.615662,0.338261,3.054263,0.284235
14598,302.615662,0.338261,3.054263,0.284235
14599,302.615662,0.338261,3.054263,0.284235
14600,302.615662,0.338261,3.054263,0.284235
14601,302.615662,0.338261,3.054263,0.284235
14602,302.717987,0.077859,3.066703,0.285336
14603,302.615662,0.338261,3.054263,0.284235
14604,302.615662,0.338261,3.054263,0.284235
14605,302.615662,0.338261,3.054263,0.284235
14606,302.717987,0.077859,3.066703,0.285336
14607,302.615662,0.338261,3.054263,0.284235
14608,302.615662,0.338261,3.054263,0.284235
14609,302.615662,0.338261,3.054263,0.284235
14610,302.615662,0.338261,3.054263,0.284235
14611,302.615662,0.338261,3.054263,0.284235
14612,302.615662,0.338261,3.054263,0.284235
14613,302.717987,0.077859,3.066703,0.285336
14614,302.615662,0.338261,3.054263,0.284235
14615,302.615662,0.338261,3.054263,0.284235
14616,302.615662,0.338261,3.054263,0.284235
14617,302.615662,0.338261,3.054263,0.284235
14618,302.615662,0.338261,3.054263,0.284235
14619,302.717987,0.077859,3.066703,0.285336
14620,302.615662,0.338261,3.054263,0.284235
14621,302.615662,0.338261,3.054263,0.284235
14622,302.615662,0.338261,3.054263,0.284235
14623,302.717987,0.077859,3.066703,0.285336
14624,302.615662,0.338261,3.054263,0.284235
14625,302.717987,0.077859,3.066703,0.285336
14626,302.717987,0.077859,3.066703,0.285336
14627,302.615662,0.338261,3.054263,0.284235
14628,302.615662,0.338261,3.054263,0.284235
14629,302.717987,0.077859,3.066703,0.285336
14630,302.615662,0.338261,3.054263,0.284235
14631,302.615662,0.338261,3.054263,0.284235
14632,302.717987,0.077859,3.066703,0.285336
14633,302.615662,0.338261,3.054263,0.284235
14634,302.717987,0.077859,3.066703,0.285336
14635,302.717987,0.077859,3.066703,0.285336
14636,302.717987,0.077859,3.066703,0.285336
14637,302.615662,0.338261,3.054263,0.284235
14638,302.717987,0.077859,3.066703,0.285336
14639,302.717987,0.077859,3.066703,0.285336
14640,302.615662,0.338261,3.054263,0.284235
14641,302.717987,0.077859,3.066703,0.285336
14642,302.615662,0.338261,3.054263,0.284235
14643,302.717987,0.077859,3.066703,0.285336
14644,302.717987,0.077859,3.066703,0.285336
14645,307.86322,0,4.103149,0.366241
14646,304.017426,0.370614,2.787037,0.263689
14647,304.017426,0.370614,2.787037,0.263689
14648,304.017426,0.370614,2.787037,0.263689
14649,304.017426,0.370614,2.787037,0.263689
14650,304.017426,0.370614,2.787037,0.263689
14651,304.017426,0.370614,2.787037,0.263689
14652,304.017426,0.370614,2.787037,0.263689
14653,304.017426,0.370614,2.787037,0.263689
14654,304.017426,0.370614,2.787037,0.263689
14655,304.017426,0.370614,2.787037,0.263689
14656,304.017426,0.370614,2.787037,0.263689
14657,304.017426,0.370614,2.787037,0.263689
14658,304.017426,0.370614,2.787037,0.263689
14659,304.017426,0.370614,2.787037,0.263689
14660,304.017426,0.370614,2.787037,0.263689
14661,304.017426,0.370614,2.787037,0.263689
14662,304.017426,0.370614,2.787037,0.263689
14663,304.017426,0.370614,2.787037,0.263689
14664,304.017426,0.370614,2.787037,0.263689
14665,304.017426,0.370614,2.787037,0.263689
14666,304.017426,0.370614,2.787037,0.263689
14667,304.017426,0.370614,2.787037,0.263689
14668,304.017426,0.370614,2.787037,0.263689
14669,304.017426,0.370614,2.787037,0.263689
14670,304.031799,0.021259,2.782943,0.263656
14671,304.017426,0.370614,2.787037,0.263689
14672,304.017426,0.370614,2.787037,0.263689
14673,304.017426,0.370614,2.787037,0.263689
14674,304.017426,0.370614,2.787037,0.263689
14675,304.031799,0.021259,2.782943,0.263656
14676,304.017426,0.370614,2.787037,0.263689
14677,304.017426,0.370614,2.787037,0.263689
14678,304.017426,0.370614,2.787037,0.263689
14679,304.031799,0.021259,2.782943,0.263656
14680,304.017426,0.370614,2.787037,0.263689
14681,304.031799,0.021259,2.782943,0.263656
14682,304.017426,0.370614,2.787037,0.263689
14683,304.017426,0.370614,2.787037,0.263689
14684,304.017426,0.370614,2.787037,0.263689
14685,303.601654,4e-06,2.868326,0.271533
14686,304.031799,0.021259,2.782943,0.263656
14687,303.601654,4e-06,2.868326,0.271533
14688,304.017426,0.370614,2.787037,0.263689
14689,303.601654,4e-06,2.868326,0.271533
14690,304.031799,0.021259,2.782943,0.263656
14691,303.601654,4e-06,2.868326,0.271533
14692,303.601654,4e-06,2.868326,0.271533
14693,303.601654,4e-06,2.868326,0.271533
14694,303.601654,4e-06,2.868326,0.271533
14695,303.601654,4e-06,2.868326,0.271533
14696,288.44928,0,1.312181,0.180086
14697,288.44928,0,1.312181,0.180086
14698,288.397156,0,1.300268,0.179514
14699,288.397156,0,1.300268,0.179514
14700,288.397156,0,1.300268,0.179514
14701,288.397156,0,1.300268,0.179514
14702,288.397156,0,1.300268,0.179514
14703,288.44928,0,1.312181,0.180086
14704,288.397156,0,1.300268,0.179514
14705,288.397156,0,1.300268,0.179514
14706,288.397156,0,1.300268,0.179514
14707,288.296936,0,1.331148,0.181962
14708,288.314453,0,1.333454,0.182374
14709,288.314453,0,1.333454,0.182374
14710,288.296936,0,1.331148,0.181962
14711,288.314453,0,1.333454,0.182374
14712,288.314453,0,1.333454,0.182374
14713,288.296936,0,1.331148,0.181962
14714,288.296936,0,1.331148,0.181962
14715,288.296936,0,1.331148,0.181962
14716,288.314453,0,1.333454,0.182374
14717,288.314453,0,1.333454,0.182374
14718,288.296936,0,1.331148,0.181962
14719,288.535309,1e-06,1.29695,0.178697
14720,288.535309,1e-06,1.29695,0.178697
14721,288.397156,0,1.300268,0.179514
14722,288.397156,0,1.300268,0.179514
14723,288.397156,0,1.300268,0.179514
14724,288.397156,0,1.300268,0.179514
14725,288.397156,0,1.300268,0.179514
14726,288.397156,0,1.300268,0.179514
14727,288.397156,0,1.300268,0.179514
14728,288.397156,0,1.300268,0.179514
14729,288.397156,0,1.300268,0.179514
14730,288.397156,0,1.300268,0.179514
14731,288.397156,0,1.300268,0.179514
14732,288.44928,0,1.312181,0.180086
14733,288.44928,0,1.312181,0.180086
14734,288.44928,0,1.312181,0.180086
14735,288.44928,0,1.312181,0.180086
14736,288.44928,0,1.312181,0.180086
14737,288.44928,0,1.312181,0.180086
14738,288.296936,0,1.331148,0.181962
14739,288.296936,0,1.331148,0.181962
14740,288.296936,0,1.331148,0.181962
14741,288.296936,0,1.331148,0.181962
14742,288.296936,0,1.331148,0.181962
14743,288.535309,1e-06,1.29695,0.178697
14744,288.535309,1e-06,1.29695,0.178697
14745,288.44928,0,1.312181,0.180086
14746,288.44928,0,1.312181,0.180086
14747,288.397156,0,1.300268,0.179514
14748,288.397156,0,1.300268,0.179514
14749,288.44928,0,1.312181,0.180086
14750,288.44928,0,1.312181,0.180086
14751,288.314453,0,1.333454,0.182374
14752,288.285889,0,1.321271,0.181246
14753,288.25946,0,1.355133,0.183988
14754,289.804108,0,1.306102,0.182055
14755,288.120026,4e-06,1.373799,0.186065
14756,288.285889,0,1.321271,0.181246
14757,288.296936,0,1.331148,0.181962
14758,288.296936,0,1.331148,0.181962
14759,288.259399,0,1.369606,0.185277
14760,288.25946,0,1.355133,0.183988
14761,288.259399,0,1.369606,0.185277
14762,288.314453,0,1.333454,0.182374
14763,288.314453,0,1.333454,0.182374
14764,288.296936,0,1.331148,0.181962
14765,288.314453,0,1.333454,0.182374
14766,288.259399,0,1.369606,0.185277
14767,288.259399,0,1.369606,0.185277
14768,288.296936,0,1.331148,0.181962
14769,288.296936,0,1.331148,0.181962
14770,288.296936,0,1.331148,0.181962
14771,288.156799,0,1.352939,0.184276
14772,288.25946,0,1.355133,0.183988
14773,288.25946,0,1.355133,0.183988
14774,288.120026,4e-06,1.373799,0.186065
14775,288.296936,0,1.331148,0.181962
14776,288.296936,0,1.331148,0.181962
14777,288.296936,0,1.331148,0.181962
14778,288.259399,0,1.369606,0.185277
14779,288.25946,0,1.355133,0.183988
14780,288.25946,0,1.355133,0.183988
14781,288.229065,2e-06,1.374204,0.185722
14782,288.296936,0,1.331148,0.181962
14783,288.314453,0,1.333454,0.182374
14784,288.296936,0,1.331148,0.181962
14785,288.296936,0,1.331148,0.181962
14786,288.314453,0,1.333454,0.182374
14787,288.259399,0,1.369606,0.185277
14788,288.259399,0,1.369606,0.185277
14789,288.229065,2e-06,1.374204,0.185722
14790,288.25946,0,1.355133,0.183988
14791,288.156799,0,1.352939,0.184276
14792,288.25946,0,1.355133,0.183988
14793,288.296936,0,1.331148,0.181962
14794,288.296936,0,1.331148,0.181962
14795,288.296936,0,1.331148,0.181962
14796,288.229065,2e-06,1.374204,0.185722
14797,288.25946,0,1.355133,0.183988
14798,288.314453,0,1.333454,0.182374
14799,288.296936,0,1.331148,0.181962
14800,288.314453,0,1.333454,0.182374
14801,288.259399,0,1.369606,0.185277
14802,288.259399,0,1.369606,0.185277
14803,288.60495,0,1.369308,0.18467
14804,288.60495,0,1.369308,0.18467
14805,288.60495,0,1.369308,0.18467
14806,288.60495,0,1.369308,0.18467
14807,288.601776,0,1.357458,0.183808
14808,288.601776,0,1.357458,0.183808
14809,288.601776,0,1.357458,0.183808
14810,288.468231,0,1.318935,0.181033
14811,288.60495,0,1.369308,0.18467
14812,288.60495,0,1.369308,0.18467
14813,288.468231,0,1.318935,0.181033
14814,288.412842,0,1.348638,0.183079
14815,288.412842,0,1.348638,0.183079
14816,288.625793,0,1.429597,0.189129
14817,288.625793,0,1.429597,0.189129
14818,288.625793,0,1.429597,0.189129
14819,288.625793,0,1.429597,0.189129
14820,288.659973,0,1.405143,0.187508
14821,288.625793,0,1.429597,0.189129
14822,288.625793,0,1.429597,0.189129
14823,288.625793,0,1.429597,0.189129
14824,288.526215,0,1.425769,0.18904
14825,288.526215,0,1.425769,0.18904
14826,288.585083,0,1.444982,0.19044
14827,288.625793,0,1.429597,0.189129
14828,288.355469,0,1.454245,0.191123
14829,288.224609,0.015438,1.495399,0.194172
14830,288.224609,0.015438,1.495399,0.194172
14831,288.224609,0.015438,1.495399,0.194172
14832,288.73053,0.003194,1.432961,0.189555
14833,288.355469,0,1.454245,0.191123
14834,288.414551,0,1.45618,0.191419
14835,288.414551,0,1.45618,0.191419
14836,288.414551,0,1.45618,0.191419
14837,288.350952,0.012061,1.49342,0.193857
14838,288.350952,0.012061,1.49342,0.193857
14839,288.414551,0,1.45618,0.191419
14840,288.555328,1e-06,1.46702,0.191888
14841,288.414551,0,1.45618,0.191419
14842,288.414551,0,1.45618,0.191419
14843,288.548706,2.4e-05,1.446811,0.190637
14844,288.350952,0.012061,1.49342,0.193857
14845,288.350952,0.012061,1.49342,0.193857
14846,288.224609,0.015438,1.495399,0.194172
14847,288.224609,0.015438,1.495399,0.194172
14848,288.73053,0.003194,1.432961,0.189555
14849,288.73053,0.003194,1.432961,0.189555
14850,288.229675,0.008318,1.53321,0.196756
14851,288.350952,0.012061,1.49342,0.193857
14852,288.350952,0.012061,1.49342,0.193857
14853,288.350952,0.012061,1.49342,0.193857
14854,288.350952,0.012061,1.49342,0.193857
14855,288.350952,0.012061,1.49342,0.193857
14856,288.224609,0.015438,1.495399,0.194172
14857,288.224609,0.015438,1.495399,0.194172
14858,288.414551,0,1.45618,0.191419
14859,288.555328,1e-06,1.46702,0.191888
14860,288.414551,0,1.45618,0.191419
14861,288.434448,0,1.518077,0.195433
14862,288.42276,0,1.496877,0.194164
14863,288.350952,0.012061,1.49342,0.193857
14864,288.42276,0,1.496877,0.194164
14865,288.224609,0.015438,1.495399,0.194172
14866,288.73053,0.003194,1.432961,0.189555
14867,288.350952,0.012061,1.49342,0.193857
14868,288.350952,0.012061,1.49342,0.193857
14869,288.224609,0.015438,1.495399,0.194172
14870,288.555328,1e-06,1.46702,0.191888
14871,288.414551,0,1.45618,0.191419
14872,288.42276,0,1.496877,0.194164
14873,288.350952,0.012061,1.49342,0.193857
14874,288.42276,0,1.496877,0.194164
14875,288.41684,0.017165,1.542917,0.197141
14876,288.41684,0.017165,1.542917,0.197141
14877,288.41684,0.017165,1.542917,0.197141
14878,288.41684,0.017165,1.542917,0.197141
14879,288.41684,0.017165,1.542917,0.197141
14880,288.374969,0,1.524763,0.196002
14881,288.374969,0,1.524763,0.196002
14882,288.434448,0,1.518077,0.195433
14883,288.393951,2e-05,1.561813,0.1984
14884,288.41684,0.017165,1.542917,0.197141
14885,288.41684,0.017165,1.542917,0.197141
14886,288.345032,0,1.546416,0.197504
14887,288.393951,2e-05,1.561813,0.1984
14888,287.501556,0,1.845463,0.214703
14889,287.378113,0,1.868401,0.216552
14890,288.142426,0,1.8706,0.216082
14891,287.378113,0,1.868401,0.216552
14892,287.39798,0,1.866748,0.215162
14893,287.464844,0.001109,1.860963,0.215459
14894,287.464844,0.001109,1.860963,0.215459
14895,287.464844,0.001109,1.860963,0.215459
14896,287.557495,1.2e-05,1.839078,0.21352
14897,287.39798,0,1.866748,0.215162
14898,287.39798,0,1.866748,0.215162
14899,287.378113,0,1.868401,0.216552
14900,287.39798,0,1.866748,0.215162
14901,287.39798,0,1.866748,0.215162
14902,287.350555,0,1.864267,0.214518
14903,287.459991,0,1.835191,0.214916
14904,287.459991,0,1.835191,0.214916
14905,287.464844,0.001109,1.860963,0.215459
14906,289.707672,0,1.82785,0.213423
14907,288.142426,0,1.8706,0.216082
14908,289.707672,0,1.82785,0.213423
14909,287.464844,0.001109,1.860963,0.215459
14910,287.464844,0.001109,1.860963,0.215459
14911,287.464844,0.001109,1.860963,0.215459
14912,287.464844,0.001109,1.860963,0.215459
14913,287.464844,0.001109,1.860963,0.215459
14914,287.39798,0,1.866748,0.215162
14915,287.39798,0,1.866748,0.215162
14916,287.39798,0,1.866748,0.215162
14917,287.39798,0,1.866748,0.215162
14918,287.39798,0,1.866748,0.215162
14919,287.350555,0,1.864267,0.214518
14920,287.459991,0,1.835191,0.214916
14921,287.464844,0.001109,1.860963,0.215459
14922,287.557495,1.2e-05,1.839078,0.21352
14923,287.378113,0,1.868401,0.216552
14924,288.142426,0,1.8706,0.216082
14925,287.464844,0.001109,1.860963,0.215459
14926,287.464844,0.001109,1.860963,0.215459
14927,287.557495,1.2e-05,1.839078,0.21352
14928,287.557495,1.2e-05,1.839078,0.21352
14929,287.39798,0,1.866748,0.215162
14930,287.464844,0.001109,1.860963,0.215459
14931,287.464844,0.001109,1.860963,0.215459
14932,287.557495,1.2e-05,1.839078,0.21352
14933,287.557495,1.2e-05,1.839078,0.21352
14934,287.441406,0,1.852298,0.212502
14935,287.441406,0,1.852298,0.212502
14936,287.334198,0,1.867739,0.214402
14937,287.334198,0,1.867739,0.214402
14938,287.360992,0,1.864647,0.214007
14939,287.360992,0,1.864647,0.214007
14940,287.360992,0,1.864647,0.214007
14941,287.360992,0,1.864647,0.214007
14942,287.360992,0,1.864647,0.214007
14943,287.360992,0,1.864647,0.214007
14944,287.360992,0,1.864647,0.214007
14945,287.360992,0,1.864647,0.214007
14946,287.421692,0,1.851352,0.213294
14947,287.334198,0,1.867739,0.214402
14948,287.334198,0,1.867739,0.214402
14949,287.505463,0,1.840583,0.212709
14950,287.505463,0,1.840583,0.212709
14951,287.505463,0,1.840583,0.212709
14952,287.505463,0,1.840583,0.212709
14953,287.505463,0,1.840583,0.212709
14954,287.421692,0,1.851352,0.213294
14955,287.334198,0,1.867739,0.214402
14956,287.399231,0,1.852986,0.213116
14957,287.440094,0,1.849305,0.213009
14958,287.360992,0,1.864647,0.214007
14959,287.360992,0,1.864647,0.214007
14960,287.360992,0,1.864647,0.214007
14961,287.360992,0,1.864647,0.214007
14962,287.360992,0,1.864647,0.214007
14963,287.360992,0,1.864647,0.214007
14964,287.360992,0,1.864647,0.214007
14965,287.360992,0,1.864647,0.214007
14966,287.360992,0,1.864647,0.214007
14967,287.421692,0,1.851352,0.213294
14968,287.421692,0,1.851352,0.213294
14969,287.334198,0,1.867739,0.214402
14970,287.334198,0,1.867739,0.214402
14971,287.334198,0,1.867739,0.214402
14972,287.334198,0,1.867739,0.214402
14973,287.505463,0,1.840583,0.212709
14974,287.421692,0,1.851352,0.213294
14975,287.421692,0,1.851352,0.213294
14976,287.421692,0,1.851352,0.213294
14977,287.334198,0,1.867739,0.214402
14978,287.346039,0,1.865925,0.213909
14979,287.346039,0,1.865925,0.213909
14980,287.346039,0,1.865925,0.213909
14981,287.346039,0,1.865925,0.213909
14982,287.360992,0,1.864647,0.214007
14983,287.360992,0,1.864647,0.214007
14984,287.360992,0,1.864647,0.214007
14985,287.360992,0,1.864647,0.214007
14986,287.421692,0,1.851352,0.213294
14987,287.421692,0,1.851352,0.213294
14988,287.160126,1e-06,1.886882,0.214881
14989,287.252228,0,1.873421,0.213304
14990,287.252228,0,1.873421,0.213304
14991,287.252228,0,1.873421,0.213304
14992,287.252228,0,1.873421,0.213304
14993,287.252228,0,1.873421,0.213304
14994,287.160126,1e-06,1.886882,0.214881
14995,287.160126,1e-06,1.886882,0.214881
14996,287.160126,1e-06,1.886882,0.214881
14997,287.309326,0,1.864776,0.212382
14998,287.309326,0,1.864776,0.212382
14999,287.309326,0,1.864776,0.212382
15000,287.309326,0,1.864776,0.212382
15001,287.309326,0,1.864776,0.212382
15002,287.309326,0,1.864776,0.212382
15003,287.309326,0,1.864776,0.212382
15004,287.258881,0,1.872788,0.212983
15005,287.258881,0,1.872788,0.212983
15006,287.258881,0,1.872788,0.212983
15007,287.160126,1e-06,1.886882,0.214881
15008,287.252228,0,1.873421,0.213304
15009,287.252228,0,1.873421,0.213304
15010,287.258881,0,1.872788,0.212983
15011,287.252228,0,1.873421,0.213304
15012,287.252228,0,1.873421,0.213304
15013,287.160126,1e-06,1.886882,0.214881
15014,288.168549,0,1.889816,0.215639
15015,287.55954,0,1.882889,0.214891
15016,287.309326,0,1.864776,0.212382
15017,287.309326,0,1.864776,0.212382
15018,287.258881,0,1.872788,0.212983
15019,287.252228,0,1.873421,0.213304
15020,287.258881,0,1.872788,0.212983
15021,287.258881,0,1.872788,0.212983
15022,287.252228,0,1.873421,0.213304
15023,287.252228,0,1.873421,0.213304
15024,287.252228,0,1.873421,0.213304
15025,287.160126,1e-06,1.886882,0.214881
15026,287.160126,1e-06,1.886882,0.214881
15027,287.160126,1e-06,1.886882,0.214881
15028,287.160126,1e-06,1.886882,0.214881
15029,287.309326,0,1.864776,0.212382
15030,287.309326,0,1.864776,0.212382
15031,287.309326,0,1.864776,0.212382
15032,287.160126,1e-06,1.886882,0.214881
15033,287.160126,1e-06,1.886882,0.214881
15034,295.337677,1.728952,1.55628,0.189936
15035,295.337677,1.728952,1.55628,0.189936
15036,295.337677,1.728952,1.55628,0.189936
15037,295.337677,1.728952,1.55628,0.189936
15038,294.578857,0.19292,1.576842,0.192934
15039,294.578857,0.19292,1.576842,0.192934
15040,294.578857,0.19292,1.576842,0.192934
15041,294.578857,0.19292,1.576842,0.192934
15042,294.578857,0.19292,1.576842,0.192934
15043,294.578857,0.19292,1.576842,0.192934
15044,294.578857,0.19292,1.576842,0.192934
15045,294.578857,0.19292,1.576842,0.192934
15046,294.578857,0.19292,1.576842,0.192934
15047,294.578857,0.19292,1.576842,0.192934
15048,294.403137,0.185792,1.593441,0.193998
15049,294.403137,0.185792,1.593441,0.193998
15050,294.403137,0.185792,1.593441,0.193998
15051,294.403137,0.185792,1.593441,0.193998
15052,294.403137,0.185792,1.593441,0.193998
15053,294.403137,0.185792,1.593441,0.193998
15054,294.403137,0.185792,1.593441,0.193998
15055,294.403137,0.185792,1.593441,0.193998
15056,294.403137,0.185792,1.593441,0.193998
15057,293.806976,1.826643,1.662832,0.199893
15058,293.806976,1.826643,1.662832,0.199893
15059,294.125305,0.023659,1.570083,0.193182
15060,293.890869,0.021959,1.58918,0.194866
15061,293.890869,0.021959,1.58918,0.194866
15062,293.890869,0.021959,1.58918,0.194866
15063,293.890869,0.021959,1.58918,0.194866
15064,293.890869,0.021959,1.58918,0.194866
15065,293.890869,0.021959,1.58918,0.194866
15066,293.890869,0.021959,1.58918,0.194866
15067,293.890869,0.021959,1.58918,0.194866
15068,293.890869,0.021959,1.58918,0.194866
15069,293.647003,0.000469,1.582927,0.194895
15070,293.647003,0.000469,1.582927,0.194895
15071,293.647003,0.000469,1.582927,0.194895
15072,293.647003,0.000469,1.582927,0.194895
15073,293.647003,0.000469,1.582927,0.194895
15074,293.647003,0.000469,1.582927,0.194895
15075,293.647003,0.000469,1.582927,0.194895
15076,293.647003,0.000469,1.582927,0.194895
15077,293.647003,0.000469,1.582927,0.194895
15078,293.647003,0.000469,1.582927,0.194895
15079,293.647003,0.000469,1.582927,0.194895
15080,293.647003,0.000469,1.582927,0.194895
15081,293.647003,0.000469,1.582927,0.194895
15082,293.647003,0.000469,1.582927,0.194895
15083,293.647003,0.000469,1.582927,0.194895
15084,293.647003,0.000469,1.582927,0.194895
15085,293.647003,0.000469,1.582927,0.194895
15086,293.647003,0.000469,1.582927,0.194895
15087,293.647003,0.000469,1.582927,0.194895
15088,293.461304,0.105668,1.599566,0.196525
15089,293.461304,0.105668,1.599566,0.196525
15090,293.461304,0.105668,1.599566,0.196525
15091,293.461304,0.105668,1.599566,0.196525
15092,293.461304,0.105668,1.599566,0.196525
15093,293.461304,0.105668,1.599566,0.196525
15094,293.461304,0.105668,1.599566,0.196525
15095,293.461304,0.105668,1.599566,0.196525
15096,293.461304,0.105668,1.599566,0.196525
15097,293.461304,0.105668,1.599566,0.196525
15098,293.461304,0.105668,1.599566,0.196525
15099,293.461304,0.105668,1.599566,0.196525
15100,293.461304,0.105668,1.599566,0.196525
15101,293.461304,0.105668,1.599566,0.196525
15102,293.461304,0.105668,1.599566,0.196525
15103,293.461304,0.105668,1.599566,0.196525
15104,293.461304,0.105668,1.599566,0.196525
15105,293.647003,0.000469,1.582927,0.194895
15106,293.647003,0.000469,1.582927,0.194895
15107,293.647003,0.000469,1.582927,0.194895
15108,293.647003,0.000469,1.582927,0.194895
15109,293.647003,0.000469,1.582927,0.194895
15110,293.647003,0.000469,1.582927,0.194895
15111,293.647003,0.000469,1.582927,0.194895
15112,293.647003,0.000469,1.582927,0.194895
15113,293.647003,0.000469,1.582927,0.194895
15114,293.647003,0.000469,1.582927,0.194895
15115,293.647003,0.000469,1.582927,0.194895
15116,293.647003,0.000469,1.582927,0.194895
15117,293.461304,0.105668,1.599566,0.196525
15118,293.461304,0.105668,1.599566,0.196525
15119,293.461304,0.105668,1.599566,0.196525
15120,293.461304,0.105668,1.599566,0.196525
15121,293.461304,0.105668,1.599566,0.196525
15122,293.461304,0.105668,1.599566,0.196525
15123,293.461304,0.105668,1.599566,0.196525
15124,293.647003,0.000469,1.582927,0.194895
15125,293.647003,0.000469,1.582927,0.194895
15126,293.647003,0.000469,1.582927,0.194895
15127,293.461304,0.105668,1.599566,0.196525
15128,293.461304,0.105668,1.599566,0.196525
15129,293.461304,0.105668,1.599566,0.196525
15130,293.461304,0.105668,1.599566,0.196525
15131,293.461304,0.105668,1.599566,0.196525
15132,293.461304,0.105668,1.599566,0.196525
15133,293.461304,0.105668,1.599566,0.196525
15134,293.461304,0.105668,1.599566,0.196525
15135,293.461304,0.105668,1.599566,0.196525
15136,293.461304,0.105668,1.599566,0.196525
15137,293.461304,0.105668,1.599566,0.196525
15138,293.461304,0.105668,1.599566,0.196525
15139,293.461304,0.105668,1.599566,0.196525
15140,293.461304,0.105668,1.599566,0.196525
15141,293.461304,0.105668,1.599566,0.196525
15142,293.461304,0.105668,1.599566,0.196525
15143,293.461304,0.105668,1.599566,0.196525
15144,293.461304,0.105668,1.599566,0.196525
15145,293.461304,0.105668,1.599566,0.196525
15146,293.461304,0.105668,1.599566,0.196525
15147,293.461304,0.105668,1.599566,0.196525
15148,293.461304,0.105668,1.599566,0.196525
15149,293.461304,0.105668,1.599566,0.196525
15150,293.461304,0.105668,1.599566,0.196525
15151,293.461304,0.105668,1.599566,0.196525
15152,293.196869,0.0792,1.768855,0.207695
15153,293.196869,0.0792,1.768855,0.207695
15154,293.196869,0.0792,1.768855,0.207695
15155,293.196869,0.0792,1.768855,0.207695
15156,NA,NA,NA,NA
15157,NA,NA,NA,NA
15158,NA,NA,NA,NA
15159,NA,NA,NA,NA
15160,NA,NA,NA,NA
15161,NA,NA,NA,NA
15162,NA,NA,NA,NA
15163,NA,NA,NA,NA
15164,NA,NA,NA,NA
15165,NA,NA,NA,NA
15166,NA,NA,NA,NA
15167,NA,NA,NA,NA
15168,NA,NA,NA,NA
15169,NA,NA,NA,NA
15170,NA,NA,NA,NA
15171,NA,NA,NA,NA
15172,NA,NA,NA,NA
15173,NA,NA,NA,NA
15174,NA,NA,NA,NA
15175,NA,NA,NA,NA
15176,NA,NA,NA,NA
15177,NA,NA,NA,NA
15178,NA,NA,NA,NA
15179,NA,NA,NA,NA
15180,NA,NA,NA,NA
15181,NA,NA,NA,NA
15182,NA,NA,NA,NA
15183,NA,NA,NA,NA
15184,NA,NA,NA,NA
15185,NA,NA,NA,NA
15186,NA,NA,NA,NA
15187,NA,NA,NA,NA
15188,NA,NA,NA,NA
15189,NA,NA,NA,NA
15190,NA,NA,NA,NA
15191,NA,NA,NA,NA
15192,NA,NA,NA,NA
15193,NA,NA,NA,NA
15194,NA,NA,NA,NA
15195,NA,NA,NA,NA
15196,NA,NA,NA,NA
15197,NA,NA,NA,NA
15198,NA,NA,NA,NA
15199,NA,NA,NA,NA
15200,NA,NA,NA,NA
15201,NA,NA,NA,NA
15202,NA,NA,NA,NA
15203,NA,NA,NA,NA
15204,NA,NA,NA,NA
15205,NA,NA,NA,NA
15206,NA,NA,NA,NA
15207,NA,NA,NA,NA
15208,NA,NA,NA,NA
15209,NA,NA,NA,NA
15210,NA,NA,NA,NA
15211,NA,NA,NA,NA
15212,NA,NA,NA,NA
15213,NA,NA,NA,NA
15214,NA,NA,NA,NA
15215,NA,NA,NA,NA
15216,NA,NA,NA,NA
15217,NA,NA,NA,NA
15218,NA,NA,NA,NA
15219,NA,NA,NA,NA
15220,293.196869,0.0792,1.768855,0.207695
15221,293.196869,0.0792,1.768855,0.207695
15222,293.196869,0.0792,1.768855,0.207695
15223,293.461304,0.105668,1.599566,0.196525
15224,293.461304,0.105668,1.599566,0.196525
15225,293.461304,0.105668,1.599566,0.196525
15226,293.461304,0.105668,1.599566,0.196525
15227,293.461304,0.105668,1.599566,0.196525
15228,293.461304,0.105668,1.599566,0.196525
15229,293.461304,0.105668,1.599566,0.196525
15230,293.461304,0.105668,1.599566,0.196525
15231,293.461304,0.105668,1.599566,0.196525
15232,293.196869,0.0792,1.768855,0.207695
15233,293.461304,0.105668,1.599566,0.196525
15234,293.461304,0.105668,1.599566,0.196525
15235,293.196869,0.0792,1.768855,0.207695
15236,293.196869,0.0792,1.768855,0.207695
15237,293.196869,0.0792,1.768855,0.207695
15238,293.196869,0.0792,1.768855,0.207695
15239,293.196869,0.0792,1.768855,0.207695
15240,293.196869,0.0792,1.768855,0.207695
15241,293.196869,0.0792,1.768855,0.207695
15242,293.196869,0.0792,1.768855,0.207695
15243,293.196869,0.0792,1.768855,0.207695
15244,293.196869,0.0792,1.768855,0.207695
15245,293.196869,0.0792,1.768855,0.207695
15246,293.196869,0.0792,1.768855,0.207695
15247,293.196869,0.0792,1.768855,0.207695
15248,293.196869,0.0792,1.768855,0.207695
15249,293.196869,0.0792,1.768855,0.207695
15250,293.196869,0.0792,1.768855,0.207695
15251,293.196869,0.0792,1.768855,0.207695
15252,293.461304,0.105668,1.599566,0.196525
15253,293.461304,0.105668,1.599566,0.196525
15254,293.196869,0.0792,1.768855,0.207695
15255,293.196869,0.0792,1.768855,0.207695
15256,295.490631,0.201125,1.529852,0.187956
15257,295.490631,0.201125,1.529852,0.187956
15258,295.337677,1.728952,1.55628,0.189936
15259,296.504089,3.5e-05,1.495012,0.186162
15260,296.628387,0.004476,1.497165,0.186963
15261,295.754913,0.000964,1.532326,0.189412
15262,295.754913,0.000964,1.532326,0.189412
15263,294.578857,0.19292,1.576842,0.192934
15264,294.54538,0.070958,1.613299,0.195331
15265,294.54538,0.070958,1.613299,0.195331
15266,294.54538,0.070958,1.613299,0.195331
15267,294.54538,0.070958,1.613299,0.195331
15268,294.54538,0.070958,1.613299,0.195331
15269,294.766327,0.249381,1.59757,0.193835
15270,294.766327,0.249381,1.59757,0.193835
15271,294.766327,0.249381,1.59757,0.193835
15272,294.766327,0.249381,1.59757,0.193835
15273,294.766327,0.249381,1.59757,0.193835
15274,294.634338,0.002016,1.637187,0.196998
15275,294.766327,0.249381,1.59757,0.193835
15276,294.766327,0.249381,1.59757,0.193835
15277,294.766327,0.249381,1.59757,0.193835
15278,294.766327,0.249381,1.59757,0.193835
15279,294.766327,0.249381,1.59757,0.193835
15280,294.766327,0.249381,1.59757,0.193835
15281,294.464996,0.102817,1.630694,0.196667
15282,294.464996,0.102817,1.630694,0.196667
15283,294.634338,0.002016,1.637187,0.196998
15284,294.578857,0.19292,1.576842,0.192934
15285,294.578857,0.19292,1.576842,0.192934
15286,293.890869,0.021959,1.58918,0.194866
15287,293.842682,0.000836,1.554341,0.192765
15288,293.842682,0.000836,1.554341,0.192765
15289,293.806976,1.826643,1.662832,0.199893
15290,293.806976,1.826643,1.662832,0.199893
15291,293.806976,1.826643,1.662832,0.199893
15292,293.806976,1.826643,1.662832,0.199893
15293,293.806976,1.826643,1.662832,0.199893
15294,293.806976,1.826643,1.662832,0.199893
15295,293.806976,1.826643,1.662832,0.199893
15296,293.806976,1.826643,1.662832,0.199893
15297,293.806976,1.826643,1.662832,0.199893
15298,293.806976,1.826643,1.662832,0.199893
15299,293.806976,1.826643,1.662832,0.199893
15300,293.806976,1.826643,1.662832,0.199893
15301,293.806976,1.826643,1.662832,0.199893
15302,293.806976,1.826643,1.662832,0.199893
15303,293.806976,1.826643,1.662832,0.199893
15304,294.125305,0.023659,1.570083,0.193182
15305,294.125305,0.023659,1.570083,0.193182
15306,294.125305,0.023659,1.570083,0.193182
15307,293.890869,0.021959,1.58918,0.194866
15308,293.890869,0.021959,1.58918,0.194866
15309,293.890869,0.021959,1.58918,0.194866
15310,293.819977,0.006393,1.522961,0.190722
15311,293.819977,0.006393,1.522961,0.190722
15312,293.61319,0.024262,1.551078,0.19309
15313,293.341156,0.028571,1.576878,0.195466
15314,293.341156,0.028571,1.576878,0.195466
15315,293.341156,0.028571,1.576878,0.195466
15316,293.341156,0.028571,1.576878,0.195466
15317,293.341156,0.028571,1.576878,0.195466
15318,293.341156,0.028571,1.576878,0.195466
15319,293.266937,0.023474,1.583917,0.196202
15320,293.408142,0.033756,1.604783,0.197021
15321,293.408142,0.033756,1.604783,0.197021
15322,293.196869,0.0792,1.768855,0.207695
15323,293.196869,0.0792,1.768855,0.207695
15324,293.196869,0.0792,1.768855,0.207695
15325,293.196869,0.0792,1.768855,0.207695
15326,293.196869,0.0792,1.768855,0.207695
15327,293.196869,0.0792,1.768855,0.207695
15328,293.196869,0.0792,1.768855,0.207695
15329,293.196869,0.0792,1.768855,0.207695
15330,293.196869,0.0792,1.768855,0.207695
15331,293.196869,0.0792,1.768855,0.207695
15332,293.196869,0.0792,1.768855,0.207695
15333,293.196869,0.0792,1.768855,0.207695
15334,293.217682,2e-06,1.610481,0.198076
15335,293.217682,2e-06,1.610481,0.198076
15336,293.217682,2e-06,1.610481,0.198076
15337,293.217682,2e-06,1.610481,0.198076
15338,293.079346,0.240125,1.648925,0.201007
15339,293.079346,0.240125,1.648925,0.201007
15340,293.079346,0.240125,1.648925,0.201007
15341,293.079346,0.240125,1.648925,0.201007
15342,293.217682,2e-06,1.610481,0.198076
15343,293.217682,2e-06,1.610481,0.198076
15344,293.217682,2e-06,1.610481,0.198076
15345,293.281158,0.002335,1.558468,0.194681
15346,293.281158,0.002335,1.558468,0.194681
15347,293.281158,0.002335,1.558468,0.194681
15348,293.281158,0.002335,1.558468,0.194681
15349,293.17926,0.002737,1.569627,0.195866
15350,293.17926,0.002737,1.569627,0.195866
15351,293.17926,0.002737,1.569627,0.195866
15352,293.17926,0.002737,1.569627,0.195866
15353,293.098206,0.001248,1.559051,0.195344
15354,293.098206,0.001248,1.559051,0.195344
15355,293.098206,0.001248,1.559051,0.195344
15356,293.098206,0.001248,1.559051,0.195344
15357,293.098206,0.001248,1.559051,0.195344
15358,293.098206,0.001248,1.559051,0.195344
15359,293.098206,0.001248,1.559051,0.195344
15360,292.951019,0.004647,1.560192,0.195944
15361,292.821106,0.000759,1.555779,0.195953
15362,292.821106,0.000759,1.555779,0.195953
15363,292.821106,0.000759,1.555779,0.195953
15364,292.713898,0.001177,1.609153,0.199983
15365,292.713898,0.001177,1.609153,0.199983
15366,294.435547,0.000827,1.595301,0.199778
15367,292.821106,0.000759,1.555779,0.195953
15368,292.755219,0.04911,1.589972,0.198568
15369,292.755219,0.04911,1.589972,0.198568
15370,292.755219,0.04911,1.589972,0.198568
15371,292.534088,0,1.597934,0.199048
15372,292.534088,0,1.597934,0.199048
15373,292.534088,0,1.597934,0.199048
15374,292.115112,0.000531,1.661156,0.204385
15375,293.612366,1e-06,1.67645,0.205195
15376,293.217682,2e-06,1.610481,0.198076
15377,293.217682,2e-06,1.610481,0.198076
15378,293.217682,2e-06,1.610481,0.198076
15379,293.217682,2e-06,1.610481,0.198076
15380,293.217682,2e-06,1.610481,0.198076
15381,293.217682,2e-06,1.610481,0.198076
15382,293.217682,2e-06,1.610481,0.198076
15383,293.217682,2e-06,1.610481,0.198076
15384,293.217682,2e-06,1.610481,0.198076
15385,293.217682,2e-06,1.610481,0.198076
15386,293.217682,2e-06,1.610481,0.198076
15387,293.217682,2e-06,1.610481,0.198076
15388,293.217682,2e-06,1.610481,0.198076
15389,293.217682,2e-06,1.610481,0.198076
15390,293.217682,2e-06,1.610481,0.198076
15391,293.217682,2e-06,1.610481,0.198076
15392,293.217682,2e-06,1.610481,0.198076
15393,293.144958,1.096439,1.674478,0.202106
15394,293.144958,1.096439,1.674478,0.202106
15395,293.144958,1.096439,1.674478,0.202106
15396,293.144958,1.096439,1.674478,0.202106
15397,293.144958,1.096439,1.674478,0.202106
15398,293.144958,1.096439,1.674478,0.202106
15399,293.144958,1.096439,1.674478,0.202106
15400,293.144958,1.096439,1.674478,0.202106
15401,293.144958,1.096439,1.674478,0.202106
15402,293.144958,1.096439,1.674478,0.202106
15403,293.144958,1.096439,1.674478,0.202106
15404,293.144958,1.096439,1.674478,0.202106
15405,293.144958,1.096439,1.674478,0.202106
15406,293.144958,1.096439,1.674478,0.202106
15407,293.144958,1.096439,1.674478,0.202106
15408,293.144958,1.096439,1.674478,0.202106
15409,293.144958,1.096439,1.674478,0.202106
15410,293.144958,1.096439,1.674478,0.202106
15411,293.144958,1.096439,1.674478,0.202106
15412,293.144958,1.096439,1.674478,0.202106
15413,293.144958,1.096439,1.674478,0.202106
15414,293.144958,1.096439,1.674478,0.202106
15415,293.144958,1.096439,1.674478,0.202106
15416,293.144958,1.096439,1.674478,0.202106
15417,294.967987,0.028633,2.090393,0.222785
15418,294.967987,0.028633,2.090393,0.222785
15419,294.967987,0.028633,2.090393,0.222785
15420,294.967987,0.028633,2.090393,0.222785
15421,294.967987,0.028633,2.090393,0.222785
15422,294.967987,0.028633,2.090393,0.222785
15423,294.841858,0.003295,2.143877,0.226528
15424,294.841858,0.003295,2.143877,0.226528
15425,294.841858,0.003295,2.143877,0.226528
15426,294.841858,0.003295,2.143877,0.226528
15427,294.841858,0.003295,2.143877,0.226528
15428,294.841858,0.003295,2.143877,0.226528
15429,294.841858,0.003295,2.143877,0.226528
15430,294.841858,0.003295,2.143877,0.226528
15431,294.841858,0.003295,2.143877,0.226528
15432,294.841858,0.003295,2.143877,0.226528
15433,294.841858,0.003295,2.143877,0.226528
15434,295.338013,0.002447,1.998157,0.215876
15435,295.338013,0.002447,1.998157,0.215876
15436,295.338013,0.002447,1.998157,0.215876
15437,295.338013,0.002447,1.998157,0.215876
15438,295.338013,0.002447,1.998157,0.215876
15439,295.338013,0.002447,1.998157,0.215876
15440,295.24115,2.177767,2.121921,0.224102
15441,295.24115,2.177767,2.121921,0.224102
15442,295.24115,2.177767,2.121921,0.224102
15443,295.24115,2.177767,2.121921,0.224102
15444,295.24115,2.177767,2.121921,0.224102
15445,295.24115,2.177767,2.121921,0.224102
15446,295.24115,2.177767,2.121921,0.224102
15447,295.24115,2.177767,2.121921,0.224102
15448,295.24115,2.177767,2.121921,0.224102
15449,295.24115,2.177767,2.121921,0.224102
15450,295.24115,2.177767,2.121921,0.224102
15451,295.24115,2.177767,2.121921,0.224102
15452,295.24115,2.177767,2.121921,0.224102
15453,295.24115,2.177767,2.121921,0.224102
15454,295.24115,2.177767,2.121921,0.224102
15455,295.24115,2.177767,2.121921,0.224102
15456,295.24115,2.177767,2.121921,0.224102
15457,295.24115,2.177767,2.121921,0.224102
15458,295.24115,2.177767,2.121921,0.224102
15459,NA,NA,NA,NA
15460,NA,NA,NA,NA
15461,293.566467,0.006119,2.535315,0.254847
15462,293.566467,0.006119,2.535315,0.254847
15463,293.566467,0.006119,2.535315,0.254847
15464,293.566467,0.006119,2.535315,0.254847
15465,293.566467,0.006119,2.535315,0.254847
15466,293.566467,0.006119,2.535315,0.254847
15467,293.566467,0.006119,2.535315,0.254847
15468,293.566467,0.006119,2.535315,0.254847
15469,293.566467,0.006119,2.535315,0.254847
15470,293.566467,0.006119,2.535315,0.254847
15471,293.992432,0.196359,2.501975,0.25198
15472,293.875793,0,2.534997,0.254622
15473,293.875793,0,2.534997,0.254622
15474,294.372986,3e-05,2.474403,0.249561
15475,294.372986,3e-05,2.474403,0.249561
15476,294.372986,3e-05,2.474403,0.249561
15477,294.372986,3e-05,2.474403,0.249561
15478,293.355316,7e-06,2.666672,0.264678
15479,293.355316,7e-06,2.666672,0.264678
15480,293.355316,7e-06,2.666672,0.264678
15481,293.355316,7e-06,2.666672,0.264678
15482,293.355316,7e-06,2.666672,0.264678
15483,293.355316,7e-06,2.666672,0.264678
15484,293.355316,7e-06,2.666672,0.264678
15485,293.355316,7e-06,2.666672,0.264678
15486,293.355316,7e-06,2.666672,0.264678
15487,293.355316,7e-06,2.666672,0.264678
15488,293.355316,7e-06,2.666672,0.264678
15489,293.355316,7e-06,2.666672,0.264678
15490,293.571198,5e-06,2.614167,0.260592
15491,293.571198,5e-06,2.614167,0.260592
15492,293.571198,5e-06,2.614167,0.260592
15493,293.47287,0.054691,2.635959,0.262244
15494,293.571198,5e-06,2.614167,0.260592
15495,293.47287,0.054691,2.635959,0.262244
15496,293.47287,0.054691,2.635959,0.262244
15497,293.47287,0.054691,2.635959,0.262244
15498,293.47287,0.054691,2.635959,0.262244
15499,293.47287,0.054691,2.635959,0.262244
15500,293.47287,0.054691,2.635959,0.262244
15501,293.47287,0.054691,2.635959,0.262244
15502,293.47287,0.054691,2.635959,0.262244
15503,293.47287,0.054691,2.635959,0.262244
15504,293.566467,0.006119,2.535315,0.254847
15505,293.566467,0.006119,2.535315,0.254847
15506,293.566467,0.006119,2.535315,0.254847
15507,293.566467,0.006119,2.535315,0.254847
15508,293.566467,0.006119,2.535315,0.254847
15509,293.566467,0.006119,2.535315,0.254847
15510,293.566467,0.006119,2.535315,0.254847
15511,293.566467,0.006119,2.535315,0.254847
15512,293.566467,0.006119,2.535315,0.254847
15513,293.566467,0.006119,2.535315,0.254847
15514,293.566467,0.006119,2.535315,0.254847
15515,293.566467,0.006119,2.535315,0.254847
15516,293.566467,0.006119,2.535315,0.254847
15517,293.735962,0.756606,2.546061,0.25507
15518,293.735962,0.756606,2.546061,0.25507
15519,293.735962,0.756606,2.546061,0.25507
15520,293.735962,0.756606,2.546061,0.25507
15521,293.735962,0.756606,2.546061,0.25507
15522,293.735962,0.756606,2.546061,0.25507
15523,293.735962,0.756606,2.546061,0.25507
15524,293.735962,0.756606,2.546061,0.25507
15525,293.735962,0.756606,2.546061,0.25507
15526,293.735962,0.756606,2.546061,0.25507
15527,293.735962,0.756606,2.546061,0.25507
15528,293.735962,0.756606,2.546061,0.25507
15529,293.735962,0.756606,2.546061,0.25507
15530,293.735962,0.756606,2.546061,0.25507
15531,293.735962,0.756606,2.546061,0.25507
15532,293.566467,0.006119,2.535315,0.254847
15533,293.566467,0.006119,2.535315,0.254847
15534,293.566467,0.006119,2.535315,0.254847
15535,293.566467,0.006119,2.535315,0.254847
15536,293.566467,0.006119,2.535315,0.254847
15537,293.566467,0.006119,2.535315,0.254847
15538,293.566467,0.006119,2.535315,0.254847
15539,293.566467,0.006119,2.535315,0.254847
15540,293.566467,0.006119,2.535315,0.254847
15541,293.566467,0.006119,2.535315,0.254847
15542,293.566467,0.006119,2.535315,0.254847
15543,293.566467,0.006119,2.535315,0.254847
15544,293.566467,0.006119,2.535315,0.254847
15545,293.566467,0.006119,2.535315,0.254847
15546,293.566467,0.006119,2.535315,0.254847
15547,293.566467,0.006119,2.535315,0.254847
15548,293.566467,0.006119,2.535315,0.254847
15549,293.566467,0.006119,2.535315,0.254847
15550,293.566467,0.006119,2.535315,0.254847
15551,293.566467,0.006119,2.535315,0.254847
15552,293.566467,0.006119,2.535315,0.254847
15553,293.566467,0.006119,2.535315,0.254847
15554,293.566467,0.006119,2.535315,0.254847
15555,293.566467,0.006119,2.535315,0.254847
15556,293.566467,0.006119,2.535315,0.254847
15557,293.566467,0.006119,2.535315,0.254847
15558,293.566467,0.006119,2.535315,0.254847
15559,293.566467,0.006119,2.535315,0.254847
15560,293.566467,0.006119,2.535315,0.254847
15561,293.566467,0.006119,2.535315,0.254847
15562,293.566467,0.006119,2.535315,0.254847
15563,293.566467,0.006119,2.535315,0.254847
15564,293.566467,0.006119,2.535315,0.254847
15565,293.566467,0.006119,2.535315,0.254847
15566,293.566467,0.006119,2.535315,0.254847
15567,293.566467,0.006119,2.535315,0.254847
15568,293.566467,0.006119,2.535315,0.254847
15569,293.566467,0.006119,2.535315,0.254847
15570,293.566467,0.006119,2.535315,0.254847
15571,293.566467,0.006119,2.535315,0.254847
15572,293.911041,0,1.993869,0.220957
15573,293.911041,0,1.993869,0.220957
15574,293.911041,0,1.993869,0.220957
15575,293.911041,0,1.993869,0.220957
15576,293.911041,0,1.993869,0.220957
15577,293.911041,0,1.993869,0.220957
15578,293.911041,0,1.993869,0.220957
15579,293.911041,0,1.993869,0.220957
15580,293.911041,0,1.993869,0.220957
15581,293.911041,0,1.993869,0.220957
15582,293.911041,0,1.993869,0.220957
15583,293.911041,0,1.993869,0.220957
15584,293.911041,0,1.993869,0.220957
15585,293.911041,0,1.993869,0.220957
15586,293.911041,0,1.993869,0.220957
15587,293.628601,0,2.049995,0.22539
15588,294.947449,0,1.838212,0.211488
15589,292.92514,0.002228,1.598334,0.198778
15590,293.033234,0.124144,1.580355,0.19734
15591,292.986084,0.179934,1.626404,0.200237
15592,292.986084,0.179934,1.626404,0.200237
15593,292.986084,0.179934,1.626404,0.200237
15594,292.986084,0.179934,1.626404,0.200237
15595,292.986084,0.179934,1.626404,0.200237
15596,292.986084,0.179934,1.626404,0.200237
15597,294.635498,0.025258,1.656816,0.20277
15598,292.876801,3e-05,1.76982,0.209031
15599,294.162476,0.146662,1.680074,0.20044
15600,294.162476,0.146662,1.680074,0.20044
15601,294.162476,0.146662,1.680074,0.20044
15602,294.162476,0.146662,1.680074,0.20044
15603,293.869843,0.00032,1.748014,0.205098
15604,293.869843,0.00032,1.748014,0.205098
15605,293.869843,0.00032,1.748014,0.205098
15606,293.869843,0.00032,1.748014,0.205098
15607,293.869843,0.00032,1.748014,0.205098
15608,293.869843,0.00032,1.748014,0.205098
15609,294.634338,0.002016,1.637187,0.196998
15610,294.634338,0.002016,1.637187,0.196998
15611,294.634338,0.002016,1.637187,0.196998
15612,294.634338,0.002016,1.637187,0.196998
15613,NA,NA,NA,NA
15614,NA,NA,NA,NA
15615,NA,NA,NA,NA
15616,NA,NA,NA,NA
15617,NA,NA,NA,NA
15618,NA,NA,NA,NA
15619,293.196869,0.0792,1.768855,0.207695
15620,293.196869,0.0792,1.768855,0.207695
15621,293.286438,1.3e-05,2.069656,0.227923
15622,293.070679,0.002788,2.212871,0.236999
15623,293.070679,0.002788,2.212871,0.236999
15624,293.070679,0.002788,2.212871,0.236999
15625,293.070679,0.002788,2.212871,0.236999
15626,293.038391,0.021817,2.209459,0.236799
15627,292.751312,1e-06,2.675421,0.266456
15628,293.065247,2e-06,2.497264,0.254446
15629,293.065247,2e-06,2.497264,0.254446
15630,292.985901,0,2.384458,0.247818
15631,293.514404,1e-05,2.33746,0.243117
15632,293.514404,1e-05,2.33746,0.243117
15633,293.514404,1e-05,2.33746,0.243117
15634,293.514404,1e-05,2.33746,0.243117
15635,292.985901,0,2.384458,0.247818
15636,292.985901,0,2.384458,0.247818
15637,292.985901,0,2.384458,0.247818
15638,292.807343,0,2.346773,0.246186
15639,292.807343,0,2.346773,0.246186
15640,292.717133,1e-06,2.358151,0.246897
15641,293.744873,0,1.863014,0.213842
15642,293.240173,0.011725,1.786213,0.208605
15643,292.876801,3e-05,1.76982,0.209031
15644,292.876801,3e-05,1.76982,0.209031
15645,293.018951,0.007915,1.714611,0.205197
15646,298.453705,0,1.865752,0.216519
15647,298.453705,0,1.865752,0.216519
15648,298.453705,0,1.865752,0.216519
15649,NA,NA,NA,NA
15650,293.196869,0.0792,1.768855,0.207695
15651,292.669067,0.04969,2.797001,0.27412
15652,292.838867,0.002716,2.765764,0.272158
15653,292.787537,0.009247,2.787598,0.273302
15654,293.805237,0,2.767739,0.272541
15655,293.805237,0,2.767739,0.272541
15656,293.805237,0,2.767739,0.272541
15657,293.805237,0,2.767739,0.272541
15658,292.792114,0.009117,2.796261,0.273803
15659,292.792114,0.009117,2.796261,0.273803
15660,292.792114,0.009117,2.796261,0.273803
15661,292.984039,0,1.79005,0.199821
15662,292.984039,0,1.79005,0.199821
15663,292.984039,0,1.79005,0.199821
15664,292.984039,0,1.79005,0.199821
15665,292.984039,0,1.79005,0.199821
15666,292.685791,0,1.80042,0.200555
15667,292.678131,0,1.802068,0.200465
15668,292.678131,0,1.802068,0.200465
15669,292.678131,0,1.802068,0.200465
15670,292.678131,0,1.802068,0.200465
15671,292.678131,0,1.802068,0.200465
15672,292.678131,0,1.802068,0.200465
15673,292.678131,0,1.802068,0.200465
15674,292.984039,0,1.79005,0.199821
15675,292.984039,0,1.79005,0.199821
15676,292.984039,0,1.79005,0.199821
15677,292.984039,0,1.79005,0.199821
15678,292.984039,0,1.79005,0.199821
15679,292.920868,0,1.79506,0.200765
15680,292.920868,0,1.79506,0.200765
15681,292.920868,0,1.79506,0.200765
15682,292.920868,0,1.79506,0.200765
15683,292.920868,0,1.79506,0.200765
15684,292.920868,0,1.79506,0.200765
15685,292.920868,0,1.79506,0.200765
15686,292.920868,0,1.79506,0.200765
15687,292.920868,0,1.79506,0.200765
15688,292.920868,0,1.79506,0.200765
15689,292.920868,0,1.79506,0.200765
15690,292.920868,0,1.79506,0.200765
15691,292.920868,0,1.79506,0.200765
15692,292.920868,0,1.79506,0.200765
15693,292.920868,0,1.79506,0.200765
15694,292.920868,0,1.79506,0.200765
15695,292.920868,0,1.79506,0.200765
15696,292.920868,0,1.79506,0.200765
15697,292.920868,0,1.79506,0.200765
15698,292.920868,0,1.79506,0.200765
15699,292.920868,0,1.79506,0.200765
15700,292.920868,0,1.79506,0.200765
15701,292.920868,0,1.79506,0.200765
15702,292.920868,0,1.79506,0.200765
15703,292.920868,0,1.79506,0.200765
15704,292.920868,0,1.79506,0.200765
15705,292.79245,0,1.796566,0.200797
15706,292.79245,0,1.796566,0.200797
15707,292.79245,0,1.796566,0.200797
15708,292.79245,0,1.796566,0.200797
15709,292.79245,0,1.796566,0.200797
15710,293.115967,0,1.80014,0.200317
15711,293.115967,0,1.80014,0.200317
15712,293.115967,0,1.80014,0.200317
15713,293.115967,0,1.80014,0.200317
15714,293.115967,0,1.80014,0.200317
15715,293.115967,0,1.80014,0.200317
15716,292.79245,0,1.796566,0.200797
15717,292.79245,0,1.796566,0.200797
15718,292.685791,0,1.80042,0.200555
15719,292.685791,0,1.80042,0.200555
15720,293.115173,0,1.782922,0.204846
15721,293.115173,0,1.782922,0.204846
15722,293.115173,0,1.782922,0.204846
15723,293.115173,0,1.782922,0.204846
15724,293.115173,0,1.782922,0.204846
15725,293.889526,0,1.7674,0.202798
15726,293.889526,0,1.7674,0.202798
15727,293.889526,0,1.7674,0.202798
15728,293.889526,0,1.7674,0.202798
15729,293.889526,0,1.7674,0.202798
15730,293.889526,0,1.7674,0.202798
15731,293.889526,0,1.7674,0.202798
15732,293.889526,0,1.7674,0.202798
15733,293.889526,0,1.7674,0.202798
15734,293.889526,0,1.7674,0.202798
15735,293.889526,0,1.7674,0.202798
15736,293.889526,0,1.7674,0.202798
15737,293.889526,0,1.7674,0.202798
15738,293.889526,0,1.7674,0.202798
15739,293.889526,0,1.7674,0.202798
15740,293.889526,0,1.7674,0.202798
15741,293.889526,0,1.7674,0.202798
15742,293.889526,0,1.7674,0.202798
15743,293.889526,0,1.7674,0.202798
15744,293.889526,0,1.7674,0.202798
15745,293.889526,0,1.7674,0.202798
15746,293.889526,0,1.7674,0.202798
15747,293.889526,0,1.7674,0.202798
15748,293.889526,0,1.7674,0.202798
15749,293.889526,0,1.7674,0.202798
15750,293.889526,0,1.7674,0.202798
15751,293.889526,0,1.7674,0.202798
15752,293.889526,0,1.7674,0.202798
15753,293.889526,0,1.7674,0.202798
15754,293.889526,0,1.7674,0.202798
15755,293.889526,0,1.7674,0.202798
15756,293.889526,0,1.7674,0.202798
15757,293.889526,0,1.7674,0.202798
15758,293.889526,0,1.7674,0.202798
15759,293.889526,0,1.7674,0.202798
15760,293.889526,0,1.7674,0.202798
15761,293.889526,0,1.7674,0.202798
15762,293.889526,0,1.7674,0.202798
15763,293.889526,0,1.7674,0.202798
15764,293.889526,0,1.7674,0.202798
15765,293.889526,0,1.7674,0.202798
15766,293.889526,0,1.7674,0.202798
15767,293.889526,0,1.7674,0.202798
15768,293.889526,0,1.7674,0.202798
15769,293.889526,0,1.7674,0.202798
15770,293.889526,0,1.7674,0.202798
15771,294.111145,0,1.761317,0.202028
15772,294.111145,0,1.761317,0.202028
15773,294.130066,0,1.764579,0.201162
15774,294.130066,0,1.764579,0.201162
15775,294.130066,0,1.764579,0.201162
15776,294.130066,0,1.764579,0.201162
15777,293.54837,0,1.77134,0.201987
15778,293.54837,0,1.77134,0.201987
15779,293.54837,0,1.77134,0.201987
15780,293.54837,0,1.77134,0.201987
15781,293.54837,0,1.77134,0.201987
15782,293.54837,0,1.77134,0.201987
15783,293.54837,0,1.77134,0.201987
15784,293.54837,0,1.77134,0.201987
15785,293.54837,0,1.77134,0.201987
15786,293.54837,0,1.77134,0.201987
15787,293.54837,0,1.77134,0.201987
15788,293.54837,0,1.77134,0.201987
15789,293.54837,0,1.77134,0.201987
15790,293.54837,0,1.77134,0.201987
15791,293.54837,0,1.77134,0.201987
15792,293.54837,0,1.77134,0.201987
15793,293.54837,0,1.77134,0.201987
15794,293.54837,0,1.77134,0.201987
15795,293.54837,0,1.77134,0.201987
15796,293.54837,0,1.77134,0.201987
15797,293.54837,0,1.77134,0.201987
15798,293.258423,0,1.780987,0.20203
15799,293.54837,0,1.77134,0.201987
15800,293.54837,0,1.77134,0.201987
15801,293.54837,0,1.77134,0.201987
15802,293.54837,0,1.77134,0.201987
15803,292.915131,0,1.793369,0.202489
15804,292.915131,0,1.793369,0.202489
15805,292.915131,0,1.793369,0.202489
15806,292.915131,0,1.793369,0.202489
15807,292.915131,0,1.793369,0.202489
15808,292.915131,0,1.793369,0.202489
15809,292.915131,0,1.793369,0.202489
15810,292.915131,0,1.793369,0.202489
15811,292.915131,0,1.793369,0.202489
15812,292.915131,0,1.793369,0.202489
15813,292.915131,0,1.793369,0.202489
15814,293.086182,0,1.788534,0.201366
15815,292.971283,0,1.790128,0.201406
15816,292.971283,0,1.790128,0.201406
15817,292.971283,0,1.790128,0.201406
15818,292.971283,0,1.790128,0.201406
15819,292.971283,0,1.790128,0.201406
15820,292.971283,0,1.790128,0.201406
15821,292.971283,0,1.790128,0.201406
15822,292.971283,0,1.790128,0.201406
15823,292.665955,0,1.800244,0.202201
15824,292.665955,0,1.800244,0.202201
15825,292.665955,0,1.800244,0.202201
15826,292.665955,0,1.800244,0.202201
15827,292.665955,0,1.800244,0.202201
15828,292.665955,0,1.800244,0.202201
15829,292.665955,0,1.800244,0.202201
15830,292.665955,0,1.800244,0.202201
15831,292.815094,0,1.795014,0.201167
15832,292.815094,0,1.795014,0.201167
15833,292.815094,0,1.795014,0.201167
15834,292.815094,0,1.795014,0.201167
15835,292.815094,0,1.795014,0.201167
15836,292.815094,0,1.795014,0.201167
15837,292.815094,0,1.795014,0.201167
15838,292.815094,0,1.795014,0.201167
15839,292.815094,0,1.795014,0.201167
15840,292.815094,0,1.795014,0.201167
15841,292.815094,0,1.795014,0.201167
15842,292.898346,0,1.793162,0.20098
15843,292.898346,0,1.793162,0.20098
15844,292.898346,0,1.793162,0.20098
15845,292.898346,0,1.793162,0.20098
15846,292.898346,0,1.793162,0.20098
15847,292.898346,0,1.793162,0.20098
15848,292.898346,0,1.793162,0.20098
15849,292.898346,0,1.793162,0.20098
15850,292.898346,0,1.793162,0.20098
15851,292.898346,0,1.793162,0.20098
15852,292.898346,0,1.793162,0.20098
15853,292.898346,0,1.793162,0.20098
15854,292.898346,0,1.793162,0.20098
15855,292.898346,0,1.793162,0.20098
15856,292.898346,0,1.793162,0.20098
15857,293.086182,0,1.788534,0.201366
15858,293.086182,0,1.788534,0.201366
15859,293.086182,0,1.788534,0.201366
15860,293.086182,0,1.788534,0.201366
15861,293.086182,0,1.788534,0.201366
15862,293.086182,0,1.788534,0.201366
15863,291.784973,0,1.830679,0.207013
15864,290.984253,0,1.864159,0.208373
15865,290.2229,2e-06,1.879307,0.210969
15866,290.2229,2e-06,1.879307,0.210969
15867,290.2229,2e-06,1.879307,0.210969
15868,290.2229,2e-06,1.879307,0.210969
15869,289.305939,8e-06,1.901379,0.215564
15870,288.573822,0,1.962018,0.219115
15871,290.49408,5e-06,1.919878,0.216914
15872,290.118805,2e-06,1.887712,0.211303
15873,290.118805,2e-06,1.887712,0.211303
15874,290.118805,2e-06,1.887712,0.211303
15875,290.968262,0,1.874486,0.213161
15876,290.968262,0,1.874486,0.213161
15877,290.538452,0,1.863989,0.207582
15878,291.574799,0,1.829334,0.203761
15879,291.574799,0,1.829334,0.203761
15880,291.574799,0,1.829334,0.203761
15881,291.574799,0,1.829334,0.203761
15882,291.574799,0,1.829334,0.203761
15883,292.026764,0,1.815043,0.202185
15884,292.026764,0,1.815043,0.202185
15885,291.79184,0,1.829529,0.203844
15886,291.79184,0,1.829529,0.203844
15887,291.79184,0,1.829529,0.203844
15888,291.79184,0,1.829529,0.203844
15889,291.79184,0,1.829529,0.203844
15890,291.79184,0,1.829529,0.203844
15891,291.79184,0,1.829529,0.203844
15892,291.79184,0,1.829529,0.203844
15893,291.709045,0,1.833954,0.20457
15894,291.709045,0,1.833954,0.20457
15895,291.709045,0,1.833954,0.20457
15896,291.709045,0,1.833954,0.20457
15897,292.186127,0.000178,1.815132,0.205817
15898,291.164185,0,1.858849,0.210859
15899,290.703888,0,1.8821,0.214459
15900,291.216675,0,1.852289,0.212273
15901,291.216675,0,1.852289,0.212273
15902,291.216675,0,1.852289,0.212273
15903,291.216675,0,1.852289,0.212273
15904,291.216675,0,1.852289,0.212273
15905,291.216675,0,1.852289,0.212273
15906,291.216675,0,1.852289,0.212273
15907,291.216675,0,1.852289,0.212273
15908,291.216675,0,1.852289,0.212273
15909,291.216675,0,1.852289,0.212273
15910,291.216675,0,1.852289,0.212273
15911,291.216675,0,1.852289,0.212273
15912,290.703888,0,1.8821,0.214459
15913,290.703888,0,1.8821,0.214459
15914,290.703888,0,1.8821,0.214459
15915,290.703888,0,1.8821,0.214459
15916,290.703888,0,1.8821,0.214459
15917,289.837555,0,1.932862,0.218433
15918,290.999481,0,1.859449,0.212066
15919,290.999481,0,1.859449,0.212066
15920,290.999481,0,1.859449,0.212066
15921,290.999481,0,1.859449,0.212066
15922,291.216675,0,1.852289,0.212273
15923,291.475006,0,1.84525,0.21094
15924,291.475006,0,1.84525,0.21094
15925,291.475006,0,1.84525,0.21094
15926,291.475006,0,1.84525,0.21094
15927,291.475006,0,1.84525,0.21094
15928,291.475006,0,1.84525,0.21094
15929,292.185425,0,1.816532,0.207627
15930,292.185425,0,1.816532,0.207627
15931,292.185425,0,1.816532,0.207627
15932,291.735168,0,1.834465,0.209031
15933,291.735168,0,1.834465,0.209031
15934,291.735168,0,1.834465,0.209031
15935,291.735168,0,1.834465,0.209031
15936,291.735168,0,1.834465,0.209031
15937,291.735168,0,1.834465,0.209031
15938,291.735168,0,1.834465,0.209031
15939,291.735168,0,1.834465,0.209031
15940,290.63858,0,1.882406,0.213794
15941,290.63858,0,1.882406,0.213794
15942,290.63858,0,1.882406,0.213794
15943,290.63858,0,1.882406,0.213794
15944,290.63858,0,1.882406,0.213794
15945,288.9505,0,1.934119,0.218368
15946,289.432007,0,1.929103,0.217122
15947,289.554718,5.4e-05,1.920009,0.216472
15948,289.554718,5.4e-05,1.920009,0.216472
15949,289.554718,5.4e-05,1.920009,0.216472
15950,289.554718,5.4e-05,1.920009,0.216472
15951,290.532104,0,1.878578,0.212129
15952,290.532104,0,1.878578,0.212129
15953,290.532104,0,1.878578,0.212129
15954,290.532104,0,1.878578,0.212129
15955,290.532104,0,1.878578,0.212129
15956,290.532104,0,1.878578,0.212129
15957,290.532104,0,1.878578,0.212129
15958,290.532104,0,1.878578,0.212129
15959,291.378082,0,1.849926,0.208481
15960,291.378082,0,1.849926,0.208481
15961,291.378082,0,1.849926,0.208481
15962,291.378082,0,1.849926,0.208481
15963,291.378082,0,1.849926,0.208481
15964,291.378082,0,1.849926,0.208481
15965,291.194885,0,1.854433,0.208839
15966,291.194885,0,1.854433,0.208839
15967,291.194885,0,1.854433,0.208839
15968,291.194885,0,1.854433,0.208839
15969,291.194885,0,1.854433,0.208839
15970,291.194885,0,1.854433,0.208839
15971,291.194885,0,1.854433,0.208839
15972,291.194885,0,1.854433,0.208839
15973,291.194885,0,1.854433,0.208839
15974,291.194885,0,1.854433,0.208839
15975,291.194885,0,1.854433,0.208839
15976,291.784973,0,1.830679,0.207013
15977,291.164185,0,1.858849,0.210859
15978,291.164185,0,1.858849,0.210859
15979,291.164185,0,1.858849,0.210859
15980,291.164185,0,1.858849,0.210859
15981,291.164185,0,1.858849,0.210859
15982,291.164185,0,1.858849,0.210859
15983,291.164185,0,1.858849,0.210859
15984,291.164185,0,1.858849,0.210859
15985,291.164185,0,1.858849,0.210859
15986,291.164185,0,1.858849,0.210859
15987,291.618225,0,1.83521,0.209105
15988,291.618225,0,1.83521,0.209105
15989,291.507172,0,1.847262,0.208861
15990,291.507172,0,1.847262,0.208861
15991,291.507172,0,1.847262,0.208861
15992,291.507172,0,1.847262,0.208861
15993,291.507172,0,1.847262,0.208861
15994,291.507172,0,1.847262,0.208861
15995,291.507172,0,1.847262,0.208861
15996,291.507172,0,1.847262,0.208861
15997,291.507172,0,1.847262,0.208861
15998,291.507172,0,1.847262,0.208861
15999,291.507172,0,1.847262,0.208861
16000,291.915527,0,1.830882,0.207636
16001,291.915527,0,1.830882,0.207636
16002,291.915527,0,1.830882,0.207636
16003,291.915527,0,1.830882,0.207636
16004,291.915527,0,1.830882,0.207636
16005,291.915527,0,1.830882,0.207636
16006,291.915527,0,1.830882,0.207636
16007,291.915527,0,1.830882,0.207636
16008,291.915527,0,1.830882,0.207636
16009,291.915527,0,1.830882,0.207636
16010,291.915527,0,1.830882,0.207636
16011,291.915527,0,1.830882,0.207636
16012,291.915527,0,1.830882,0.207636
16013,291.915527,0,1.830882,0.207636
16014,291.915527,0,1.830882,0.207636
16015,291.915527,0,1.830882,0.207636
16016,291.915527,0,1.830882,0.207636
16017,291.915527,0,1.830882,0.207636
16018,291.915527,0,1.830882,0.207636
16019,291.915527,0,1.830882,0.207636
16020,291.915527,0,1.830882,0.207636
16021,292.438629,0,1.802404,0.204862
16022,292.438629,0,1.802404,0.204862
16023,292.438629,0,1.802404,0.204862
16024,292.438629,0,1.802404,0.204862
16025,292.438629,0,1.802404,0.204862
16026,292.438629,0,1.802404,0.204862
16027,292.186127,0.000178,1.815132,0.205817
16028,292.186127,0.000178,1.815132,0.205817
16029,292.186127,0.000178,1.815132,0.205817
16030,294.90625,0,1.78016,0.203792
16031,290.808075,0,1.930094,0.218506
16032,290.808075,0,1.930094,0.218506
16033,290.808075,0,1.930094,0.218506
16034,290.703552,0.262472,1.930195,0.218612
16035,290.703552,0.262472,1.930195,0.218612
16036,290.703552,0.262472,1.930195,0.218612
16037,290.125732,0,2.038281,0.227092
16038,289.543976,0.067427,1.997304,0.223699
16039,289.543976,0.067427,1.997304,0.223699
16040,289.543976,0.067427,1.997304,0.223699
16041,289.543976,0.067427,1.997304,0.223699
16042,289.543976,0.067427,1.997304,0.223699
16043,289.543976,0.067427,1.997304,0.223699
16044,289.543976,0.067427,1.997304,0.223699
16045,289.543976,0.067427,1.997304,0.223699
16046,289.543976,0.067427,1.997304,0.223699
16047,289.543976,0.067427,1.997304,0.223699
16048,289.543976,0.067427,1.997304,0.223699
16049,289.543976,0.067427,1.997304,0.223699
16050,289.543976,0.067427,1.997304,0.223699
16051,289.543976,0.067427,1.997304,0.223699
16052,290.703552,0.262472,1.930195,0.218612
16053,290.703552,0.262472,1.930195,0.218612
16054,290.703552,0.262472,1.930195,0.218612
16055,290.703552,0.262472,1.930195,0.218612
16056,289.543976,0.067427,1.997304,0.223699
16057,289.637329,0,1.991949,0.223201
16058,289.637329,0,1.991949,0.223201
16059,289.637329,0,1.991949,0.223201
16060,289.280548,3e-04,2.058802,0.22808
16061,293.7677,0,1.828884,0.208354
16062,293.7677,0,1.828884,0.208354
16063,293.7677,0,1.828884,0.208354
16064,293.7677,0,1.828884,0.208354
16065,293.7677,0,1.828884,0.208354
16066,293.7677,0,1.828884,0.208354
16067,293.7677,0,1.828884,0.208354
16068,293.7677,0,1.828884,0.208354
16069,293.7677,0,1.828884,0.208354
16070,293.7677,0,1.828884,0.208354
16071,293.7677,0,1.828884,0.208354
16072,293.7677,0,1.828884,0.208354
16073,293.7677,0,1.828884,0.208354
16074,293.7677,0,1.828884,0.208354
16075,293.7677,0,1.828884,0.208354
16076,293.7677,0,1.828884,0.208354
16077,293.7677,0,1.828884,0.208354
16078,293.7677,0,1.828884,0.208354
16079,293.7677,0,1.828884,0.208354
16080,293.7677,0,1.828884,0.208354
16081,293.7677,0,1.828884,0.208354
16082,293.7677,0,1.828884,0.208354
16083,293.480377,0,1.830102,0.20883
16084,293.480377,0,1.830102,0.20883
16085,293.480377,0,1.830102,0.20883
16086,293.480377,0,1.830102,0.20883
16087,293.480377,0,1.830102,0.20883
16088,293.480377,0,1.830102,0.20883
16089,293.480377,0,1.830102,0.20883
16090,293.480377,0,1.830102,0.20883
16091,293.123962,0,1.848744,0.210274
16092,293.123962,0,1.848744,0.210274
16093,293.123962,0,1.848744,0.210274
16094,293.123962,0,1.848744,0.210274
16095,292.887695,0,1.847862,0.210694
16096,292.887695,0,1.847862,0.210694
16097,292.073364,0,1.874339,0.213893
16098,292.073364,0,1.874339,0.213893
16099,293.084595,0,1.842998,0.210158
16100,293.084595,0,1.842998,0.210158
16101,293.084595,0,1.842998,0.210158
16102,293.084595,0,1.842998,0.210158
16103,293.352234,0,1.833939,0.209302
16104,293.352234,0,1.833939,0.209302
16105,293.758423,0,1.820741,0.208031
16106,293.758423,0,1.820741,0.208031
16107,293.758423,0,1.820741,0.208031
16108,293.758423,0,1.820741,0.208031
16109,293.758423,0,1.820741,0.208031
16110,293.758423,0,1.820741,0.208031
16111,293.758423,0,1.820741,0.208031
16112,293.099274,0,1.840476,0.210054
16113,293.099274,0,1.840476,0.210054
16114,293.099274,0,1.840476,0.210054
16115,293.099274,0,1.840476,0.210054
16116,294.846954,0,1.821052,0.209811
16117,294.846954,0,1.821052,0.209811
16118,294.041718,0,1.799058,0.20648
16119,294.041718,0,1.799058,0.20648
16120,294.041718,0,1.799058,0.20648
16121,294.041718,0,1.799058,0.20648
16122,294.041718,0,1.799058,0.20648
16123,294.041718,0,1.799058,0.20648
16124,294.041718,0,1.799058,0.20648
16125,294.041718,0,1.799058,0.20648
16126,294.041718,0,1.799058,0.20648
16127,294.04007,0,1.81314,0.207151
16128,294.04007,0,1.81314,0.207151
16129,294.04007,0,1.81314,0.207151
16130,294.04007,0,1.81314,0.207151
16131,294.04007,0,1.81314,0.207151
16132,294.04007,0,1.81314,0.207151
16133,294.970001,2e-06,1.779269,0.203643
16134,294.970001,2e-06,1.779269,0.203643
16135,294.970001,2e-06,1.779269,0.203643
16136,294.970001,2e-06,1.779269,0.203643
16137,294.970001,2e-06,1.779269,0.203643
16138,294.970001,2e-06,1.779269,0.203643
16139,294.970001,2e-06,1.779269,0.203643
16140,294.970001,2e-06,1.779269,0.203643
16141,294.970001,2e-06,1.779269,0.203643
16142,294.970001,2e-06,1.779269,0.203643
16143,294.970001,2e-06,1.779269,0.203643
16144,294.970001,2e-06,1.779269,0.203643
16145,294.970001,2e-06,1.779269,0.203643
16146,294.631561,0,1.784507,0.204521
16147,294.631561,0,1.784507,0.204521
16148,294.631561,0,1.784507,0.204521
16149,294.346405,0,1.801913,0.206051
16150,294.346405,0,1.801913,0.206051
16151,294.346405,0,1.801913,0.206051
16152,294.346405,0,1.801913,0.206051
16153,294.346405,0,1.801913,0.206051
16154,294.721771,7e-06,1.789121,0.204668
16155,294.721771,7e-06,1.789121,0.204668
16156,294.721771,7e-06,1.789121,0.204668
16157,294.721771,7e-06,1.789121,0.204668
16158,294.721771,7e-06,1.789121,0.204668
16159,294.721771,7e-06,1.789121,0.204668
16160,294.721771,7e-06,1.789121,0.204668
16161,294.721771,7e-06,1.789121,0.204668
16162,294.721771,7e-06,1.789121,0.204668
16163,294.165649,0,1.810794,0.206739
16164,294.165649,0,1.810794,0.206739
16165,294.165649,0,1.810794,0.206739
16166,294.165649,0,1.810794,0.206739
16167,294.165649,0,1.810794,0.206739
16168,294.165649,0,1.810794,0.206739
16169,294.165649,0,1.810794,0.206739
16170,294.165649,0,1.810794,0.206739
16171,294.165649,0,1.810794,0.206739
16172,294.165649,0,1.810794,0.206739
16173,294.165649,0,1.810794,0.206739
16174,294.165649,0,1.810794,0.206739
16175,294.165649,0,1.810794,0.206739
16176,294.165649,0,1.810794,0.206739
16177,294.246613,0,1.807994,0.20637
16178,294.246613,0,1.807994,0.20637
16179,294.246613,0,1.807994,0.20637
16180,294.246613,0,1.807994,0.20637
16181,294.246613,0,1.807994,0.20637
16182,294.246613,0,1.807994,0.20637
16183,294.246613,0,1.807994,0.20637
16184,294.246613,0,1.807994,0.20637
16185,294.246613,0,1.807994,0.20637
16186,294.246613,0,1.807994,0.20637
16187,294.246613,0,1.807994,0.20637
16188,294.246613,0,1.807994,0.20637
16189,294.985138,0,1.779747,0.203678
16190,294.985138,0,1.779747,0.203678
16191,294.955109,0,1.778424,0.20361
16192,294.955109,0,1.778424,0.20361
16193,294.955109,0,1.778424,0.20361
16194,294.955109,0,1.778424,0.20361
16195,294.955109,0,1.778424,0.20361
16196,294.955109,0,1.778424,0.20361
16197,294.955109,0,1.778424,0.20361
16198,294.955109,0,1.778424,0.20361
16199,294.955109,0,1.778424,0.20361
16200,294.298462,0,1.795712,0.205529
16201,294.298462,0,1.795712,0.205529
16202,294.569397,0,1.784052,0.204511
16203,294.569397,0,1.784052,0.204511
16204,294.569397,0,1.784052,0.204511
16205,294.569397,0,1.784052,0.204511
16206,295.945282,0,1.683879,0.195695
16207,295.945282,0,1.683879,0.195695
16208,295.945282,0,1.683879,0.195695
16209,295.945282,0,1.683879,0.195695
16210,295.945282,0,1.683879,0.195695
16211,295.945282,0,1.683879,0.195695
16212,295.945282,0,1.683879,0.195695
16213,295.819305,0,1.699946,0.197049
16214,295.819305,0,1.699946,0.197049
16215,295.819305,0,1.699946,0.197049
16216,295.819305,0,1.699946,0.197049
16217,295.819305,0,1.699946,0.197049
16218,295.819305,0,1.699946,0.197049
16219,295.819305,0,1.699946,0.197049
16220,295.819305,0,1.699946,0.197049
16221,295.819305,0,1.699946,0.197049
16222,295.819305,0,1.699946,0.197049
16223,295.819305,0,1.699946,0.197049
16224,295.819305,0,1.699946,0.197049
16225,295.410156,0,1.727885,0.199554
16226,295.410156,0,1.727885,0.199554
16227,295.410156,0,1.727885,0.199554
16228,295.36203,0,1.755618,0.201439
16229,294.970917,0,1.782075,0.20376
16230,293.443146,0,1.804844,0.20727
16231,293.443146,0,1.804844,0.20727
16232,293.443146,0,1.804844,0.20727
16233,293.443146,0,1.804844,0.20727
16234,293.443146,0,1.804844,0.20727
16235,293.443146,0,1.804844,0.20727
16236,293.443146,0,1.804844,0.20727
16237,293.443146,0,1.804844,0.20727
16238,293.443146,0,1.804844,0.20727
16239,293.443146,0,1.804844,0.20727
16240,293.443146,0,1.804844,0.20727
16241,293.443146,0,1.804844,0.20727
16242,293.443146,0,1.804844,0.20727
16243,293.443146,0,1.804844,0.20727
16244,293.443146,0,1.804844,0.20727
16245,293.443146,0,1.804844,0.20727
16246,293.443146,0,1.804844,0.20727
16247,292.976135,0,1.817146,0.208691
16248,292.976135,0,1.817146,0.208691
16249,292.976135,0,1.817146,0.208691
16250,292.976135,0,1.817146,0.208691
16251,292.976135,0,1.817146,0.208691
16252,292.976135,0,1.817146,0.208691
16253,292.976135,0,1.817146,0.208691
16254,292.976135,0,1.817146,0.208691
16255,292.976135,0,1.817146,0.208691
16256,292.976135,0,1.817146,0.208691
16257,292.976135,0,1.817146,0.208691
16258,292.171417,0,1.825471,0.209885
16259,292.171417,0,1.825471,0.209885
16260,292.171417,0,1.825471,0.209885
16261,292.171417,0,1.825471,0.209885
16262,292.171417,0,1.825471,0.209885
16263,292.171417,0,1.825471,0.209885
16264,292.171417,0,1.825471,0.209885
16265,291.735504,0,1.841623,0.211561
16266,291.735504,0,1.841623,0.211561
16267,291.735504,0,1.841623,0.211561
16268,291.735504,0,1.841623,0.211561
16269,291.735504,0,1.841623,0.211561
16270,291.735504,0,1.841623,0.211561
16271,291.735504,0,1.841623,0.211561
16272,291.735504,0,1.841623,0.211561
16273,291.735504,0,1.841623,0.211561
16274,290.714447,0,1.90445,0.216705
16275,291.381561,0,1.860178,0.213245
16276,291.381561,0,1.860178,0.213245
16277,291.381561,0,1.860178,0.213245
16278,291.381561,0,1.860178,0.213245
16279,291.381561,0,1.860178,0.213245
16280,290.714447,0,1.90445,0.216705
16281,290.714447,0,1.90445,0.216705
16282,290.714447,0,1.90445,0.216705
16283,290.714447,0,1.90445,0.216705
16284,290.714447,0,1.90445,0.216705
16285,290.714447,0,1.90445,0.216705
16286,290.714447,0,1.90445,0.216705
16287,291.381561,0,1.860178,0.213245
16288,291.381561,0,1.860178,0.213245
16289,291.381561,0,1.860178,0.213245
16290,290.714447,0,1.90445,0.216705
16291,290.714447,0,1.90445,0.216705
16292,290.714447,0,1.90445,0.216705
16293,290.714447,0,1.90445,0.216705
16294,290.714447,0,1.90445,0.216705
16295,290.714447,0,1.90445,0.216705
16296,291.381561,0,1.860178,0.213245
16297,291.381561,0,1.860178,0.213245
16298,291.381561,0,1.860178,0.213245
16299,291.381561,0,1.860178,0.213245
16300,291.381561,0,1.860178,0.213245
16301,291.381561,0,1.860178,0.213245
16302,291.381561,0,1.860178,0.213245
16303,291.159363,0,1.890293,0.215693
16304,291.159363,0,1.890293,0.215693
16305,291.159363,0,1.890293,0.215693
16306,291.159363,0,1.890293,0.215693
16307,291.159363,0,1.890293,0.215693
16308,291.959991,0,1.843222,0.211676
16309,291.959991,0,1.843222,0.211676
16310,291.959991,0,1.843222,0.211676
16311,291.959991,0,1.843222,0.211676
16312,291.959991,0,1.843222,0.211676
16313,291.959991,0,1.843222,0.211676
16314,291.959991,0,1.843222,0.211676
16315,291.959991,0,1.843222,0.211676
16316,291.959991,0,1.843222,0.211676
16317,291.959991,0,1.843222,0.211676
16318,291.959991,0,1.843222,0.211676
16319,291.959991,0,1.843222,0.211676
16320,291.959991,0,1.843222,0.211676
16321,291.959991,0,1.843222,0.211676
16322,291.959991,0,1.843222,0.211676
16323,291.959991,0,1.843222,0.211676
16324,291.959991,0,1.843222,0.211676
16325,291.959991,0,1.843222,0.211676
16326,291.959991,0,1.843222,0.211676
16327,291.959991,0,1.843222,0.211676
16328,291.959991,0,1.843222,0.211676
16329,291.959991,0,1.843222,0.211676
16330,291.959991,0,1.843222,0.211676
16331,291.959991,0,1.843222,0.211676
16332,291.959991,0,1.843222,0.211676
16333,291.959991,0,1.843222,0.211676
16334,291.959991,0,1.843222,0.211676
16335,291.781067,0,1.860763,0.21312
16336,293.513977,0,1.826495,0.208456
16337,293.513977,0,1.826495,0.208456
16338,293.513977,0,1.826495,0.208456
16339,293.513977,0,1.826495,0.208456
16340,293.513977,0,1.826495,0.208456
16341,293.513977,0,1.826495,0.208456
16342,293.513977,0,1.826495,0.208456
16343,293.085236,0,1.831696,0.209304
16344,293.085236,0,1.831696,0.209304
16345,293.085236,0,1.831696,0.209304
16346,293.085236,0,1.831696,0.209304
16347,293.085236,0,1.831696,0.209304
16348,293.085236,0,1.831696,0.209304
16349,293.085236,0,1.831696,0.209304
16350,292.597229,0,1.845206,0.210809
16351,292.597229,0,1.845206,0.210809
16352,292.597229,0,1.845206,0.210809
16353,292.597229,0,1.845206,0.210809
16354,292.597229,0,1.845206,0.210809
16355,292.597229,0,1.845206,0.210809
16356,292.597229,0,1.845206,0.210809
16357,292.597229,0,1.845206,0.210809
16358,292.597229,0,1.845206,0.210809
16359,292.597229,0,1.845206,0.210809
16360,292.072266,0,1.864335,0.212857
16361,292.072266,0,1.864335,0.212857
16362,292.072266,0,1.864335,0.212857
16363,291.072571,0,1.904286,0.216652
16364,291.072571,0,1.904286,0.216652
16365,291.781067,0,1.860763,0.21312
16366,291.781067,0,1.860763,0.21312
16367,291.781067,0,1.860763,0.21312
16368,291.224152,0,1.892202,0.215721
16369,291.224152,0,1.892202,0.215721
16370,291.224152,0,1.892202,0.215721
16371,292.330231,0,1.831505,0.211007
16372,292.330231,0,1.831505,0.211007
16373,292.330231,0,1.831505,0.211007
16374,292.330231,0,1.831505,0.211007
16375,292.330231,0,1.831505,0.211007
16376,292.330231,0,1.831505,0.211007
16377,292.330231,0,1.831505,0.211007
16378,292.330231,0,1.831505,0.211007
16379,293.022491,0,1.825459,0.209012
16380,293.022491,0,1.825459,0.209012
16381,293.022491,0,1.825459,0.209012
16382,293.022491,0,1.825459,0.209012
16383,293.022491,0,1.825459,0.209012
16384,293.022491,0,1.825459,0.209012
16385,293.022491,0,1.825459,0.209012
16386,293.085236,0,1.831696,0.209304
16387,293.085236,0,1.831696,0.209304
16388,293.085236,0,1.831696,0.209304
16389,293.085236,0,1.831696,0.209304
16390,293.085236,0,1.831696,0.209304
16391,293.085236,0,1.831696,0.209304
16392,293.085236,0,1.831696,0.209304
16393,293.085236,0,1.831696,0.209304
16394,293.085236,0,1.831696,0.209304
16395,293.085236,0,1.831696,0.209304
16396,293.085236,0,1.831696,0.209304
16397,293.085236,0,1.831696,0.209304
16398,293.085236,0,1.831696,0.209304
16399,293.085236,0,1.831696,0.209304
16400,293.085236,0,1.831696,0.209304
16401,293.085236,0,1.831696,0.209304
16402,293.085236,0,1.831696,0.209304
16403,293.085236,0,1.831696,0.209304
16404,293.085236,0,1.831696,0.209304
16405,293.085236,0,1.831696,0.209304
16406,293.085236,0,1.831696,0.209304
16407,293.085236,0,1.831696,0.209304
16408,293.085236,0,1.831696,0.209304
16409,293.085236,0,1.831696,0.209304
16410,293.085236,0,1.831696,0.209304
16411,293.085236,0,1.831696,0.209304
16412,293.085236,0,1.831696,0.209304
16413,293.085236,0,1.831696,0.209304
16414,293.085236,0,1.831696,0.209304
16415,293.085236,0,1.831696,0.209304
16416,293.085236,0,1.831696,0.209304
16417,293.085236,0,1.831696,0.209304
16418,293.085236,0,1.831696,0.209304
16419,293.085236,0,1.831696,0.209304
16420,293.085236,0,1.831696,0.209304
16421,293.085236,0,1.831696,0.209304
16422,293.085236,0,1.831696,0.209304
16423,293.085236,0,1.831696,0.209304
16424,293.085236,0,1.831696,0.209304
16425,293.085236,0,1.831696,0.209304
16426,293.085236,0,1.831696,0.209304
16427,293.085236,0,1.831696,0.209304
16428,293.085236,0,1.831696,0.209304
16429,293.085236,0,1.831696,0.209304
16430,293.085236,0,1.831696,0.209304
16431,293.085236,0,1.831696,0.209304
16432,293.085236,0,1.831696,0.209304
16433,293.085236,0,1.831696,0.209304
16434,293.085236,0,1.831696,0.209304
16435,293.085236,0,1.831696,0.209304
16436,293.085236,0,1.831696,0.209304
16437,293.085236,0,1.831696,0.209304
16438,293.085236,0,1.831696,0.209304
16439,293.085236,0,1.831696,0.209304
16440,293.085236,0,1.831696,0.209304
16441,293.085236,0,1.831696,0.209304
16442,293.085236,0,1.831696,0.209304
16443,293.085236,0,1.831696,0.209304
16444,293.085236,0,1.831696,0.209304
16445,293.085236,0,1.831696,0.209304
16446,293.085236,0,1.831696,0.209304
16447,293.085236,0,1.831696,0.209304
16448,293.085236,0,1.831696,0.209304
16449,293.085236,0,1.831696,0.209304
16450,293.085236,0,1.831696,0.209304
16451,293.085236,0,1.831696,0.209304
16452,293.085236,0,1.831696,0.209304
16453,293.085236,0,1.831696,0.209304
16454,293.085236,0,1.831696,0.209304
16455,293.085236,0,1.831696,0.209304
16456,293.085236,0,1.831696,0.209304
16457,293.085236,0,1.831696,0.209304
16458,293.085236,0,1.831696,0.209304
16459,293.085236,0,1.831696,0.209304
16460,293.085236,0,1.831696,0.209304
16461,293.085236,0,1.831696,0.209304
16462,293.085236,0,1.831696,0.209304
16463,293.085236,0,1.831696,0.209304
16464,293.085236,0,1.831696,0.209304
16465,293.085236,0,1.831696,0.209304
16466,293.085236,0,1.831696,0.209304
16467,293.085236,0,1.831696,0.209304
16468,293.085236,0,1.831696,0.209304
16469,293.085236,0,1.831696,0.209304
16470,293.085236,0,1.831696,0.209304
16471,293.085236,0,1.831696,0.209304
16472,293.085236,0,1.831696,0.209304
16473,293.085236,0,1.831696,0.209304
16474,293.085236,0,1.831696,0.209304
16475,293.085236,0,1.831696,0.209304
16476,293.085236,0,1.831696,0.209304
16477,293.085236,0,1.831696,0.209304
16478,293.085236,0,1.831696,0.209304
16479,293.085236,0,1.831696,0.209304
16480,293.085236,0,1.831696,0.209304
16481,293.085236,0,1.831696,0.209304
16482,293.085236,0,1.831696,0.209304
16483,293.085236,0,1.831696,0.209304
16484,293.085236,0,1.831696,0.209304
16485,293.085236,0,1.831696,0.209304
16486,293.085236,0,1.831696,0.209304
16487,293.085236,0,1.831696,0.209304
16488,293.085236,0,1.831696,0.209304
16489,293.085236,0,1.831696,0.209304
16490,293.085236,0,1.831696,0.209304
16491,293.085236,0,1.831696,0.209304
16492,293.085236,0,1.831696,0.209304
16493,293.085236,0,1.831696,0.209304
16494,293.085236,0,1.831696,0.209304
16495,293.085236,0,1.831696,0.209304
16496,293.085236,0,1.831696,0.209304
16497,293.085236,0,1.831696,0.209304
16498,293.085236,0,1.831696,0.209304
16499,293.085236,0,1.831696,0.209304
16500,293.085236,0,1.831696,0.209304
16501,293.085236,0,1.831696,0.209304
16502,293.085236,0,1.831696,0.209304
16503,293.085236,0,1.831696,0.209304
16504,293.085236,0,1.831696,0.209304
16505,293.085236,0,1.831696,0.209304
16506,293.085236,0,1.831696,0.209304
16507,293.085236,0,1.831696,0.209304
16508,293.085236,0,1.831696,0.209304
16509,293.085236,0,1.831696,0.209304
16510,293.085236,0,1.831696,0.209304
16511,293.085236,0,1.831696,0.209304
16512,293.085236,0,1.831696,0.209304
16513,293.085236,0,1.831696,0.209304
16514,293.085236,0,1.831696,0.209304
16515,293.085236,0,1.831696,0.209304
16516,293.085236,0,1.831696,0.209304
16517,293.085236,0,1.831696,0.209304
16518,293.085236,0,1.831696,0.209304
16519,293.085236,0,1.831696,0.209304
16520,293.085236,0,1.831696,0.209304
16521,293.085236,0,1.831696,0.209304
16522,293.085236,0,1.831696,0.209304
16523,293.085236,0,1.831696,0.209304
16524,293.085236,0,1.831696,0.209304
16525,293.085236,0,1.831696,0.209304
16526,293.085236,0,1.831696,0.209304
16527,293.085236,0,1.831696,0.209304
16528,293.085236,0,1.831696,0.209304
16529,293.085236,0,1.831696,0.209304
16530,293.085236,0,1.831696,0.209304
16531,293.085236,0,1.831696,0.209304
16532,293.085236,0,1.831696,0.209304
16533,293.085236,0,1.831696,0.209304
16534,293.085236,0,1.831696,0.209304
16535,293.085236,0,1.831696,0.209304
16536,293.085236,0,1.831696,0.209304
16537,293.085236,0,1.831696,0.209304
16538,293.085236,0,1.831696,0.209304
16539,293.085236,0,1.831696,0.209304
16540,293.085236,0,1.831696,0.209304
16541,293.085236,0,1.831696,0.209304
16542,293.085236,0,1.831696,0.209304
16543,293.085236,0,1.831696,0.209304
16544,293.085236,0,1.831696,0.209304
16545,293.085236,0,1.831696,0.209304
16546,293.085236,0,1.831696,0.209304
16547,293.085236,0,1.831696,0.209304
16548,293.085236,0,1.831696,0.209304
16549,293.085236,0,1.831696,0.209304
16550,293.085236,0,1.831696,0.209304
16551,293.085236,0,1.831696,0.209304
16552,293.085236,0,1.831696,0.209304
16553,293.085236,0,1.831696,0.209304
16554,293.085236,0,1.831696,0.209304
16555,293.085236,0,1.831696,0.209304
16556,293.085236,0,1.831696,0.209304
16557,293.085236,0,1.831696,0.209304
16558,293.085236,0,1.831696,0.209304
16559,293.085236,0,1.831696,0.209304
16560,293.085236,0,1.831696,0.209304
16561,293.085236,0,1.831696,0.209304
16562,293.085236,0,1.831696,0.209304
16563,293.085236,0,1.831696,0.209304
16564,293.085236,0,1.831696,0.209304
16565,293.085236,0,1.831696,0.209304
16566,293.085236,0,1.831696,0.209304
16567,293.085236,0,1.831696,0.209304
16568,293.085236,0,1.831696,0.209304
16569,293.085236,0,1.831696,0.209304
16570,293.085236,0,1.831696,0.209304
16571,293.085236,0,1.831696,0.209304
16572,293.085236,0,1.831696,0.209304
16573,293.085236,0,1.831696,0.209304
16574,293.085236,0,1.831696,0.209304
16575,293.085236,0,1.831696,0.209304
16576,293.085236,0,1.831696,0.209304
16577,293.085236,0,1.831696,0.209304
16578,293.085236,0,1.831696,0.209304
16579,293.085236,0,1.831696,0.209304
16580,293.085236,0,1.831696,0.209304
16581,293.085236,0,1.831696,0.209304
16582,293.085236,0,1.831696,0.209304
16583,293.085236,0,1.831696,0.209304
16584,293.085236,0,1.831696,0.209304
16585,293.085236,0,1.831696,0.209304
16586,293.085236,0,1.831696,0.209304
16587,293.085236,0,1.831696,0.209304
16588,293.085236,0,1.831696,0.209304
16589,293.085236,0,1.831696,0.209304
16590,293.085236,0,1.831696,0.209304
16591,293.085236,0,1.831696,0.209304
16592,293.085236,0,1.831696,0.209304
16593,293.085236,0,1.831696,0.209304
16594,293.085236,0,1.831696,0.209304
16595,293.085236,0,1.831696,0.209304
16596,293.085236,0,1.831696,0.209304
16597,293.085236,0,1.831696,0.209304
16598,293.085236,0,1.831696,0.209304
16599,293.085236,0,1.831696,0.209304
16600,293.085236,0,1.831696,0.209304
16601,293.085236,0,1.831696,0.209304
16602,293.085236,0,1.831696,0.209304
16603,293.085236,0,1.831696,0.209304
16604,293.085236,0,1.831696,0.209304
16605,293.085236,0,1.831696,0.209304
16606,293.085236,0,1.831696,0.209304
16607,293.085236,0,1.831696,0.209304
16608,293.085236,0,1.831696,0.209304
16609,293.085236,0,1.831696,0.209304
16610,293.085236,0,1.831696,0.209304
16611,293.085236,0,1.831696,0.209304
16612,293.085236,0,1.831696,0.209304
16613,293.085236,0,1.831696,0.209304
16614,293.085236,0,1.831696,0.209304
16615,293.085236,0,1.831696,0.209304
16616,293.085236,0,1.831696,0.209304
16617,293.085236,0,1.831696,0.209304
16618,293.085236,0,1.831696,0.209304
16619,293.085236,0,1.831696,0.209304
16620,293.085236,0,1.831696,0.209304
16621,293.085236,0,1.831696,0.209304
16622,293.085236,0,1.831696,0.209304
16623,293.085236,0,1.831696,0.209304
16624,293.085236,0,1.831696,0.209304
16625,293.085236,0,1.831696,0.209304
16626,293.085236,0,1.831696,0.209304
16627,293.085236,0,1.831696,0.209304
16628,293.085236,0,1.831696,0.209304
16629,293.085236,0,1.831696,0.209304
16630,293.085236,0,1.831696,0.209304
16631,293.085236,0,1.831696,0.209304
16632,293.085236,0,1.831696,0.209304
16633,293.085236,0,1.831696,0.209304
16634,293.085236,0,1.831696,0.209304
16635,293.085236,0,1.831696,0.209304
16636,293.085236,0,1.831696,0.209304
16637,293.085236,0,1.831696,0.209304
16638,293.085236,0,1.831696,0.209304
16639,293.085236,0,1.831696,0.209304
16640,293.085236,0,1.831696,0.209304
16641,293.085236,0,1.831696,0.209304
16642,293.085236,0,1.831696,0.209304
16643,293.085236,0,1.831696,0.209304
16644,293.085236,0,1.831696,0.209304
16645,293.085236,0,1.831696,0.209304
16646,293.085236,0,1.831696,0.209304
16647,287.664215,1.2e-05,2.023614,0.210792
16648,287.664215,1.2e-05,2.023614,0.210792
16649,287.664215,1.2e-05,2.023614,0.210792
16650,287.664215,1.2e-05,2.023614,0.210792
16651,287.664215,1.2e-05,2.023614,0.210792
16652,287.664215,1.2e-05,2.023614,0.210792
16653,287.664215,1.2e-05,2.023614,0.210792
16654,287.664215,1.2e-05,2.023614,0.210792
16655,287.664215,1.2e-05,2.023614,0.210792
16656,287.664215,1.2e-05,2.023614,0.210792
16657,NA,NA,NA,NA
16658,NA,NA,NA,NA
16659,NA,NA,NA,NA
16660,NA,NA,NA,NA
16661,NA,NA,NA,NA
16662,287.664215,1.2e-05,2.023614,0.210792
16663,287.664215,1.2e-05,2.023614,0.210792
16664,287.664215,1.2e-05,2.023614,0.210792
16665,NA,NA,NA,NA
16666,NA,NA,NA,NA
16667,NA,NA,NA,NA
16668,NA,NA,NA,NA
16669,NA,NA,NA,NA
16670,NA,NA,NA,NA
16671,287.664215,1.2e-05,2.023614,0.210792
16672,287.664215,1.2e-05,2.023614,0.210792
16673,287.664215,1.2e-05,2.023614,0.210792
16674,287.571747,0,2.031157,0.211617
16675,287.571747,0,2.031157,0.211617
16676,287.469543,0,2.031348,0.212209
16677,287.469543,0,2.031348,0.212209
16678,287.469543,0,2.031348,0.212209
16679,287.469543,0,2.031348,0.212209
16680,287.469543,0,2.031348,0.212209
16681,287.469543,0,2.031348,0.212209
16682,287.469543,0,2.031348,0.212209
16683,287.469543,0,2.031348,0.212209
16684,287.469543,0,2.031348,0.212209
16685,287.469543,0,2.031348,0.212209
16686,287.469543,0,2.031348,0.212209
16687,287.469543,0,2.031348,0.212209
16688,287.59198,0,2.032436,0.21154
16689,287.59198,0,2.032436,0.21154
16690,287.59198,0,2.032436,0.21154
16691,287.59198,0,2.032436,0.21154
16692,287.59198,0,2.032436,0.21154
16693,287.59198,0,2.032436,0.21154
16694,287.59198,0,2.032436,0.21154
16695,287.59198,0,2.032436,0.21154
16696,287.59198,0,2.032436,0.21154
16697,287.59198,0,2.032436,0.21154
16698,287.59198,0,2.032436,0.21154
16699,287.604858,0,2.031924,0.211431
16700,287.604858,0,2.031924,0.211431
16701,287.604858,0,2.031924,0.211431
16702,287.604858,0,2.031924,0.211431
16703,287.604858,0,2.031924,0.211431
16704,287.604858,0,2.031924,0.211431
16705,287.604858,0,2.031924,0.211431
16706,287.604858,0,2.031924,0.211431
16707,NA,NA,NA,NA
16708,NA,NA,NA,NA
16709,NA,NA,NA,NA
16710,NA,NA,NA,NA
16711,NA,NA,NA,NA
16712,NA,NA,NA,NA
16713,NA,NA,NA,NA
16714,NA,NA,NA,NA
16715,NA,NA,NA,NA
16716,NA,NA,NA,NA
16717,NA,NA,NA,NA
16718,NA,NA,NA,NA
16719,NA,NA,NA,NA
16720,NA,NA,NA,NA
16721,NA,NA,NA,NA
16722,NA,NA,NA,NA
16723,NA,NA,NA,NA
16724,NA,NA,NA,NA
16725,NA,NA,NA,NA
16726,NA,NA,NA,NA
16727,NA,NA,NA,NA
16728,NA,NA,NA,NA
16729,NA,NA,NA,NA
16730,NA,NA,NA,NA
16731,NA,NA,NA,NA
16732,NA,NA,NA,NA
16733,NA,NA,NA,NA
16734,NA,NA,NA,NA
16735,NA,NA,NA,NA
16736,NA,NA,NA,NA
16737,NA,NA,NA,NA
16738,NA,NA,NA,NA
16739,NA,NA,NA,NA
16740,NA,NA,NA,NA
16741,NA,NA,NA,NA
16742,NA,NA,NA,NA
16743,NA,NA,NA,NA
16744,287.438873,0,2.030194,0.212359
16745,287.438873,0,2.030194,0.212359
16746,287.469543,0,2.031348,0.212209
16747,287.469543,0,2.031348,0.212209
16748,287.469543,0,2.031348,0.212209
16749,287.469543,0,2.031348,0.212209
16750,287.469543,0,2.031348,0.212209
16751,287.469543,0,2.031348,0.212209
16752,287.469543,0,2.031348,0.212209
16753,287.469543,0,2.031348,0.212209
16754,287.469543,0,2.031348,0.212209
16755,287.469543,0,2.031348,0.212209
16756,287.469543,0,2.031348,0.212209
16757,287.469543,0,2.031348,0.212209
16758,287.469543,0,2.031348,0.212209
16759,287.469543,0,2.031348,0.212209
16760,287.469543,0,2.031348,0.212209
16761,287.469543,0,2.031348,0.212209
16762,287.469543,0,2.031348,0.212209
16763,287.469543,0,2.031348,0.212209
16764,287.469543,0,2.031348,0.212209
16765,287.469543,0,2.031348,0.212209
16766,287.469543,0,2.031348,0.212209
16767,287.469543,0,2.031348,0.212209
16768,287.469543,0,2.031348,0.212209
16769,287.469543,0,2.031348,0.212209
16770,287.469543,0,2.031348,0.212209
16771,287.469543,0,2.031348,0.212209
16772,287.469543,0,2.031348,0.212209
16773,287.469543,0,2.031348,0.212209
16774,287.469543,0,2.031348,0.212209
16775,287.469543,0,2.031348,0.212209
16776,287.469543,0,2.031348,0.212209
16777,287.469543,0,2.031348,0.212209
16778,287.469543,0,2.031348,0.212209
16779,287.469543,0,2.031348,0.212209
16780,287.469543,0,2.031348,0.212209
16781,287.469543,0,2.031348,0.212209
16782,287.469543,0,2.031348,0.212209
16783,287.469543,0,2.031348,0.212209
16784,287.469543,0,2.031348,0.212209
16785,287.469543,0,2.031348,0.212209
16786,287.469543,0,2.031348,0.212209
16787,287.469543,0,2.031348,0.212209
16788,287.469543,0,2.031348,0.212209
16789,287.469543,0,2.031348,0.212209
16790,287.469543,0,2.031348,0.212209
16791,287.469543,0,2.031348,0.212209
16792,287.469543,0,2.031348,0.212209
16793,287.469543,0,2.031348,0.212209
16794,287.469543,0,2.031348,0.212209
16795,287.469543,0,2.031348,0.212209
16796,287.469543,0,2.031348,0.212209
16797,287.469543,0,2.031348,0.212209
16798,287.469543,0,2.031348,0.212209
16799,287.469543,0,2.031348,0.212209
16800,287.469543,0,2.031348,0.212209
16801,287.469543,0,2.031348,0.212209
16802,287.469543,0,2.031348,0.212209
16803,287.469543,0,2.031348,0.212209
16804,287.469543,0,2.031348,0.212209
16805,287.469543,0,2.031348,0.212209
16806,287.469543,0,2.031348,0.212209
16807,287.469543,0,2.031348,0.212209
16808,287.469543,0,2.031348,0.212209
16809,287.469543,0,2.031348,0.212209
16810,287.563049,0,2.026408,0.21123
16811,287.563049,0,2.026408,0.21123
16812,287.563049,0,2.026408,0.21123
16813,287.563049,0,2.026408,0.21123
16814,287.581573,0,2.030633,0.211533
16815,287.581573,0,2.030633,0.211533
16816,287.581573,0,2.030633,0.211533
16817,287.581573,0,2.030633,0.211533
16818,287.581573,0,2.030633,0.211533
16819,287.581573,0,2.030633,0.211533
16820,287.581573,0,2.030633,0.211533
16821,287.571747,0,2.031157,0.211617
16822,287.571747,0,2.031157,0.211617
16823,287.571747,0,2.031157,0.211617
16824,287.608795,0,2.034803,0.21197
16825,287.608795,0,2.034803,0.21197
16826,287.608795,0,2.034803,0.21197
16827,287.608795,0,2.034803,0.21197
16828,287.608795,0,2.034803,0.21197
16829,287.608795,0,2.034803,0.21197
16830,287.608795,0,2.034803,0.21197
16831,287.608795,0,2.034803,0.21197
16832,287.608795,0,2.034803,0.21197
16833,287.608795,0,2.034803,0.21197
16834,287.570709,0,2.035784,0.211986
16835,287.570709,0,2.035784,0.211986
16836,287.570709,0,2.035784,0.211986
16837,287.570709,0,2.035784,0.211986
16838,287.633575,0,2.034224,0.211802
16839,287.633575,0,2.034224,0.211802
16840,287.633575,0,2.034224,0.211802
16841,287.633575,0,2.034224,0.211802
16842,287.633575,0,2.034224,0.211802
16843,287.633575,0,2.034224,0.211802
16844,287.633575,0,2.034224,0.211802
16845,287.633575,0,2.034224,0.211802
16846,287.633575,0,2.034224,0.211802
16847,287.633575,0,2.034224,0.211802
16848,287.633575,0,2.034224,0.211802
16849,287.633575,0,2.034224,0.211802
16850,287.633575,0,2.034224,0.211802
16851,287.724457,0,2.022079,0.211013
16852,287.724457,0,2.022079,0.211013
16853,287.724457,0,2.022079,0.211013
16854,287.724457,0,2.022079,0.211013
16855,287.724457,0,2.022079,0.211013
16856,287.724457,0,2.022079,0.211013
16857,287.724457,0,2.022079,0.211013
16858,287.724457,0,2.022079,0.211013
16859,287.724457,0,2.022079,0.211013
16860,287.724457,0,2.022079,0.211013
16861,287.724457,0,2.022079,0.211013
16862,287.724457,0,2.022079,0.211013
16863,287.724457,0,2.022079,0.211013
16864,287.664276,0,2.029557,0.211533
16865,287.664276,0,2.029557,0.211533
16866,287.664276,0,2.029557,0.211533
16867,287.664276,0,2.029557,0.211533
16868,287.664276,0,2.029557,0.211533
16869,287.664276,0,2.029557,0.211533
16870,287.664276,0,2.029557,0.211533
16871,287.664276,0,2.029557,0.211533
16872,287.633575,0,2.034224,0.211802
16873,287.633575,0,2.034224,0.211802
16874,287.633575,0,2.034224,0.211802
16875,287.633575,0,2.034224,0.211802
16876,287.633575,0,2.034224,0.211802
16877,287.633575,0,2.034224,0.211802
16878,287.633575,0,2.034224,0.211802
16879,287.633575,0,2.034224,0.211802
16880,287.633575,0,2.034224,0.211802
16881,287.633575,0,2.034224,0.211802
16882,287.633575,0,2.034224,0.211802
16883,287.633575,0,2.034224,0.211802
16884,287.633575,0,2.034224,0.211802
16885,287.633575,0,2.034224,0.211802
16886,287.633575,0,2.034224,0.211802
16887,287.633575,0,2.034224,0.211802
16888,287.633575,0,2.034224,0.211802
16889,287.633575,0,2.034224,0.211802
16890,287.633575,0,2.034224,0.211802
16891,287.633575,0,2.034224,0.211802
16892,287.633575,0,2.034224,0.211802
16893,287.598633,0,2.033824,0.212057
16894,287.631683,0,2.029068,0.211939
16895,287.631683,0,2.029068,0.211939
16896,287.631683,0,2.029068,0.211939
16897,287.631683,0,2.029068,0.211939
16898,287.631683,0,2.029068,0.211939
16899,287.631683,0,2.029068,0.211939
16900,287.631683,0,2.029068,0.211939
16901,287.631683,0,2.029068,0.211939
16902,287.684662,0,2.020836,0.211623
16903,287.684662,0,2.020836,0.211623
16904,287.684662,0,2.020836,0.211623
16905,287.684662,0,2.020836,0.211623
16906,287.684662,0,2.020836,0.211623
16907,287.684662,0,2.020836,0.211623
16908,287.684662,0,2.020836,0.211623
16909,287.684662,0,2.020836,0.211623
16910,287.684662,0,2.020836,0.211623
16911,287.684662,0,2.020836,0.211623
16912,287.684662,0,2.020836,0.211623
16913,287.684662,0,2.020836,0.211623
16914,287.684662,0,2.020836,0.211623
16915,287.684662,0,2.020836,0.211623
16916,287.684662,0,2.020836,0.211623
16917,287.684662,0,2.020836,0.211623
16918,287.684662,0,2.020836,0.211623
16919,287.684662,0,2.020836,0.211623
16920,287.684662,0,2.020836,0.211623
16921,287.684662,0,2.020836,0.211623
16922,287.684662,0,2.020836,0.211623
16923,287.684662,0,2.020836,0.211623
16924,287.684662,0,2.020836,0.211623
16925,287.684662,0,2.020836,0.211623
16926,287.684662,0,2.020836,0.211623
16927,287.684662,0,2.020836,0.211623
16928,287.684662,0,2.020836,0.211623
16929,287.684662,0,2.020836,0.211623
16930,287.684662,0,2.020836,0.211623
16931,287.684662,0,2.020836,0.211623
16932,287.684662,0,2.020836,0.211623
16933,287.684662,0,2.020836,0.211623
16934,287.684662,0,2.020836,0.211623
16935,287.684662,0,2.020836,0.211623
16936,287.684662,0,2.020836,0.211623
16937,287.684662,0,2.020836,0.211623
16938,287.684662,0,2.020836,0.211623
16939,287.684662,0,2.020836,0.211623
16940,287.684662,0,2.020836,0.211623
16941,287.684662,0,2.020836,0.211623
16942,287.684662,0,2.020836,0.211623
16943,287.684662,0,2.020836,0.211623
16944,287.684662,0,2.020836,0.211623
16945,287.684662,0,2.020836,0.211623
16946,287.684662,0,2.020836,0.211623
16947,287.739807,0,2.010358,0.210815
16948,287.739807,0,2.010358,0.210815
16949,287.739807,0,2.010358,0.210815
16950,287.739807,0,2.010358,0.210815
16951,287.739807,0,2.010358,0.210815
16952,287.739807,0,2.010358,0.210815
16953,287.739807,0,2.010358,0.210815
16954,287.739807,0,2.010358,0.210815
16955,287.739807,0,2.010358,0.210815
16956,287.739807,0,2.010358,0.210815
16957,287.739807,0,2.010358,0.210815
16958,287.739807,0,2.010358,0.210815
16959,287.739807,0,2.010358,0.210815
16960,287.739807,0,2.010358,0.210815
16961,287.739807,0,2.010358,0.210815
16962,287.739807,0,2.010358,0.210815
16963,287.739807,0,2.010358,0.210815
16964,287.739807,0,2.010358,0.210815
16965,287.739807,0,2.010358,0.210815
16966,287.739807,0,2.010358,0.210815
16967,287.739807,0,2.010358,0.210815
16968,287.739807,0,2.010358,0.210815
16969,287.739807,0,2.010358,0.210815
16970,287.778992,0,2.010772,0.210503
16971,287.778992,0,2.010772,0.210503
16972,287.778992,0,2.010772,0.210503
16973,287.778992,0,2.010772,0.210503
16974,287.778992,0,2.010772,0.210503
16975,287.778992,0,2.010772,0.210503
16976,287.778992,0,2.010772,0.210503
16977,287.778992,0,2.010772,0.210503
16978,287.778992,0,2.010772,0.210503
16979,287.778992,0,2.010772,0.210503
16980,287.778992,0,2.010772,0.210503
16981,287.778992,0,2.010772,0.210503
16982,287.778992,0,2.010772,0.210503
16983,287.778992,0,2.010772,0.210503
16984,287.778992,0,2.010772,0.210503
16985,287.778992,0,2.010772,0.210503
16986,287.778992,0,2.010772,0.210503
16987,287.778992,0,2.010772,0.210503
16988,287.778992,0,2.010772,0.210503
16989,287.778992,0,2.010772,0.210503
16990,287.778992,0,2.010772,0.210503
16991,287.778992,0,2.010772,0.210503
16992,287.778992,0,2.010772,0.210503
16993,287.778992,0,2.010772,0.210503
16994,287.778992,0,2.010772,0.210503
16995,287.778992,0,2.010772,0.210503
16996,287.778992,0,2.010772,0.210503
16997,287.778992,0,2.010772,0.210503
16998,287.778992,0,2.010772,0.210503
16999,287.778992,0,2.010772,0.210503
17000,287.778992,0,2.010772,0.210503
17001,287.778992,0,2.010772,0.210503
17002,287.778992,0,2.010772,0.210503
17003,287.778992,0,2.010772,0.210503
17004,287.778992,0,2.010772,0.210503
17005,287.778992,0,2.010772,0.210503
17006,287.789764,0,2.015107,0.210563
17007,287.789764,0,2.015107,0.210563
17008,287.789764,0,2.015107,0.210563
17009,287.789764,0,2.015107,0.210563
17010,287.789764,0,2.015107,0.210563
17011,287.789764,0,2.015107,0.210563
17012,287.778992,0,2.010772,0.210503
17013,287.778992,0,2.010772,0.210503
17014,287.778992,0,2.010772,0.210503
17015,287.778992,0,2.010772,0.210503
17016,287.778992,0,2.010772,0.210503
17017,287.778992,0,2.010772,0.210503
17018,287.778992,0,2.010772,0.210503
17019,287.778992,0,2.010772,0.210503
17020,287.778992,0,2.010772,0.210503
17021,287.778992,0,2.010772,0.210503
17022,287.778992,0,2.010772,0.210503
17023,287.778992,0,2.010772,0.210503
17024,287.778992,0,2.010772,0.210503
17025,287.778992,0,2.010772,0.210503
17026,287.778992,0,2.010772,0.210503
17027,287.778992,0,2.010772,0.210503
17028,287.778992,0,2.010772,0.210503
17029,287.789764,0,2.015107,0.210563
17030,287.789764,0,2.015107,0.210563
17031,287.789764,0,2.015107,0.210563
17032,287.789764,0,2.015107,0.210563
17033,287.789764,0,2.015107,0.210563
17034,287.789764,0,2.015107,0.210563
17035,287.789764,0,2.015107,0.210563
17036,287.789764,0,2.015107,0.210563
17037,287.789764,0,2.015107,0.210563
17038,287.789764,0,2.015107,0.210563
17039,287.789764,0,2.015107,0.210563
17040,287.789764,0,2.015107,0.210563
17041,287.789764,0,2.015107,0.210563
17042,287.789764,0,2.015107,0.210563
17043,287.789764,0,2.015107,0.210563
17044,287.789764,0,2.015107,0.210563
17045,287.789764,0,2.015107,0.210563
17046,287.724457,0,2.022079,0.211013
17047,287.724457,0,2.022079,0.211013
17048,287.724457,0,2.022079,0.211013
17049,287.724457,0,2.022079,0.211013
17050,287.724457,0,2.022079,0.211013
17051,287.724457,0,2.022079,0.211013
17052,287.724457,0,2.022079,0.211013
17053,287.724457,0,2.022079,0.211013
17054,287.724457,0,2.022079,0.211013
17055,287.724457,0,2.022079,0.211013
17056,287.724457,0,2.022079,0.211013
17057,287.724457,0,2.022079,0.211013
17058,287.724457,0,2.022079,0.211013
17059,287.601654,0,2.035954,0.212348
17060,287.601654,0,2.035954,0.212348
17061,287.601654,0,2.035954,0.212348
17062,287.601654,0,2.035954,0.212348
17063,287.601654,0,2.035954,0.212348
17064,287.601654,0,2.035954,0.212348
17065,287.601654,0,2.035954,0.212348
17066,287.601654,0,2.035954,0.212348
17067,287.601654,0,2.035954,0.212348
17068,287.601654,0,2.035954,0.212348
17069,287.601654,0,2.035954,0.212348
17070,287.601654,0,2.035954,0.212348
17071,287.601654,0,2.035954,0.212348
17072,287.601654,0,2.035954,0.212348
17073,287.601654,0,2.035954,0.212348
17074,287.601654,0,2.035954,0.212348
17075,287.601654,0,2.035954,0.212348
17076,287.601654,0,2.035954,0.212348
17077,287.601654,0,2.035954,0.212348
17078,287.664276,0,2.029557,0.211533
17079,287.664276,0,2.029557,0.211533
17080,287.724457,0,2.022079,0.211013
17081,287.724457,0,2.022079,0.211013
17082,287.724457,0,2.022079,0.211013
17083,287.724457,0,2.022079,0.211013
17084,287.724457,0,2.022079,0.211013
17085,287.724457,0,2.022079,0.211013
17086,287.724457,0,2.022079,0.211013
17087,287.724457,0,2.022079,0.211013
17088,287.724457,0,2.022079,0.211013
17089,287.724457,0,2.022079,0.211013
17090,287.724457,0,2.022079,0.211013
17091,287.724457,0,2.022079,0.211013
17092,287.724457,0,2.022079,0.211013
17093,287.724457,0,2.022079,0.211013
17094,287.724457,0,2.022079,0.211013
17095,287.724457,0,2.022079,0.211013
17096,287.631683,0,2.029068,0.211939
17097,287.631683,0,2.029068,0.211939
17098,287.631683,0,2.029068,0.211939
17099,287.631683,0,2.029068,0.211939
17100,287.631683,0,2.029068,0.211939
17101,287.631683,0,2.029068,0.211939
17102,287.631683,0,2.029068,0.211939
17103,287.631683,0,2.029068,0.211939
17104,287.631683,0,2.029068,0.211939
17105,287.631683,0,2.029068,0.211939
17106,287.631683,0,2.029068,0.211939
17107,287.631683,0,2.029068,0.211939
17108,287.631683,0,2.029068,0.211939
17109,287.631683,0,2.029068,0.211939
17110,287.631683,0,2.029068,0.211939
17111,287.631683,0,2.029068,0.211939
17112,287.631683,0,2.029068,0.211939
17113,287.631683,0,2.029068,0.211939
17114,287.631683,0,2.029068,0.211939
17115,287.631683,0,2.029068,0.211939
17116,287.601654,0,2.035954,0.212348
17117,287.601654,0,2.035954,0.212348
17118,287.601654,0,2.035954,0.212348
17119,287.601654,0,2.035954,0.212348
17120,287.601654,0,2.035954,0.212348
17121,287.601654,0,2.035954,0.212348
17122,287.601654,0,2.035954,0.212348
17123,287.858795,0,1.939163,0.211702
17124,287.858795,0,1.939163,0.211702
17125,287.858795,0,1.939163,0.211702
17126,287.858795,0,1.939163,0.211702
17127,287.858795,0,1.939163,0.211702
17128,287.858795,0,1.939163,0.211702
17129,287.858795,0,1.939163,0.211702
17130,287.858795,0,1.939163,0.211702
17131,287.858795,0,1.939163,0.211702
17132,287.858795,0,1.939163,0.211702
17133,287.858795,0,1.939163,0.211702
17134,287.858795,0,1.939163,0.211702
17135,287.858795,0,1.939163,0.211702
17136,287.858795,0,1.939163,0.211702
17137,287.858795,0,1.939163,0.211702
17138,287.858795,0,1.939163,0.211702
17139,287.858795,0,1.939163,0.211702
17140,287.858795,0,1.939163,0.211702
17141,287.858795,0,1.939163,0.211702
17142,287.858795,0,1.939163,0.211702
17143,287.858795,0,1.939163,0.211702
17144,287.858795,0,1.939163,0.211702
17145,287.858795,0,1.939163,0.211702
17146,287.858795,0,1.939163,0.211702
17147,287.858795,0,1.939163,0.211702
17148,287.858795,0,1.939163,0.211702
17149,287.858795,0,1.939163,0.211702
17150,287.858795,0,1.939163,0.211702
17151,287.858795,0,1.939163,0.211702
17152,287.858795,0,1.939163,0.211702
17153,287.858795,0,1.939163,0.211702
17154,287.858795,0,1.939163,0.211702
17155,287.858795,0,1.939163,0.211702
17156,287.858795,0,1.939163,0.211702
17157,287.858795,0,1.939163,0.211702
17158,287.858795,0,1.939163,0.211702
17159,287.858795,0,1.939163,0.211702
17160,287.858795,0,1.939163,0.211702
17161,287.858795,0,1.939163,0.211702
17162,287.858795,0,1.939163,0.211702
17163,287.858795,0,1.939163,0.211702
17164,287.858795,0,1.939163,0.211702
17165,287.858795,0,1.939163,0.211702
17166,287.858795,0,1.939163,0.211702
17167,287.858795,0,1.939163,0.211702
17168,287.858795,0,1.939163,0.211702
17169,287.858795,0,1.939163,0.211702
17170,287.858795,0,1.939163,0.211702
17171,287.858795,0,1.939163,0.211702
17172,287.858795,0,1.939163,0.211702
17173,287.858795,0,1.939163,0.211702
17174,287.858795,0,1.939163,0.211702
17175,287.858795,0,1.939163,0.211702
17176,287.858795,0,1.939163,0.211702
17177,287.858795,0,1.939163,0.211702
17178,287.858795,0,1.939163,0.211702
17179,287.858795,0,1.939163,0.211702
17180,287.858795,0,1.939163,0.211702
17181,287.858795,0,1.939163,0.211702
17182,287.858795,0,1.939163,0.211702
17183,287.858795,0,1.939163,0.211702
17184,287.858795,0,1.939163,0.211702
17185,287.858795,0,1.939163,0.211702
17186,287.858795,0,1.939163,0.211702
17187,287.858795,0,1.939163,0.211702
17188,287.858795,0,1.939163,0.211702
17189,287.858795,0,1.939163,0.211702
17190,287.858795,0,1.939163,0.211702
17191,288.343658,0,1.912609,0.209745
17192,288.343658,0,1.912609,0.209745
17193,288.343658,0,1.912609,0.209745
17194,288.343658,0,1.912609,0.209745
17195,288.343658,0,1.912609,0.209745
17196,288.343658,0,1.912609,0.209745
17197,288.343658,0,1.912609,0.209745
17198,288.343658,0,1.912609,0.209745
17199,288.343658,0,1.912609,0.209745
17200,288.343658,0,1.912609,0.209745
17201,288.343658,0,1.912609,0.209745
17202,288.343658,0,1.912609,0.209745
17203,288.343658,0,1.912609,0.209745
17204,288.343658,0,1.912609,0.209745
17205,288.343658,0,1.912609,0.209745
17206,288.343658,0,1.912609,0.209745
17207,288.343658,0,1.912609,0.209745
17208,288.343658,0,1.912609,0.209745
17209,288.343658,0,1.912609,0.209745
17210,288.343658,0,1.912609,0.209745
17211,288.343658,0,1.912609,0.209745
17212,288.343658,0,1.912609,0.209745
17213,288.343658,0,1.912609,0.209745
17214,288.343658,0,1.912609,0.209745
17215,288.343658,0,1.912609,0.209745
17216,288.343658,0,1.912609,0.209745
17217,288.343658,0,1.912609,0.209745
17218,288.343658,0,1.912609,0.209745
17219,288.343658,0,1.912609,0.209745
17220,288.343658,0,1.912609,0.209745
17221,288.957794,0,1.887819,0.20756
17222,288.957794,0,1.887819,0.20756
17223,288.957794,0,1.887819,0.20756
17224,288.957794,0,1.887819,0.20756
17225,288.957794,0,1.887819,0.20756
17226,288.957794,0,1.887819,0.20756
17227,288.957794,0,1.887819,0.20756
17228,288.957794,0,1.887819,0.20756
17229,288.957794,0,1.887819,0.20756
17230,288.957794,0,1.887819,0.20756
17231,288.588104,25.408152,1.904263,0.208838
17232,288.588104,25.408152,1.904263,0.208838
17233,288.588104,25.408152,1.904263,0.208838
17234,288.588104,25.408152,1.904263,0.208838
17235,288.588104,25.408152,1.904263,0.208838
17236,288.588104,25.408152,1.904263,0.208838
17237,288.588104,25.408152,1.904263,0.208838
17238,288.588104,25.408152,1.904263,0.208838
17239,288.588104,25.408152,1.904263,0.208838
17240,288.588104,25.408152,1.904263,0.208838
17241,287.64917,0,1.995519,0.211526
17242,287.64917,0,1.995519,0.211526
17243,287.64917,0,1.995519,0.211526
17244,287.64917,0,1.995519,0.211526
17245,287.64917,0,1.995519,0.211526
17246,287.64917,0,1.995519,0.211526
17247,287.64917,0,1.995519,0.211526
17248,287.64917,0,1.995519,0.211526
17249,287.64917,0,1.995519,0.211526
17250,287.64917,0,1.995519,0.211526
17251,287.64917,0,1.995519,0.211526
17252,287.64917,0,1.995519,0.211526
17253,287.64917,0,1.995519,0.211526
17254,287.64917,0,1.995519,0.211526
17255,287.64917,0,1.995519,0.211526
17256,287.64917,0,1.995519,0.211526
17257,287.64917,0,1.995519,0.211526
17258,287.64917,0,1.995519,0.211526
17259,287.64917,0,1.995519,0.211526
17260,287.64917,0,1.995519,0.211526
17261,287.64917,0,1.995519,0.211526
17262,287.64917,0,1.995519,0.211526
17263,287.64917,0,1.995519,0.211526
17264,287.64917,0,1.995519,0.211526
17265,287.64917,0,1.995519,0.211526
17266,287.64917,0,1.995519,0.211526
17267,287.64917,0,1.995519,0.211526
17268,287.64917,0,1.995519,0.211526
17269,287.64917,0,1.995519,0.211526
17270,287.64917,0,1.995519,0.211526
17271,287.64917,0,1.995519,0.211526
17272,287.64917,0,1.995519,0.211526
17273,287.64917,0,1.995519,0.211526
17274,287.64917,0,1.995519,0.211526
17275,287.64917,0,1.995519,0.211526
17276,287.64917,0,1.995519,0.211526
17277,287.64917,0,1.995519,0.211526
17278,287.64917,0,1.995519,0.211526
17279,287.64917,0,1.995519,0.211526
17280,287.64917,0,1.995519,0.211526
17281,287.64917,0,1.995519,0.211526
17282,287.64917,0,1.995519,0.211526
17283,287.64917,0,1.995519,0.211526
17284,287.64917,0,1.995519,0.211526
17285,287.64917,0,1.995519,0.211526
17286,287.64917,0,1.995519,0.211526
17287,287.64917,0,1.995519,0.211526
17288,287.64917,0,1.995519,0.211526
17289,287.64917,0,1.995519,0.211526
17290,287.64917,0,1.995519,0.211526
17291,287.64917,0,1.995519,0.211526
17292,287.64917,0,1.995519,0.211526
17293,287.64917,0,1.995519,0.211526
17294,287.64917,0,1.995519,0.211526
17295,287.64917,0,1.995519,0.211526
17296,287.64917,0,1.995519,0.211526
17297,287.64917,0,1.995519,0.211526
17298,287.64917,0,1.995519,0.211526
17299,287.64917,0,1.995519,0.211526
17300,287.64917,0,1.995519,0.211526
17301,287.64917,0,1.995519,0.211526
17302,287.64917,0,1.995519,0.211526
17303,287.64917,0,1.995519,0.211526
17304,287.64917,0,1.995519,0.211526
17305,287.64917,0,1.995519,0.211526
17306,287.64917,0,1.995519,0.211526
17307,287.64917,0,1.995519,0.211526
17308,287.64917,0,1.995519,0.211526
17309,287.64917,0,1.995519,0.211526
17310,287.64917,0,1.995519,0.211526
17311,287.64917,0,1.995519,0.211526
17312,287.64917,0,1.995519,0.211526
17313,287.64917,0,1.995519,0.211526
17314,287.64917,0,1.995519,0.211526
17315,287.64917,0,1.995519,0.211526
17316,287.64917,0,1.995519,0.211526
17317,287.64917,0,1.995519,0.211526
17318,287.64917,0,1.995519,0.211526
17319,287.64917,0,1.995519,0.211526
17320,287.64917,0,1.995519,0.211526
17321,287.64917,0,1.995519,0.211526
17322,287.64917,0,1.995519,0.211526
17323,287.64917,0,1.995519,0.211526
17324,287.64917,0,1.995519,0.211526
17325,287.64917,0,1.995519,0.211526
17326,287.64917,0,1.995519,0.211526
17327,287.64917,0,1.995519,0.211526
17328,287.64917,0,1.995519,0.211526
17329,287.64917,0,1.995519,0.211526
17330,287.64917,0,1.995519,0.211526
17331,287.64917,0,1.995519,0.211526
17332,287.64917,0,1.995519,0.211526
17333,287.64917,0,1.995519,0.211526
17334,287.64917,0,1.995519,0.211526
17335,287.64917,0,1.995519,0.211526
17336,287.64917,0,1.995519,0.211526
17337,287.625916,0,1.9909,0.211955
17338,287.625916,0,1.9909,0.211955
17339,287.625916,0,1.9909,0.211955
17340,287.625916,0,1.9909,0.211955
17341,287.625916,0,1.9909,0.211955
17342,287.625916,0,1.9909,0.211955
17343,287.625916,0,1.9909,0.211955
17344,287.625916,0,1.9909,0.211955
17345,287.625916,0,1.9909,0.211955
17346,287.625916,0,1.9909,0.211955
17347,287.625916,0,1.9909,0.211955
17348,287.625916,0,1.9909,0.211955
17349,287.625916,0,1.9909,0.211955
17350,287.339783,0,2.018333,0.213424
17351,287.503845,0,2.005292,0.212343
17352,287.503845,0,2.005292,0.212343
17353,287.503845,0,2.005292,0.212343
17354,287.503845,0,2.005292,0.212343
17355,287.625916,0,1.9909,0.211955
17356,287.625916,0,1.9909,0.211955
17357,287.625916,0,1.9909,0.211955
17358,287.625916,0,1.9909,0.211955
17359,287.625916,0,1.9909,0.211955
17360,287.625916,0,1.9909,0.211955
17361,287.625916,0,1.9909,0.211955
17362,287.625916,0,1.9909,0.211955
17363,287.625916,0,1.9909,0.211955
17364,287.625916,0,1.9909,0.211955
17365,287.625916,0,1.9909,0.211955
17366,287.625916,0,1.9909,0.211955
17367,287.625916,0,1.9909,0.211955
17368,287.625916,0,1.9909,0.211955
17369,287.625916,0,1.9909,0.211955
17370,287.625916,0,1.9909,0.211955
17371,287.625916,0,1.9909,0.211955
17372,287.625916,0,1.9909,0.211955
17373,287.625916,0,1.9909,0.211955
17374,287.625916,0,1.9909,0.211955
17375,287.625916,0,1.9909,0.211955
17376,287.625916,0,1.9909,0.211955
17377,287.625916,0,1.9909,0.211955
17378,287.625916,0,1.9909,0.211955
17379,287.625916,0,1.9909,0.211955
17380,287.625916,0,1.9909,0.211955
17381,287.607361,0,1.989028,0.212029
17382,287.607361,0,1.989028,0.212029
17383,287.607361,0,1.989028,0.212029
17384,287.607361,0,1.989028,0.212029
17385,287.607361,0,1.989028,0.212029
17386,287.607361,0,1.989028,0.212029
17387,287.607361,0,1.989028,0.212029
17388,287.607361,0,1.989028,0.212029
17389,287.607361,0,1.989028,0.212029
17390,287.607361,0,1.989028,0.212029
17391,NA,NA,NA,NA
17392,289.011658,0,1.886682,0.207401
17393,289.011658,0,1.886682,0.207401
17394,289.011658,0,1.886682,0.207401
17395,289.011658,0,1.886682,0.207401
17396,289.011658,0,1.886682,0.207401
17397,289.011658,0,1.886682,0.207401
17398,289.011658,0,1.886682,0.207401
17399,289.011658,0,1.886682,0.207401
17400,289.011658,0,1.886682,0.207401
17401,NA,NA,NA,NA
17402,NA,NA,NA,NA
17403,NA,NA,NA,NA
17404,NA,NA,NA,NA
17405,NA,NA,NA,NA
17406,NA,NA,NA,NA
17407,NA,NA,NA,NA
17408,NA,NA,NA,NA
17409,NA,NA,NA,NA
17410,NA,NA,NA,NA
17411,NA,NA,NA,NA
17412,NA,NA,NA,NA
17413,NA,NA,NA,NA
17414,NA,NA,NA,NA
17415,NA,NA,NA,NA
17416,NA,NA,NA,NA
17417,NA,NA,NA,NA
17418,NA,NA,NA,NA
17419,NA,NA,NA,NA
17420,NA,NA,NA,NA
17421,NA,NA,NA,NA
17422,NA,NA,NA,NA
17423,NA,NA,NA,NA
17424,NA,NA,NA,NA
17425,NA,NA,NA,NA
17426,NA,NA,NA,NA
17427,NA,NA,NA,NA
17428,NA,NA,NA,NA
17429,NA,NA,NA,NA
17430,NA,NA,NA,NA
17431,NA,NA,NA,NA
17432,NA,NA,NA,NA
17433,NA,NA,NA,NA
17434,NA,NA,NA,NA
17435,NA,NA,NA,NA
17436,NA,NA,NA,NA
17437,NA,NA,NA,NA
17438,NA,NA,NA,NA
17439,NA,NA,NA,NA
17440,NA,NA,NA,NA
17441,NA,NA,NA,NA
17442,NA,NA,NA,NA
17443,NA,NA,NA,NA
17444,NA,NA,NA,NA
17445,NA,NA,NA,NA
17446,NA,NA,NA,NA
17447,NA,NA,NA,NA
17448,NA,NA,NA,NA
17449,NA,NA,NA,NA
17450,NA,NA,NA,NA
17451,NA,NA,NA,NA
17452,NA,NA,NA,NA
17453,NA,NA,NA,NA
17454,NA,NA,NA,NA
17455,NA,NA,NA,NA
17456,NA,NA,NA,NA
17457,NA,NA,NA,NA
17458,NA,NA,NA,NA
17459,NA,NA,NA,NA
17460,289.011658,0,1.886682,0.207401
17461,289.011658,0,1.886682,0.207401
17462,289.011658,0,1.886682,0.207401
17463,289.011658,0,1.886682,0.207401
17464,289.011658,0,1.886682,0.207401
17465,289.011658,0,1.886682,0.207401
17466,289.011658,0,1.886682,0.207401
17467,289.011658,0,1.886682,0.207401
17468,289.011658,0,1.886682,0.207401
17469,NA,NA,NA,NA
17470,NA,NA,NA,NA
17471,NA,NA,NA,NA
17472,NA,NA,NA,NA
17473,NA,NA,NA,NA
17474,289.011658,0,1.886682,0.207401
17475,289.011658,0,1.886682,0.207401
17476,289.011658,0,1.886682,0.207401
17477,289.011658,0,1.886682,0.207401
17478,289.011658,0,1.886682,0.207401
17479,289.011658,0,1.886682,0.207401
17480,289.011658,0,1.886682,0.207401
17481,289.011658,0,1.886682,0.207401
17482,289.011658,0,1.886682,0.207401
17483,289.011658,0,1.886682,0.207401
17484,NA,NA,NA,NA
17485,NA,NA,NA,NA
17486,289.011658,0,1.886682,0.207401
17487,289.011658,0,1.886682,0.207401
17488,289.011658,0,1.886682,0.207401
17489,289.011658,0,1.886682,0.207401
17490,NA,NA,NA,NA
17491,NA,NA,NA,NA
17492,NA,NA,NA,NA
17493,NA,NA,NA,NA
17494,NA,NA,NA,NA
17495,NA,NA,NA,NA
17496,NA,NA,NA,NA
17497,NA,NA,NA,NA
17498,NA,NA,NA,NA
17499,NA,NA,NA,NA
17500,NA,NA,NA,NA
17501,NA,NA,NA,NA
17502,NA,NA,NA,NA
17503,NA,NA,NA,NA
17504,NA,NA,NA,NA
17505,NA,NA,NA,NA
17506,NA,NA,NA,NA
17507,NA,NA,NA,NA
17508,NA,NA,NA,NA
17509,NA,NA,NA,NA
17510,NA,NA,NA,NA
17511,NA,NA,NA,NA
17512,289.461609,25.125017,1.867455,0.206194
17513,NA,NA,NA,NA
17514,NA,NA,NA,NA
17515,NA,NA,NA,NA
17516,NA,NA,NA,NA
17517,NA,NA,NA,NA
17518,NA,NA,NA,NA
17519,NA,NA,NA,NA
17520,289.028381,0,1.884279,0.207638
17521,289.028381,0,1.884279,0.207638
17522,289.028381,0,1.884279,0.207638
17523,289.028381,0,1.884279,0.207638
17524,289.028381,0,1.884279,0.207638
17525,288.980408,0,1.886786,0.207489
17526,288.980408,0,1.886786,0.207489
17527,288.980408,0,1.886786,0.207489
17528,288.980408,0,1.886786,0.207489
17529,288.980408,0,1.886786,0.207489
17530,288.980408,0,1.886786,0.207489
17531,288.980408,0,1.886786,0.207489
17532,288.980408,0,1.886786,0.207489
17533,288.980408,0,1.886786,0.207489
17534,288.980408,0,1.886786,0.207489
17535,288.980408,0,1.886786,0.207489
17536,288.980408,0,1.886786,0.207489
17537,288.980408,0,1.886786,0.207489
17538,288.980408,0,1.886786,0.207489
17539,288.980408,0,1.886786,0.207489
17540,288.980408,0,1.886786,0.207489
17541,288.980408,0,1.886786,0.207489
17542,288.980408,0,1.886786,0.207489
17543,288.980408,0,1.886786,0.207489
17544,288.980408,0,1.886786,0.207489
17545,288.980408,0,1.886786,0.207489
17546,288.980408,0,1.886786,0.207489
17547,288.980408,0,1.886786,0.207489
17548,288.980408,0,1.886786,0.207489
17549,288.980408,0,1.886786,0.207489
17550,288.980408,0,1.886786,0.207489
17551,288.980408,0,1.886786,0.207489
17552,288.980408,0,1.886786,0.207489
17553,288.980408,0,1.886786,0.207489
17554,288.980408,0,1.886786,0.207489
17555,288.980408,0,1.886786,0.207489
17556,288.980408,0,1.886786,0.207489
17557,288.980408,0,1.886786,0.207489
17558,288.980408,0,1.886786,0.207489
17559,288.343658,0,1.912609,0.209745
17560,288.343658,0,1.912609,0.209745
17561,288.343658,0,1.912609,0.209745
17562,288.997284,0,1.884315,0.207722
17563,288.997284,0,1.884315,0.207722
17564,288.997284,0,1.884315,0.207722
17565,288.997284,0,1.884315,0.207722
17566,288.997284,0,1.884315,0.207722
17567,288.997284,0,1.884315,0.207722
17568,288.997284,0,1.884315,0.207722
17569,288.997284,0,1.884315,0.207722
17570,288.997284,0,1.884315,0.207722
17571,288.997284,0,1.884315,0.207722
17572,288.997284,0,1.884315,0.207722
17573,289.431549,0,1.867545,0.206271
17574,289.431549,0,1.867545,0.206271
17575,289.431549,0,1.867545,0.206271
17576,289.431549,0,1.867545,0.206271
17577,289.431549,0,1.867545,0.206271
17578,289.431549,0,1.867545,0.206271
17579,289.431549,0,1.867545,0.206271
17580,289.431549,0,1.867545,0.206271
17581,289.431549,0,1.867545,0.206271
17582,289.431549,0,1.867545,0.206271
17583,289.431549,0,1.867545,0.206271
17584,289.431549,0,1.867545,0.206271
17585,289.431549,0,1.867545,0.206271
17586,289.431549,0,1.867545,0.206271
17587,289.431549,0,1.867545,0.206271
17588,289.431549,0,1.867545,0.206271
17589,289.431549,0,1.867545,0.206271
17590,289.431549,0,1.867545,0.206271
17591,289.431549,0,1.867545,0.206271
17592,289.431549,0,1.867545,0.206271
17593,289.431549,0,1.867545,0.206271
17594,289.431549,0,1.867545,0.206271
17595,289.431549,0,1.867545,0.206271
17596,289.431549,0,1.867545,0.206271
17597,289.431549,0,1.867545,0.206271
17598,289.431549,0,1.867545,0.206271
17599,289.431549,0,1.867545,0.206271
17600,289.431549,0,1.867545,0.206271
17601,289.431549,0,1.867545,0.206271
17602,289.431549,0,1.867545,0.206271
17603,289.431549,0,1.867545,0.206271
17604,289.431549,0,1.867545,0.206271
17605,289.820709,0.001277,1.863204,0.205304
17606,289.820709,0.001277,1.863204,0.205304
17607,289.820709,0.001277,1.863204,0.205304
17608,289.820709,0.001277,1.863204,0.205304
17609,289.820709,0.001277,1.863204,0.205304
17610,289.820709,0.001277,1.863204,0.205304
17611,289.820709,0.001277,1.863204,0.205304
17612,289.820709,0.001277,1.863204,0.205304
17613,289.454132,0,1.86755,0.206477
17614,289.454132,0,1.86755,0.206477
17615,289.454132,0,1.86755,0.206477
17616,289.454132,0,1.86755,0.206477
17617,289.454132,0,1.86755,0.206477
17618,289.025085,0,1.883206,0.207634
17619,289.025085,0,1.883206,0.207634
17620,289.025085,0,1.883206,0.207634
17621,289.025085,0,1.883206,0.207634
17622,289.025085,0,1.883206,0.207634
17623,289.025085,0,1.883206,0.207634
17624,289.025085,0,1.883206,0.207634
17625,289.025085,0,1.883206,0.207634
17626,289.025085,0,1.883206,0.207634
17627,288.674561,0,1.886182,0.208814
17628,288.674561,0,1.886182,0.208814
17629,288.674561,0,1.886182,0.208814
17630,288.674561,0,1.886182,0.208814
17631,288.674561,0,1.886182,0.208814
17632,288.674561,0,1.886182,0.208814
17633,288.674561,0,1.886182,0.208814
17634,288.674561,0,1.886182,0.208814
17635,288.674561,0,1.886182,0.208814
17636,288.674561,0,1.886182,0.208814
17637,288.674561,0,1.886182,0.208814
17638,288.674561,0,1.886182,0.208814
17639,288.674561,0,1.886182,0.208814
17640,288.674561,0,1.886182,0.208814
17641,288.012451,0,1.915642,0.211025
17642,288.012451,0,1.915642,0.211025
17643,287.843781,0,1.937813,0.211729
17644,287.843781,0,1.937813,0.211729
17645,287.994507,0,1.917189,0.21109
17646,287.994507,0,1.917189,0.21109
17647,287.994507,0,1.917189,0.21109
17648,287.994507,0,1.917189,0.21109
17649,287.994507,0,1.917189,0.21109
17650,287.994507,0,1.917189,0.21109
17651,287.994507,0,1.917189,0.21109
17652,287.994507,0,1.917189,0.21109
17653,287.994507,0,1.917189,0.21109
17654,287.994507,0,1.917189,0.21109
17655,287.994507,0,1.917189,0.21109
17656,287.994507,0,1.917189,0.21109
17657,287.994507,0,1.917189,0.21109
17658,287.994507,0,1.917189,0.21109
17659,287.994507,0,1.917189,0.21109
17660,287.994507,0,1.917189,0.21109
17661,287.943054,0,1.920946,0.211331
17662,287.943054,0,1.920946,0.211331
17663,287.943054,0,1.920946,0.211331
17664,287.943054,0,1.920946,0.211331
17665,287.943054,0,1.920946,0.211331
17666,287.943054,0,1.920946,0.211331
17667,287.943054,0,1.920946,0.211331
17668,287.943054,0,1.920946,0.211331
17669,288.343658,0,1.912609,0.209745
17670,288.343658,0,1.912609,0.209745
17671,288.343658,0,1.912609,0.209745
17672,289.028381,0,1.884279,0.207638
17673,289.028381,0,1.884279,0.207638
17674,289.028381,0,1.884279,0.207638
17675,289.028381,0,1.884279,0.207638
17676,289.028381,0,1.884279,0.207638
17677,289.028381,0,1.884279,0.207638
17678,289.028381,0,1.884279,0.207638
17679,289.028381,0,1.884279,0.207638
17680,289.028381,0,1.884279,0.207638
17681,289.028381,0,1.884279,0.207638
17682,289.028381,0,1.884279,0.207638
17683,289.028381,0,1.884279,0.207638
17684,289.028381,0,1.884279,0.207638
17685,289.028381,0,1.884279,0.207638
17686,289.028381,0,1.884279,0.207638
17687,289.028381,0,1.884279,0.207638
17688,289.028381,0,1.884279,0.207638
17689,289.028381,0,1.884279,0.207638
17690,289.028381,0,1.884279,0.207638
17691,289.028381,0,1.884279,0.207638
17692,289.028381,0,1.884279,0.207638
17693,289.028381,0,1.884279,0.207638
17694,289.028381,0,1.884279,0.207638
17695,289.028381,0,1.884279,0.207638
17696,289.028381,0,1.884279,0.207638
17697,289.028381,0,1.884279,0.207638
17698,289.028381,0,1.884279,0.207638
17699,289.028381,0,1.884279,0.207638
17700,289.028381,0,1.884279,0.207638
17701,289.028381,0,1.884279,0.207638
17702,289.028381,0,1.884279,0.207638
17703,289.028381,0,1.884279,0.207638
17704,289.028381,0,1.884279,0.207638
17705,289.028381,0,1.884279,0.207638
17706,289.028381,0,1.884279,0.207638
17707,289.028381,0,1.884279,0.207638
17708,289.028381,0,1.884279,0.207638
17709,289.028381,0,1.884279,0.207638
17710,289.028381,0,1.884279,0.207638
17711,289.028381,0,1.884279,0.207638
17712,289.028381,0,1.884279,0.207638
17713,289.028381,0,1.884279,0.207638
17714,289.028381,0,1.884279,0.207638
17715,289.028381,0,1.884279,0.207638
17716,289.028381,0,1.884279,0.207638
17717,289.028381,0,1.884279,0.207638
17718,289.028381,0,1.884279,0.207638
17719,288.980408,0,1.886786,0.207489
17720,288.980408,0,1.886786,0.207489
17721,288.980408,0,1.886786,0.207489
17722,288.980408,0,1.886786,0.207489
17723,288.980408,0,1.886786,0.207489
17724,288.980408,0,1.886786,0.207489
17725,288.980408,0,1.886786,0.207489
17726,288.980408,0,1.886786,0.207489
17727,288.980408,0,1.886786,0.207489
17728,288.980408,0,1.886786,0.207489
17729,288.980408,0,1.886786,0.207489
17730,288.980408,0,1.886786,0.207489
17731,288.980408,0,1.886786,0.207489
17732,288.980408,0,1.886786,0.207489
17733,288.980408,0,1.886786,0.207489
17734,288.980408,0,1.886786,0.207489
17735,288.980408,0,1.886786,0.207489
17736,288.980408,0,1.886786,0.207489
17737,288.980408,0,1.886786,0.207489
17738,287.307953,0,2.032053,0.213183
17739,287.307953,0,2.032053,0.213183
17740,287.307953,0,2.032053,0.213183
17741,287.307953,0,2.032053,0.213183
17742,287.307953,0,2.032053,0.213183
17743,287.307953,0,2.032053,0.213183
17744,287.307953,0,2.032053,0.213183
17745,287.307953,0,2.032053,0.213183
17746,287.307953,0,2.032053,0.213183
17747,287.307953,0,2.032053,0.213183
17748,287.307953,0,2.032053,0.213183
17749,287.307953,0,2.032053,0.213183
17750,287.307953,0,2.032053,0.213183
17751,287.307953,0,2.032053,0.213183
17752,287.307953,0,2.032053,0.213183
17753,287.307953,0,2.032053,0.213183
17754,287.307953,0,2.032053,0.213183
17755,287.307953,0,2.032053,0.213183
17756,287.307953,0,2.032053,0.213183
17757,287.307953,0,2.032053,0.213183
17758,287.307953,0,2.032053,0.213183
17759,287.307953,0,2.032053,0.213183
17760,287.307953,0,2.032053,0.213183
17761,287.307953,0,2.032053,0.213183
17762,287.307953,0,2.032053,0.213183
17763,287.307953,0,2.032053,0.213183
17764,287.307953,0,2.032053,0.213183
17765,287.355255,0,2.024288,0.21274
17766,287.355255,0,2.024288,0.21274
17767,287.355255,0,2.024288,0.21274
17768,287.355255,0,2.024288,0.21274
17769,287.355255,0,2.024288,0.21274
17770,287.616974,0,2.008044,0.21139
17771,287.616974,0,2.008044,0.21139
17772,287.616974,0,2.008044,0.21139
17773,287.616974,0,2.008044,0.21139
17774,287.616974,0,2.008044,0.21139
17775,287.616974,0,2.008044,0.21139
17776,287.616974,0,2.008044,0.21139
17777,287.616974,0,2.008044,0.21139
17778,287.616974,0,2.008044,0.21139
17779,287.775818,0,1.979771,0.211558
17780,287.775818,0,1.979771,0.211558
17781,287.775818,0,1.979771,0.211558
17782,287.775818,0,1.979771,0.211558
17783,287.775818,0,1.979771,0.211558
17784,287.775818,0,1.979771,0.211558
17785,287.775818,0,1.979771,0.211558
17786,287.775818,0,1.979771,0.211558
17787,298.700165,0,0.913379,0.097364
17788,294.985138,0,1.779747,0.203678
17789,294.985138,0,1.779747,0.203678
17790,295.143982,0,1.776594,0.203168
17791,295.222229,0,1.769012,0.202482
17792,295.090698,0,1.774419,0.20307
17793,295.090698,0,1.774419,0.20307
17794,295.090698,0,1.774419,0.20307
17795,295.090698,0,1.774419,0.20307
17796,294.985138,0,1.779747,0.203678
17797,294.985138,0,1.779747,0.203678
17798,294.985138,0,1.779747,0.203678
17799,294.985138,0,1.779747,0.203678
17800,294.951904,0,1.782427,0.203859
17801,294.951904,0,1.782427,0.203859
17802,294.951904,0,1.782427,0.203859
17803,294.951904,0,1.782427,0.203859
17804,294.951904,0,1.782427,0.203859
17805,294.951904,0,1.782427,0.203859
17806,294.951904,0,1.782427,0.203859
17807,294.951904,0,1.782427,0.203859
17808,294.951904,0,1.782427,0.203859
17809,294.864929,0,1.77817,0.203787
17810,294.864929,0,1.77817,0.203787
17811,294.864929,0,1.77817,0.203787
17812,294.864929,0,1.77817,0.203787
17813,294.864929,0,1.77817,0.203787
17814,294.864929,0,1.77817,0.203787
17815,294.864929,0,1.77817,0.203787
17816,294.864929,0,1.77817,0.203787
17817,294.864929,0,1.77817,0.203787
17818,294.631561,0,1.784507,0.204521
17819,294.631561,0,1.784507,0.204521
17820,294.631561,0,1.784507,0.204521
17821,294.631561,0,1.784507,0.204521
17822,294.631561,0,1.784507,0.204521
17823,294.631561,0,1.784507,0.204521
17824,294.631561,0,1.784507,0.204521
17825,294.631561,0,1.784507,0.204521
17826,294.631561,0,1.784507,0.204521
17827,294.631561,0,1.784507,0.204521
17828,294.631561,0,1.784507,0.204521
17829,294.631561,0,1.784507,0.204521
17830,294.631561,0,1.784507,0.204521
17831,294.631561,0,1.784507,0.204521
17832,294.631561,0,1.784507,0.204521
17833,294.631561,0,1.784507,0.204521
17834,294.631561,0,1.784507,0.204521
17835,294.631561,0,1.784507,0.204521
17836,294.631561,0,1.784507,0.204521
17837,294.631561,0,1.784507,0.204521
17838,294.631561,0,1.784507,0.204521
17839,294.631561,0,1.784507,0.204521
17840,294.631561,0,1.784507,0.204521
17841,294.631561,0,1.784507,0.204521
17842,294.631561,0,1.784507,0.204521
17843,294.631561,0,1.784507,0.204521
17844,294.631561,0,1.784507,0.204521
17845,294.631561,0,1.784507,0.204521
17846,294.631561,0,1.784507,0.204521
17847,294.631561,0,1.784507,0.204521
17848,294.631561,0,1.784507,0.204521
17849,294.631561,0,1.784507,0.204521
17850,294.631561,0,1.784507,0.204521
17851,294.631561,0,1.784507,0.204521
17852,294.631561,0,1.784507,0.204521
17853,294.631561,0,1.784507,0.204521
17854,294.631561,0,1.784507,0.204521
17855,294.631561,0,1.784507,0.204521
17856,294.631561,0,1.784507,0.204521
17857,294.631561,0,1.784507,0.204521
17858,294.631561,0,1.784507,0.204521
17859,294.631561,0,1.784507,0.204521
17860,294.631561,0,1.784507,0.204521
17861,294.631561,0,1.784507,0.204521
17862,294.631561,0,1.784507,0.204521
17863,294.631561,0,1.784507,0.204521
17864,294.631561,0,1.784507,0.204521
17865,294.631561,0,1.784507,0.204521
17866,294.631561,0,1.784507,0.204521
17867,294.631561,0,1.784507,0.204521
17868,294.631561,0,1.784507,0.204521
17869,294.631561,0,1.784507,0.204521
17870,294.631561,0,1.784507,0.204521
17871,294.631561,0,1.784507,0.204521
17872,294.631561,0,1.784507,0.204521
17873,294.631561,0,1.784507,0.204521
17874,294.631561,0,1.784507,0.204521
17875,294.631561,0,1.784507,0.204521
17876,294.631561,0,1.784507,0.204521
17877,294.631561,0,1.784507,0.204521
17878,294.631561,0,1.784507,0.204521
17879,294.631561,0,1.784507,0.204521
17880,294.631561,0,1.784507,0.204521
17881,294.631561,0,1.784507,0.204521
17882,294.631561,0,1.784507,0.204521
17883,294.631561,0,1.784507,0.204521
17884,294.631561,0,1.784507,0.204521
17885,294.631561,0,1.784507,0.204521
17886,294.631561,0,1.784507,0.204521
17887,293.95697,0,1.816161,0.207361
17888,293.95697,0,1.816161,0.207361
17889,293.95697,0,1.816161,0.207361
17890,293.95697,0,1.816161,0.207361
17891,293.95697,0,1.816161,0.207361
17892,293.95697,0,1.816161,0.207361
17893,293.95697,0,1.816161,0.207361
17894,293.95697,0,1.816161,0.207361
17895,293.95697,0,1.816161,0.207361
17896,293.95697,0,1.816161,0.207361
17897,293.95697,0,1.816161,0.207361
17898,293.95697,0,1.816161,0.207361
17899,293.95697,0,1.816161,0.207361
17900,293.95697,0,1.816161,0.207361
17901,293.95697,0,1.816161,0.207361
17902,293.95697,0,1.816161,0.207361
17903,293.95697,0,1.816161,0.207361
17904,293.95697,0,1.816161,0.207361
17905,293.95697,0,1.816161,0.207361
17906,293.95697,0,1.816161,0.207361
17907,293.95697,0,1.816161,0.207361
17908,293.95697,0,1.816161,0.207361
17909,293.95697,0,1.816161,0.207361
17910,293.95697,0,1.816161,0.207361
17911,293.95697,0,1.816161,0.207361
17912,293.95697,0,1.816161,0.207361
17913,294.165649,0,1.810794,0.206739
17914,294.165649,0,1.810794,0.206739
17915,294.165649,0,1.810794,0.206739
17916,294.165649,0,1.810794,0.206739
17917,294.165649,0,1.810794,0.206739
17918,293.95697,0,1.816161,0.207361
17919,294.165649,0,1.810794,0.206739
17920,294.165649,0,1.810794,0.206739
17921,294.165649,0,1.810794,0.206739
17922,294.165649,0,1.810794,0.206739
17923,294.165649,0,1.810794,0.206739
17924,294.165649,0,1.810794,0.206739
17925,294.165649,0,1.810794,0.206739
17926,294.165649,0,1.810794,0.206739
17927,294.165649,0,1.810794,0.206739
17928,294.165649,0,1.810794,0.206739
17929,294.165649,0,1.810794,0.206739
17930,294.165649,0,1.810794,0.206739
17931,294.165649,0,1.810794,0.206739
17932,294.165649,0,1.810794,0.206739
17933,294.165649,0,1.810794,0.206739
17934,294.165649,0,1.810794,0.206739
17935,294.165649,0,1.810794,0.206739
17936,294.165649,0,1.810794,0.206739
17937,294.165649,0,1.810794,0.206739
17938,293.95697,0,1.816161,0.207361
17939,293.95697,0,1.816161,0.207361
17940,293.95697,0,1.816161,0.207361
17941,293.95697,0,1.816161,0.207361
17942,293.95697,0,1.816161,0.207361
17943,293.95697,0,1.816161,0.207361
17944,293.95697,0,1.816161,0.207361
17945,293.95697,0,1.816161,0.207361
17946,293.95697,0,1.816161,0.207361
17947,293.95697,0,1.816161,0.207361
17948,293.95697,0,1.816161,0.207361
17949,293.95697,0,1.816161,0.207361
17950,293.95697,0,1.816161,0.207361
17951,293.95697,0,1.816161,0.207361
17952,293.95697,0,1.816161,0.207361
17953,293.95697,0,1.816161,0.207361
17954,293.95697,0,1.816161,0.207361
17955,293.95697,0,1.816161,0.207361
17956,293.95697,0,1.816161,0.207361
17957,293.95697,0,1.816161,0.207361
17958,293.95697,0,1.816161,0.207361
17959,293.95697,0,1.816161,0.207361
17960,293.95697,0,1.816161,0.207361
17961,293.95697,0,1.816161,0.207361
17962,293.95697,0,1.816161,0.207361
17963,293.95697,0,1.816161,0.207361
17964,293.95697,0,1.816161,0.207361
17965,293.95697,0,1.816161,0.207361
17966,293.95697,0,1.816161,0.207361
17967,294.736237,0,1.789391,0.205076
17968,294.736237,0,1.789391,0.205076
17969,294.736237,0,1.789391,0.205076
17970,294.736237,0,1.789391,0.205076
17971,294.736237,0,1.789391,0.205076
17972,294.736237,0,1.789391,0.205076
17973,294.736237,0,1.789391,0.205076
17974,294.736237,0,1.789391,0.205076
17975,294.736237,0,1.789391,0.205076
17976,294.736237,0,1.789391,0.205076
17977,294.736237,0,1.789391,0.205076
17978,294.736237,0,1.789391,0.205076
17979,294.736237,0,1.789391,0.205076
17980,294.736237,0,1.789391,0.205076
17981,294.736237,0,1.789391,0.205076
17982,294.736237,0,1.789391,0.205076
17983,294.736237,0,1.789391,0.205076
17984,294.736237,0,1.789391,0.205076
17985,294.736237,0,1.789391,0.205076
17986,294.736237,0,1.789391,0.205076
17987,294.736237,0,1.789391,0.205076
17988,294.736237,0,1.789391,0.205076
17989,294.736237,0,1.789391,0.205076
17990,294.736237,0,1.789391,0.205076
17991,294.736237,0,1.789391,0.205076
17992,294.736237,0,1.789391,0.205076
17993,294.736237,0,1.789391,0.205076
17994,294.736237,0,1.789391,0.205076
17995,294.736237,0,1.789391,0.205076
17996,294.736237,0,1.789391,0.205076
17997,294.736237,0,1.789391,0.205076
17998,294.736237,0,1.789391,0.205076
17999,294.736237,0,1.789391,0.205076
18000,294.736237,0,1.789391,0.205076
18001,294.736237,0,1.789391,0.205076
18002,294.736237,0,1.789391,0.205076
18003,294.736237,0,1.789391,0.205076
18004,NA,NA,NA,NA
18005,NA,NA,NA,NA
18006,NA,NA,NA,NA
18007,NA,NA,NA,NA
18008,NA,NA,NA,NA
18009,NA,NA,NA,NA
18010,NA,NA,NA,NA
18011,NA,NA,NA,NA
18012,NA,NA,NA,NA
18013,NA,NA,NA,NA
18014,NA,NA,NA,NA
18015,NA,NA,NA,NA
18016,NA,NA,NA,NA
18017,NA,NA,NA,NA
18018,NA,NA,NA,NA
18019,NA,NA,NA,NA
18020,NA,NA,NA,NA
18021,NA,NA,NA,NA
18022,NA,NA,NA,NA
18023,NA,NA,NA,NA
18024,NA,NA,NA,NA
18025,NA,NA,NA,NA
18026,NA,NA,NA,NA
18027,NA,NA,NA,NA
18028,NA,NA,NA,NA
18029,NA,NA,NA,NA
18030,NA,NA,NA,NA
18031,NA,NA,NA,NA
18032,NA,NA,NA,NA
18033,NA,NA,NA,NA
18034,NA,NA,NA,NA
18035,NA,NA,NA,NA
18036,NA,NA,NA,NA
18037,NA,NA,NA,NA
18038,NA,NA,NA,NA
18039,NA,NA,NA,NA
18040,NA,NA,NA,NA
18041,NA,NA,NA,NA
18042,NA,NA,NA,NA
18043,NA,NA,NA,NA
18044,NA,NA,NA,NA
18045,NA,NA,NA,NA
18046,NA,NA,NA,NA
18047,NA,NA,NA,NA
18048,NA,NA,NA,NA
18049,NA,NA,NA,NA
18050,297.271484,0,1.462849,0.177054
18051,297.271484,0,1.462849,0.177054
18052,297.271484,0,1.462849,0.177054
18053,297.271484,0,1.462849,0.177054
18054,297.271484,0,1.462849,0.177054
18055,296.855286,0.000732,1.480657,0.180026
18056,296.855286,0.000732,1.480657,0.180026
18057,296.855286,0.000732,1.480657,0.180026
18058,296.855286,0.000732,1.480657,0.180026
18059,296.855286,0.000732,1.480657,0.180026
18060,296.855286,0.000732,1.480657,0.180026
18061,296.855286,0.000732,1.480657,0.180026
18062,296.855286,0.000732,1.480657,0.180026
18063,296.855286,0.000732,1.480657,0.180026
18064,296.855286,0.000732,1.480657,0.180026
18065,296.855286,0.000732,1.480657,0.180026
18066,296.855286,0.000732,1.480657,0.180026
18067,296.855286,0.000732,1.480657,0.180026
18068,296.855286,0.000732,1.480657,0.180026
18069,296.855286,0.000732,1.480657,0.180026
18070,296.855286,0.000732,1.480657,0.180026
18071,296.855286,0.000732,1.480657,0.180026
18072,296.855286,0.000732,1.480657,0.180026
18073,296.855286,0.000732,1.480657,0.180026
18074,296.855286,0.000732,1.480657,0.180026
18075,296.855286,0.000732,1.480657,0.180026
18076,296.855286,0.000732,1.480657,0.180026
18077,296.855286,0.000732,1.480657,0.180026
18078,296.855286,0.000732,1.480657,0.180026
18079,296.855286,0.000732,1.480657,0.180026
18080,296.855286,0.000732,1.480657,0.180026
18081,296.855286,0.000732,1.480657,0.180026
18082,296.855286,0.000732,1.480657,0.180026
18083,296.855286,0.000732,1.480657,0.180026
18084,296.855286,0.000732,1.480657,0.180026
18085,296.54837,0,1.491925,0.1816
18086,296.54837,0,1.491925,0.1816
18087,296.54837,0,1.491925,0.1816
18088,296.54837,0,1.491925,0.1816
18089,296.54837,0,1.491925,0.1816
18090,296.54837,0,1.491925,0.1816
18091,296.54837,0,1.491925,0.1816
18092,296.54837,0,1.491925,0.1816
18093,297.680298,0,1.456515,0.175192
18094,297.680298,0,1.456515,0.175192
18095,297.680298,0,1.456515,0.175192
18096,297.680298,0,1.456515,0.175192
18097,297.680298,0,1.456515,0.175192
18098,297.680298,0,1.456515,0.175192
18099,297.680298,0,1.456515,0.175192
18100,297.680298,0,1.456515,0.175192
18101,297.680298,0,1.456515,0.175192
18102,297.680298,0,1.456515,0.175192
18103,297.680298,0,1.456515,0.175192
18104,297.680298,0,1.456515,0.175192
18105,297.680298,0,1.456515,0.175192
18106,297.680298,0,1.456515,0.175192
18107,297.680298,0,1.456515,0.175192
18108,297.680298,0,1.456515,0.175192
18109,297.680298,0,1.456515,0.175192
18110,297.680298,0,1.456515,0.175192
18111,297.680298,0,1.456515,0.175192
18112,297.680298,0,1.456515,0.175192
18113,297.680298,0,1.456515,0.175192
18114,297.680298,0,1.456515,0.175192
18115,297.680298,0,1.456515,0.175192
18116,297.680298,0,1.456515,0.175192
18117,297.680298,0,1.456515,0.175192
18118,297.680298,0,1.456515,0.175192
18119,297.680298,0,1.456515,0.175192
18120,297.680298,0,1.456515,0.175192
18121,297.680298,0,1.456515,0.175192
18122,297.680298,0,1.456515,0.175192
18123,297.680298,0,1.456515,0.175192
18124,297.680298,0,1.456515,0.175192
18125,297.649872,0,1.474354,0.176376
18126,297.649872,0,1.474354,0.176376
18127,297.649872,0,1.474354,0.176376
18128,297.649872,0,1.474354,0.176376
18129,297.649872,0,1.474354,0.176376
18130,297.649872,0,1.474354,0.176376
18131,297.649872,0,1.474354,0.176376
18132,297.649872,0,1.474354,0.176376
18133,297.649872,0,1.474354,0.176376
18134,297.649872,0,1.474354,0.176376
18135,297.649872,0,1.474354,0.176376
18136,297.649872,0,1.474354,0.176376
18137,297.649872,0,1.474354,0.176376
18138,297.649872,0,1.474354,0.176376
18139,297.684235,0,1.458322,0.175421
18140,297.715759,0,1.456958,0.175175
18141,297.715759,0,1.456958,0.175175
18142,297.715759,0,1.456958,0.175175
18143,297.715759,0,1.456958,0.175175
18144,297.715759,0,1.456958,0.175175
18145,297.715759,0,1.456958,0.175175
18146,297.715759,0,1.456958,0.175175
18147,297.715759,0,1.456958,0.175175
18148,297.715759,0,1.456958,0.175175
18149,297.715759,0,1.456958,0.175175
18150,297.715759,0,1.456958,0.175175
18151,297.715759,0,1.456958,0.175175
18152,297.715759,0,1.456958,0.175175
18153,297.715759,0,1.456958,0.175175
18154,297.715759,0,1.456958,0.175175
18155,297.715759,0,1.456958,0.175175
18156,297.715759,0,1.456958,0.175175
18157,297.684235,0,1.458322,0.175421
18158,297.684235,0,1.458322,0.175421
18159,297.303497,3e-06,1.757224,0.195522
18160,297.303497,3e-06,1.757224,0.195522
18161,297.303497,3e-06,1.757224,0.195522
18162,297.303497,3e-06,1.757224,0.195522
18163,297.303497,3e-06,1.757224,0.195522
18164,297.303497,3e-06,1.757224,0.195522
18165,297.303497,3e-06,1.757224,0.195522
18166,297.303497,3e-06,1.757224,0.195522
18167,297.303497,3e-06,1.757224,0.195522
18168,297.303497,3e-06,1.757224,0.195522
18169,297.303497,3e-06,1.757224,0.195522
18170,297.303497,3e-06,1.757224,0.195522
18171,297.303497,3e-06,1.757224,0.195522
18172,297.303497,3e-06,1.757224,0.195522
18173,297.303497,3e-06,1.757224,0.195522
18174,297.303497,3e-06,1.757224,0.195522
18175,297.303497,3e-06,1.757224,0.195522
18176,297.303497,3e-06,1.757224,0.195522
18177,297.303497,3e-06,1.757224,0.195522
18178,297.303497,3e-06,1.757224,0.195522
18179,297.303497,3e-06,1.757224,0.195522
18180,297.303497,3e-06,1.757224,0.195522
18181,297.303497,3e-06,1.757224,0.195522
18182,297.303497,3e-06,1.757224,0.195522
18183,297.303497,3e-06,1.757224,0.195522
18184,297.303497,3e-06,1.757224,0.195522
18185,297.303497,3e-06,1.757224,0.195522
18186,297.303497,3e-06,1.757224,0.195522
18187,297.303497,3e-06,1.757224,0.195522
18188,297.303497,3e-06,1.757224,0.195522
18189,297.510834,0,1.520071,0.179483
18190,297.510834,0,1.520071,0.179483
18191,297.510834,0,1.520071,0.179483
18192,297.510834,0,1.520071,0.179483
18193,297.554016,0,1.490097,0.1776
18194,297.554016,0,1.490097,0.1776
18195,297.554016,0,1.490097,0.1776
18196,297.554016,0,1.490097,0.1776
18197,297.554016,0,1.490097,0.1776
18198,297.554016,0,1.490097,0.1776
18199,297.554016,0,1.490097,0.1776
18200,297.554016,0,1.490097,0.1776
18201,297.554016,0,1.490097,0.1776
18202,297.554016,0,1.490097,0.1776
18203,297.554016,0,1.490097,0.1776
18204,297.554016,0,1.490097,0.1776
18205,297.554016,0,1.490097,0.1776
18206,297.554016,0,1.490097,0.1776
18207,297.510834,0,1.520071,0.179483
18208,297.554016,0,1.490097,0.1776
18209,297.554016,0,1.490097,0.1776
18210,297.554016,0,1.490097,0.1776
18211,297.554016,0,1.490097,0.1776
18212,297.554016,0,1.490097,0.1776
18213,297.554016,0,1.490097,0.1776
18214,297.554016,0,1.490097,0.1776
18215,297.554016,0,1.490097,0.1776
18216,297.554016,0,1.490097,0.1776
18217,297.554016,0,1.490097,0.1776
18218,297.554016,0,1.490097,0.1776
18219,297.510834,0,1.520071,0.179483
18220,297.510834,0,1.520071,0.179483
18221,297.510834,0,1.520071,0.179483
18222,297.510834,0,1.520071,0.179483
18223,297.510834,0,1.520071,0.179483
18224,297.554016,0,1.490097,0.1776
18225,297.554016,0,1.490097,0.1776
18226,297.554016,0,1.490097,0.1776
18227,297.554016,0,1.490097,0.1776
18228,297.554016,0,1.490097,0.1776
18229,295.638306,0,2.406295,0.243506
18230,295.618744,0,2.407815,0.243653
18231,295.618744,0,2.407815,0.243653
18232,295.437927,0,2.489649,0.249925
18233,295.437927,0,2.489649,0.249925
18234,295.538483,0,2.445859,0.24653
18235,296.30661,5.3e-05,1.744704,0.197211
18236,296.009064,0.001982,1.854242,0.204789
18237,296.30661,5.3e-05,1.744704,0.197211
18238,296.522095,1e-05,1.688997,0.193318
18239,296.522095,1e-05,1.688997,0.193318
18240,296.83139,0,1.598414,0.18683
18241,296.83139,0,1.598414,0.18683
18242,296.83139,0,1.598414,0.18683
18243,296.83139,0,1.598414,0.18683
18244,296.83139,0,1.598414,0.18683
18245,296.83139,0,1.598414,0.18683
18246,296.83139,0,1.598414,0.18683
18247,296.83139,0,1.598414,0.18683
18248,296.83139,0,1.598414,0.18683
18249,296.83139,0,1.598414,0.18683
18250,296.83139,0,1.598414,0.18683
18251,296.83139,0,1.598414,0.18683
18252,296.522095,1e-05,1.688997,0.193318
18253,296.522095,1e-05,1.688997,0.193318
18254,296.522095,1e-05,1.688997,0.193318
18255,296.522095,1e-05,1.688997,0.193318
18256,296.522095,1e-05,1.688997,0.193318
18257,296.522095,1e-05,1.688997,0.193318
18258,296.113281,0.07117,1.940928,0.209919
18259,296.113281,0.07117,1.940928,0.209919
18260,296.113281,0.07117,1.940928,0.209919
18261,296.113281,0.07117,1.940928,0.209919
18262,296.113281,0.07117,1.940928,0.209919
18263,296.349854,0,1.965609,0.211522
18264,296.349854,0,1.965609,0.211522
18265,296.349854,0,1.965609,0.211522
18266,296.113281,0.07117,1.940928,0.209919
18267,296.113281,0.07117,1.940928,0.209919
18268,296.113281,0.07117,1.940928,0.209919
18269,296.113281,0.07117,1.940928,0.209919
18270,296.349854,0,1.965609,0.211522
18271,296.349854,0,1.965609,0.211522
18272,296.349854,0,1.965609,0.211522
18273,296.349854,0,1.965609,0.211522
18274,296.113281,0.07117,1.940928,0.209919
18275,296.113281,0.07117,1.940928,0.209919
18276,296.113281,0.07117,1.940928,0.209919
18277,296.113281,0.07117,1.940928,0.209919
18278,296.113281,0.07117,1.940928,0.209919
18279,296.113281,0.07117,1.940928,0.209919
18280,296.113281,0.07117,1.940928,0.209919
18281,296.349854,0,1.965609,0.211522
18282,296.349854,0,1.965609,0.211522
18283,296.349854,0,1.965609,0.211522
18284,296.349854,0,1.965609,0.211522
18285,296.349854,0,1.965609,0.211522
18286,296.349854,0,1.965609,0.211522
18287,296.349854,0,1.965609,0.211522
18288,296.349854,0,1.965609,0.211522
18289,296.349854,0,1.965609,0.211522
18290,296.349854,0,1.965609,0.211522
18291,296.349854,0,1.965609,0.211522
18292,296.349854,0,1.965609,0.211522
18293,296.349854,0,1.965609,0.211522
18294,296.349854,0,1.965609,0.211522
18295,296.349854,0,1.965609,0.211522
18296,296.349854,0,1.965609,0.211522
18297,296.349854,0,1.965609,0.211522
18298,296.349854,0,1.965609,0.211522
18299,296.349854,0,1.965609,0.211522
18300,296.349854,0,1.965609,0.211522
18301,296.349854,0,1.965609,0.211522
18302,296.113281,0.07117,1.940928,0.209919
18303,296.113281,0.07117,1.940928,0.209919
18304,296.582947,0,1.797055,0.19968
18305,296.582947,0,1.797055,0.19968
18306,296.582947,0,1.797055,0.19968
18307,296.582947,0,1.797055,0.19968
18308,296.582947,0,1.797055,0.19968
18309,296.582947,0,1.797055,0.19968
18310,296.582947,0,1.797055,0.19968
18311,296.582947,0,1.797055,0.19968
18312,296.582947,0,1.797055,0.19968
18313,296.582947,0,1.797055,0.19968
18314,296.416565,0,1.847804,0.20339
18315,296.416565,0,1.847804,0.20339
18316,296.416565,0,1.847804,0.20339
18317,296.416565,0,1.847804,0.20339
18318,296.416565,0,1.847804,0.20339
18319,296.416565,0,1.847804,0.20339
18320,296.416565,0,1.847804,0.20339
18321,296.416565,0,1.847804,0.20339
18322,296.416565,0,1.847804,0.20339
18323,296.416565,0,1.847804,0.20339
18324,296.416565,0,1.847804,0.20339
18325,296.416565,0,1.847804,0.20339
18326,296.416565,0,1.847804,0.20339
18327,296.416565,0,1.847804,0.20339
18328,296.416565,0,1.847804,0.20339
18329,296.416565,0,1.847804,0.20339
18330,296.582947,0,1.797055,0.19968
18331,296.582947,0,1.797055,0.19968
18332,296.582947,0,1.797055,0.19968
18333,296.582947,0,1.797055,0.19968
18334,296.582947,0,1.797055,0.19968
18335,296.582947,0,1.797055,0.19968
18336,296.582947,0,1.797055,0.19968
18337,296.582947,0,1.797055,0.19968
18338,296.582947,0,1.797055,0.19968
18339,296.582947,0,1.797055,0.19968
18340,296.582947,0,1.797055,0.19968
18341,296.582947,0,1.797055,0.19968
18342,296.582947,0,1.797055,0.19968
