"ID","Y","X","Year_HGU","BO2_tempmax_bdmean","X.1","Y.1","optional"
25,62.294986,5.777065,2017,14.3581914901733,5.777065,62.294986,TRUE
26,62.2684879999999,5.838746,2017,15.0738115310669,5.838746,62.2684879999999,TRUE
27,62.251308,5.810019,2017,14.3581914901733,5.810019,62.251308,TRUE
28,62.2472119999999,5.844286,2017,8.42563629150391,5.844286,62.2472119999999,TRUE
29,62.2492299999999,5.843589,2017,8.42563629150391,5.843589,62.2492299999999,TRUE
34,62.3393009999999,5.831167,2017,14.5059967041016,5.831167,62.3393009999999,TRUE
35,62.336944,5.848113,2017,NA,5.848113,62.336944,TRUE
37,62.3349789999999,5.849953,2017,NA,5.849953,62.3349789999999,TRUE
38,62.33549,5.832434,2017,14.5059967041016,5.832434,62.33549,TRUE
46,62.3330229999999,5.835214,2017,15.0738115310669,5.835214,62.3330229999999,TRUE
53,62.345728,5.815929,2017,14.5059967041016,5.815929,62.345728,TRUE
56,62.3379169999999,5.824597,2017,14.5059967041016,5.824597,62.3379169999999,TRUE
72,68.54433,16.45428,2012,13.9959573745728,16.45428,68.54433,TRUE
110,70.535065,23.4994769999999,2016,8.71989822387695,23.4994769999999,70.535065,TRUE
111,70.535103,23.499393,2016,8.71989822387695,23.499393,70.535103,TRUE
112,70.5352239999999,23.499452,2016,8.71989822387695,23.499452,70.5352239999999,TRUE
113,70.535285,23.499426,2016,8.71989822387695,23.499426,70.535285,TRUE
114,70.5353309999999,23.4994799999999,2016,8.71989822387695,23.4994799999999,70.5353309999999,TRUE
115,70.534388,23.502547,2016,8.76428604125977,23.502547,70.534388,TRUE
116,70.5344379999999,23.502693,2016,8.76428604125977,23.502693,70.5344379999999,TRUE
117,70.5344359999999,23.502773,2016,8.76428604125977,23.502773,70.5344359999999,TRUE
118,70.5324449999999,23.5061539999999,2016,8.76428604125977,23.5061539999999,70.5324449999999,TRUE
119,70.5325239999999,23.506543,2016,8.76428604125977,23.506543,70.5325239999999,TRUE
120,70.5326,23.506682,2016,8.76428604125977,23.506682,70.5326,TRUE
121,70.532661,23.506843,2016,8.76428604125977,23.506843,70.532661,TRUE
122,70.5328099999999,23.506799,2016,8.76428604125977,23.506799,70.5328099999999,TRUE
123,70.54688,23.542877,2016,8.76428604125977,23.542877,70.54688,TRUE
124,70.5469269999999,23.543067,2016,8.76428604125977,23.543067,70.5469269999999,TRUE
125,70.5469429999999,23.5431829999999,2016,8.76428604125977,23.5431829999999,70.5469429999999,TRUE
126,70.546968,23.5432899999999,2016,8.76428604125977,23.5432899999999,70.546968,TRUE
127,70.5469489999999,23.543499,2016,8.76428604125977,23.543499,70.5469489999999,TRUE
128,70.5469329999999,23.543455,2016,8.76428604125977,23.543455,70.5469329999999,TRUE
129,70.546891,23.543489,2016,8.76428604125977,23.543489,70.546891,TRUE
130,70.546839,23.5436729999999,2016,8.76428604125977,23.5436729999999,70.546839,TRUE
131,70.5467749999999,23.5438769999999,2016,8.76428604125977,23.5438769999999,70.5467749999999,TRUE
132,70.546723,23.54361,2016,8.76428604125977,23.54361,70.546723,TRUE
133,70.546678,23.5433449999999,2016,8.76428604125977,23.5433449999999,70.546678,TRUE
134,70.546592,23.542791,2016,8.76428604125977,23.542791,70.546592,TRUE
135,70.5554259999999,23.534471,2016,8.76428604125977,23.534471,70.5554259999999,TRUE
136,70.551608,23.5402239999999,2016,8.76428604125977,23.5402239999999,70.551608,TRUE
137,70.5516839999999,23.540396,2016,8.76428604125977,23.540396,70.5516839999999,TRUE
138,70.5517329999999,23.54022,2016,8.76428604125977,23.54022,70.5517329999999,TRUE
139,70.551826,23.539971,2016,8.76428604125977,23.539971,70.551826,TRUE
140,70.551845,23.539732,2016,8.76428604125977,23.539732,70.551845,TRUE
141,70.4823499999999,23.127198,2016,10.6859006881714,23.127198,70.4823499999999,TRUE
142,70.481622,23.125208,2016,10.6859006881714,23.125208,70.481622,TRUE
143,70.481716,23.125129,2016,10.6859006881714,23.125129,70.481716,TRUE
144,70.481644,23.125084,2016,10.6859006881714,23.125084,70.481644,TRUE
145,70.483574,23.148263,2016,10.6859006881714,23.148263,70.483574,TRUE
146,70.483089,23.1521539999999,2016,10.6859006881714,23.1521539999999,70.483089,TRUE
147,70.48272,23.1532869999999,2016,10.6859006881714,23.1532869999999,70.48272,TRUE
148,70.4827169999999,23.153796,2016,10.6859006881714,23.153796,70.4827169999999,TRUE
149,70.4824969999999,23.15418,2016,10.6859006881714,23.15418,70.4824969999999,TRUE
150,70.514628,23.1679609999999,2016,7.78521966934204,23.1679609999999,70.514628,TRUE
151,70.514632,23.1676089999999,2016,7.78521966934204,23.1676089999999,70.514632,TRUE
154,70.5159539999999,23.194526,2016,7.78521966934204,23.194526,70.5159539999999,TRUE
155,70.5158399999999,23.194631,2016,7.78521966934204,23.194631,70.5158399999999,TRUE
156,70.516108,23.194506,2016,7.78521966934204,23.194506,70.516108,TRUE
162,70.5156489999999,23.2253079999999,2016,7.78521966934204,23.2253079999999,70.5156489999999,TRUE
190,70.5174389999999,22.8020309999999,2016,8.45702362060547,22.8020309999999,70.5174389999999,TRUE
191,70.5174399999999,22.801758,2016,8.45702362060547,22.801758,70.5174399999999,TRUE
192,70.5173499999999,22.801297,2016,8.45702362060547,22.801297,70.5173499999999,TRUE
193,70.518291,22.8009309999999,2016,8.45702362060547,22.8009309999999,70.518291,TRUE
194,70.5196669999999,22.797167,2016,8.45702362060547,22.797167,70.5196669999999,TRUE
195,70.5206979999999,22.795634,2016,8.45702362060547,22.795634,70.5206979999999,TRUE
197,70.516816,22.7809659999999,2016,8.45702362060547,22.7809659999999,70.516816,TRUE
217,70.605799,23.101662,2016,6.92596197128296,23.101662,70.605799,TRUE
218,70.605721,23.101533,2016,6.92596197128296,23.101533,70.605721,TRUE
219,70.6060839999999,23.1009649999999,2016,6.92596197128296,23.1009649999999,70.6060839999999,TRUE
220,70.6067579999999,23.099903,2016,6.92596197128296,23.099903,70.6067579999999,TRUE
221,70.607026,23.099062,2016,6.92596197128296,23.099062,70.607026,TRUE
249,70.699762,23.1596289999999,2016,10.572093963623,23.1596289999999,70.699762,TRUE
250,70.700438,23.159963,2016,10.572093963623,23.159963,70.700438,TRUE
251,70.7004029999999,23.1597839999999,2016,10.572093963623,23.1597839999999,70.7004029999999,TRUE
252,70.7003849999999,23.159703,2016,10.572093963623,23.159703,70.7003849999999,TRUE
253,70.6984259999999,23.160995,2016,10.572093963623,23.160995,70.6984259999999,TRUE
254,70.69835,23.1613609999999,2016,10.572093963623,23.1613609999999,70.69835,TRUE
255,70.698188,23.1620519999999,2016,10.572093963623,23.1620519999999,70.698188,TRUE
256,70.6824,23.221782,2016,9.74675846099854,23.221782,70.6824,TRUE
257,70.68223,23.222096,2016,9.74675846099854,23.222096,70.68223,TRUE
258,70.68219,23.2224849999999,2016,9.74675846099854,23.2224849999999,70.68219,TRUE
259,70.6822449999999,23.222954,2016,9.74675846099854,23.222954,70.6822449999999,TRUE
260,70.6821599999999,23.2230549999999,2016,9.74675846099854,23.2230549999999,70.6821599999999,TRUE
285,70.7105099999999,23.299032,2016,9.01835632324219,23.299032,70.7105099999999,TRUE
286,70.710486,23.299049,2016,9.01835632324219,23.299049,70.710486,TRUE
287,70.7104259999999,23.299049,2016,9.01835632324219,23.299049,70.7104259999999,TRUE
288,70.7103759999999,23.299036,2016,9.01835632324219,23.299036,70.7103759999999,TRUE
289,70.7102579999999,23.299009,2016,9.01835632324219,23.299009,70.7102579999999,TRUE
290,70.710182,23.298929,2016,9.01835632324219,23.298929,70.710182,TRUE
322,70.680874,22.9980459999999,2016,9.34843635559082,22.9980459999999,70.680874,TRUE
323,70.6692879999999,22.998417,2016,9.34843635559082,22.998417,70.6692879999999,TRUE
324,70.669227,22.998604,2016,9.34843635559082,22.998604,70.669227,TRUE
325,70.669188,22.998728,2016,9.34843635559082,22.998728,70.669188,TRUE
326,70.66919,22.9987889999999,2016,9.34843635559082,22.9987889999999,70.66919,TRUE
347,70.742592,23.132514,2016,10.572093963623,23.132514,70.742592,TRUE
348,70.7414239999999,23.135788,2016,10.572093963623,23.135788,70.7414239999999,TRUE
349,70.740644,23.1406269999999,2016,10.572093963623,23.1406269999999,70.740644,TRUE
350,70.7406139999999,23.141086,2016,10.572093963623,23.141086,70.7406139999999,TRUE
351,70.7405509999999,23.142413,2016,10.572093963623,23.142413,70.7405509999999,TRUE
352,70.740482,23.143421,2016,10.572093963623,23.143421,70.740482,TRUE
353,70.740009,23.1592179999999,2016,10.572093963623,23.1592179999999,70.740009,TRUE
354,70.7388409999999,23.1688019999999,2016,9.74675846099854,23.1688019999999,70.7388409999999,TRUE
355,70.7388389999999,23.169287,2016,9.74675846099854,23.169287,70.7388389999999,TRUE
356,70.7397399999999,23.141849,2016,10.572093963623,23.141849,70.7397399999999,TRUE
357,70.739658,23.1419,2016,10.572093963623,23.1419,70.739658,TRUE
358,70.7395839999999,23.1421339999999,2016,10.572093963623,23.1421339999999,70.7395839999999,TRUE
359,70.739604,23.1413979999999,2016,10.572093963623,23.1413979999999,70.739604,TRUE
362,70.7649449999999,23.1165239999999,2016,10.740894317627,23.1165239999999,70.7649449999999,TRUE
363,70.764657,23.119178,2016,10.740894317627,23.119178,70.764657,TRUE
364,70.7643989999999,23.12199,2016,10.740894317627,23.12199,70.7643989999999,TRUE
365,70.7641859999999,23.1265269999999,2016,10.740894317627,23.1265269999999,70.7641859999999,TRUE
366,70.764323,23.127303,2016,10.740894317627,23.127303,70.764323,TRUE
367,70.764217,23.128269,2016,10.740894317627,23.128269,70.764217,TRUE
368,70.7642369999999,23.12844,2016,10.740894317627,23.12844,70.7642369999999,TRUE
369,70.7640949999999,23.129162,2016,10.740894317627,23.129162,70.7640949999999,TRUE
370,70.7637909999999,23.128736,2016,10.740894317627,23.128736,70.7637909999999,TRUE
371,70.7636069999999,23.1287869999999,2016,10.740894317627,23.1287869999999,70.7636069999999,TRUE
404,70.711932,23.334194,2016,8.20395278930664,23.334194,70.711932,TRUE
405,70.7118119999999,23.333677,2016,8.20395278930664,23.333677,70.7118119999999,TRUE
406,70.7118279999999,23.3333489999999,2016,8.20395278930664,23.3333489999999,70.7118279999999,TRUE
410,70.6213609999999,23.088694,2016,6.92596197128296,23.088694,70.6213609999999,TRUE
411,70.621485,23.0878809999999,2016,6.92596197128296,23.0878809999999,70.621485,TRUE
412,70.6208989999999,23.087578,2016,6.92596197128296,23.087578,70.6208989999999,TRUE
416,70.4703439999999,23.2548129999999,2016,8.81235980987549,23.2548129999999,70.4703439999999,TRUE
417,70.456209,23.2082249999999,2016,8.44185924530029,23.2082249999999,70.456209,TRUE
418,70.4563449999999,23.207984,2016,8.44185924530029,23.207984,70.4563449999999,TRUE
419,70.4564819999999,23.208046,2016,8.44185924530029,23.208046,70.4564819999999,TRUE
420,70.456159,23.20664,2016,8.44185924530029,23.20664,70.456159,TRUE
421,70.456423,23.2065559999999,2016,8.44185924530029,23.2065559999999,70.456423,TRUE
422,70.456343,23.209744,2016,8.44185924530029,23.209744,70.456343,TRUE
423,70.4564,23.209965,2016,8.44185924530029,23.209965,70.4564,TRUE
424,70.456528,23.210141,2016,8.44185924530029,23.210141,70.456528,TRUE
425,70.456586,23.210142,2016,8.44185924530029,23.210142,70.456586,TRUE
426,70.4567169999999,23.210099,2016,8.44185924530029,23.210099,70.4567169999999,TRUE
427,70.456843,23.2100529999999,2016,8.44185924530029,23.2100529999999,70.456843,TRUE
428,70.4569979999999,23.21003,2016,8.44185924530029,23.21003,70.4569979999999,TRUE
429,70.457244,23.2100849999999,2016,8.44185924530029,23.2100849999999,70.457244,TRUE
430,70.4574989999999,23.210429,2016,8.44185924530029,23.210429,70.4574989999999,TRUE
431,70.457676,23.210439,2016,8.44185924530029,23.210439,70.457676,TRUE
432,70.4580839999999,23.2107139999999,2016,8.44185924530029,23.2107139999999,70.4580839999999,TRUE
433,70.45843,23.2107069999999,2016,8.44185924530029,23.2107069999999,70.45843,TRUE
434,70.45847,23.2106959999999,2016,8.44185924530029,23.2106959999999,70.45847,TRUE
435,70.458652,23.2106719999999,2016,8.44185924530029,23.2106719999999,70.458652,TRUE
436,70.458837,23.210639,2016,8.44185924530029,23.210639,70.458837,TRUE
437,70.463858,23.2234909999999,2016,8.44185924530029,23.2234909999999,70.463858,TRUE
438,70.466436,23.232347,2016,8.44185924530029,23.232347,70.466436,TRUE
439,70.4665729999999,23.232544,2016,8.44185924530029,23.232544,70.4665729999999,TRUE
440,70.4664769999999,23.244465,2016,8.44185924530029,23.244465,70.4664769999999,TRUE
441,70.4666,23.245055,2016,8.44185924530029,23.245055,70.4666,TRUE
442,70.466638,23.2452879999999,2016,8.44185924530029,23.2452879999999,70.466638,TRUE
443,70.4665629999999,23.2461209999999,2016,8.44185924530029,23.2461209999999,70.4665629999999,TRUE
444,70.466582,23.247007,2016,8.44185924530029,23.247007,70.466582,TRUE
445,70.466543,23.2476619999999,2016,8.44185924530029,23.2476619999999,70.466543,TRUE
446,70.466559,23.248519,2016,8.44185924530029,23.248519,70.466559,TRUE
447,70.4665959999999,23.249064,2016,8.44185924530029,23.249064,70.4665959999999,TRUE
448,70.466648,23.249419,2016,8.44185924530029,23.249419,70.466648,TRUE
449,70.4667239999999,23.249717,2016,8.44185924530029,23.249717,70.4667239999999,TRUE
450,70.4668669999999,23.250347,2016,8.81235980987549,23.250347,70.4668669999999,TRUE
451,70.466993,23.250896,2016,8.81235980987549,23.250896,70.466993,TRUE
452,70.4671129999999,23.251311,2016,8.81235980987549,23.251311,70.4671129999999,TRUE
453,70.4672209999999,23.251733,2016,8.81235980987549,23.251733,70.4672209999999,TRUE
454,70.467246,23.251863,2016,8.81235980987549,23.251863,70.467246,TRUE
455,70.4672609999999,23.2519279999999,2016,8.81235980987549,23.2519279999999,70.4672609999999,TRUE
456,70.46729,23.2519479999999,2016,8.81235980987549,23.2519479999999,70.46729,TRUE
457,70.467382,23.25193,2016,8.81235980987549,23.25193,70.467382,TRUE
458,70.467532,23.251888,2016,8.81235980987549,23.251888,70.467532,TRUE
459,70.4676709999999,23.252195,2016,8.81235980987549,23.252195,70.4676709999999,TRUE
460,70.467752,23.252419,2016,8.81235980987549,23.252419,70.467752,TRUE
461,70.467944,23.2529049999999,2016,8.81235980987549,23.2529049999999,70.467944,TRUE
462,70.4680769999999,23.253174,2016,8.81235980987549,23.253174,70.4680769999999,TRUE
463,70.46826,23.2534899999999,2016,8.81235980987549,23.2534899999999,70.46826,TRUE
464,70.4683359999999,23.2536039999999,2016,8.81235980987549,23.2536039999999,70.4683359999999,TRUE
465,70.4686329999999,23.253557,2016,8.81235980987549,23.253557,70.4686329999999,TRUE
466,70.468789,23.253629,2016,8.81235980987549,23.253629,70.468789,TRUE
467,70.468928,23.253885,2016,8.81235980987549,23.253885,70.468928,TRUE
468,70.4690329999999,23.25384,2016,8.81235980987549,23.25384,70.4690329999999,TRUE
469,70.4691969999999,23.253712,2016,8.81235980987549,23.253712,70.4691969999999,TRUE
470,70.469361,23.2535409999999,2016,8.81235980987549,23.2535409999999,70.469361,TRUE
471,70.4702249999999,23.2632949999999,2016,8.81235980987549,23.2632949999999,70.4702249999999,TRUE
472,70.470267,23.263306,2016,8.81235980987549,23.263306,70.470267,TRUE
473,70.470414,23.2635739999999,2016,8.81235980987549,23.2635739999999,70.470414,TRUE
474,70.4704509999999,23.2636919999999,2016,8.81235980987549,23.2636919999999,70.4704509999999,TRUE
475,70.4704789999999,23.263773,2016,8.81235980987549,23.263773,70.4704789999999,TRUE
476,70.49109,23.2825069999999,2016,8.81235980987549,23.2825069999999,70.49109,TRUE
477,70.491394,23.282276,2016,8.81235980987549,23.282276,70.491394,TRUE
478,70.49154,23.282211,2016,8.81235980987549,23.282211,70.49154,TRUE
479,70.491765,23.282354,2016,8.81235980987549,23.282354,70.491765,TRUE
480,70.491774,23.282346,2016,8.81235980987549,23.282346,70.491774,TRUE
533,70.7118169999999,23.333572,2016,8.20395278930664,23.333572,70.7118169999999,TRUE
567,70.948819,25.46,2016,10.212306022644,25.46,70.948819,TRUE
568,70.9473809999999,25.4613179999999,2016,10.212306022644,25.4613179999999,70.9473809999999,TRUE
569,70.946268,25.464896,2016,10.212306022644,25.464896,70.946268,TRUE
570,70.9483989999999,25.451432,2016,10.212306022644,25.451432,70.9483989999999,TRUE
571,70.9506209999999,25.4602679999999,2016,10.212306022644,25.4602679999999,70.9506209999999,TRUE
572,70.942594,25.4775309999999,2016,10.212306022644,25.4775309999999,70.942594,TRUE
573,70.953686,25.4702519999999,2016,10.212306022644,25.4702519999999,70.953686,TRUE
726,70.104628,30.158035,2017,11.8683080673218,30.158035,70.104628,TRUE
728,70.1050819999999,30.1611699999999,2017,11.8683080673218,30.1611699999999,70.1050819999999,TRUE
729,70.102968,30.154052,2017,11.8683080673218,30.154052,70.102968,TRUE
758,70.1241109999999,22.497387,2017,10.0825462341309,22.497387,70.1241109999999,TRUE
1108,70.2584509999999,22.415741,2017,6.24037170410156,22.415741,70.2584509999999,TRUE
1130,70.1202849999999,22.5191599999999,2017,12.0156583786011,22.5191599999999,70.1202849999999,TRUE
1131,70.120125,22.5198159999999,2017,12.0156583786011,22.5198159999999,70.120125,TRUE
1132,70.1199749999999,22.520461,2017,12.0156583786011,22.520461,70.1199749999999,TRUE
1133,70.1201499999999,22.5214399999999,2017,12.0156583786011,22.5214399999999,70.1201499999999,TRUE
1134,70.1203979999999,22.521882,2017,12.0156583786011,22.521882,70.1203979999999,TRUE
1135,70.120553,22.5221699999999,2017,12.0156583786011,22.5221699999999,70.120553,TRUE
1136,70.120737,22.521186,2017,12.0156583786011,22.521186,70.120737,TRUE
1137,70.120821,22.5205969999999,2017,12.0156583786011,22.5205969999999,70.120821,TRUE
1138,70.1208309999999,22.520133,2017,12.0156583786011,22.520133,70.1208309999999,TRUE
1139,70.1209999999999,22.5192459999999,2017,12.0156583786011,22.5192459999999,70.1209999999999,TRUE
1140,70.121035,22.518951,2017,12.0156583786011,22.518951,70.121035,TRUE
1141,70.121026,22.518829,2017,12.0156583786011,22.518829,70.121026,TRUE
1142,70.1209429999999,22.518815,2017,12.0156583786011,22.518815,70.1209429999999,TRUE
1143,70.120895,22.5188349999999,2017,12.0156583786011,22.5188349999999,70.120895,TRUE
1144,70.120827,22.518785,2017,12.0156583786011,22.518785,70.120827,TRUE
1145,70.120776,22.5187269999999,2017,12.0156583786011,22.5187269999999,70.120776,TRUE
1146,70.1206889999999,22.5187099999999,2017,12.0156583786011,22.5187099999999,70.1206889999999,TRUE
1147,70.1206549999999,22.518715,2017,12.0156583786011,22.518715,70.1206549999999,TRUE
1148,70.120563,22.5186619999999,2017,12.0156583786011,22.5186619999999,70.120563,TRUE
1149,70.120585,22.5186929999999,2017,12.0156583786011,22.5186929999999,70.120585,TRUE
1150,70.120585,22.518729,2017,12.0156583786011,22.518729,70.120585,TRUE
1151,70.120547,22.518789,2017,12.0156583786011,22.518789,70.120547,TRUE
1152,70.120541,22.518784,2017,12.0156583786011,22.518784,70.120541,TRUE
1153,70.1205039999999,22.518794,2017,12.0156583786011,22.518794,70.1205039999999,TRUE
1154,70.122071,22.5160909999999,2017,12.0156583786011,22.5160909999999,70.122071,TRUE
1155,70.1219679999999,22.5167709999999,2017,12.0156583786011,22.5167709999999,70.1219679999999,TRUE
1156,70.121751,22.516922,2017,12.0156583786011,22.516922,70.121751,TRUE
1157,70.1216,22.517296,2017,12.0156583786011,22.517296,70.1216,TRUE
1158,70.121358,22.517758,2017,12.0156583786011,22.517758,70.121358,TRUE
1159,70.1210159999999,22.517544,2017,12.0156583786011,22.517544,70.1210159999999,TRUE
1160,70.121075,22.518124,2017,12.0156583786011,22.518124,70.121075,TRUE
1161,70.121026,22.518234,2017,12.0156583786011,22.518234,70.121026,TRUE
1162,70.1209599999999,22.518317,2017,12.0156583786011,22.518317,70.1209599999999,TRUE
1163,70.120935,22.518325,2017,12.0156583786011,22.518325,70.120935,TRUE
1164,70.120941,22.5187209999999,2017,12.0156583786011,22.5187209999999,70.120941,TRUE
1165,70.1210279999999,22.519105,2017,12.0156583786011,22.519105,70.1210279999999,TRUE
1166,70.1211729999999,22.5192049999999,2017,12.0156583786011,22.5192049999999,70.1211729999999,TRUE
1167,70.121232,22.519279,2017,12.0156583786011,22.519279,70.121232,TRUE
1168,70.121485,22.519328,2017,12.0156583786011,22.519328,70.121485,TRUE
1169,70.121682,22.5194149999999,2017,12.0156583786011,22.5194149999999,70.121682,TRUE
1170,70.121819,22.5195019999999,2017,12.0156583786011,22.5195019999999,70.121819,TRUE
1171,70.1220909999999,22.5198849999999,2017,12.0156583786011,22.5198849999999,70.1220909999999,TRUE
1172,70.1222029999999,22.520689,2017,12.0156583786011,22.520689,70.1222029999999,TRUE
1173,70.122138,22.5211639999999,2017,12.0156583786011,22.5211639999999,70.122138,TRUE
1174,70.122048,22.521196,2017,12.0156583786011,22.521196,70.122048,TRUE
1175,70.121705,22.521408,2017,12.0156583786011,22.521408,70.121705,TRUE
1176,70.1213159999999,22.521667,2017,12.0156583786011,22.521667,70.1213159999999,TRUE
1177,70.1212929999999,22.5215619999999,2017,12.0156583786011,22.5215619999999,70.1212929999999,TRUE
1178,70.121193,22.5210459999999,2017,12.0156583786011,22.5210459999999,70.121193,TRUE
1179,70.121178,22.520999,2017,12.0156583786011,22.520999,70.121178,TRUE
1180,70.120925,22.5200159999999,2017,12.0156583786011,22.5200159999999,70.120925,TRUE
1181,70.120849,22.5190209999999,2017,12.0156583786011,22.5190209999999,70.120849,TRUE
1182,70.1208249999999,22.5187759999999,2017,12.0156583786011,22.5187759999999,70.1208249999999,TRUE
1183,70.1207629999999,22.518391,2017,12.0156583786011,22.518391,70.1207629999999,TRUE
1184,70.120686,22.5179879999999,2017,12.0156583786011,22.5179879999999,70.120686,TRUE
1185,70.12057,22.5175139999999,2017,12.0156583786011,22.5175139999999,70.12057,TRUE
1186,70.120519,22.517351,2017,12.0156583786011,22.517351,70.120519,TRUE
1187,70.120462,22.5171169999999,2017,12.0156583786011,22.5171169999999,70.120462,TRUE
1188,70.120406,22.516572,2017,12.0156583786011,22.516572,70.120406,TRUE
1189,70.1204989999999,22.5159419999999,2017,12.0156583786011,22.5159419999999,70.1204989999999,TRUE
1190,70.120568,22.5157929999999,2017,12.0156583786011,22.5157929999999,70.120568,TRUE
1191,70.120705,22.515673,2017,12.0156583786011,22.515673,70.120705,TRUE
1192,70.120827,22.515637,2017,12.0156583786011,22.515637,70.120827,TRUE
1193,70.120985,22.51555,2017,12.0156583786011,22.51555,70.120985,TRUE
1194,70.121184,22.515034,2017,12.0156583786011,22.515034,70.121184,TRUE
1195,70.1208069999999,22.513684,2017,12.0156583786011,22.513684,70.1208069999999,TRUE
1196,70.1205879999999,22.513591,2017,12.0156583786011,22.513591,70.1205879999999,TRUE
1197,70.1204139999999,22.513558,2017,12.0156583786011,22.513558,70.1204139999999,TRUE
1198,70.1202729999999,22.513238,2017,12.0156583786011,22.513238,70.1202729999999,TRUE
1199,70.1203909999999,22.512194,2017,12.0156583786011,22.512194,70.1203909999999,TRUE
1200,70.1204369999999,22.511382,2017,12.0156583786011,22.511382,70.1204369999999,TRUE
1201,70.120384,22.5103739999999,2017,12.0156583786011,22.5103739999999,70.120384,TRUE
1202,70.1205539999999,22.508699,2017,12.0156583786011,22.508699,70.1205539999999,TRUE
1203,70.1205659999999,22.506504,2017,12.0156583786011,22.506504,70.1205659999999,TRUE
1204,70.121284,22.505189,2017,12.0156583786011,22.505189,70.121284,TRUE
1205,70.121212,22.504179,2017,12.0156583786011,22.504179,70.121212,TRUE
1206,70.1210279999999,22.5030159999999,2017,12.0156583786011,22.5030159999999,70.1210279999999,TRUE
1207,70.121018,22.501998,2017,12.0156583786011,22.501998,70.121018,TRUE
1208,70.12115,22.501211,2017,12.0156583786011,22.501211,70.12115,TRUE
1209,70.1212529999999,22.501035,2017,12.0156583786011,22.501035,70.1212529999999,TRUE
1210,70.1214779999999,22.500591,2017,12.0156583786011,22.500591,70.1214779999999,TRUE
1211,70.121959,22.500883,2017,12.0156583786011,22.500883,70.121959,TRUE
1212,70.1221929999999,22.500824,2017,12.0156583786011,22.500824,70.1221929999999,TRUE
1213,70.1225809999999,22.500509,2017,12.0156583786011,22.500509,70.1225809999999,TRUE
1214,70.12296,22.4998229999999,2017,10.0825462341309,22.4998229999999,70.12296,TRUE
1215,70.1234479999999,22.498446,2017,10.0825462341309,22.498446,70.1234479999999,TRUE
1216,70.1237509999999,22.497585,2017,10.0825462341309,22.497585,70.1237509999999,TRUE
1217,70.1244549999999,22.4972759999999,2017,10.0825462341309,22.4972759999999,70.1244549999999,TRUE
1218,70.1254679999999,22.498899,2017,10.0825462341309,22.498899,70.1254679999999,TRUE
1219,70.125528,22.498785,2017,10.0825462341309,22.498785,70.125528,TRUE
1220,70.1254359999999,22.4989309999999,2017,10.0825462341309,22.4989309999999,70.1254359999999,TRUE
1221,68.5631319999999,14.610453,2014,9.89945888519287,14.610453,68.5631319999999,TRUE
1222,68.563462,14.606113,2014,9.89945888519287,14.606113,68.563462,TRUE
1223,68.553177,14.5620429999999,2014,9.44254493713379,14.5620429999999,68.553177,TRUE
1224,68.5536639999999,14.557308,2014,9.44254493713379,14.557308,68.5536639999999,TRUE
1225,68.5539119999999,14.554613,2014,9.44254493713379,14.554613,68.5539119999999,TRUE
1229,68.5860619999999,14.667001,2014,11.554048538208,14.667001,68.5860619999999,TRUE
1230,68.5861919999999,14.6685479999999,2014,11.554048538208,14.6685479999999,68.5861919999999,TRUE
1231,68.629137,14.759247,2014,10.898045539856,14.759247,68.629137,TRUE
1232,68.628774,14.7580639999999,2014,10.898045539856,14.7580639999999,68.628774,TRUE
1233,68.628426,14.757059,2014,10.898045539856,14.757059,68.628426,TRUE
1234,68.6278159999999,14.755051,2014,10.898045539856,14.755051,68.6278159999999,TRUE
1235,68.6188879999999,14.755248,2014,10.898045539856,14.755248,68.6188879999999,TRUE
1236,68.6180559999999,14.7549259999999,2014,10.898045539856,14.7549259999999,68.6180559999999,TRUE
1237,68.617078,14.756549,2014,10.898045539856,14.756549,68.617078,TRUE
1238,67.081517,14.3534,2011,14.843807220459,14.3534,67.081517,TRUE
1239,67.081517,14.353367,2011,14.843807220459,14.353367,67.081517,TRUE
1240,67.0815329999999,14.353317,2011,14.843807220459,14.353317,67.0815329999999,TRUE
1389,63.8152499999999,11.4093,2009,10.3710899353027,11.4093,63.8152499999999,TRUE
1390,63.8160499999999,11.4056,2009,10.3710899353027,11.4056,63.8160499999999,TRUE
1391,63.82383,11.41653,2009,10.3710899353027,11.41653,63.82383,TRUE
1392,63.82395,11.41712,2009,NA,11.41712,63.82395,TRUE
1393,63.82419,11.41801,2009,NA,11.41801,63.82419,TRUE
1394,63.82484,11.41967,2009,NA,11.41967,63.82484,TRUE
1395,63.8256999999999,11.42051,2009,NA,11.42051,63.8256999999999,TRUE
1396,63.82609,11.4220299999999,2009,NA,11.4220299999999,63.82609,TRUE
1397,63.82981,11.4229,2009,NA,11.4229,63.82981,TRUE
1398,63.8299,11.42393,2009,NA,11.42393,63.8299,TRUE
1422,62.6346399999999,7.11009,2017,12.1578207015991,7.11009,62.6346399999999,TRUE
1424,62.6300529999999,7.170289,2017,8.36147499084473,7.170289,62.6300529999999,TRUE
1425,62.6249639999999,7.142803,2017,12.1578207015991,7.142803,62.6249639999999,TRUE
1429,62.612174,6.924824,2017,14.1831979751587,6.924824,62.612174,TRUE
1430,62.610472,6.922897,2017,14.1831979751587,6.922897,62.610472,TRUE
1431,62.6104759999999,6.922597,2017,14.1831979751587,6.922597,62.6104759999999,TRUE
1432,62.6096999999999,6.924802,2017,14.1831979751587,6.924802,62.6096999999999,TRUE
1433,62.609636,6.925135,2017,14.1831979751587,6.925135,62.609636,TRUE
1434,62.609665,6.925645,2017,14.1831979751587,6.925645,62.609665,TRUE
1435,62.6086019999999,6.928631,2017,14.1831979751587,6.928631,62.6086019999999,TRUE
1436,62.6057059999999,6.923192,2017,14.1831979751587,6.923192,62.6057059999999,TRUE
1437,62.6055989999999,6.922731,2017,14.1831979751587,6.922731,62.6055989999999,TRUE
1438,62.605361,6.922401,2017,14.1831979751587,6.922401,62.605361,TRUE
1439,62.605156,6.922579,2017,14.1831979751587,6.922579,62.605156,TRUE
1440,62.6045889999999,6.921813,2017,14.1831979751587,6.921813,62.6045889999999,TRUE
1441,62.604422,6.920504,2017,14.1831979751587,6.920504,62.604422,TRUE
1442,62.6027309999999,6.917345,2017,14.1831979751587,6.917345,62.6027309999999,TRUE
1443,62.577944,6.916459,2017,NA,6.916459,62.577944,TRUE
1526,63.9048099999999,10.93947,2009,12.2861375808716,10.93947,63.9048099999999,TRUE
1527,63.8803899999999,11.0492,2009,9.89401435852051,11.0492,63.8803899999999,TRUE
1528,63.8802099999999,11.04912,2009,9.89401435852051,11.04912,63.8802099999999,TRUE
1529,63.87754,11.0482499999999,2009,9.89401435852051,11.0482499999999,63.87754,TRUE
1530,63.86393,11.04815,2009,9.89401435852051,11.04815,63.86393,TRUE
1531,63.8638899999999,11.04809,2009,9.89401435852051,11.04809,63.8638899999999,TRUE
1532,63.86368,11.0478,2009,9.89401435852051,11.0478,63.86368,TRUE
1533,63.85817,11.04975,2009,9.89401435852051,11.04975,63.85817,TRUE
1534,63.85812,11.04968,2009,9.89401435852051,11.04968,63.85812,TRUE
1535,63.85826,11.0497599999999,2009,9.89401435852051,11.0497599999999,63.85826,TRUE
1546,67.7157749999999,14.857988,2012,13.5026531219482,14.857988,67.7157749999999,TRUE
1664,67.9952049999999,15.064412,2012,14.6449422836304,15.064412,67.9952049999999,TRUE
1665,67.99539,15.063221,2012,14.6449422836304,15.063221,67.99539,TRUE
1666,68.0015779999999,15.069309,2012,10.1509265899658,15.069309,68.0015779999999,TRUE
1667,68.0011789999999,15.068833,2012,10.1509265899658,15.068833,68.0011789999999,TRUE
1668,68.012735,15.07581,2012,10.1509265899658,15.07581,68.012735,TRUE
1669,68.012831,15.075189,2012,10.1509265899658,15.075189,68.012831,TRUE
1670,67.998293,15.070144,2012,14.6449422836304,15.070144,67.998293,TRUE
1671,61.371853,5.520353,2015,NA,5.520353,61.371853,TRUE
1672,61.3718289999999,5.52045,2015,NA,5.52045,61.3718289999999,TRUE
1688,62.414749,6.341597,2017,8.23360347747803,6.341597,62.414749,TRUE
1690,62.407507,6.328041,2017,8.23636341094971,6.328041,62.407507,TRUE
1691,62.4081359999999,6.322487,2017,8.23636341094971,6.322487,62.4081359999999,TRUE
1752,62.4287819999999,6.481847,2017,7.88241291046143,6.481847,62.4287819999999,TRUE
1753,62.4292039999999,6.473277,2017,7.88241291046143,6.473277,62.4292039999999,TRUE
1754,62.4297279999999,6.471187,2017,7.88241291046143,6.471187,62.4297279999999,TRUE
1755,62.429568,6.464549,2017,7.88241291046143,6.464549,62.429568,TRUE
1756,62.4244539999999,6.412365,2017,9.50654697418213,6.412365,62.4244539999999,TRUE
1757,62.4183269999999,6.381547,2017,9.50654697418213,6.381547,62.4183269999999,TRUE
1758,62.4182819999999,6.388572,2017,9.50654697418213,6.388572,62.4182819999999,TRUE
1759,62.417304,6.37811,2017,9.50654697418213,6.37811,62.417304,TRUE
1760,68.232167,15.009867,2012,6.94146919250488,15.009867,68.232167,TRUE
1761,68.2315669999999,15.009683,2012,6.94146919250488,15.009683,68.2315669999999,TRUE
1762,68.230883,15.0094169999999,2012,6.94146919250488,15.0094169999999,68.230883,TRUE
1763,68.2376,15.01185,2012,6.94146919250488,15.01185,68.2376,TRUE
1764,68.237667,15.00995,2012,6.94146919250488,15.00995,68.237667,TRUE
1765,68.244617,15.010133,2012,6.94146919250488,15.010133,68.244617,TRUE
1766,68.2451499999999,15.009767,2012,6.94146919250488,15.009767,68.2451499999999,TRUE
1767,68.255733,15.011533,2012,14.3467597961426,15.011533,68.255733,TRUE
1768,68.256433,15.0111,2012,14.3467597961426,15.0111,68.256433,TRUE
1769,68.256933,15.0101669999999,2012,14.3467597961426,15.0101669999999,68.256933,TRUE
1770,68.269433,15.033433,2012,14.3467597961426,15.033433,68.269433,TRUE
1775,68.234217,14.62735,2012,12.2974948883057,14.62735,68.234217,TRUE
1776,68.2339,14.6274669999999,2012,12.2974948883057,14.6274669999999,68.2339,TRUE
1777,68.232967,14.6252999999999,2012,12.2974948883057,14.6252999999999,68.232967,TRUE
1778,68.21925,14.546533,2012,9.88807106018066,14.546533,68.21925,TRUE
1779,68.210783,14.5139499999999,2012,9.88807106018066,14.5139499999999,68.210783,TRUE
1780,68.2104499999999,14.512683,2012,9.88807106018066,14.512683,68.2104499999999,TRUE
1826,68.2494669999999,14.732117,2012,12.4302091598511,14.732117,68.2494669999999,TRUE
1827,68.256433,14.7174169999999,2012,12.1978511810303,14.7174169999999,68.256433,TRUE
1828,68.2567329999999,14.71645,2012,12.1978511810303,14.71645,68.2567329999999,TRUE
1829,68.2561,14.7168829999999,2012,12.1978511810303,14.7168829999999,68.2561,TRUE
1830,68.1980829999999,14.458752,2013,12.5013761520386,14.458752,68.1980829999999,TRUE
1831,68.1980449999999,14.4583689999999,2013,12.5013761520386,14.4583689999999,68.1980449999999,TRUE
1859,68.2002779999999,14.193374,2013,13.887186050415,14.193374,68.2002779999999,TRUE
1860,68.2022889999999,14.1933,2013,13.887186050415,14.1933,68.2022889999999,TRUE
1861,68.2073529999999,14.176297,2013,13.887186050415,14.176297,68.2073529999999,TRUE
1865,68.319626,14.2809849999999,2014,14.2834129333496,14.2809849999999,68.319626,TRUE
1866,68.33247,14.445525,2014,NA,14.445525,68.33247,TRUE
1932,60.064267,5.522283,2009,13.6929206848145,5.522283,60.064267,TRUE
1935,60.0626669999999,5.52445,2009,13.6929206848145,5.52445,60.0626669999999,TRUE
1936,60.063467,5.545683,2009,13.6929206848145,5.545683,60.063467,TRUE
1938,60.0635169999999,5.5532,2009,13.6929206848145,5.5532,60.0635169999999,TRUE
1939,60.0619999999999,5.54385,2009,13.6929206848145,5.54385,60.0619999999999,TRUE
1940,60.0634999999999,5.569683,2009,13.6929206848145,5.569683,60.0634999999999,TRUE
1941,60.061267,5.551517,2009,13.6929206848145,5.551517,60.061267,TRUE
1951,60.062967,5.5323,2009,13.6929206848145,5.5323,60.062967,TRUE
1952,60.0593829999999,5.524033,2009,13.6929206848145,5.524033,60.0593829999999,TRUE
1953,60.0596,5.53745,2009,13.6929206848145,5.53745,60.0596,TRUE
1954,60.05745,5.517433,2009,13.6929206848145,5.517433,60.05745,TRUE
1955,60.057583,5.5203,2009,13.6929206848145,5.5203,60.057583,TRUE
1956,60.0568499999999,5.5198,2009,13.6929206848145,5.5198,60.0568499999999,TRUE
1957,60.057917,5.53655,2009,13.6929206848145,5.53655,60.057917,TRUE
1958,60.0566,5.5248,2009,13.6929206848145,5.5248,60.0566,TRUE
1959,60.054133,5.523267,2009,13.6929206848145,5.523267,60.054133,TRUE
1960,60.0547169999999,5.505883,2009,13.6929206848145,5.505883,60.0547169999999,TRUE
1961,60.0568,5.53475,2009,13.6929206848145,5.53475,60.0568,TRUE
1962,60.056133,5.528317,2009,13.6929206848145,5.528317,60.056133,TRUE
1963,60.055933,5.52905,2009,13.6929206848145,5.52905,60.055933,TRUE
1964,60.0562499999999,5.533183,2009,13.6929206848145,5.533183,60.0562499999999,TRUE
1965,60.056483,5.5336,2009,13.6929206848145,5.5336,60.056483,TRUE
1966,60.05395,5.517217,2009,13.6929206848145,5.517217,60.05395,TRUE
1967,60.053933,5.523183,2009,13.6929206848145,5.523183,60.053933,TRUE
1968,60.053617,5.52205,2009,13.6929206848145,5.52205,60.053617,TRUE
1969,60.052233,5.518567,2009,13.6929206848145,5.518567,60.052233,TRUE
1970,60.0523499999999,5.534417,2009,13.6929206848145,5.534417,60.0523499999999,TRUE
1971,60.051383,5.535233,2009,13.6929206848145,5.535233,60.051383,TRUE
1972,60.051467,5.53595,2009,13.6929206848145,5.53595,60.051467,TRUE
1973,60.05015,5.525367,2009,13.6929206848145,5.525367,60.05015,TRUE
1974,60.050417,5.529867,2009,13.6929206848145,5.529867,60.050417,TRUE
2009,62.0945559999999,5.238516,2015,8.77141189575195,5.238516,62.0945559999999,TRUE
2010,62.0952729999999,5.235869,2015,8.77141189575195,5.235869,62.0952729999999,TRUE
2012,62.0984839999999,5.239656,2015,8.77141189575195,5.239656,62.0984839999999,TRUE
2017,62.098778,5.234249,2015,8.77141189575195,5.234249,62.098778,TRUE
2018,62.0993879999999,5.236465,2015,8.77141189575195,5.236465,62.0993879999999,TRUE
2024,62.0967869999999,5.234895,2015,8.77141189575195,5.234895,62.0967869999999,TRUE
2027,62.095768,5.233295,2015,8.77141189575195,5.233295,62.095768,TRUE
2029,62.0978009999999,5.242774,2015,8.77141189575195,5.242774,62.0978009999999,TRUE
2040,62.095844,5.243891,2015,8.77141189575195,5.243891,62.095844,TRUE
2043,62.096494,5.240301,2015,8.77141189575195,5.240301,62.096494,TRUE
2044,62.0967679999999,5.237798,2015,8.77141189575195,5.237798,62.0967679999999,TRUE
2045,62.1911589999999,5.241453,2014,12.0413980484009,5.241453,62.1911589999999,TRUE
2046,62.19187,5.245096,2014,12.0413980484009,5.245096,62.19187,TRUE
2047,62.1941539999999,5.239024,2014,12.0413980484009,5.239024,62.1941539999999,TRUE
2048,62.195601,5.2371,2014,12.0413980484009,5.2371,62.195601,TRUE
2049,62.195635,5.237573,2014,12.0413980484009,5.237573,62.195635,TRUE
2050,62.1962309999999,5.23641,2014,12.0413980484009,5.23641,62.1962309999999,TRUE
2051,62.1968609999999,5.23572,2014,12.0413980484009,5.23572,62.1968609999999,TRUE
2052,62.197712,5.234959,2014,12.0413980484009,5.234959,62.197712,TRUE
2053,62.1982209999999,5.235761,2014,12.0413980484009,5.235761,62.1982209999999,TRUE
2054,62.1983749999999,5.234742,2014,12.0413980484009,5.234742,62.1983749999999,TRUE
2055,62.198784,5.234125,2014,12.0413980484009,5.234125,62.198784,TRUE
2056,62.191139,5.244365,2014,12.0413980484009,5.244365,62.191139,TRUE
2057,62.1935429999999,5.236801,2014,12.0413980484009,5.236801,62.1935429999999,TRUE
2058,62.1945819999999,5.235494,2014,12.0413980484009,5.235494,62.1945819999999,TRUE
2059,62.1954089999999,5.243944,2014,12.0413980484009,5.243944,62.1954089999999,TRUE
2060,62.195529,5.242451,2014,12.0413980484009,5.242451,62.195529,TRUE
2061,62.195683,5.241433,2014,12.0413980484009,5.241433,62.195683,TRUE
2062,62.1958849999999,5.244273,2014,12.0413980484009,5.244273,62.1958849999999,TRUE
2063,62.1959039999999,5.24136,2014,12.0413980484009,5.24136,62.1959039999999,TRUE
2064,62.194918,5.240228,2014,12.0413980484009,5.240228,62.194918,TRUE
2065,62.1906299999999,5.243562,2014,12.0413980484009,5.243562,62.1906299999999,TRUE
2066,62.191591,5.253904,2014,12.9537916183472,5.253904,62.191591,TRUE
2067,62.193216,5.241751,2014,12.0413980484009,5.241751,62.193216,TRUE
2068,62.195298,5.232839,2014,12.0413980484009,5.232839,62.195298,TRUE
2069,62.1976299999999,5.230625,2014,12.0413980484009,5.230625,62.1976299999999,TRUE
2070,62.192385,5.2396,2014,12.0413980484009,5.2396,62.192385,TRUE
2071,62.2002069999999,5.241412,2014,12.0413980484009,5.241412,62.2002069999999,TRUE
2072,62.1970049999999,5.247299,2014,12.0413980484009,5.247299,62.1970049999999,TRUE
2073,62.198587,5.247269,2014,12.0413980484009,5.247269,62.198587,TRUE
2074,62.1989949999999,5.246651,2014,12.0413980484009,5.246651,62.1989949999999,TRUE
2075,62.1981439999999,5.247413,2014,12.0413980484009,5.247413,62.1981439999999,TRUE
2076,62.1981639999999,5.2445,2014,12.0413980484009,5.2445,62.1981639999999,TRUE
2077,62.1987069999999,5.245776,2014,12.0413980484009,5.245776,62.1987069999999,TRUE
2078,62.1948909999999,5.151104,2014,15.6603059768677,5.151104,62.1948909999999,TRUE
2079,62.1946349999999,5.157002,2014,15.6603059768677,5.157002,62.1946349999999,TRUE
2080,62.1959269999999,5.156093,2014,15.6603059768677,5.156093,62.1959269999999,TRUE
2081,62.197544,5.150232,2014,15.6603059768677,5.150232,62.197544,TRUE
2082,62.198936,5.163341,2014,15.6603059768677,5.163341,62.198936,TRUE
2083,62.1994979999999,5.161703,2014,15.6603059768677,5.161703,62.1994979999999,TRUE
2084,62.1965909999999,5.155875,2014,15.6603059768677,5.155875,62.1965909999999,TRUE
2085,62.201216,5.157262,2014,15.6603059768677,5.157262,62.201216,TRUE
2086,62.197029,5.174625,2014,12.0413980484009,5.174625,62.197029,TRUE
2087,62.1958259999999,5.154673,2014,15.6603059768677,5.154673,62.1958259999999,TRUE
2089,62.2015359999999,5.171209,2014,12.0413980484009,5.171209,62.2015359999999,TRUE
2092,62.197628,5.154565,2014,15.6603059768677,5.154565,62.197628,TRUE
2093,62.194839,5.153543,2014,15.6603059768677,5.153543,62.194839,TRUE
2094,62.200961,5.156861,2014,15.6603059768677,5.156861,62.200961,TRUE
2095,62.2005679999999,5.167166,2014,12.0413980484009,5.167166,62.2005679999999,TRUE
2096,62.193714,5.169415,2014,12.0413980484009,5.169415,62.193714,TRUE
2097,62.2045639999999,5.169246,2014,12.0413980484009,5.169246,62.2045639999999,TRUE
2098,62.189264,5.249818,2014,12.0413980484009,5.249818,62.189264,TRUE
2099,62.1873939999999,5.248974,2014,12.0413980484009,5.248974,62.1873939999999,TRUE
2100,62.187548,5.247955,2014,12.0413980484009,5.247955,62.187548,TRUE
2101,62.1889759999999,5.248943,2014,12.0413980484009,5.248943,62.1889759999999,TRUE
2102,62.189442,5.23959,2014,12.0413980484009,5.23959,62.189442,TRUE
2103,62.1890569999999,5.253275,2014,12.9537916183472,5.253275,62.1890569999999,TRUE
2104,62.190739,5.254665,2014,12.9537916183472,5.254665,62.190739,TRUE
2105,62.1895659999999,5.254078,2014,12.9537916183472,5.254078,62.1895659999999,TRUE
2106,62.189821,5.25448,2014,12.9537916183472,5.25448,62.189821,TRUE
2107,62.189404,5.245414,2014,12.0413980484009,5.245414,62.189404,TRUE
2326,66.2435449999999,13.648998,2015,8.75452613830566,13.648998,66.2435449999999,TRUE
2434,60.2651899999999,5.32429,2009,12.598614692688,5.32429,60.2651899999999,TRUE
2435,60.24224,5.29057,2009,8.43488025665283,5.29057,60.24224,TRUE
2436,60.25594,5.29751,2009,12.598614692688,5.29751,60.25594,TRUE
2437,60.25854,5.30896,2009,12.598614692688,5.30896,60.25854,TRUE
2438,60.2646,5.32364,2009,12.598614692688,5.32364,60.2646,TRUE
2439,60.24166,5.29085,2009,8.43488025665283,5.29085,60.24166,TRUE
2440,60.2650599999999,5.32416,2009,12.598614692688,5.32416,60.2650599999999,TRUE
2441,60.2591699999999,5.30915,2009,12.598614692688,5.30915,60.2591699999999,TRUE
2442,60.25616,5.29793,2009,12.598614692688,5.29793,60.25616,TRUE
3126,68.5687999999999,16.52963,2012,12.6636371612549,16.52963,68.5687999999999,TRUE
3191,69.37912,18.07646,2008,11.8681831359863,18.07646,69.37912,TRUE
3192,69.3790999999999,18.0777299999999,2008,11.8681831359863,18.0777299999999,69.3790999999999,TRUE
3193,69.3779799999999,18.0902999999999,2008,11.5843172073364,18.0902999999999,69.3779799999999,TRUE
3194,69.37751,18.09151,2008,11.5843172073364,18.09151,69.37751,TRUE
3195,69.34984,18.08246,2008,11.8681831359863,18.08246,69.34984,TRUE
3196,69.3413299999999,18.08124,2008,11.8681831359863,18.08124,69.3413299999999,TRUE
3200,69.2336499999999,17.95251,2009,9.37998485565186,17.95251,69.2336499999999,TRUE
3201,69.23308,17.95145,2009,9.37998485565186,17.95145,69.23308,TRUE
3205,64.739383,11.326585,2007,7.95388650894165,11.326585,64.739383,TRUE
3206,64.7421879999999,11.316977,2007,7.95388650894165,11.316977,64.7421879999999,TRUE
3232,64.8600229999999,11.270441,2007,15.7982702255249,11.270441,64.8600229999999,TRUE
3233,64.86069,11.271064,2007,15.7982702255249,11.271064,64.86069,TRUE
3234,64.8607619999999,11.270611,2007,15.7982702255249,11.270611,64.8607619999999,TRUE
3236,64.924304,11.492338,2007,10.0833969116211,11.492338,64.924304,TRUE
3237,64.924233,11.492364,2007,10.0833969116211,11.492364,64.924233,TRUE
3238,64.924121,11.492346,2007,10.0833969116211,11.492346,64.924121,TRUE
3241,64.9372269999999,11.388092,2007,11.7375221252441,11.388092,64.9372269999999,TRUE
3242,64.937531,11.388355,2007,11.7375221252441,11.388355,64.937531,TRUE
3243,64.9372489999999,11.391931,2007,11.7375221252441,11.391931,64.9372489999999,TRUE
3244,64.9374689999999,11.391899,2007,11.7375221252441,11.391899,64.9374689999999,TRUE
3245,64.938907,11.410586,2007,11.7375221252441,11.410586,64.938907,TRUE
3246,64.938941,11.415293,2007,11.7375221252441,11.415293,64.938941,TRUE
3247,64.9376429999999,11.4211329999999,2007,10.0833969116211,11.4211329999999,64.9376429999999,TRUE
3248,64.947147,11.454211,2007,10.0833969116211,11.454211,64.947147,TRUE
3253,64.859993,11.270451,2007,15.7982702255249,11.270451,64.859993,TRUE
3254,64.9375069999999,11.418464,2007,10.0833969116211,11.418464,64.9375069999999,TRUE
3290,64.598628,11.0317279999999,2007,7.71722412109375,11.0317279999999,64.598628,TRUE
3295,64.6197379999999,11.0268409999999,2007,7.71722412109375,11.0268409999999,64.6197379999999,TRUE
3316,64.5962609999999,11.043507,2007,7.71722412109375,11.043507,64.5962609999999,TRUE
3317,64.596665,11.041278,2007,7.71722412109375,11.041278,64.596665,TRUE
3318,64.596754,11.0410369999999,2007,7.71722412109375,11.0410369999999,64.596754,TRUE
3319,64.607977,11.030051,2007,7.71722412109375,11.030051,64.607977,TRUE
3320,64.6081039999999,11.030219,2007,7.71722412109375,11.030219,64.6081039999999,TRUE
3321,64.6093529999999,11.0282889999999,2007,7.71722412109375,11.0282889999999,64.6093529999999,TRUE
3322,64.609498,11.028207,2007,7.71722412109375,11.028207,64.609498,TRUE
3323,64.6082179999999,11.0257489999999,2007,7.71722412109375,11.0257489999999,64.6082179999999,TRUE
3324,64.6082159999999,11.0254949999999,2007,7.71722412109375,11.0254949999999,64.6082159999999,TRUE
3525,63.3258799999999,10.0846,2009,9.83626842498779,10.0846,63.3258799999999,TRUE
3526,63.3256999999999,10.0845699999999,2009,9.83626842498779,10.0845699999999,63.3256999999999,TRUE
3527,63.33494,10.06929,2009,10.7208690643311,10.06929,63.33494,TRUE
3551,67.19275,14.631683,2011,11.8660173416138,14.631683,67.19275,TRUE
3552,67.262833,14.711067,2011,11.8649139404297,14.711067,67.262833,TRUE
3553,67.27525,14.708767,2011,11.8649139404297,14.708767,67.27525,TRUE
3626,67.2749,14.529183,2011,7.1200270652771,14.529183,67.2749,TRUE
3672,67.246283,14.693917,2011,7.4753851890564,14.693917,67.246283,TRUE
3673,67.2438329999999,14.614933,2011,11.8660173416138,14.614933,67.2438329999999,TRUE
3676,67.2351,14.6121669999999,2011,11.8660173416138,14.6121669999999,67.2351,TRUE
3677,67.2309999999999,14.616583,2011,11.8660173416138,14.616583,67.2309999999999,TRUE
3678,67.3341669999999,14.4863,2011,11.8329591751099,14.4863,67.3341669999999,TRUE
3679,67.3342329999999,14.48615,2011,11.8329591751099,14.48615,67.3342329999999,TRUE
3680,67.3342169999999,14.4864669999999,2011,11.8329591751099,14.4864669999999,67.3342169999999,TRUE
3681,67.3337499999999,14.487233,2011,11.8329591751099,14.487233,67.3337499999999,TRUE
3682,67.334333,14.486917,2011,11.8329591751099,14.486917,67.334333,TRUE
3683,67.3342829999999,14.486367,2011,11.8329591751099,14.486367,67.3342829999999,TRUE
3687,67.3461829999999,14.4775829999999,2011,11.8329591751099,14.4775829999999,67.3461829999999,TRUE
3713,67.4471649999999,14.656184,2012,13.4678497314453,14.656184,67.4471649999999,TRUE
3714,67.447207,14.657507,2012,13.4678497314453,14.657507,67.447207,TRUE
3715,67.4479939999999,14.6641189999999,2012,13.4678497314453,14.6641189999999,67.4479939999999,TRUE
3716,67.440887,14.670968,2012,12.7186098098755,14.670968,67.440887,TRUE
3717,67.44082,14.6711969999999,2012,12.7186098098755,14.6711969999999,67.44082,TRUE
3718,67.439295,14.7516479999999,2012,9.72670745849609,14.7516479999999,67.439295,TRUE
3719,67.4474689999999,14.711179,2012,12.7186098098755,14.711179,67.4474689999999,TRUE
3736,67.35935,14.534462,2012,11.8453063964844,14.534462,67.35935,TRUE
3737,67.3545919999999,14.534859,2012,11.8453063964844,14.534859,67.3545919999999,TRUE
3738,67.354466,14.535164,2012,11.8453063964844,14.535164,67.354466,TRUE
3739,67.354307,14.534583,2012,11.8453063964844,14.534583,67.354307,TRUE
3740,67.349652,14.532062,2012,11.8453063964844,14.532062,67.349652,TRUE
3741,67.4954539999999,14.660831,2012,13.4678497314453,14.660831,67.4954539999999,TRUE
3742,67.495939,14.662088,2012,13.4678497314453,14.662088,67.495939,TRUE
3743,67.496278,14.66294,2012,13.4678497314453,14.66294,67.496278,TRUE
3744,67.499395,14.694618,2012,12.7186098098755,14.694618,67.499395,TRUE
3745,67.502936,14.68505,2012,12.8767242431641,14.68505,67.502936,TRUE
4010,62.7696839999999,7.933234,2017,8.60201263427734,7.933234,62.7696839999999,TRUE
4011,62.7689689999999,7.92878,2017,8.60201263427734,7.92878,62.7689689999999,TRUE
4012,62.733978,7.737536,2017,8.60732364654541,7.737536,62.733978,TRUE
4013,62.7311669999999,7.717503,2017,8.60732364654541,7.717503,62.7311669999999,TRUE
4014,62.73098,7.717108,2017,8.60732364654541,7.717108,62.73098,TRUE
4015,62.7279869999999,7.702373,2017,8.60732364654541,7.702373,62.7279869999999,TRUE
4016,62.4642279999999,6.65806,2017,8.62977981567383,6.65806,62.4642279999999,TRUE
4017,62.490015,6.723117,2017,8.27547645568848,6.723117,62.490015,TRUE
4018,62.488318,6.7148,2017,8.27547645568848,6.7148,62.488318,TRUE
4019,62.4879839999999,6.71355,2017,8.27547645568848,6.71355,62.4879839999999,TRUE
4020,62.4884119999999,6.714821,2017,8.27547645568848,6.714821,62.4884119999999,TRUE
4021,62.4872909999999,6.710691,2017,8.27547645568848,6.710691,62.4872909999999,TRUE
4022,62.487299,6.708752,2017,8.27547645568848,6.708752,62.487299,TRUE
4023,62.4865339999999,6.703492,2017,8.27547645568848,6.703492,62.4865339999999,TRUE
4024,62.473291,6.672016,2017,8.27547645568848,6.672016,62.473291,TRUE
4025,62.474325,6.67321,2017,8.27547645568848,6.67321,62.474325,TRUE
4026,62.4897909999999,6.722422,2017,8.27547645568848,6.722422,62.4897909999999,TRUE
4027,62.489648,6.722442,2017,8.27547645568848,6.722442,62.489648,TRUE
4028,62.4893939999999,6.720305,2017,8.27547645568848,6.720305,62.4893939999999,TRUE
4029,62.459172,6.604149,2017,8.62977981567383,6.604149,62.459172,TRUE
4030,62.458644,6.603501,2017,8.62977981567383,6.603501,62.458644,TRUE
4031,62.4535389999999,6.595489,2017,8.62977981567383,6.595489,62.4535389999999,TRUE
4032,62.4748409999999,6.721756,2017,8.27547645568848,6.721756,62.4748409999999,TRUE
4033,62.474701,6.718529,2017,8.27547645568848,6.718529,62.474701,TRUE
4034,62.475504,6.692417,2017,8.27547645568848,6.692417,62.475504,TRUE
4035,62.475465,6.70525,2017,8.27547645568848,6.70525,62.475465,TRUE
4036,62.4753469999999,6.704603,2017,8.27547645568848,6.704603,62.4753469999999,TRUE
4037,62.475413,6.703755,2017,8.27547645568848,6.703755,62.475413,TRUE
4041,62.375576,6.321125,2017,8.23636341094971,6.321125,62.375576,TRUE
4042,62.3759179999999,6.326297,2017,8.23636341094971,6.326297,62.3759179999999,TRUE
4045,62.372188,6.348598,2017,8.23360347747803,6.348598,62.372188,TRUE
4050,62.2299,5.91985,2017,5.95550537109375,5.91985,62.2299,TRUE
4051,62.21692,5.92862,2017,5.95550537109375,5.92862,62.21692,TRUE
4052,62.21914,5.92795,2017,5.95550537109375,5.92795,62.21914,TRUE
4053,62.22357,5.92661,2017,5.95550537109375,5.92661,62.22357,TRUE
4054,62.22359,5.8927,2017,8.42563629150391,5.8927,62.22359,TRUE
4055,62.22328,5.88795,2017,8.42563629150391,5.88795,62.22328,TRUE
4056,62.22612,5.89678,2017,8.42563629150391,5.89678,62.22612,TRUE
4057,62.2147099999999,5.92929,2017,5.95550537109375,5.92929,62.2147099999999,TRUE
4058,62.21661,5.92387,2017,5.95550537109375,5.92387,62.21661,TRUE
4059,62.622909,7.262051,2017,8.3612813949585,7.262051,62.622909,TRUE
4060,62.6231879999999,7.260892,2017,8.3612813949585,7.260892,62.6231879999999,TRUE
4061,62.623305,7.260959,2017,8.3612813949585,7.260959,62.623305,TRUE
4062,62.623342,7.260929,2017,8.3612813949585,7.260929,62.623342,TRUE
4063,62.6218549999999,7.251731,2017,8.3612813949585,7.251731,62.6218549999999,TRUE
4064,62.621917,7.251817,2017,8.3612813949585,7.251817,62.621917,TRUE
4068,62.5421199999999,7.438449,2017,8.37516117095947,7.438449,62.5421199999999,TRUE
4069,62.542012,7.438346,2017,8.37516117095947,7.438346,62.542012,TRUE
4070,62.534067,7.445887,2017,8.37516117095947,7.445887,62.534067,TRUE
4071,62.5322409999999,7.449017,2017,8.37516117095947,7.449017,62.5322409999999,TRUE
4072,62.532086,7.452243,2017,8.37516117095947,7.452243,62.532086,TRUE
4073,62.4980809999999,7.548532,2017,NA,7.548532,62.4980809999999,TRUE
4074,62.4977299999999,7.551855,2017,NA,7.551855,62.4977299999999,TRUE
4075,62.7339819999999,7.109682,2017,7.86621952056885,7.109682,62.7339819999999,TRUE
4076,62.7320879999999,7.085962,2017,7.86621952056885,7.085962,62.7320879999999,TRUE
4077,62.732306,7.078553,2017,8.60697937011719,7.078553,62.732306,TRUE
4078,62.7319529999999,7.075019,2017,8.60697937011719,7.075019,62.7319529999999,TRUE
4079,62.731256,7.064137,2017,8.60697937011719,7.064137,62.731256,TRUE
4080,62.733373,7.137792,2017,7.86621952056885,7.137792,62.733373,TRUE
4081,62.72579,7.000644,2017,8.60697937011719,7.000644,62.72579,TRUE
4082,62.7239179999999,7.125624,2017,7.86621952056885,7.125624,62.7239179999999,TRUE
4083,62.72382,7.126361,2017,7.86621952056885,7.126361,62.72382,TRUE
4084,62.7237349999999,7.12705,2017,7.86621952056885,7.12705,62.7237349999999,TRUE
4085,62.7258259999999,7.130139,2017,7.86621952056885,7.130139,62.7258259999999,TRUE
4086,62.721674,7.130921,2017,7.86621952056885,7.130921,62.721674,TRUE
4121,62.7119989999999,7.614509,2017,8.78973865509033,7.614509,62.7119989999999,TRUE
4122,62.711866,7.614344,2017,8.78973865509033,7.614344,62.711866,TRUE
4123,62.71163,7.613833,2017,8.78973865509033,7.613833,62.71163,TRUE
4140,62.7802,7.663053,2017,14.2402467727661,7.663053,62.7802,TRUE
4141,62.7782899999999,7.661019,2017,14.2402467727661,7.661019,62.7782899999999,TRUE
4142,68.007795,15.443878,2012,14.561915397644,15.443878,68.007795,TRUE
4143,68.002167,15.377439,2012,12.9749727249146,15.377439,68.002167,TRUE
4145,68.0664089999999,15.2959499999999,2012,6.58902311325073,15.2959499999999,68.0664089999999,TRUE
4146,68.0746809999999,15.298316,2012,6.58902311325073,15.298316,68.0746809999999,TRUE
4147,68.0751049999999,15.296077,2012,6.58902311325073,15.296077,68.0751049999999,TRUE
4148,68.0759259999999,15.300145,2012,6.58902311325073,15.300145,68.0759259999999,TRUE
4149,68.0758859999999,15.299801,2012,6.58902311325073,15.299801,68.0758859999999,TRUE
4150,68.07604,15.299089,2012,6.58902311325073,15.299089,68.07604,TRUE
4151,68.0808519999999,15.305548,2012,6.58902311325073,15.305548,68.0808519999999,TRUE
4152,68.0801749999999,15.3063,2012,6.58902311325073,15.3063,68.0801749999999,TRUE
4169,68.1810909999999,15.587885,2012,11.9824676513672,15.587885,68.1810909999999,TRUE
4170,68.1809169999999,15.587564,2012,11.9824676513672,15.587564,68.1809169999999,TRUE
4171,68.180964,15.58658,2012,11.9824676513672,15.58658,68.180964,TRUE
4172,68.181037,15.585077,2012,11.9824676513672,15.585077,68.181037,TRUE
4173,68.185309,15.59747,2012,11.9824676513672,15.59747,68.185309,TRUE
4174,68.1853969999999,15.5968649999999,2012,11.9824676513672,15.5968649999999,68.1853969999999,TRUE
4175,68.1853739999999,15.595853,2012,11.9824676513672,15.595853,68.1853739999999,TRUE
4176,68.1857899999999,15.594237,2012,11.9824676513672,15.594237,68.1857899999999,TRUE
4177,68.1862409999999,15.594998,2012,11.9824676513672,15.594998,68.1862409999999,TRUE
4178,68.1860439999999,15.60324,2012,11.9824676513672,15.60324,68.1860439999999,TRUE
4179,68.1861889999999,15.602394,2012,11.9824676513672,15.602394,68.1861889999999,TRUE
4345,70.0133819999999,23.472263,2017,10.41441822052,23.472263,70.0133819999999,TRUE
4346,70.0135499999999,23.472826,2017,10.41441822052,23.472826,70.0135499999999,TRUE
4347,70.013575,23.473419,2017,10.41441822052,23.473419,70.013575,TRUE
4348,70.013557,23.474156,2017,10.41441822052,23.474156,70.013557,TRUE
4349,70.0138209999999,23.479963,2017,10.41441822052,23.479963,70.0138209999999,TRUE
4350,70.0138139999999,23.4810179999999,2017,10.41441822052,23.4810179999999,70.0138139999999,TRUE
4351,70.013891,23.482151,2017,10.41441822052,23.482151,70.013891,TRUE
4352,70.0140049999999,23.482854,2017,10.41441822052,23.482854,70.0140049999999,TRUE
4353,70.014251,23.483584,2017,10.41441822052,23.483584,70.014251,TRUE
4354,70.014464,23.4846,2017,10.41441822052,23.4846,70.014464,TRUE
4355,70.014565,23.4850929999999,2017,10.41441822052,23.4850929999999,70.014565,TRUE
4356,70.0144939999999,23.4862949999999,2017,10.41441822052,23.4862949999999,70.0144939999999,TRUE
4357,70.049333,22.317788,2017,11.5256013870239,22.317788,70.049333,TRUE
4358,70.0491169999999,22.3179179999999,2017,11.5256013870239,22.3179179999999,70.0491169999999,TRUE
4359,69.985989,23.458389,2017,11.5122375488281,23.458389,69.985989,TRUE
4360,69.985971,23.458411,2017,11.5122375488281,23.458411,69.985971,TRUE
4361,69.993087,23.426632,2017,11.5122375488281,23.426632,69.993087,TRUE
4362,69.986208,23.4486169999999,2017,11.5122375488281,23.4486169999999,69.986208,TRUE
4363,69.986249,23.4490559999999,2017,11.5122375488281,23.4490559999999,69.986249,TRUE
4364,69.9863959999999,23.450001,2017,11.5122375488281,23.450001,69.9863959999999,TRUE
4365,69.9859459999999,23.454746,2017,11.5122375488281,23.454746,69.9859459999999,TRUE
4366,69.985251,23.457073,2017,11.5122375488281,23.457073,69.985251,TRUE
4367,69.985296,23.457626,2017,11.5122375488281,23.457626,69.985296,TRUE
4368,69.9850469999999,23.458421,2017,11.5122375488281,23.458421,69.9850469999999,TRUE
4369,69.984898,23.457953,2017,11.5122375488281,23.457953,69.984898,TRUE
4370,69.9834539999999,23.461454,2017,11.5122375488281,23.461454,69.9834539999999,TRUE
4371,69.982899,23.4627869999999,2017,11.5122375488281,23.4627869999999,69.982899,TRUE
4372,69.982273,23.46491,2017,11.5122375488281,23.46491,69.982273,TRUE
4373,69.98237,23.465147,2017,11.5122375488281,23.465147,69.98237,TRUE
4374,69.9824569999999,23.4651479999999,2017,11.5122375488281,23.4651479999999,69.9824569999999,TRUE
4375,69.9827449999999,23.465143,2017,11.5122375488281,23.465143,69.9827449999999,TRUE
4376,69.9829179999999,23.465356,2017,11.5122375488281,23.465356,69.9829179999999,TRUE
4377,69.983062,23.4653889999999,2017,11.5122375488281,23.4653889999999,69.983062,TRUE
4378,69.983421,23.465093,2017,11.5122375488281,23.465093,69.983421,TRUE
4379,69.9835369999999,23.4648989999999,2017,11.5122375488281,23.4648989999999,69.9835369999999,TRUE
4380,69.9839429999999,23.4640829999999,2017,11.5122375488281,23.4640829999999,69.9839429999999,TRUE
4381,69.984001,23.464043,2017,11.5122375488281,23.464043,69.984001,TRUE
4382,69.9842569999999,23.463653,2017,11.5122375488281,23.463653,69.9842569999999,TRUE
4383,69.984392,23.463424,2017,11.5122375488281,23.463424,69.984392,TRUE
4384,69.9846349999999,23.463215,2017,11.5122375488281,23.463215,69.9846349999999,TRUE
4385,69.9847809999999,23.4629869999999,2017,11.5122375488281,23.4629869999999,69.9847809999999,TRUE
4386,69.984915,23.4627669999999,2017,11.5122375488281,23.4627669999999,69.984915,TRUE
4387,69.9850179999999,23.462494,2017,11.5122375488281,23.462494,69.9850179999999,TRUE
4388,69.9851519999999,23.4616809999999,2017,11.5122375488281,23.4616809999999,69.9851519999999,TRUE
4389,69.9852589999999,23.4612969999999,2017,11.5122375488281,23.4612969999999,69.9852589999999,TRUE
4390,69.9853509999999,23.461061,2017,11.5122375488281,23.461061,69.9853509999999,TRUE
4391,69.985494,23.460497,2017,11.5122375488281,23.460497,69.985494,TRUE
4392,69.9855909999999,23.459978,2017,11.5122375488281,23.459978,69.9855909999999,TRUE
4393,69.98564,23.4597039999999,2017,11.5122375488281,23.4597039999999,69.98564,TRUE
4394,69.9857329999999,23.4591759999999,2017,11.5122375488281,23.4591759999999,69.9857329999999,TRUE
4395,69.9858009999999,23.458815,2017,11.5122375488281,23.458815,69.9858009999999,TRUE
4396,69.9859649999999,23.458638,2017,11.5122375488281,23.458638,69.9859649999999,TRUE
4397,69.9859459999999,23.458912,2017,11.5122375488281,23.458912,69.9859459999999,TRUE
4398,69.992748,23.427171,2017,11.5122375488281,23.427171,69.992748,TRUE
4399,69.992872,23.4266539999999,2017,11.5122375488281,23.4266539999999,69.992872,TRUE
4400,69.993069,23.426403,2017,11.5122375488281,23.426403,69.993069,TRUE
4401,69.9930959999999,23.426511,2017,11.5122375488281,23.426511,69.9930959999999,TRUE
4402,69.993009,23.4270059999999,2017,11.5122375488281,23.4270059999999,69.993009,TRUE
4403,69.9929589999999,23.4271929999999,2017,11.5122375488281,23.4271929999999,69.9929589999999,TRUE
4404,69.992862,23.427313,2017,11.5122375488281,23.427313,69.992862,TRUE
4405,69.99276,23.427696,2017,11.5122375488281,23.427696,69.99276,TRUE
4406,69.992782,23.4277359999999,2017,11.5122375488281,23.4277359999999,69.992782,TRUE
4407,69.9926909999999,23.427636,2017,11.5122375488281,23.427636,69.9926909999999,TRUE
4408,69.992692,23.426769,2017,11.5122375488281,23.426769,69.992692,TRUE
4409,69.9929149999999,23.4261769999999,2017,11.5122375488281,23.4261769999999,69.9929149999999,TRUE
4410,69.9927359999999,23.4259619999999,2017,11.5122375488281,23.4259619999999,69.9927359999999,TRUE
4411,69.992591,23.425182,2017,11.5122375488281,23.425182,69.992591,TRUE
4412,69.992664,23.423912,2017,11.5122375488281,23.423912,69.992664,TRUE
4413,69.992828,23.42228,2017,11.5122375488281,23.42228,69.992828,TRUE
4414,69.992901,23.421292,2017,11.5122375488281,23.421292,69.992901,TRUE
4415,69.9932369999999,23.42076,2017,11.5122375488281,23.42076,69.9932369999999,TRUE
4416,69.9933609999999,23.420679,2017,11.5122375488281,23.420679,69.9933609999999,TRUE
4417,69.993446,23.420693,2017,11.5122375488281,23.420693,69.993446,TRUE
4418,69.993639,23.420721,2017,11.5122375488281,23.420721,69.993639,TRUE
4419,69.9938319999999,23.420649,2017,11.5122375488281,23.420649,69.9938319999999,TRUE
4420,69.9939459999999,23.4205679999999,2017,11.5122375488281,23.4205679999999,69.9939459999999,TRUE
4421,69.9942659999999,23.420646,2017,11.5122375488281,23.420646,69.9942659999999,TRUE
4422,69.994031,23.42066,2017,11.5122375488281,23.42066,69.994031,TRUE
4423,69.9940079999999,23.4206679999999,2017,11.5122375488281,23.4206679999999,69.9940079999999,TRUE
4424,69.993948,23.420697,2017,11.5122375488281,23.420697,69.993948,TRUE
4425,69.99391,23.420712,2017,11.5122375488281,23.420712,69.99391,TRUE
4426,69.9902869999999,23.385831,2017,10.733941078186,23.385831,69.9902869999999,TRUE
4427,69.988607,23.389932,2017,10.733941078186,23.389932,69.988607,TRUE
4428,69.987639,23.3885089999999,2017,10.733941078186,23.3885089999999,69.987639,TRUE
4429,69.986348,23.3894519999999,2017,10.733941078186,23.3894519999999,69.986348,TRUE
4430,69.986597,23.388787,2017,10.733941078186,23.388787,69.986597,TRUE
4431,69.9869199999999,23.3882149999999,2017,10.733941078186,23.3882149999999,69.9869199999999,TRUE
4432,69.9871339999999,23.3878699999999,2017,10.733941078186,23.3878699999999,69.9871339999999,TRUE
4433,69.9873759999999,23.3874129999999,2017,10.733941078186,23.3874129999999,69.9873759999999,TRUE
4434,69.9874999999999,23.387169,2017,10.733941078186,23.387169,69.9874999999999,TRUE
4435,69.9877429999999,23.386696,2017,10.733941078186,23.386696,69.9877429999999,TRUE
4436,69.987986,23.386167,2017,10.733941078186,23.386167,69.987986,TRUE
4437,69.9882089999999,23.3857089999999,2017,10.733941078186,23.3857089999999,69.9882089999999,TRUE
4438,69.988584,23.384898,2017,10.733941078186,23.384898,69.988584,TRUE
4439,69.988933,23.384172,2017,10.733941078186,23.384172,69.988933,TRUE
4440,69.9890529999999,23.3839189999999,2017,10.733941078186,23.3839189999999,69.9890529999999,TRUE
4441,69.989354,23.383388,2017,10.733941078186,23.383388,69.989354,TRUE
4442,69.9894939999999,23.38306,2017,10.733941078186,23.38306,69.9894939999999,TRUE
4443,69.989641,23.382726,2017,10.733941078186,23.382726,69.989641,TRUE
4444,69.9897739999999,23.3824669999999,2017,10.733941078186,23.3824669999999,69.9897739999999,TRUE
4445,69.990047,23.3819729999999,2017,10.733941078186,23.3819729999999,69.990047,TRUE
4446,69.9901459999999,23.381765,2017,10.733941078186,23.381765,69.9901459999999,TRUE
4447,69.990311,23.381499,2017,10.733941078186,23.381499,69.990311,TRUE
4448,69.990561,23.3811,2017,10.733941078186,23.3811,69.990561,TRUE
4449,69.990803,23.3807189999999,2017,10.733941078186,23.3807189999999,69.990803,TRUE
4450,69.9910919999999,23.380247,2017,10.733941078186,23.380247,69.9910919999999,TRUE
4451,69.991337,23.37979,2017,10.733941078186,23.37979,69.991337,TRUE
4452,69.9915,23.379448,2017,10.733941078186,23.379448,69.9915,TRUE
4453,69.991737,23.378989,2017,10.733941078186,23.378989,69.991737,TRUE
4454,69.991898,23.378588,2017,10.733941078186,23.378588,69.991898,TRUE
4455,69.992142,23.37807,2017,10.733941078186,23.37807,69.992142,TRUE
4456,69.9923009999999,23.377499,2017,10.733941078186,23.377499,69.9923009999999,TRUE
4457,69.9921709999999,23.3777329999999,2017,10.733941078186,23.3777329999999,69.9921709999999,TRUE
4458,69.9921789999999,23.377561,2017,10.733941078186,23.377561,69.9921789999999,TRUE
4459,69.9921269999999,23.377492,2017,10.733941078186,23.377492,69.9921269999999,TRUE
4460,70.013592,23.474594,2017,10.41441822052,23.474594,70.013592,TRUE
4461,70.013501,23.4750109999999,2017,10.41441822052,23.4750109999999,70.013501,TRUE
4462,70.0137189999999,23.4763829999999,2017,10.41441822052,23.4763829999999,70.0137189999999,TRUE
4463,70.0138859999999,23.4770809999999,2017,10.41441822052,23.4770809999999,70.0138859999999,TRUE
4464,70.013934,23.4778419999999,2017,10.41441822052,23.4778419999999,70.013934,TRUE
4465,70.014401,23.4839389999999,2017,10.41441822052,23.4839389999999,70.014401,TRUE
4466,70.0146019999999,23.485509,2017,10.41441822052,23.485509,70.0146019999999,TRUE
4467,70.01452,23.4856349999999,2017,10.41441822052,23.4856349999999,70.01452,TRUE
4468,70.014386,23.4873669999999,2017,10.41441822052,23.4873669999999,70.014386,TRUE
4469,70.014488,23.4884309999999,2017,10.41441822052,23.4884309999999,70.014488,TRUE
4470,70.014464,23.488707,2017,10.41441822052,23.488707,70.014464,TRUE
4471,70.014505,23.4891019999999,2017,10.41441822052,23.4891019999999,70.014505,TRUE
4472,70.0145299999999,23.489273,2017,10.41441822052,23.489273,70.0145299999999,TRUE
4473,70.0145559999999,23.4897269999999,2017,10.41441822052,23.4897269999999,70.0145559999999,TRUE
4474,70.0145459999999,23.489849,2017,10.41441822052,23.489849,70.0145459999999,TRUE
4475,70.014581,23.4900769999999,2017,10.41441822052,23.4900769999999,70.014581,TRUE
4476,70.014621,23.4903319999999,2017,10.41441822052,23.4903319999999,70.014621,TRUE
4477,70.0146349999999,23.4907089999999,2017,10.41441822052,23.4907089999999,70.0146349999999,TRUE
4478,70.01469,23.491136,2017,10.41441822052,23.491136,70.01469,TRUE
4479,70.0147549999999,23.491886,2017,10.41441822052,23.491886,70.0147549999999,TRUE
4480,70.014874,23.492034,2017,10.41441822052,23.492034,70.014874,TRUE
4481,70.0149499999999,23.4914409999999,2017,10.41441822052,23.4914409999999,70.0149499999999,TRUE
4482,70.0149779999999,23.490997,2017,10.41441822052,23.490997,70.0149779999999,TRUE
4483,70.0150749999999,23.489677,2017,10.41441822052,23.489677,70.0150749999999,TRUE
4484,70.015078,23.4894339999999,2017,10.41441822052,23.4894339999999,70.015078,TRUE
4485,70.015089,23.489232,2017,10.41441822052,23.489232,70.015089,TRUE
4486,70.0151,23.4890159999999,2017,10.41441822052,23.4890159999999,70.0151,TRUE
4487,70.015179,23.4885209999999,2017,10.41441822052,23.4885209999999,70.015179,TRUE
4488,70.0152219999999,23.488219,2017,10.41441822052,23.488219,70.0152219999999,TRUE
4489,70.015242,23.4877919999999,2017,10.41441822052,23.4877919999999,70.015242,TRUE
4490,70.0255559999999,23.492626,2017,10.41441822052,23.492626,70.0255559999999,TRUE
4491,70.025385,23.4923879999999,2017,10.41441822052,23.4923879999999,70.025385,TRUE
4492,70.025068,23.492238,2017,10.41441822052,23.492238,70.025068,TRUE
4493,70.0244869999999,23.492317,2017,10.41441822052,23.492317,70.0244869999999,TRUE
4494,70.023606,23.4902729999999,2017,10.41441822052,23.4902729999999,70.023606,TRUE
4495,70.0227229999999,23.4883099999999,2017,10.41441822052,23.4883099999999,70.0227229999999,TRUE
4496,70.0220989999999,23.4873189999999,2017,10.41441822052,23.4873189999999,70.0220989999999,TRUE
4497,70.021652,23.487179,2017,10.41441822052,23.487179,70.021652,TRUE
4498,70.0207809999999,23.4875289999999,2017,10.41441822052,23.4875289999999,70.0207809999999,TRUE
4499,70.0200059999999,23.48804,2017,10.41441822052,23.48804,70.0200059999999,TRUE
4500,70.0193029999999,23.488235,2017,10.41441822052,23.488235,70.0193029999999,TRUE
4501,70.0179449999999,23.489186,2017,10.41441822052,23.489186,70.0179449999999,TRUE
4502,70.017706,23.48947,2017,10.41441822052,23.48947,70.017706,TRUE
4503,70.0169709999999,23.4914209999999,2017,10.41441822052,23.4914209999999,70.0169709999999,TRUE
4504,70.016823,23.4920469999999,2017,10.41441822052,23.4920469999999,70.016823,TRUE
4505,70.016542,23.493611,2017,10.41441822052,23.493611,70.016542,TRUE
4506,70.0165839999999,23.494033,2017,10.41441822052,23.494033,70.0165839999999,TRUE
4507,70.0165449999999,23.494907,2017,10.41441822052,23.494907,70.0165449999999,TRUE
4508,70.0167179999999,23.4951499999999,2017,10.41441822052,23.4951499999999,70.0167179999999,TRUE
4509,70.016497,23.4968359999999,2017,10.41441822052,23.4968359999999,70.016497,TRUE
4510,70.0162299999999,23.497519,2017,10.41441822052,23.497519,70.0162299999999,TRUE
4511,70.0160699999999,23.4979289999999,2017,10.41441822052,23.4979289999999,70.0160699999999,TRUE
4512,70.0167079999999,23.49893,2017,10.41441822052,23.49893,70.0167079999999,TRUE
4513,70.016883,23.499348,2017,10.41441822052,23.499348,70.016883,TRUE
4514,70.0172199999999,23.500035,2017,NA,23.500035,70.0172199999999,TRUE
4515,70.0178279999999,23.500785,2017,NA,23.500785,70.0178279999999,TRUE
4516,70.0185359999999,23.5015749999999,2017,NA,23.5015749999999,70.0185359999999,TRUE
4517,70.019885,23.502158,2017,NA,23.502158,70.019885,TRUE
4518,70.021448,23.501871,2017,NA,23.501871,70.021448,TRUE
4519,70.0227859999999,23.5021799999999,2017,NA,23.5021799999999,70.0227859999999,TRUE
4520,70.023041,23.5013089999999,2017,NA,23.5013089999999,70.023041,TRUE
4521,70.0239899999999,23.500374,2017,NA,23.500374,70.0239899999999,TRUE
4522,70.0247169999999,23.498664,2017,10.41441822052,23.498664,70.0247169999999,TRUE
4523,70.026188,23.4984679999999,2017,10.41441822052,23.4984679999999,70.026188,TRUE
4524,70.0264269999999,23.4965909999999,2017,10.41441822052,23.4965909999999,70.0264269999999,TRUE
4525,70.002279,23.49973,2017,10.41441822052,23.49973,70.002279,TRUE
4526,70.0026199999999,23.499154,2017,10.41441822052,23.499154,70.0026199999999,TRUE
4527,70.00275,23.498287,2017,10.41441822052,23.498287,70.00275,TRUE
4528,69.9824729999999,23.453624,2017,11.5122375488281,23.453624,69.9824729999999,TRUE
4529,69.982645,23.454812,2017,11.5122375488281,23.454812,69.982645,TRUE
4530,69.9826929999999,23.4552349999999,2017,11.5122375488281,23.4552349999999,69.9826929999999,TRUE
4531,69.9826149999999,23.4551419999999,2017,11.5122375488281,23.4551419999999,69.9826149999999,TRUE
4532,69.982459,23.455538,2017,11.5122375488281,23.455538,69.982459,TRUE
4533,69.9822609999999,23.456092,2017,11.5122375488281,23.456092,69.9822609999999,TRUE
4534,69.982313,23.455501,2017,11.5122375488281,23.455501,69.982313,TRUE
4535,70.223112,22.614144,2017,6.08062839508057,22.614144,70.223112,TRUE
4536,70.179297,23.365269,2017,8.44972038269043,23.365269,70.179297,TRUE
4537,70.1794479999999,23.365818,2017,8.44972038269043,23.365818,70.1794479999999,TRUE
4538,70.179637,23.3670779999999,2017,8.44972038269043,23.3670779999999,70.179637,TRUE
4539,70.179651,23.367691,2017,8.44972038269043,23.367691,70.179651,TRUE
4540,70.1796549999999,23.368662,2017,8.44972038269043,23.368662,70.1796549999999,TRUE
4541,70.17972,23.369388,2017,8.44972038269043,23.369388,70.17972,TRUE
4542,70.179764,23.370206,2017,8.44972038269043,23.370206,70.179764,TRUE
4543,70.179775,23.370256,2017,8.44972038269043,23.370256,70.179775,TRUE
4544,70.179792,23.370372,2017,8.44972038269043,23.370372,70.179792,TRUE
4545,70.1798009999999,23.3706509999999,2017,8.44972038269043,23.3706509999999,70.1798009999999,TRUE
4546,70.1798,23.371043,2017,8.44972038269043,23.371043,70.1798,TRUE
4547,70.179804,23.3714249999999,2017,8.44972038269043,23.3714249999999,70.179804,TRUE
4548,70.179693,23.370801,2017,8.44972038269043,23.370801,70.179693,TRUE
4549,70.179579,23.370583,2017,8.44972038269043,23.370583,70.179579,TRUE
4550,70.179467,23.370415,2017,8.44972038269043,23.370415,70.179467,TRUE
4551,70.1792559999999,23.370021,2017,8.44972038269043,23.370021,70.1792559999999,TRUE
4552,70.179241,23.369474,2017,8.44972038269043,23.369474,70.179241,TRUE
4553,70.022137,23.360332,2017,8.75974369049072,23.360332,70.022137,TRUE
4554,70.022091,23.360275,2017,8.75974369049072,23.360275,70.022091,TRUE
4555,70.022226,23.374858,2017,8.75974369049072,23.374858,70.022226,TRUE
4556,70.0223,23.3752099999999,2017,8.75974369049072,23.3752099999999,70.0223,TRUE
4557,70.0223469999999,23.3753449999999,2017,8.75974369049072,23.3753449999999,70.0223469999999,TRUE
4558,70.022282,23.375454,2017,8.75974369049072,23.375454,70.022282,TRUE
4559,70.022199,23.375653,2017,8.75974369049072,23.375653,70.022199,TRUE
4560,70.022107,23.375558,2017,8.75974369049072,23.375558,70.022107,TRUE
4561,70.022034,23.3754279999999,2017,8.75974369049072,23.3754279999999,70.022034,TRUE
4562,70.0220099999999,23.375525,2017,8.75974369049072,23.375525,70.0220099999999,TRUE
4563,70.021945,23.375699,2017,8.75974369049072,23.375699,70.021945,TRUE
4564,70.0218619999999,23.3757139999999,2017,8.75974369049072,23.3757139999999,70.0218619999999,TRUE
4565,70.021781,23.3757419999999,2017,8.75974369049072,23.3757419999999,70.021781,TRUE
4566,70.021681,23.375768,2017,8.75974369049072,23.375768,70.021681,TRUE
4567,70.021647,23.375765,2017,8.75974369049072,23.375765,70.021647,TRUE
4568,70.0215819999999,23.3757139999999,2017,8.75974369049072,23.3757139999999,70.0215819999999,TRUE
4569,70.021484,23.375423,2017,8.75974369049072,23.375423,70.021484,TRUE
4570,70.0215189999999,23.375712,2017,8.75974369049072,23.375712,70.0215189999999,TRUE
4571,70.021523,23.3757729999999,2017,8.75974369049072,23.3757729999999,70.021523,TRUE
4572,70.0215089999999,23.375881,2017,8.75974369049072,23.375881,70.0215089999999,TRUE
4573,70.021456,23.3759109999999,2017,8.75974369049072,23.3759109999999,70.021456,TRUE
4574,70.021393,23.375681,2017,8.75974369049072,23.375681,70.021393,TRUE
4575,70.021372,23.3754689999999,2017,8.75974369049072,23.3754689999999,70.021372,TRUE
4576,70.024016,23.446027,2017,10.41441822052,23.446027,70.024016,TRUE
4577,70.023953,23.446102,2017,10.41441822052,23.446102,70.023953,TRUE
4578,70.023925,23.446128,2017,10.41441822052,23.446128,70.023925,TRUE
4579,70.023831,23.446107,2017,10.41441822052,23.446107,70.023831,TRUE
4580,70.023786,23.446204,2017,10.41441822052,23.446204,70.023786,TRUE
4581,70.0237549999999,23.44633,2017,10.41441822052,23.44633,70.0237549999999,TRUE
4582,70.023736,23.446407,2017,10.41441822052,23.446407,70.023736,TRUE
4583,70.023712,23.446489,2017,10.41441822052,23.446489,70.023712,TRUE
4584,70.023657,23.446579,2017,10.41441822052,23.446579,70.023657,TRUE
4585,70.023605,23.4466849999999,2017,10.41441822052,23.4466849999999,70.023605,TRUE
4586,70.0235069999999,23.4468129999999,2017,10.41441822052,23.4468129999999,70.0235069999999,TRUE
4587,70.023443,23.447354,2017,10.41441822052,23.447354,70.023443,TRUE
4588,70.0234729999999,23.447552,2017,10.41441822052,23.447552,70.0234729999999,TRUE
4589,70.023458,23.447789,2017,10.41441822052,23.447789,70.023458,TRUE
4590,70.023432,23.4478809999999,2017,10.41441822052,23.4478809999999,70.023432,TRUE
4591,70.0233949999999,23.448011,2017,10.41441822052,23.448011,70.0233949999999,TRUE
4592,70.0234509999999,23.448613,2017,10.41441822052,23.448613,70.0234509999999,TRUE
4593,70.023685,23.448975,2017,10.41441822052,23.448975,70.023685,TRUE
4594,70.0238099999999,23.4490279999999,2017,10.41441822052,23.4490279999999,70.0238099999999,TRUE
4595,70.023846,23.449157,2017,10.41441822052,23.449157,70.023846,TRUE
4596,70.02378,23.4494469999999,2017,10.41441822052,23.4494469999999,70.02378,TRUE
4597,70.023673,23.4497339999999,2017,10.41441822052,23.4497339999999,70.023673,TRUE
4598,70.0235689999999,23.450036,2017,10.41441822052,23.450036,70.0235689999999,TRUE
4599,70.023487,23.45007,2017,10.41441822052,23.45007,70.023487,TRUE
4600,70.0234049999999,23.450139,2017,10.41441822052,23.450139,70.0234049999999,TRUE
4601,70.023311,23.450299,2017,10.41441822052,23.450299,70.023311,TRUE
4602,70.023218,23.450361,2017,10.41441822052,23.450361,70.023218,TRUE
4603,70.022934,23.450675,2017,10.41441822052,23.450675,70.022934,TRUE
4604,70.022846,23.4510919999999,2017,10.41441822052,23.4510919999999,70.022846,TRUE
4605,70.0230219999999,23.451794,2017,10.41441822052,23.451794,70.0230219999999,TRUE
4606,70.0230999999999,23.452373,2017,10.41441822052,23.452373,70.0230999999999,TRUE
4607,70.0232579999999,23.452855,2017,10.41441822052,23.452855,70.0232579999999,TRUE
4608,70.02337,23.453095,2017,10.41441822052,23.453095,70.02337,TRUE
4609,70.023426,23.453346,2017,10.41441822052,23.453346,70.023426,TRUE
4610,70.0234269999999,23.453727,2017,10.41441822052,23.453727,70.0234269999999,TRUE
4611,70.0232929999999,23.454332,2017,10.41441822052,23.454332,70.0232929999999,TRUE
4612,70.023216,23.454605,2017,10.41441822052,23.454605,70.023216,TRUE
4613,70.022964,23.45486,2017,10.41441822052,23.45486,70.022964,TRUE
4614,70.022827,23.4549659999999,2017,10.41441822052,23.4549659999999,70.022827,TRUE
4615,70.0227139999999,23.455134,2017,10.41441822052,23.455134,70.0227139999999,TRUE
4616,70.0226009999999,23.455216,2017,10.41441822052,23.455216,70.0226009999999,TRUE
4617,70.022537,23.4553009999999,2017,10.41441822052,23.4553009999999,70.022537,TRUE
4618,70.0224819999999,23.4553909999999,2017,10.41441822052,23.4553909999999,70.0224819999999,TRUE
4619,70.022457,23.4554639999999,2017,10.41441822052,23.4554639999999,70.022457,TRUE
4620,70.022417,23.455576,2017,10.41441822052,23.455576,70.022417,TRUE
4621,70.022323,23.455734,2017,10.41441822052,23.455734,70.022323,TRUE
4622,70.0222179999999,23.455943,2017,10.41441822052,23.455943,70.0222179999999,TRUE
4623,70.022081,23.456164,2017,10.41441822052,23.456164,70.022081,TRUE
4624,70.0219749999999,23.4564069999999,2017,10.41441822052,23.4564069999999,70.0219749999999,TRUE
4625,70.021905,23.456544,2017,10.41441822052,23.456544,70.021905,TRUE
4626,70.019496,23.4635859999999,2017,10.41441822052,23.4635859999999,70.019496,TRUE
4627,70.019456,23.463856,2017,10.41441822052,23.463856,70.019456,TRUE
4628,70.0193919999999,23.4640099999999,2017,10.41441822052,23.4640099999999,70.0193919999999,TRUE
4629,70.019355,23.464115,2017,10.41441822052,23.464115,70.019355,TRUE
4630,70.0192729999999,23.464345,2017,10.41441822052,23.464345,70.0192729999999,TRUE
4631,70.019192,23.464549,2017,10.41441822052,23.464549,70.019192,TRUE
4632,70.0191329999999,23.464713,2017,10.41441822052,23.464713,70.0191329999999,TRUE
4633,70.0190149999999,23.4650539999999,2017,10.41441822052,23.4650539999999,70.0190149999999,TRUE
4634,70.0188799999999,23.4654589999999,2017,10.41441822052,23.4654589999999,70.0188799999999,TRUE
4635,70.0187789999999,23.465775,2017,10.41441822052,23.465775,70.0187789999999,TRUE
4636,70.0185469999999,23.466529,2017,10.41441822052,23.466529,70.0185469999999,TRUE
4637,70.0184589999999,23.4667889999999,2017,10.41441822052,23.4667889999999,70.0184589999999,TRUE
4638,70.0184249999999,23.4669099999999,2017,10.41441822052,23.4669099999999,70.0184249999999,TRUE
4639,70.018303,23.467258,2017,10.41441822052,23.467258,70.018303,TRUE
4640,70.0181259999999,23.4677709999999,2017,10.41441822052,23.4677709999999,70.0181259999999,TRUE
4641,70.01806,23.4679399999999,2017,10.41441822052,23.4679399999999,70.01806,TRUE
4642,70.0179569999999,23.46828,2017,10.41441822052,23.46828,70.0179569999999,TRUE
4643,70.018804,23.472221,2017,10.41441822052,23.472221,70.018804,TRUE
4644,70.0187509999999,23.472462,2017,10.41441822052,23.472462,70.0187509999999,TRUE
4645,70.0185019999999,23.473621,2017,10.41441822052,23.473621,70.0185019999999,TRUE
4646,70.0183959999999,23.473977,2017,10.41441822052,23.473977,70.0183959999999,TRUE
4647,70.018118,23.475064,2017,10.41441822052,23.475064,70.018118,TRUE
4648,70.018084,23.4752019999999,2017,10.41441822052,23.4752019999999,70.018084,TRUE
4649,70.0178389999999,23.476291,2017,10.41441822052,23.476291,70.0178389999999,TRUE
4650,70.018393,23.481428,2017,10.41441822052,23.481428,70.018393,TRUE
4651,70.018359,23.481952,2017,10.41441822052,23.481952,70.018359,TRUE
4652,70.0185699999999,23.483028,2017,10.41441822052,23.483028,70.0185699999999,TRUE
4653,70.018518,23.483388,2017,10.41441822052,23.483388,70.018518,TRUE
4654,70.0184359999999,23.483839,2017,10.41441822052,23.483839,70.0184359999999,TRUE
4655,70.018251,23.484399,2017,10.41441822052,23.484399,70.018251,TRUE
4656,70.017848,23.485046,2017,10.41441822052,23.485046,70.017848,TRUE
4657,70.0175129999999,23.485153,2017,10.41441822052,23.485153,70.0175129999999,TRUE
4658,70.0172869999999,23.485319,2017,10.41441822052,23.485319,70.0172869999999,TRUE
4659,70.0171359999999,23.4856179999999,2017,10.41441822052,23.4856179999999,70.0171359999999,TRUE
4660,70.0170289999999,23.4858879999999,2017,10.41441822052,23.4858879999999,70.0170289999999,TRUE
4661,70.016901,23.486156,2017,10.41441822052,23.486156,70.016901,TRUE
4662,70.0168429999999,23.486314,2017,10.41441822052,23.486314,70.0168429999999,TRUE
4663,70.0166449999999,23.48677,2017,10.41441822052,23.48677,70.0166449999999,TRUE
4664,70.016306,23.487134,2017,10.41441822052,23.487134,70.016306,TRUE
4665,70.015917,23.4875669999999,2017,10.41441822052,23.4875669999999,70.015917,TRUE
4666,70.015691,23.487804,2017,10.41441822052,23.487804,70.015691,TRUE
4667,70.014994,23.488346,2017,10.41441822052,23.488346,70.014994,TRUE
4668,70.024358,23.4305829999999,2017,10.41441822052,23.4305829999999,70.024358,TRUE
4669,70.0242779999999,23.430664,2017,10.41441822052,23.430664,70.0242779999999,TRUE
4670,70.024184,23.43094,2017,10.41441822052,23.43094,70.024184,TRUE
4671,70.024133,23.4312,2017,10.41441822052,23.4312,70.024133,TRUE
4672,70.0240639999999,23.431469,2017,10.41441822052,23.431469,70.0240639999999,TRUE
4673,70.024011,23.4316169999999,2017,10.41441822052,23.4316169999999,70.024011,TRUE
4674,70.023982,23.431729,2017,10.41441822052,23.431729,70.023982,TRUE
4675,70.0238789999999,23.4320039999999,2017,10.41441822052,23.4320039999999,70.0238789999999,TRUE
4676,70.012172,23.4895229999999,2017,10.41441822052,23.4895229999999,70.012172,TRUE
4677,70.012252,23.490091,2017,10.41441822052,23.490091,70.012252,TRUE
4678,70.0122769999999,23.490583,2017,10.41441822052,23.490583,70.0122769999999,TRUE
4679,70.0123399999999,23.491425,2017,10.41441822052,23.491425,70.0123399999999,TRUE
4680,70.012416,23.4923609999999,2017,10.41441822052,23.4923609999999,70.012416,TRUE
4681,70.0125369999999,23.493119,2017,10.41441822052,23.493119,70.0125369999999,TRUE
4682,70.012623,23.493818,2017,10.41441822052,23.493818,70.012623,TRUE
4683,70.012375,23.493433,2017,10.41441822052,23.493433,70.012375,TRUE
4684,70.0121079999999,23.4929659999999,2017,10.41441822052,23.4929659999999,70.0121079999999,TRUE
4685,70.0120409999999,23.492698,2017,10.41441822052,23.492698,70.0120409999999,TRUE
4686,70.0119669999999,23.492159,2017,10.41441822052,23.492159,70.0119669999999,TRUE
4687,70.011915,23.491595,2017,10.41441822052,23.491595,70.011915,TRUE
4688,70.011819,23.4908019999999,2017,10.41441822052,23.4908019999999,70.011819,TRUE
4689,70.011722,23.490261,2017,10.41441822052,23.490261,70.011722,TRUE
4690,70.0115969999999,23.489829,2017,10.41441822052,23.489829,70.0115969999999,TRUE
4691,70.0118159999999,23.491069,2017,10.41441822052,23.491069,70.0118159999999,TRUE
4692,70.011915,23.490473,2017,10.41441822052,23.490473,70.011915,TRUE
4693,70.011937,23.489902,2017,10.41441822052,23.489902,70.011937,TRUE
4694,70.0122769999999,23.489996,2017,10.41441822052,23.489996,70.0122769999999,TRUE
4695,70.0126209999999,23.489652,2017,10.41441822052,23.489652,70.0126209999999,TRUE
4696,70.012921,23.489308,2017,10.41441822052,23.489308,70.012921,TRUE
4697,70.0130319999999,23.489142,2017,10.41441822052,23.489142,70.0130319999999,TRUE
4698,70.022896,23.3887649999999,2017,8.75974369049072,23.3887649999999,70.022896,TRUE
4699,70.022626,23.388417,2017,8.75974369049072,23.388417,70.022626,TRUE
4700,70.022406,23.3891309999999,2017,8.75974369049072,23.3891309999999,70.022406,TRUE
4701,70.0223749999999,23.389216,2017,8.75974369049072,23.389216,70.0223749999999,TRUE
4702,70.022276,23.389312,2017,8.75974369049072,23.389312,70.022276,TRUE
4703,70.022137,23.389405,2017,8.75974369049072,23.389405,70.022137,TRUE
4704,70.021915,23.389654,2017,8.75974369049072,23.389654,70.021915,TRUE
4705,70.028328,22.2946859999999,2017,11.5256013870239,22.2946859999999,70.028328,TRUE
4706,70.0281769999999,22.2948689999999,2017,11.5256013870239,22.2948689999999,70.0281769999999,TRUE
4707,70.0282279999999,22.295438,2017,11.5256013870239,22.295438,70.0282279999999,TRUE
4708,70.0284039999999,22.296218,2017,11.5256013870239,22.296218,70.0284039999999,TRUE
4709,70.0283419999999,22.2967879999999,2017,11.5256013870239,22.2967879999999,70.0283419999999,TRUE
4710,70.028383,22.297142,2017,11.5256013870239,22.297142,70.028383,TRUE
4711,70.028486,22.2972469999999,2017,11.5256013870239,22.2972469999999,70.028486,TRUE
4712,70.0283009999999,22.297692,2017,11.5256013870239,22.297692,70.0283009999999,TRUE
4713,70.028271,22.2979349999999,2017,11.5256013870239,22.2979349999999,70.028271,TRUE
4714,70.028141,22.298213,2017,11.5256013870239,22.298213,70.028141,TRUE
4715,70.028011,22.2985709999999,2017,11.5256013870239,22.2985709999999,70.028011,TRUE
4716,70.0278619999999,22.298729,2017,11.5256013870239,22.298729,70.0278619999999,TRUE
4717,70.027573,22.2995179999999,2017,11.5256013870239,22.2995179999999,70.027573,TRUE
4718,70.027461,22.299343,2017,11.5256013870239,22.299343,70.027461,TRUE
4719,70.0274359999999,22.299291,2017,11.5256013870239,22.299291,70.0274359999999,TRUE
4720,70.027365,22.299188,2017,11.5256013870239,22.299188,70.027365,TRUE
4721,70.026088,22.302976,2017,11.5256013870239,22.302976,70.026088,TRUE
4722,70.0259439999999,22.303107,2017,11.5256013870239,22.303107,70.0259439999999,TRUE
4723,70.026131,22.3034089999999,2017,11.5256013870239,22.3034089999999,70.026131,TRUE
4724,70.026189,22.3034649999999,2017,11.5256013870239,22.3034649999999,70.026189,TRUE
4725,70.0261009999999,22.30337,2017,11.5256013870239,22.30337,70.0261009999999,TRUE
4726,70.026047,22.303222,2017,11.5256013870239,22.303222,70.026047,TRUE
4727,70.0333169999999,22.287945,2017,11.5256013870239,22.287945,70.0333169999999,TRUE
4728,70.0334249999999,22.287388,2017,11.5256013870239,22.287388,70.0334249999999,TRUE
4729,70.0334689999999,22.28716,2017,11.5256013870239,22.28716,70.0334689999999,TRUE
4730,70.033438,22.2873829999999,2017,11.5256013870239,22.2873829999999,70.033438,TRUE
4731,70.0334289999999,22.2876629999999,2017,11.5256013870239,22.2876629999999,70.0334289999999,TRUE
4732,70.0334179999999,22.287253,2017,11.5256013870239,22.287253,70.0334179999999,TRUE
4733,70.033388,22.2870829999999,2017,11.5256013870239,22.2870829999999,70.033388,TRUE
4734,70.033388,22.286835,2017,11.5256013870239,22.286835,70.033388,TRUE
4735,70.033421,22.2867129999999,2017,11.5256013870239,22.2867129999999,70.033421,TRUE
4736,70.0333349999999,22.28722,2017,11.5256013870239,22.28722,70.0333349999999,TRUE
4737,70.0333509999999,22.287407,2017,11.5256013870239,22.287407,70.0333509999999,TRUE
4738,70.033415,22.287638,2017,11.5256013870239,22.287638,70.033415,TRUE
4739,70.033663,22.287593,2017,11.5256013870239,22.287593,70.033663,TRUE
4740,70.0337629999999,22.28744,2017,11.5256013870239,22.28744,70.0337629999999,TRUE
4741,70.033865,22.2872559999999,2017,11.5256013870239,22.2872559999999,70.033865,TRUE
4742,70.0339239999999,22.2871729999999,2017,11.5256013870239,22.2871729999999,70.0339239999999,TRUE
4743,70.033956,22.287185,2017,11.5256013870239,22.287185,70.033956,TRUE
4744,70.034025,22.2874,2017,11.5256013870239,22.2874,70.034025,TRUE
4745,70.034063,22.2876639999999,2017,11.5256013870239,22.2876639999999,70.034063,TRUE
4746,70.034073,22.28787,2017,11.5256013870239,22.28787,70.034073,TRUE
4747,70.034101,22.2881259999999,2017,11.5256013870239,22.2881259999999,70.034101,TRUE
4748,70.0341229999999,22.2883859999999,2017,11.5256013870239,22.2883859999999,70.0341229999999,TRUE
4749,70.034142,22.28857,2017,11.5256013870239,22.28857,70.034142,TRUE
4750,70.0343129999999,22.289365,2017,11.5256013870239,22.289365,70.0343129999999,TRUE
4751,70.034315,22.289725,2017,11.5256013870239,22.289725,70.034315,TRUE
4752,70.0325229999999,22.285447,2017,11.5256013870239,22.285447,70.0325229999999,TRUE
4753,70.032463,22.2853619999999,2017,11.5256013870239,22.2853619999999,70.032463,TRUE
4754,70.032414,22.2856549999999,2017,11.5256013870239,22.2856549999999,70.032414,TRUE
4755,70.032409,22.285809,2017,11.5256013870239,22.285809,70.032409,TRUE
4756,70.0324119999999,22.2859319999999,2017,11.5256013870239,22.2859319999999,70.0324119999999,TRUE
4757,70.032432,22.286058,2017,11.5256013870239,22.286058,70.032432,TRUE
4758,70.0324459999999,22.286175,2017,11.5256013870239,22.286175,70.0324459999999,TRUE
4759,70.0324889999999,22.286265,2017,11.5256013870239,22.286265,70.0324889999999,TRUE
4760,70.0325189999999,22.286334,2017,11.5256013870239,22.286334,70.0325189999999,TRUE
4761,70.0325409999999,22.2863989999999,2017,11.5256013870239,22.2863989999999,70.0325409999999,TRUE
4762,70.032556,22.2864749999999,2017,11.5256013870239,22.2864749999999,70.032556,TRUE
4763,70.0325749999999,22.286776,2017,11.5256013870239,22.286776,70.0325749999999,TRUE
4764,70.0325509999999,22.28667,2017,11.5256013870239,22.28667,70.0325509999999,TRUE
4765,70.0324339999999,22.2859349999999,2017,11.5256013870239,22.2859349999999,70.0324339999999,TRUE
4766,70.0324329999999,22.2858109999999,2017,11.5256013870239,22.2858109999999,70.0324329999999,TRUE
4767,70.032477,22.2858319999999,2017,11.5256013870239,22.2858319999999,70.032477,TRUE
4768,70.032228,22.2852999999999,2017,11.5256013870239,22.2852999999999,70.032228,TRUE
4769,70.032162,22.2851609999999,2017,11.5256013870239,22.2851609999999,70.032162,TRUE
4770,70.0320949999999,22.285076,2017,11.5256013870239,22.285076,70.0320949999999,TRUE
4771,70.032048,22.284901,2017,11.5256013870239,22.284901,70.032048,TRUE
4772,70.032008,22.2848119999999,2017,11.5256013870239,22.2848119999999,70.032008,TRUE
4773,70.0319039999999,22.284685,2017,11.5256013870239,22.284685,70.0319039999999,TRUE
4774,70.031863,22.284794,2017,11.5256013870239,22.284794,70.031863,TRUE
4775,70.0318529999999,22.2851679999999,2017,11.5256013870239,22.2851679999999,70.0318529999999,TRUE
4776,70.031722,22.285007,2017,11.5256013870239,22.285007,70.031722,TRUE
4777,70.0315959999999,22.285201,2017,11.5256013870239,22.285201,70.0315959999999,TRUE
4778,70.0314719999999,22.284941,2017,11.5256013870239,22.284941,70.0314719999999,TRUE
4779,70.031441,22.2846879999999,2017,11.5256013870239,22.2846879999999,70.031441,TRUE
4780,70.0314139999999,22.2844319999999,2017,11.5256013870239,22.2844319999999,70.0314139999999,TRUE
4781,70.0313699999999,22.2840449999999,2017,11.5256013870239,22.2840449999999,70.0313699999999,TRUE
4782,70.031344,22.283666,2017,11.5256013870239,22.283666,70.031344,TRUE
4783,70.0312639999999,22.283722,2017,11.5256013870239,22.283722,70.0312639999999,TRUE
4784,70.0312349999999,22.2837619999999,2017,11.5256013870239,22.2837619999999,70.0312349999999,TRUE
4785,70.0312519999999,22.28378,2017,11.5256013870239,22.28378,70.0312519999999,TRUE
4786,70.0312019999999,22.2836609999999,2017,11.5256013870239,22.2836609999999,70.0312019999999,TRUE
4787,70.0312119999999,22.2838129999999,2017,11.5256013870239,22.2838129999999,70.0312119999999,TRUE
4788,70.03122,22.283842,2017,11.5256013870239,22.283842,70.03122,TRUE
4789,70.0367279999999,22.277809,2017,11.5256013870239,22.277809,70.0367279999999,TRUE
4790,70.036653,22.278061,2017,11.5256013870239,22.278061,70.036653,TRUE
4791,70.0366429999999,22.2784359999999,2017,11.5256013870239,22.2784359999999,70.0366429999999,TRUE
4792,70.036668,22.2786529999999,2017,11.5256013870239,22.2786529999999,70.036668,TRUE
4793,70.036765,22.2788849999999,2017,11.5256013870239,22.2788849999999,70.036765,TRUE
4794,70.037126,22.278801,2017,11.5256013870239,22.278801,70.037126,TRUE
4795,70.0372399999999,22.2787159999999,2017,11.5256013870239,22.2787159999999,70.0372399999999,TRUE
4796,70.037339,22.278433,2017,11.5256013870239,22.278433,70.037339,TRUE
4797,70.037405,22.278261,2017,11.5256013870239,22.278261,70.037405,TRUE
4798,70.0374759999999,22.278452,2017,11.5256013870239,22.278452,70.0374759999999,TRUE
4799,70.037507,22.2790269999999,2017,11.5256013870239,22.2790269999999,70.037507,TRUE
4800,70.037546,22.279225,2017,11.5256013870239,22.279225,70.037546,TRUE
4801,70.0376629999999,22.2790229999999,2017,11.5256013870239,22.2790229999999,70.0376629999999,TRUE
4802,70.0377189999999,22.278959,2017,11.5256013870239,22.278959,70.0377189999999,TRUE
4803,70.0378419999999,22.278924,2017,11.5256013870239,22.278924,70.0378419999999,TRUE
4804,70.038131,22.278808,2017,11.5256013870239,22.278808,70.038131,TRUE
4805,70.0383839999999,22.279108,2017,11.5256013870239,22.279108,70.0383839999999,TRUE
4806,70.0385169999999,22.2793999999999,2017,11.5256013870239,22.2793999999999,70.0385169999999,TRUE
4807,70.038572,22.2797249999999,2017,11.5256013870239,22.2797249999999,70.038572,TRUE
4808,70.04939,22.317148,2017,11.5256013870239,22.317148,70.04939,TRUE
4809,70.049598,22.317335,2017,11.5256013870239,22.317335,70.049598,TRUE
4810,70.0498079999999,22.3172989999999,2017,11.5256013870239,22.3172989999999,70.0498079999999,TRUE
4811,70.0499789999999,22.317163,2017,11.5256013870239,22.317163,70.0499789999999,TRUE
4812,70.050042,22.317383,2017,11.5256013870239,22.317383,70.050042,TRUE
4813,70.0497139999999,22.3176419999999,2017,11.5256013870239,22.3176419999999,70.0497139999999,TRUE
4883,67.077133,14.33315,2011,12.716588973999,14.33315,67.077133,TRUE
4884,67.078517,14.3049,2011,12.716588973999,14.3049,67.078517,TRUE
4958,67.003504,13.886055,2011,11.6304187774658,13.886055,67.003504,TRUE
4959,67.00337,13.8862609999999,2011,11.6304187774658,13.8862609999999,67.00337,TRUE
4960,67.0151919999999,13.8921309999999,2011,11.6304187774658,13.8921309999999,67.0151919999999,TRUE
4961,67.0156209999999,13.891234,2011,11.6304187774658,13.891234,67.0156209999999,TRUE
4981,65.733922,12.576727,2015,8.54929447174072,12.576727,65.733922,TRUE
4982,65.7338309999999,12.577272,2015,8.54929447174072,12.577272,65.7338309999999,TRUE
4983,65.7337919999999,12.577661,2015,8.54929447174072,12.577661,65.7337919999999,TRUE
4984,65.7336999999999,12.578016,2015,8.54929447174072,12.578016,65.7336999999999,TRUE
4985,65.7336109999999,12.578384,2015,8.54929447174072,12.578384,65.7336109999999,TRUE
4986,65.73359,12.578542,2015,8.54929447174072,12.578542,65.73359,TRUE
4987,65.7279589999999,12.586171,2015,12.8179616928101,12.586171,65.7279589999999,TRUE
4988,65.7279,12.586627,2015,12.8179616928101,12.586627,65.7279,TRUE
4989,65.727753,12.587355,2015,12.8179616928101,12.587355,65.727753,TRUE
4990,65.727692,12.588092,2015,12.8179616928101,12.588092,65.727692,TRUE
4991,65.7214029999999,12.5730439999999,2015,8.54929447174072,12.5730439999999,65.7214029999999,TRUE
4992,65.7212909999999,12.573218,2015,8.54929447174072,12.573218,65.7212909999999,TRUE
4993,65.721152,12.573421,2015,8.54929447174072,12.573421,65.721152,TRUE
4994,65.721113,12.573574,2015,8.54929447174072,12.573574,65.721113,TRUE
4999,65.616049,12.330468,2015,9.19983577728271,12.330468,65.616049,TRUE
5000,65.615831,12.330932,2015,9.19983577728271,12.330932,65.615831,TRUE
5001,65.6157149999999,12.3311949999999,2015,9.19983577728271,12.3311949999999,65.6157149999999,TRUE
5002,65.6156019999999,12.331472,2015,9.19983577728271,12.331472,65.6156019999999,TRUE
5003,65.615397,12.33195,2015,9.19983577728271,12.33195,65.615397,TRUE
5004,65.610944,12.360961,2015,8.17244148254395,12.360961,65.610944,TRUE
5005,65.610684,12.3620389999999,2015,8.17244148254395,12.3620389999999,65.610684,TRUE
5041,68.2771,15.29095,2012,8.76874446868896,15.29095,68.2771,TRUE
5042,68.27715,15.29175,2012,8.76874446868896,15.29175,68.27715,TRUE
5049,68.277033,15.24525,2012,12.049674987793,15.24525,68.277033,TRUE
5072,62.9919099999999,7.92592,2017,8.97860527038574,7.92592,62.9919099999999,TRUE
5073,62.9948699999999,7.94007,2017,8.97860527038574,7.94007,62.9948699999999,TRUE
5076,63.03595,7.90526,2017,10.7806186676025,7.90526,63.03595,TRUE
5201,70.0469999999999,20.75188,2009,10.1311283111572,20.75188,70.0469999999999,TRUE
5202,70.03143,20.74773,2009,9.3366870880127,20.74773,70.03143,TRUE
5203,70.02316,20.7200799999999,2009,9.3366870880127,20.7200799999999,70.02316,TRUE
5205,70.172938,28.575295,2017,11.4192304611206,28.575295,70.172938,TRUE
5206,70.172966,28.577698,2017,11.4192304611206,28.577698,70.172966,TRUE
5207,70.1731589999999,28.5794749999999,2017,11.4192304611206,28.5794749999999,70.1731589999999,TRUE
5208,70.17304,28.581757,2017,11.4192304611206,28.581757,70.17304,TRUE
5209,70.173146,28.58265,2017,11.4192304611206,28.58265,70.173146,TRUE
5210,70.1733559999999,28.5831039999999,2017,11.4192304611206,28.5831039999999,70.1733559999999,TRUE
5211,70.1740369999999,28.5832739999999,2017,11.4192304611206,28.5832739999999,70.1740369999999,TRUE
5212,70.174226,28.5831449999999,2017,11.4192304611206,28.5831449999999,70.174226,TRUE
5213,70.1743529999999,28.582438,2017,11.4192304611206,28.582438,70.1743529999999,TRUE
5214,70.1228169999999,28.5915649999999,2017,10.399790763855,28.5915649999999,70.1228169999999,TRUE
5215,70.1225179999999,28.591856,2017,10.399790763855,28.591856,70.1225179999999,TRUE
5216,70.122444,28.591598,2017,10.399790763855,28.591598,70.122444,TRUE
5217,70.1223909999999,28.591294,2017,10.399790763855,28.591294,70.1223909999999,TRUE
5218,70.122409,28.5908249999999,2017,10.399790763855,28.5908249999999,70.122409,TRUE
5219,70.122388,28.590487,2017,10.399790763855,28.590487,70.122388,TRUE
5220,70.122183,28.590563,2017,10.399790763855,28.590563,70.122183,TRUE
5221,70.1221039999999,28.5901999999999,2017,10.399790763855,28.5901999999999,70.1221039999999,TRUE
5222,70.121981,28.589326,2017,10.399790763855,28.589326,70.121981,TRUE
5223,70.121914,28.588332,2017,10.399790763855,28.588332,70.121914,TRUE
5224,70.121949,28.587975,2017,10.399790763855,28.587975,70.121949,TRUE
5225,70.1219499999999,28.587755,2017,10.399790763855,28.587755,70.1219499999999,TRUE
5226,70.122168,28.5877799999999,2017,10.399790763855,28.5877799999999,70.122168,TRUE
5227,70.122268,28.586977,2017,10.399790763855,28.586977,70.122268,TRUE
5228,70.122307,28.586676,2017,10.399790763855,28.586676,70.122307,TRUE
5229,70.122516,28.5856619999999,2017,10.399790763855,28.5856619999999,70.122516,TRUE
5230,70.1230539999999,28.584489,2017,10.399790763855,28.584489,70.1230539999999,TRUE
5231,70.123219,28.583552,2017,10.399790763855,28.583552,70.123219,TRUE
5232,70.123237,28.5827129999999,2017,11.4211111068726,28.5827129999999,70.123237,TRUE
5427,64.01549,11.43078,2009,13.997989654541,11.43078,64.01549,TRUE
5428,64.0776999999999,11.27964,2009,10.3280773162842,11.27964,64.0776999999999,TRUE
5429,64.0700499999999,11.2345799999999,2009,10.3218975067139,11.2345799999999,64.0700499999999,TRUE
5430,64.0699599999999,11.23501,2009,10.3218975067139,11.23501,64.0699599999999,TRUE
5431,62.4109759999999,6.547063,2017,9.59025478363037,6.547063,62.4109759999999,TRUE
5432,62.4010639999999,6.450863,2017,8.35257911682129,6.450863,62.4010639999999,TRUE
5433,62.392834,6.420615,2017,8.35257911682129,6.420615,62.392834,TRUE
5434,62.388283,6.405848,2017,8.23360347747803,6.405848,62.388283,TRUE
5435,62.386353,6.404035,2017,8.23360347747803,6.404035,62.386353,TRUE
5436,62.3862639999999,6.403667,2017,8.23360347747803,6.403667,62.3862639999999,TRUE
5437,62.382109,6.407145,2017,8.23360347747803,6.407145,62.382109,TRUE
5438,62.3578839999999,6.401273,2017,8.23360347747803,6.401273,62.3578839999999,TRUE
5439,62.381013,6.41076,2017,8.23360347747803,6.41076,62.381013,TRUE
5440,62.3726369999999,6.423681,2017,8.35257911682129,6.423681,62.3726369999999,TRUE
5441,62.372058,6.424058,2017,8.35257911682129,6.424058,62.372058,TRUE
5442,62.3678299999999,6.418839,2017,8.35257911682129,6.418839,62.3678299999999,TRUE
5443,62.356081,6.586233,2017,NA,6.586233,62.356081,TRUE
5444,62.3544079999999,6.587167,2017,NA,6.587167,62.3544079999999,TRUE
5446,62.10407,5.43182,2017,9.438796043396,5.43182,62.10407,TRUE
5447,62.1062799999999,5.43112,2017,9.438796043396,5.43112,62.1062799999999,TRUE
5448,62.1359399999999,5.40235,2017,10.5359954833984,5.40235,62.1359399999999,TRUE
5450,62.1380399999999,5.36784,2017,10.5359954833984,5.36784,62.1380399999999,TRUE
5460,62.0394,5.51014,2017,12.0882530212402,5.51014,62.0394,TRUE
5461,62.0489,5.51678,2017,12.0882530212402,5.51678,62.0489,TRUE
5462,62.12299,5.41131,2017,10.5359954833984,5.41131,62.12299,TRUE
5463,62.1252,5.4106,2017,10.5359954833984,5.4106,62.1252,TRUE
5464,62.1286399999999,5.39501,2017,10.5359954833984,5.39501,62.1286399999999,TRUE
5466,62.0371799999999,5.51083,2017,12.0882530212402,5.51083,62.0371799999999,TRUE
5467,62.07578,5.51742,2017,12.0882530212402,5.51742,62.07578,TRUE
5470,62.1342799999999,5.37871,2017,10.5359954833984,5.37871,62.1342799999999,TRUE
5478,62.1283099999999,5.39029,2017,10.5359954833984,5.39029,62.1283099999999,TRUE
5480,62.12897,5.39974,2017,10.5359954833984,5.39974,62.12897,TRUE
5481,62.1315099999999,5.40376,2017,10.5359954833984,5.40376,62.1315099999999,TRUE
5482,62.13716,5.38746,2017,10.5359954833984,5.38746,62.13716,TRUE
5485,62.11103,5.43444,2017,9.438796043396,5.43444,62.11103,TRUE
5486,62.10882,5.43514,2017,9.438796043396,5.43514,62.10882,TRUE
5488,62.2003899999999,5.48341,2017,12.9942626953125,5.48341,62.2003899999999,TRUE
5489,62.1293,5.40447,2017,10.5359954833984,5.40447,62.1293,TRUE
5490,62.197797,5.497155,2017,12.9942626953125,5.497155,62.197797,TRUE
5495,62.1365989999999,5.410956,2017,10.5359954833984,5.410956,62.1365989999999,TRUE
5496,62.106281,5.435524,2017,9.438796043396,5.435524,62.106281,TRUE
5497,62.100473,5.526649,2017,11.9620008468628,5.526649,62.100473,TRUE
5498,62.081893,5.593131,2017,13.1511669158936,5.593131,62.081893,TRUE
5499,62.0790009999999,5.593869,2017,13.1511669158936,5.593869,62.0790009999999,TRUE
5500,62.075659,5.588451,2017,13.1511669158936,5.588451,62.075659,TRUE
5504,68.318436,16.1434029999999,2012,6.19490575790405,16.1434029999999,68.318436,TRUE
5505,68.318595,16.143954,2012,6.19490575790405,16.143954,68.318595,TRUE
5517,69.8457999999999,20.48788,2009,7.8298807144165,20.48788,69.8457999999999,TRUE
5518,69.85123,20.5048299999999,2009,11.8563451766968,20.5048299999999,69.85123,TRUE
5519,69.8491199999999,20.50036,2009,11.8563451766968,20.50036,69.8491199999999,TRUE
5520,69.8434,20.5106,2009,11.8563451766968,20.5106,69.8434,TRUE
5521,69.80498,20.5161599999999,2009,12.0489377975464,20.5161599999999,69.80498,TRUE
5522,69.80231,20.5297899999999,2009,12.0489377975464,20.5297899999999,69.80231,TRUE
5523,69.79464,20.51605,2009,12.0489377975464,20.51605,69.79464,TRUE
5524,69.7943099999999,20.52638,2009,12.0489377975464,20.52638,69.7943099999999,TRUE
5525,69.7886699999999,20.5340099999999,2009,12.0489377975464,20.5340099999999,69.7886699999999,TRUE
5526,69.84998,20.50345,2009,11.8563451766968,20.50345,69.84998,TRUE
5527,69.8501499999999,20.50685,2009,11.8563451766968,20.50685,69.8501499999999,TRUE
5528,70.5052139999999,23.980547,2016,10.1571979522705,23.980547,70.5052139999999,TRUE
5529,70.507941,23.9939639999999,2016,10.1571979522705,23.9939639999999,70.507941,TRUE
5530,70.522739,23.987694,2016,10.1571979522705,23.987694,70.522739,TRUE
5531,70.519936,23.980338,2016,10.1571979522705,23.980338,70.519936,TRUE
5532,70.510112,24.0003579999999,2016,8.01913356781006,24.0003579999999,70.510112,TRUE
5533,70.523205,23.991972,2016,10.1571979522705,23.991972,70.523205,TRUE
5534,70.5137799999999,24.031154,2016,8.01913356781006,24.031154,70.5137799999999,TRUE
5535,70.5173779999999,23.9771609999999,2016,10.1571979522705,23.9771609999999,70.5173779999999,TRUE
5536,70.5231059999999,23.993963,2016,10.1571979522705,23.993963,70.5231059999999,TRUE
5537,70.5080399999999,23.991975,2016,10.1571979522705,23.991975,70.5080399999999,TRUE
5538,70.523294,23.9947249999999,2016,10.1571979522705,23.9947249999999,70.523294,TRUE
5539,70.510547,23.973436,2016,10.1571979522705,23.973436,70.510547,TRUE
5540,70.50958,23.997408,2016,10.1571979522705,23.997408,70.50958,TRUE
5541,70.5226959999999,23.9931009999999,2016,10.1571979522705,23.9931009999999,70.5226959999999,TRUE
5542,70.509673,23.950001,2016,10.1571979522705,23.950001,70.509673,TRUE
5543,70.5073289999999,23.9835239999999,2016,10.1571979522705,23.9835239999999,70.5073289999999,TRUE
5544,70.5157659999999,23.959491,2016,10.1571979522705,23.959491,70.5157659999999,TRUE
5545,70.5108369999999,23.9539079999999,2016,10.1571979522705,23.9539079999999,70.5108369999999,TRUE
5546,70.508125,23.981168,2016,10.1571979522705,23.981168,70.508125,TRUE
5547,70.5155529999999,23.95465,2016,10.1571979522705,23.95465,70.5155529999999,TRUE
5548,70.5103909999999,23.9720109999999,2016,10.1571979522705,23.9720109999999,70.5103909999999,TRUE
5549,70.507805,23.983059,2016,10.1571979522705,23.983059,70.507805,TRUE
5550,70.511301,23.9764839999999,2016,10.1571979522705,23.9764839999999,70.511301,TRUE
5551,70.5182209999999,23.982963,2016,10.1571979522705,23.982963,70.5182209999999,TRUE
5552,70.50879,23.981465,2016,10.1571979522705,23.981465,70.50879,TRUE
5553,70.508469,23.983355,2016,10.1571979522705,23.983355,70.508469,TRUE
5554,70.512827,24.018522,2016,8.01913356781006,24.018522,70.512827,TRUE
5555,70.509454,23.9817609999999,2016,10.1571979522705,23.9817609999999,70.509454,TRUE
5556,70.51497,23.961849,2016,10.1571979522705,23.961849,70.51497,TRUE
5557,70.5176459999999,23.985419,2016,10.1571979522705,23.985419,70.5176459999999,TRUE
5558,70.5109029999999,23.9525809999999,2016,10.1571979522705,23.9525809999999,70.5109029999999,TRUE
5559,70.5120639999999,23.974791,2016,10.1571979522705,23.974791,70.5120639999999,TRUE
5560,70.515017,23.970006,2016,10.1571979522705,23.970006,70.515017,TRUE
5561,70.510231,23.9888869999999,2016,10.1571979522705,23.9888869999999,70.510231,TRUE
5562,70.5124169999999,23.972237,2016,10.1571979522705,23.972237,70.5124169999999,TRUE
5563,70.510749,23.983017,2016,10.1571979522705,23.983017,70.510749,TRUE
5564,70.511972,24.003902,2016,8.01913356781006,24.003902,70.511972,TRUE
5565,70.510518,23.987659,2016,10.1571979522705,23.987659,70.510518,TRUE
5566,70.5241929999999,24.0039459999999,2016,8.01913356781006,24.0039459999999,70.5241929999999,TRUE
5567,70.5115729999999,23.9982989999999,2016,10.1571979522705,23.9982989999999,70.5115729999999,TRUE
5568,70.511728,23.999725,2016,10.1571979522705,23.999725,70.511728,TRUE
5569,70.518268,23.991121,2016,10.1571979522705,23.991121,70.518268,TRUE
5570,70.520184,23.998082,2016,10.1571979522705,23.998082,70.520184,TRUE
5772,61.4822759999999,5.216098,2015,9.76395606994629,5.216098,61.4822759999999,TRUE
5773,61.482466,5.218034,2015,9.76395606994629,5.218034,61.482466,TRUE
5774,61.4827379999999,5.22901,2015,9.76395606994629,5.22901,61.4827379999999,TRUE
5775,61.481188,5.214218,2015,9.76395606994629,5.214218,61.481188,TRUE
5776,61.481706,5.216048,2015,9.76395606994629,5.216048,61.481706,TRUE
5777,61.4815979999999,5.219443,2015,9.76395606994629,5.219443,61.4815979999999,TRUE
5778,61.482674,5.228887,2015,9.76395606994629,5.228887,61.482674,TRUE
5779,61.48261,5.228685,2015,9.76395606994629,5.228685,61.48261,TRUE
5780,61.4825719999999,5.228584,2015,9.76395606994629,5.228584,61.4825719999999,TRUE
5781,61.4803929999999,5.212131,2015,9.76395606994629,5.212131,61.4803929999999,TRUE
5782,61.479953,5.212363,2015,9.76395606994629,5.212363,61.479953,TRUE
5783,61.480778,5.219257,2015,9.76395606994629,5.219257,61.480778,TRUE
5784,61.480893,5.221056,2015,9.76395606994629,5.221056,61.480893,TRUE
5785,61.481709,5.224591,2015,9.76395606994629,5.224591,61.481709,TRUE
5786,61.480716,5.228308,2015,9.76395606994629,5.228308,61.480716,TRUE
5787,61.481158,5.23186,2015,9.76395606994629,5.23186,61.481158,TRUE
5788,61.4788259999999,5.225125,2015,9.76395606994629,5.225125,61.4788259999999,TRUE
5789,61.479475,5.216613,2015,9.76395606994629,5.216613,61.479475,TRUE
5790,61.4796539999999,5.223362,2015,9.76395606994629,5.223362,61.4796539999999,TRUE
5791,61.4794819999999,5.223454,2015,9.76395606994629,5.223454,61.4794819999999,TRUE
5792,61.480058,5.225508,2015,9.76395606994629,5.225508,61.480058,TRUE
5793,61.479286,5.227646,2015,9.76395606994629,5.227646,61.479286,TRUE
5794,61.480409,5.231285,2015,9.76395606994629,5.231285,61.480409,TRUE
5795,61.4777229999999,5.218443,2015,9.76395606994629,5.218443,61.4777229999999,TRUE
5796,61.4783619999999,5.224097,2015,9.76395606994629,5.224097,61.4783619999999,TRUE
5797,61.4784429999999,5.225131,2015,9.76395606994629,5.225131,61.4784429999999,TRUE
5798,61.476953,5.217578,2015,9.76395606994629,5.217578,61.476953,TRUE
5799,61.4775509999999,5.218993,2015,9.76395606994629,5.218993,61.4775509999999,TRUE
5800,61.4772639999999,5.219343,2015,9.76395606994629,5.219343,61.4772639999999,TRUE
5801,61.478307,5.229032,2015,9.76395606994629,5.229032,61.478307,TRUE
5802,61.4782209999999,5.229529,2015,9.76395606994629,5.229529,61.4782209999999,TRUE
5803,61.47823,5.229722,2015,9.76395606994629,5.229722,61.47823,TRUE
5804,61.47583,5.22638,2015,9.76395606994629,5.22638,61.47583,TRUE
5805,61.4755759999999,5.227218,2015,9.76395606994629,5.227218,61.4755759999999,TRUE
5806,61.475521,5.227643,2015,9.76395606994629,5.227643,61.475521,TRUE
5807,61.4744699999999,5.219136,2015,9.76395606994629,5.219136,61.4744699999999,TRUE
5808,61.474378,5.219719,2015,9.76395606994629,5.219719,61.474378,TRUE
5809,61.474488,5.22141,2015,9.76395606994629,5.22141,61.474488,TRUE
5810,61.475337,5.235152,2015,9.76395606994629,5.235152,61.475337,TRUE
5811,61.4735269999999,5.226362,2015,9.76395606994629,5.226362,61.4735269999999,TRUE
5812,61.4741119999999,5.23458,2015,9.76395606994629,5.23458,61.4741119999999,TRUE
5813,61.4730429999999,5.226344,2015,9.76395606994629,5.226344,61.4730429999999,TRUE
5814,61.472754,5.228415,2015,9.76395606994629,5.228415,61.472754,TRUE
5815,61.47308,5.229103,2015,9.76395606994629,5.229103,61.47308,TRUE
5939,61.3318119999999,5.1503,2015,13.3339967727661,5.1503,61.3318119999999,TRUE
5940,61.3250979999999,5.075183,2015,14.8499383926392,5.075183,61.3250979999999,TRUE
5941,61.3251119999999,5.075091,2015,14.8499383926392,5.075091,61.3251119999999,TRUE
5942,61.325237,5.075514,2015,14.8499383926392,5.075514,61.325237,TRUE
5943,61.325268,5.0757,2015,14.8499383926392,5.0757,61.325268,TRUE
6036,69.6279399999999,18.9437099999999,2008,11.3936824798584,18.9437099999999,69.6279399999999,TRUE
6037,69.6274599999999,18.94491,2008,11.3936824798584,18.94491,69.6274599999999,TRUE
6038,69.5582299999999,18.74322,2008,11.4640464782715,18.74322,69.5582299999999,TRUE
6039,69.5578399999999,18.74058,2008,11.4640464782715,18.74058,69.5578399999999,TRUE
6040,69.5574699999999,18.73666,2008,11.4640464782715,18.73666,69.5574699999999,TRUE
6041,69.55745,18.7379399999999,2008,11.4640464782715,18.7379399999999,69.55745,TRUE
6042,69.5563999999999,18.72363,2008,11.4640464782715,18.72363,69.5563999999999,TRUE
6043,69.5545999999999,18.7451499999999,2008,11.4640464782715,18.7451499999999,69.5545999999999,TRUE
6044,69.55431,18.73739,2008,11.4640464782715,18.73739,69.55431,TRUE
6045,69.554,18.73092,2008,11.4640464782715,18.73092,69.554,TRUE
6046,69.55361,18.72828,2008,11.4640464782715,18.72828,69.55361,TRUE
6047,69.5535299999999,18.7321199999999,2008,11.4640464782715,18.7321199999999,69.5535299999999,TRUE
6048,69.55288,18.72044,2008,11.4640464782715,18.72044,69.55288,TRUE
6049,69.55285,18.72172,2008,11.4640464782715,18.72172,69.55285,TRUE
6050,69.5521499999999,18.71261,2008,11.4640464782715,18.71261,69.5521499999999,TRUE
6051,69.54197,18.7057,2008,11.4640464782715,18.7057,69.54197,TRUE
6052,69.54186,18.7108199999999,2008,11.4640464782715,18.7108199999999,69.54186,TRUE
6053,69.54183,18.7121,2008,11.4640464782715,18.7121,69.54183,TRUE
6067,69.83826,18.99877,2008,11.9669752120972,18.99877,69.83826,TRUE
6068,69.8367999999999,19.0036999999999,2008,12.7012939453125,19.0036999999999,69.8367999999999,TRUE
6069,69.81868,19.01066,2008,10.3999738693237,19.01066,69.81868,TRUE
6178,69.78476,19.06398,2009,10.3999738693237,19.06398,69.78476,TRUE
6179,69.7685299999999,19.0560599999999,2009,10.3999738693237,19.0560599999999,69.7685299999999,TRUE
6180,69.77378,19.05593,2009,10.3999738693237,19.05593,69.77378,TRUE
6181,69.6257499999999,18.91086,2009,11.1259651184082,18.91086,69.6257499999999,TRUE
6182,69.62765,18.90688,2009,11.1259651184082,18.90688,69.62765,TRUE
6183,69.62618,18.8928499999999,2009,11.1259651184082,18.8928499999999,69.62618,TRUE
6184,69.62715,18.9191,2009,11.3936824798584,18.9191,69.62715,TRUE
6366,68.6124059999999,14.597291,2014,8.0299654006958,14.597291,68.6124059999999,TRUE
6367,68.612125,14.5960719999999,2014,8.0299654006958,14.5960719999999,68.612125,TRUE
6368,68.611665,14.594718,2014,8.0299654006958,14.594718,68.611665,TRUE
6369,68.6112799999999,14.593814,2014,8.0299654006958,14.593814,68.6112799999999,TRUE
6370,68.611096,14.593489,2014,8.0299654006958,14.593489,68.611096,TRUE
6371,68.611041,14.593577,2014,8.0299654006958,14.593577,68.611041,TRUE
6372,68.610904,14.593495,2014,8.0299654006958,14.593495,68.610904,TRUE
6373,68.610833,14.5932429999999,2014,8.0299654006958,14.5932429999999,68.610833,TRUE
6418,68.731845,14.522726,2014,11.8937969207764,14.522726,68.731845,TRUE
6419,68.7313889999999,14.51525,2014,11.8937969207764,14.51525,68.7313889999999,TRUE
6420,68.743976,14.50117,2014,11.8937969207764,14.50117,68.743976,TRUE
6421,68.7437299999999,14.50113,2014,11.8937969207764,14.50113,68.7437299999999,TRUE
6422,68.743521,14.501089,2014,11.8937969207764,14.501089,68.743521,TRUE
6423,68.745731,14.52037,2014,11.8937969207764,14.52037,68.745731,TRUE
6424,68.745812,14.5207169999999,2014,11.8937969207764,14.5207169999999,68.745812,TRUE
6425,68.7457639999999,14.520864,2014,11.8937969207764,14.520864,68.7457639999999,TRUE
6426,68.7385579999999,14.469579,2014,14.2280502319336,14.469579,68.7385579999999,TRUE
6427,68.738394,14.469461,2014,14.2280502319336,14.469461,68.738394,TRUE
6428,68.738269,14.469288,2014,14.2280502319336,14.469288,68.738269,TRUE
6429,68.7378729999999,14.472592,2014,14.2280502319336,14.472592,68.7378729999999,TRUE
6698,65.2085799999999,12.063496,2015,9.47847938537598,12.063496,65.2085799999999,TRUE
6699,65.208646,12.0635379999999,2015,9.47847938537598,12.0635379999999,65.208646,TRUE
6700,65.2086549999999,12.064081,2015,9.47847938537598,12.064081,65.2086549999999,TRUE
6701,65.209265,12.073995,2015,9.47847938537598,12.073995,65.209265,TRUE
6702,65.2093809999999,12.074493,2015,9.47847938537598,12.074493,65.2093809999999,TRUE
6703,65.209202,12.076892,2015,9.47847938537598,12.076892,65.209202,TRUE
6706,65.287862,12.063926,2015,11.776159286499,12.063926,65.287862,TRUE
6707,65.287779,12.0550029999999,2015,11.776159286499,12.0550029999999,65.287779,TRUE
6708,65.287895,12.055751,2015,11.776159286499,12.055751,65.287895,TRUE
6761,69.0203419999999,15.063114,2014,12.0439701080322,15.063114,69.0203419999999,TRUE
6762,69.022771,15.088006,2014,9.20143890380859,15.088006,69.022771,TRUE
6772,68.9082169999999,15.036533,2014,12.4204797744751,15.036533,68.9082169999999,TRUE
6773,68.839883,14.816337,2014,11.0924406051636,14.816337,68.839883,TRUE
6774,68.8395069999999,14.817556,2014,11.0924406051636,14.817556,68.8395069999999,TRUE
6775,68.855242,14.780029,2014,11.0924406051636,14.780029,68.855242,TRUE
6776,68.855176,14.7809399999999,2014,11.0924406051636,14.7809399999999,68.855176,TRUE
6777,68.855187,14.781477,2014,11.0924406051636,14.781477,68.855187,TRUE
6780,68.8349879999999,14.756653,2014,11.0924406051636,14.756653,68.8349879999999,TRUE
6781,68.8433959999999,14.711776,2014,12.2212753295898,14.711776,68.8433959999999,TRUE
6782,68.8427619999999,14.711482,2014,12.2212753295898,14.711482,68.8427619999999,TRUE
6803,69.1767239999999,15.709882,2014,13.3535432815552,15.709882,69.1767239999999,TRUE
6804,69.1773649999999,15.709644,2014,13.3535432815552,15.709644,69.1773649999999,TRUE
6913,62.9846,7.69476,2017,12.6919527053833,7.69476,62.9846,TRUE
6914,62.9895599999999,7.70343,2017,12.6919527053833,7.70343,62.9895599999999,TRUE
6915,62.9922899999999,7.71266,2017,12.6919527053833,7.71266,62.9922899999999,TRUE
6916,62.99204,7.70777,2017,12.6919527053833,7.70777,62.99204,TRUE
6917,62.99477,7.717,2017,12.6919527053833,7.717,62.99477,TRUE
6918,63.0803,7.67064,2017,10.2804174423218,7.67064,63.0803,TRUE
6919,63.0894499999999,7.6733,2017,10.4795274734497,7.6733,63.0894499999999,TRUE
6921,62.98409,7.68498,2017,12.6919527053833,7.68498,62.98409,TRUE
6922,63.0716499999999,7.6778,2017,10.2804174423218,7.6778,63.0716499999999,TRUE
6923,63.08252,7.67008,2017,10.2804174423218,7.67008,63.08252,TRUE
6924,63.0916799999999,7.67274,2017,10.4795274734497,7.67274,63.0916799999999,TRUE
6926,63.0234799999999,7.40698,2017,13.1429901123047,7.40698,63.0234799999999,TRUE
6927,63.02846,7.41561,2017,13.1429901123047,7.41561,63.02846,TRUE
6935,63.06942,7.67836,2017,10.2804174423218,7.67836,63.06942,TRUE
6953,63.0504299999999,7.40489,2017,13.1429901123047,7.40489,63.0504299999999,TRUE
6960,63.0780699999999,7.67121,2017,10.2804174423218,7.67121,63.0780699999999,TRUE
7300,64.06601,11.2237399999999,2009,10.3218975067139,11.2237399999999,64.06601,TRUE
7301,64.04344,11.2154399999999,2009,10.3218975067139,11.2154399999999,64.04344,TRUE
7302,64.03014,11.2280599999999,2009,10.3218975067139,11.2280599999999,64.03014,TRUE
7303,64.0299899999999,11.22781,2009,10.3218975067139,11.22781,64.0299899999999,TRUE
7304,64.0298999999999,11.22762,2009,10.3218975067139,11.22762,64.0298999999999,TRUE
7305,64.0255599999999,11.22,2009,10.3218975067139,11.22,64.0255599999999,TRUE
7306,64.0254699999999,11.21976,2009,10.3218975067139,11.21976,64.0254699999999,TRUE
7307,63.9461799999999,11.01317,2009,8.95245361328125,11.01317,63.9461799999999,TRUE
7308,63.9460699999999,11.0131999999999,2009,8.95245361328125,11.0131999999999,63.9460699999999,TRUE
7512,64.2857829999999,10.3883329999999,2008,11.2831115722656,10.3883329999999,64.2857829999999,TRUE
7570,62.628683,6.663202,2017,12.5913152694702,6.663202,62.628683,TRUE
7571,62.629212,6.663786,2017,12.5913152694702,6.663786,62.629212,TRUE
7614,62.19332,5.57764,2017,9.86890411376953,5.57764,62.19332,TRUE
7689,62.2081829999999,5.496172,2017,12.9942626953125,5.496172,62.2081829999999,TRUE
7690,62.2104349999999,5.48542,2017,12.9942626953125,5.48542,62.2104349999999,TRUE
7691,62.206257,5.487133,2017,12.9942626953125,5.487133,62.206257,TRUE
7692,62.211651,5.565717,2017,9.86890411376953,5.565717,62.211651,TRUE
7695,62.1953859999999,5.582105,2017,9.86890411376953,5.582105,62.1953859999999,TRUE
7696,62.193102,5.645262,2017,9.39821529388428,5.645262,62.193102,TRUE
7762,62.299579,5.75043,2017,14.3581914901733,5.75043,62.299579,TRUE
7763,62.2924149999999,5.794197,2017,14.3581914901733,5.794197,62.2924149999999,TRUE
7815,62.302891,5.688627,2017,14.3424205780029,5.688627,62.302891,TRUE
7816,62.3014259999999,5.689607,2017,14.3424205780029,5.689607,62.3014259999999,TRUE
7818,62.300628,5.700052,2017,14.3424205780029,5.700052,62.300628,TRUE
8079,70.3465879999999,22.451781,2016,6.06511926651001,22.451781,70.3465879999999,TRUE
8080,70.34963,22.4467299999999,2016,6.06511926651001,22.4467299999999,70.34963,TRUE
8082,70.3495089999999,22.4600529999999,2016,6.06511926651001,22.4600529999999,70.3495089999999,TRUE
8083,70.350088,22.456292,2016,6.06511926651001,22.456292,70.350088,TRUE
8086,70.3429749999999,22.466895,2016,6.06511926651001,22.466895,70.3429749999999,TRUE
8087,70.338115,22.471012,2016,6.06511926651001,22.471012,70.338115,TRUE
8088,70.330993,22.475883,2016,6.22807693481445,22.475883,70.330993,TRUE
8089,70.326768,22.4781249999999,2016,6.22807693481445,22.4781249999999,70.326768,TRUE
8090,70.3268539999999,22.477708,2016,6.22807693481445,22.477708,70.3268539999999,TRUE
8091,70.3268709999999,22.477606,2016,6.22807693481445,22.477606,70.3268709999999,TRUE
8115,70.555794,22.640326,2016,10.3035764694214,22.640326,70.555794,TRUE
8116,70.555755,22.6405719999999,2016,10.3035764694214,22.6405719999999,70.555755,TRUE
8117,70.555698,22.640577,2016,10.3035764694214,22.640577,70.555698,TRUE
8118,70.555588,22.640684,2016,10.3035764694214,22.640684,70.555588,TRUE
8119,70.555385,22.638753,2016,10.3035764694214,22.638753,70.555385,TRUE
8120,70.555395,22.639754,2016,10.3035764694214,22.639754,70.555395,TRUE
8121,70.555394,22.6400499999999,2016,10.3035764694214,22.6400499999999,70.555394,TRUE
8122,70.5519079999999,22.699728,2016,10.284912109375,22.699728,70.5519079999999,TRUE
8123,70.5525159999999,22.698397,2016,10.284912109375,22.698397,70.5525159999999,TRUE
8124,70.5524659999999,22.6984649999999,2016,10.284912109375,22.6984649999999,70.5524659999999,TRUE
8125,70.5523809999999,22.698501,2016,10.284912109375,22.698501,70.5523809999999,TRUE
8126,70.552147,22.698684,2016,10.284912109375,22.698684,70.552147,TRUE
8127,70.536438,22.6826919999999,2016,10.284912109375,22.6826919999999,70.536438,TRUE
8128,70.5362429999999,22.682628,2016,10.284912109375,22.682628,70.5362429999999,TRUE
8129,70.536011,22.6824529999999,2016,10.284912109375,22.6824529999999,70.536011,TRUE
8130,70.5360189999999,22.6825119999999,2016,10.284912109375,22.6825119999999,70.5360189999999,TRUE
8131,70.536039,22.682556,2016,10.284912109375,22.682556,70.536039,TRUE
8132,70.533804,22.679922,2016,10.284912109375,22.679922,70.533804,TRUE
8133,70.5338059999999,22.6800469999999,2016,10.284912109375,22.6800469999999,70.5338059999999,TRUE
8134,70.5337499999999,22.680128,2016,10.284912109375,22.680128,70.5337499999999,TRUE
8135,70.5336669999999,22.680128,2016,10.284912109375,22.680128,70.5336669999999,TRUE
8136,70.5336159999999,22.680299,2016,10.284912109375,22.680299,70.5336159999999,TRUE
8137,70.53333,22.6805179999999,2016,10.284912109375,22.6805179999999,70.53333,TRUE
8138,70.5330859999999,22.680433,2016,10.284912109375,22.680433,70.5330859999999,TRUE
8382,70.618262,22.706178,2016,9.92374134063721,22.706178,70.618262,TRUE
8383,70.618296,22.7061509999999,2016,9.92374134063721,22.7061509999999,70.618296,TRUE
8384,70.6172239999999,22.7059679999999,2016,9.92374134063721,22.7059679999999,70.6172239999999,TRUE
8385,70.6170309999999,22.706278,2016,9.92374134063721,22.706278,70.6170309999999,TRUE
8386,70.6168239999999,22.706009,2016,9.92374134063721,22.706009,70.6168239999999,TRUE
8825,61.8862,5.232698,2015,10.9449739456177,5.232698,61.8862,TRUE
8826,61.8869109999999,5.236305,2015,10.9449739456177,5.236305,61.8869109999999,TRUE
8827,61.887683,5.247084,2015,10.9449739456177,5.247084,61.887683,TRUE
8828,61.8881919999999,5.247879,2015,10.9449739456177,5.247879,61.8881919999999,TRUE
8829,61.8882929999999,5.249285,2015,10.9449739456177,5.249285,61.8882929999999,TRUE
8830,61.888427,5.25116,2015,10.3293914794922,5.25116,61.888427,TRUE
8831,61.887877,5.240309,2015,10.9449739456177,5.240309,61.887877,TRUE
8832,61.8884329999999,5.244925,2015,10.9449739456177,5.244925,61.8884329999999,TRUE
8833,61.8893109999999,5.250876,2015,10.3293914794922,5.250876,61.8893109999999,TRUE
8834,61.889412,5.252282,2015,10.3293914794922,5.252282,61.889412,TRUE
8835,61.8893309999999,5.247993,2015,10.9449739456177,5.247993,61.8893309999999,TRUE
8836,61.8898209999999,5.251671,2015,10.3293914794922,5.251671,61.8898209999999,TRUE
8837,61.88882,5.231375,2015,10.9449739456177,5.231375,61.88882,TRUE
8838,61.888426,5.235338,2015,10.9449739456177,5.235338,61.888426,TRUE
8839,61.8899809999999,5.244427,2015,10.9449739456177,5.244427,61.8899809999999,TRUE
8840,61.886938,5.243008,2015,10.9449739456177,5.243008,61.886938,TRUE
8841,61.886958,5.240125,2015,10.9449739456177,5.240125,61.886958,TRUE
8842,61.888339,5.237284,2015,10.9449739456177,5.237284,61.888339,TRUE
8843,61.8893849999999,5.245578,2015,10.9449739456177,5.245578,61.8893849999999,TRUE
8844,61.888767,5.23379,2015,10.9449739456177,5.23379,61.888767,TRUE
8845,61.88929,5.237937,2015,10.9449739456177,5.237937,61.88929,TRUE
8846,61.889867,5.239669,2015,10.9449739456177,5.239669,61.889867,TRUE
8847,61.889498,5.234514,2015,10.9449739456177,5.234514,61.889498,TRUE
8848,61.891148,5.251245,2015,10.3293914794922,5.251245,61.891148,TRUE
8849,61.8918919999999,5.255322,2015,10.3293914794922,5.255322,61.8918919999999,TRUE
8850,61.8866299999999,5.245025,2015,10.9449739456177,5.245025,61.8866299999999,TRUE
8851,61.8896319999999,5.236388,2015,10.9449739456177,5.236388,61.8896319999999,TRUE
8852,61.889518,5.23163,2015,10.9449739456177,5.23163,61.889518,TRUE
8853,61.891047,5.249839,2015,10.9449739456177,5.249839,61.891047,TRUE
8854,61.8924749999999,5.250819,2015,10.3293914794922,5.250819,61.8924749999999,TRUE
8855,61.891334,5.234882,2015,10.9449739456177,5.234882,61.891334,TRUE
8856,61.893293,5.249597,2015,10.9449739456177,5.249597,61.893293,TRUE
8899,67.9610009999999,13.1722699999999,2014,10.5574417114258,13.1722699999999,67.9610009999999,TRUE
8900,67.9620919999999,13.174848,2014,10.5574417114258,13.174848,67.9620919999999,TRUE
8918,67.890203,13.039866,2014,10.6951179504395,13.039866,67.890203,TRUE
8919,67.890304,13.040514,2014,10.6951179504395,13.040514,67.890304,TRUE
8920,67.8907499999999,13.041694,2014,10.6951179504395,13.041694,67.8907499999999,TRUE
8921,67.8906479999999,13.042002,2014,10.6951179504395,13.042002,67.8906479999999,TRUE
8922,67.8905769999999,13.043524,2014,10.6951179504395,13.043524,67.8905769999999,TRUE
8923,67.8817059999999,13.029551,2014,10.6951179504395,13.029551,67.8817059999999,TRUE
8924,67.8812649999999,13.029187,2014,10.6951179504395,13.029187,67.8812649999999,TRUE
8991,68.167505,13.5266179999999,2013,14.5901889801025,13.5266179999999,68.167505,TRUE
9011,68.117272,13.87869,2013,11.6721878051758,13.87869,68.117272,TRUE
9012,68.116848,13.8798619999999,2013,11.6721878051758,13.8798619999999,68.116848,TRUE
9013,68.1163329999999,13.87972,2013,11.6721878051758,13.87972,68.1163329999999,TRUE
9029,68.045872,13.53206,2013,11.0494356155396,13.53206,68.045872,TRUE
9030,68.045883,13.532958,2013,11.0494356155396,13.532958,68.045883,TRUE
9033,68.1461139999999,13.470389,2013,13.2202987670898,13.470389,68.1461139999999,TRUE
9041,68.2417439999999,13.519679,2014,14.5901889801025,13.519679,68.2417439999999,TRUE
9042,68.241757,13.518955,2014,14.5901889801025,13.518955,68.241757,TRUE
9043,68.2419069999999,13.518424,2014,14.5901889801025,13.518424,68.2419069999999,TRUE
9044,68.242041,13.5280559999999,2014,14.5901889801025,13.5280559999999,68.242041,TRUE
9045,68.2452779999999,13.529965,2014,14.5901889801025,13.529965,68.2452779999999,TRUE
9046,68.245428,13.529526,2014,14.5901889801025,13.529526,68.245428,TRUE
9047,68.2443449999999,13.562137,2014,14.5901889801025,13.562137,68.2443449999999,TRUE
9048,68.239613,13.567171,2014,14.5901889801025,13.567171,68.239613,TRUE
9076,68.2543299999999,13.4919759999999,2014,12.571084022522,13.4919759999999,68.2543299999999,TRUE
9077,68.2548989999999,13.490989,2014,12.571084022522,13.490989,68.2548989999999,TRUE
9078,68.2548199999999,13.4874709999999,2014,12.571084022522,13.4874709999999,68.2548199999999,TRUE
9079,68.254666,13.487398,2014,12.571084022522,13.487398,68.254666,TRUE
9080,68.2483189999999,13.505182,2014,14.5901889801025,13.505182,68.2483189999999,TRUE
9081,68.248012,13.503644,2014,14.5901889801025,13.503644,68.248012,TRUE
9082,68.246874,13.50266,2014,14.5901889801025,13.50266,68.246874,TRUE
9083,68.246391,13.501657,2014,14.5901889801025,13.501657,68.246391,TRUE
9084,68.243165,13.588917,2014,NA,13.588917,68.243165,TRUE
9085,68.2414069999999,13.564556,2014,14.5901889801025,13.564556,68.2414069999999,TRUE
9092,68.0023149999999,13.290101,2013,11.0726003646851,13.290101,68.0023149999999,TRUE
9093,68.0004129999999,13.2681,2013,11.0726003646851,13.2681,68.0004129999999,TRUE
9094,67.9999739999999,13.26791,2013,10.4978141784668,13.26791,67.9999739999999,TRUE
9095,67.9993429999999,13.268331,2013,10.4978141784668,13.268331,67.9993429999999,TRUE
9096,67.9934389999999,13.1875529999999,2014,10.5574417114258,13.1875529999999,67.9934389999999,TRUE
9097,67.992992,13.187689,2014,10.5574417114258,13.187689,67.992992,TRUE
9098,67.9949519999999,13.2020579999999,2014,10.5574417114258,13.2020579999999,67.9949519999999,TRUE
9099,67.9957739999999,13.20411,2014,10.5574417114258,13.20411,67.9957739999999,TRUE
9100,67.9958259999999,13.20437,2014,10.5574417114258,13.20437,67.9958259999999,TRUE
9101,67.9912989999999,13.210036,2014,10.5574417114258,13.210036,67.9912989999999,TRUE
9102,67.973971,13.185591,2014,10.5574417114258,13.185591,67.973971,TRUE
9103,67.9736479999999,13.185662,2014,10.5574417114258,13.185662,67.9736479999999,TRUE
9402,64.607144,10.9847459999999,2007,8.16487121582031,10.9847459999999,64.607144,TRUE
9403,64.60423,10.991305,2007,8.16487121582031,10.991305,64.60423,TRUE
9404,64.607178,10.97865,2007,8.16487121582031,10.97865,64.607178,TRUE
9405,64.607414,10.984793,2007,8.16487121582031,10.984793,64.607414,TRUE
9406,64.605799,10.993083,2007,8.16487121582031,10.993083,64.605799,TRUE
9409,64.600733,10.998908,2007,8.16487121582031,10.998908,64.600733,TRUE
9410,64.6007489999999,10.998521,2007,8.16487121582031,10.998521,64.6007489999999,TRUE
9411,64.6007149999999,10.9982609999999,2007,8.16487121582031,10.9982609999999,64.6007149999999,TRUE
9412,64.598324,10.9982019999999,2007,8.16487121582031,10.9982019999999,64.598324,TRUE
9413,64.5981079999999,10.998089,2007,8.16487121582031,10.998089,64.5981079999999,TRUE
9449,70.9433789999999,25.6218879999999,2016,8.39030647277832,25.6218879999999,70.9433789999999,TRUE
9453,70.9440759999999,25.633395,2016,8.39030647277832,25.633395,70.9440759999999,TRUE
9454,70.946837,25.632808,2016,8.39030647277832,25.632808,70.946837,TRUE
9456,70.9439189999999,25.636092,2016,8.39030647277832,25.636092,70.9439189999999,TRUE
9463,70.9472719999999,25.5029819999999,2016,9.7320384979248,25.5029819999999,70.9472719999999,TRUE
9464,70.9381309999999,25.6183459999999,2016,8.39030647277832,25.6183459999999,70.9381309999999,TRUE
9477,70.9377539999999,25.620923,2016,8.39030647277832,25.620923,70.9377539999999,TRUE
9478,70.939321,25.62525,2016,8.39030647277832,25.62525,70.939321,TRUE
9480,70.9364209999999,25.6125529999999,2016,8.39030647277832,25.6125529999999,70.9364209999999,TRUE
9483,70.936744,25.6148139999999,2016,8.39030647277832,25.6148139999999,70.936744,TRUE
9484,70.9470989999999,25.620429,2016,8.39030647277832,25.620429,70.9470989999999,TRUE
9485,70.935308,25.604303,2016,8.39030647277832,25.604303,70.935308,TRUE
9492,70.9466879999999,25.5012779999999,2016,9.7320384979248,25.5012779999999,70.9466879999999,TRUE
9524,70.9461759999999,25.632449,2016,8.39030647277832,25.632449,70.9461759999999,TRUE
9525,70.943948,25.627761,2016,8.39030647277832,25.627761,70.943948,TRUE
9526,70.946318,25.633917,2016,8.39030647277832,25.633917,70.946318,TRUE
9527,70.9437379999999,25.6665969999999,2016,8.39030647277832,25.6665969999999,70.9437379999999,TRUE
9528,70.9437779999999,25.6659229999999,2016,8.39030647277832,25.6659229999999,70.9437779999999,TRUE
9532,70.944928,25.642204,2016,8.39030647277832,25.642204,70.944928,TRUE
9533,70.9476149999999,25.631143,2016,8.39030647277832,25.631143,70.9476149999999,TRUE
9534,70.944179,25.666837,2016,9.20948505401611,25.666837,70.944179,TRUE
9535,70.9453299999999,25.643118,2016,8.39030647277832,25.643118,70.9453299999999,TRUE
9536,70.943464,25.640018,2016,8.39030647277832,25.640018,70.943464,TRUE
9537,70.943365,25.626054,2016,8.39030647277832,25.626054,70.943365,TRUE
9538,70.942132,25.631643,2016,8.39030647277832,25.631643,70.942132,TRUE
9539,70.948564,25.622615,2016,8.39030647277832,25.622615,70.948564,TRUE
9540,70.9430339999999,25.647434,2016,8.39030647277832,25.647434,70.9430339999999,TRUE
9545,70.9438609999999,25.652753,2016,8.39030647277832,25.652753,70.9438609999999,TRUE
9546,70.939424,25.627392,2016,8.39030647277832,25.627392,70.939424,TRUE
9547,70.943391,25.660844,2016,8.39030647277832,25.660844,70.943391,TRUE
9567,70.945856,25.6183629999999,2016,8.39030647277832,25.6183629999999,70.945856,TRUE
9568,70.9441889999999,25.643194,2016,8.39030647277832,25.643194,70.9441889999999,TRUE
9569,70.943009,25.643943,2016,8.39030647277832,25.643943,70.943009,TRUE
9570,70.9436699999999,25.644303,2016,8.39030647277832,25.644303,70.9436699999999,TRUE
9572,70.941006,25.627555,2016,8.39030647277832,25.627555,70.941006,TRUE
9573,70.941702,25.63906,2016,8.39030647277832,25.63906,70.941702,TRUE
9574,70.940928,25.628903,2016,8.39030647277832,25.628903,70.940928,TRUE
9575,70.944804,25.624748,2016,8.39030647277832,25.624748,70.944804,TRUE
9576,70.9469679999999,25.626618,2016,8.39030647277832,25.626618,70.9469679999999,TRUE
9577,70.94011,25.6312409999999,2016,8.39030647277832,25.6312409999999,70.94011,TRUE
9578,70.942456,25.665203,2016,8.39030647277832,25.665203,70.942456,TRUE
9579,70.945245,25.624987,2016,8.39030647277832,25.624987,70.945245,TRUE
9580,70.939993,25.633264,2016,8.39030647277832,25.633264,70.939993,TRUE
9581,70.9487589999999,25.619242,2016,8.39030647277832,25.619242,70.9487589999999,TRUE
9583,70.9375979999999,25.6236199999999,2016,8.39030647277832,25.6236199999999,70.9375979999999,TRUE
9584,70.941854,25.648184,2016,8.39030647277832,25.648184,70.941854,TRUE
9710,69.660221,29.5210159999999,2017,11.8449583053589,29.5210159999999,69.660221,TRUE
9711,69.660283,29.52083,2017,11.8449583053589,29.52083,69.660283,TRUE
9712,69.6603759999999,29.52036,2017,11.8449583053589,29.52036,69.6603759999999,TRUE
9713,69.660599,29.519175,2017,11.8449583053589,29.519175,69.660599,TRUE
9714,69.66104,29.518397,2017,11.8449583053589,29.518397,69.66104,TRUE
9715,69.661044,29.5183089999999,2017,11.8449583053589,29.5183089999999,69.661044,TRUE
9716,69.6610199999999,29.518197,2017,11.8449583053589,29.518197,69.6610199999999,TRUE
9717,69.6607589999999,29.517658,2017,11.8449583053589,29.517658,69.6607589999999,TRUE
9718,69.660683,29.517478,2017,11.8449583053589,29.517478,69.660683,TRUE
9719,69.660656,29.517486,2017,11.8449583053589,29.517486,69.660656,TRUE
9720,69.6606029999999,29.517292,2017,11.8449583053589,29.517292,69.6606029999999,TRUE
9721,69.6604159999999,29.5168609999999,2017,11.8449583053589,29.5168609999999,69.6604159999999,TRUE
9722,69.6605229999999,29.51651,2017,11.8449583053589,29.51651,69.6605229999999,TRUE
9723,69.660255,29.51621,2017,11.8449583053589,29.51621,69.660255,TRUE
9724,69.660233,29.516365,2017,11.8449583053589,29.516365,69.660233,TRUE
9725,69.660255,29.516459,2017,11.8449583053589,29.516459,69.660255,TRUE
9726,69.6602589999999,29.5165329999999,2017,11.8449583053589,29.5165329999999,69.6602589999999,TRUE
9727,69.660245,29.516642,2017,11.8449583053589,29.516642,69.660245,TRUE
9728,69.660199,29.516618,2017,11.8449583053589,29.516618,69.660199,TRUE
9729,69.6602089999999,29.516145,2017,11.8449583053589,29.516145,69.6602089999999,TRUE
9730,69.6601849999999,29.515612,2017,11.8449583053589,29.515612,69.6601849999999,TRUE
9731,69.6601419999999,29.515307,2017,11.8449583053589,29.515307,69.6601419999999,TRUE
9732,69.660081,29.515062,2017,11.8449583053589,29.515062,69.660081,TRUE
9733,69.6600909999999,29.514969,2017,11.8449583053589,29.514969,69.6600909999999,TRUE
9734,69.6600289999999,29.5145899999999,2017,11.8449583053589,29.5145899999999,69.6600289999999,TRUE
9735,69.6598919999999,29.5141999999999,2017,11.8449583053589,29.5141999999999,69.6598919999999,TRUE
9736,69.6601639999999,29.5135749999999,2017,11.8449583053589,29.5135749999999,69.6601639999999,TRUE
9737,69.659818,29.513002,2017,11.8449583053589,29.513002,69.659818,TRUE
9738,69.6598039999999,29.5129449999999,2017,11.8449583053589,29.5129449999999,69.6598039999999,TRUE
9739,69.659717,29.510798,2017,11.8449583053589,29.510798,69.659717,TRUE
9740,69.659789,29.5071149999999,2017,11.8449583053589,29.5071149999999,69.659789,TRUE
9741,69.659232,29.506214,2017,11.8449583053589,29.506214,69.659232,TRUE
9742,69.658676,29.50643,2017,11.8449583053589,29.50643,69.658676,TRUE
9743,69.657841,29.506155,2017,11.8449583053589,29.506155,69.657841,TRUE
9744,69.6585259999999,29.503577,2017,11.8449583053589,29.503577,69.6585259999999,TRUE
9745,69.659745,29.501493,2017,11.8449583053589,29.501493,69.659745,TRUE
9746,69.6603479999999,29.5037729999999,2017,11.8449583053589,29.5037729999999,69.6603479999999,TRUE
9747,69.660751,29.5043669999999,2017,11.8449583053589,29.5043669999999,69.660751,TRUE
9748,69.6599609999999,29.506325,2017,11.8449583053589,29.506325,69.6599609999999,TRUE
9749,69.6592559999999,29.508749,2017,11.8449583053589,29.508749,69.6592559999999,TRUE
9750,69.659012,29.510508,2017,11.8449583053589,29.510508,69.659012,TRUE
9751,69.658769,29.513472,2017,11.8449583053589,29.513472,69.658769,TRUE
9752,69.658766,29.51604,2017,11.8449583053589,29.51604,69.658766,TRUE
9753,69.659422,29.5206,2017,11.8449583053589,29.5206,69.659422,TRUE
9874,63.0986699999999,7.72073,2017,10.4795274734497,7.72073,63.0986699999999,TRUE
9875,63.10065,7.71526,2017,10.4795274734497,7.71526,63.10065,TRUE
9881,63.0499,7.69323,2017,10.2804174423218,7.69323,63.0499,TRUE
9882,63.08704,7.71371,2017,10.4795274734497,7.71371,63.08704,TRUE
9885,63.0637699999999,7.69967,2017,10.2804174423218,7.69967,63.0637699999999,TRUE
9886,63.06548,7.6893,2017,10.2804174423218,7.6893,63.06548,TRUE
9887,63.08755,7.72353,2017,10.4795274734497,7.72353,63.08755,TRUE
9890,63.0365499999999,7.69659,2017,10.2804174423218,7.69659,63.0365499999999,TRUE
9891,63.0848099999999,7.71427,2017,10.4795274734497,7.71427,63.0848099999999,TRUE
9893,63.09225,7.72732,2017,10.4795274734497,7.72732,63.09225,TRUE
9899,63.36988,10.08357,2009,8.67486000061035,10.08357,63.36988,TRUE
9900,63.35687,10.1050799999999,2009,8.67486000061035,10.1050799999999,63.35687,TRUE
9901,63.45217,10.38297,2009,8.64999103546143,10.38297,63.45217,TRUE
9902,63.4523799999999,10.38301,2009,8.64999103546143,10.38301,63.4523799999999,TRUE
9903,63.4491299999999,10.3852499999999,2009,8.64999103546143,10.3852499999999,63.4491299999999,TRUE
9904,63.45006,10.38484,2009,8.64999103546143,10.38484,63.45006,TRUE
9905,63.4502499999999,10.38446,2009,8.64999103546143,10.38446,63.4502499999999,TRUE
9906,63.4528899999999,10.46346,2009,8.6479377746582,10.46346,63.4528899999999,TRUE
9907,63.4396199999999,10.50085,2009,9.40721988677979,10.50085,63.4396199999999,TRUE
9908,63.43276,10.5227,2009,9.40721988677979,10.5227,63.43276,TRUE
9909,63.435,10.5185099999999,2009,9.40721988677979,10.5185099999999,63.435,TRUE
9910,63.4317899999999,10.5580599999999,2009,9.40721988677979,10.5580599999999,63.4317899999999,TRUE
9911,63.43267,10.55752,2009,9.40721988677979,10.55752,63.43267,TRUE
9912,63.4330799999999,10.5573099999999,2009,9.40721988677979,10.5573099999999,63.4330799999999,TRUE
9922,63.4353669999999,10.7310669999999,2010,11.0729284286499,10.7310669999999,63.4353669999999,TRUE
9923,63.434683,10.7334,2010,11.0729284286499,10.7334,63.434683,TRUE
9924,63.435167,10.7313829999999,2010,11.0729284286499,10.7313829999999,63.435167,TRUE
9925,63.4350829999999,10.730817,2010,11.0729284286499,10.730817,63.4350829999999,TRUE
9926,63.434933,10.730733,2010,11.0729284286499,10.730733,63.434933,TRUE
9927,63.435133,10.730233,2010,11.0729284286499,10.730233,63.435133,TRUE
9928,63.4352999999999,10.730567,2010,11.0729284286499,10.730567,63.4352999999999,TRUE
9929,63.4356,10.7054329999999,2010,11.0729284286499,10.7054329999999,63.4356,TRUE
9930,63.4356829999999,10.703733,2010,11.0729284286499,10.703733,63.4356829999999,TRUE
9931,63.436083,10.700167,2010,11.0729284286499,10.700167,63.436083,TRUE
9932,63.4370169999999,10.69565,2010,11.0729284286499,10.69565,63.4370169999999,TRUE
9933,63.4378669999999,10.6894829999999,2010,11.0729284286499,10.6894829999999,63.4378669999999,TRUE
9934,63.439933,10.681817,2010,11.0729284286499,10.681817,63.439933,TRUE
9935,63.43985,10.6818329999999,2010,11.0729284286499,10.6818329999999,63.43985,TRUE
9936,63.45937,10.8960899999999,2009,13.8626508712769,10.8960899999999,63.45937,TRUE
9972,58.8179579999999,5.525397,2013,17.2638187408447,5.525397,58.8179579999999,TRUE
9973,58.8181299999999,5.525422,2013,17.2638187408447,5.525422,58.8181299999999,TRUE
9974,58.818325,5.525398,2013,17.2638187408447,5.525398,58.818325,TRUE
9975,58.818539,5.525414,2013,17.2638187408447,5.525414,58.818539,TRUE
9976,58.818744,5.525415,2013,17.2638187408447,5.525415,58.818744,TRUE
9977,58.818941,5.525452,2013,17.2638187408447,5.525452,58.818941,TRUE
9978,58.819226,5.52547,2013,17.2638187408447,5.52547,58.819226,TRUE
9979,58.8193959999999,5.52552,2013,17.2638187408447,5.52552,58.8193959999999,TRUE
10217,59.0095499999999,6.032064,2012,14.0636644363403,6.032064,59.0095499999999,TRUE
10426,59.335759,5.313566,2012,15.4655284881592,5.313566,59.335759,TRUE
10427,59.335022,5.32484,2012,15.4655284881592,5.32484,59.335022,TRUE
10428,59.335405,5.326942,2012,15.4655284881592,5.326942,59.335405,TRUE
10429,59.3336169999999,5.318163,2012,15.4655284881592,5.318163,59.3336169999999,TRUE
10473,59.235294,5.172027,2013,16.8498077392578,5.172027,59.235294,TRUE
10474,59.238098,5.179156,2013,16.8498077392578,5.179156,59.238098,TRUE
10475,59.237906,5.167738,2013,16.8498077392578,5.167738,59.237906,TRUE
10476,59.238151,5.165019,2013,10.9843864440918,5.165019,59.238151,TRUE
10477,59.2389739999999,5.175813,2013,16.8498077392578,5.175813,59.2389739999999,TRUE
10478,59.239204,5.178835,2013,16.8498077392578,5.178835,59.239204,TRUE
10479,59.240146,5.176355,2013,16.8498077392578,5.176355,59.240146,TRUE
10480,59.2403339999999,5.175859,2013,16.8498077392578,5.175859,59.2403339999999,TRUE
10481,59.240706,5.162952,2013,10.9843864440918,5.162952,59.240706,TRUE
10482,59.240664,5.159434,2013,10.9843864440918,5.159434,59.240664,TRUE
10483,59.241294,5.158809,2013,10.9843864440918,5.158809,59.241294,TRUE
10484,59.2419439999999,5.164357,2013,10.9843864440918,5.164357,59.2419439999999,TRUE
10485,59.244269,5.180013,2013,16.8498077392578,5.180013,59.244269,TRUE
10486,59.244829,5.166608,2013,10.9843864440918,5.166608,59.244829,TRUE
10488,59.235101,5.16061,2013,10.9843864440918,5.16061,59.235101,TRUE
10489,59.236089,5.173561,2013,16.8498077392578,5.173561,59.236089,TRUE
10490,59.2359719999999,5.166094,2013,10.9843864440918,5.166094,59.2359719999999,TRUE
10491,59.236325,5.167756,2013,16.8498077392578,5.167756,59.236325,TRUE
10492,59.237181,5.178981,2013,16.8498077392578,5.178981,59.237181,TRUE
10493,59.236842,5.171578,2013,16.8498077392578,5.171578,59.236842,TRUE
10494,59.2369649999999,5.170218,2013,16.8498077392578,5.170218,59.2369649999999,TRUE
10495,59.236969,5.161391,2013,10.9843864440918,5.161391,59.236969,TRUE
10496,59.238433,5.174646,2013,16.8498077392578,5.174646,59.238433,TRUE
10497,59.2377219999999,5.159407,2013,10.9843864440918,5.159407,59.2377219999999,TRUE
10498,59.238739,5.160876,2013,10.9843864440918,5.160876,59.238739,TRUE
10499,59.239915,5.173333,2013,16.8498077392578,5.173333,59.239915,TRUE
10500,59.2392139999999,5.161179,2013,10.9843864440918,5.161179,59.2392139999999,TRUE
10501,59.2394589999999,5.15846,2013,10.9843864440918,5.15846,59.2394589999999,TRUE
10502,59.244872,5.170127,2013,16.8498077392578,5.170127,59.244872,TRUE
10503,59.237524,5.177558,2013,16.8498077392578,5.177558,59.237524,TRUE
10504,59.24289,5.173792,2013,16.8498077392578,5.173792,59.24289,TRUE
10505,59.2386589999999,5.165754,2013,10.9843864440918,5.165754,59.2386589999999,TRUE
10506,59.2425939999999,5.169906,2013,16.8498077392578,5.169906,59.2425939999999,TRUE
10510,59.240993,5.163751,2013,10.9843864440918,5.163751,59.240993,TRUE
10511,59.2422779999999,5.180591,2013,16.8498077392578,5.180591,59.2422779999999,TRUE
10513,59.244118,5.172111,2013,16.8498077392578,5.172111,59.244118,TRUE
10514,59.147795,6.148373,2012,12.3552293777466,6.148373,59.147795,TRUE
10522,58.9764479999999,5.610256,2011,16.5531787872314,5.610256,58.9764479999999,TRUE
10683,58.959555,5.60983,2013,16.5531787872314,5.60983,58.959555,TRUE
10684,58.959935,5.60971,2013,16.5531787872314,5.60971,58.959935,TRUE
10685,58.960152,5.609177,2013,16.5531787872314,5.609177,58.960152,TRUE
10686,58.9603979999999,5.608845,2013,16.5531787872314,5.608845,58.9603979999999,TRUE
10687,58.9660569999999,5.596327,2013,16.5531787872314,5.596327,58.9660569999999,TRUE
10688,58.966115,5.596629,2013,16.5531787872314,5.596629,58.966115,TRUE
10695,58.9691339999999,5.590932,2013,16.5531787872314,5.590932,58.9691339999999,TRUE
10696,58.969144,5.59123,2013,16.5531787872314,5.59123,58.969144,TRUE
10697,58.969169,5.591746,2013,16.5531787872314,5.591746,58.969169,TRUE
10698,58.9691979999999,5.592072,2013,16.5531787872314,5.592072,58.9691979999999,TRUE
10699,58.9694059999999,5.592089,2013,16.5531787872314,5.592089,58.9694059999999,TRUE
10700,58.9695919999999,5.591727,2013,16.5531787872314,5.591727,58.9695919999999,TRUE
10701,58.9716189999999,5.596373,2013,16.5531787872314,5.596373,58.9716189999999,TRUE
10702,58.9715399999999,5.596722,2013,16.5531787872314,5.596722,58.9715399999999,TRUE
10703,58.9717119999999,5.59671,2013,16.5531787872314,5.59671,58.9717119999999,TRUE
10704,58.9718639999999,5.597109,2013,16.5531787872314,5.597109,58.9718639999999,TRUE
10705,58.972199,5.597778,2013,16.5531787872314,5.597778,58.972199,TRUE
10706,58.972439,5.597036,2013,16.5531787872314,5.597036,58.972439,TRUE
10707,58.9728709999999,5.597307,2013,16.5531787872314,5.597307,58.9728709999999,TRUE
10708,58.973497,5.604314,2013,16.5531787872314,5.604314,58.973497,TRUE
10709,58.973927,5.604937,2013,16.5531787872314,5.604937,58.973927,TRUE
10710,58.9741969999999,5.605733,2013,16.5531787872314,5.605733,58.9741969999999,TRUE
10711,58.974473,5.606603,2013,16.5531787872314,5.606603,58.974473,TRUE
10712,58.9747059999999,5.607431,2013,16.5531787872314,5.607431,58.9747059999999,TRUE
10713,58.9751449999999,5.609135,2013,16.5531787872314,5.609135,58.9751449999999,TRUE
10714,58.9756829999999,5.609816,2013,16.5531787872314,5.609816,58.9756829999999,TRUE
10715,58.975062,5.608546,2013,16.5531787872314,5.608546,58.975062,TRUE
10716,58.975541,5.609069,2013,16.5531787872314,5.609069,58.975541,TRUE
10717,58.975709,5.6107,2013,16.5531787872314,5.6107,58.975709,TRUE
10719,58.939773,5.75789,2013,9.77242755889893,5.75789,58.939773,TRUE
10898,58.9589989999999,5.575487,2011,15.6507301330566,5.575487,58.9589989999999,TRUE
10899,58.9579919999999,5.575453,2011,15.6507301330566,5.575453,58.9579919999999,TRUE
11117,59.4747429999999,5.235091,2012,14.2675323486328,5.235091,59.4747429999999,TRUE
11118,59.3971209999999,5.281707,2013,15.4655284881592,5.281707,59.3971209999999,TRUE
11386,62.978979,8.644107,2018,NA,8.644107,62.978979,TRUE
11387,62.979552,8.644098,2018,NA,8.644098,62.979552,TRUE
11388,62.979088,8.644832,2018,NA,8.644832,62.979088,TRUE
11389,62.979885,8.642687,2018,NA,8.642687,62.979885,TRUE
11390,62.987794,8.651013,2018,NA,8.651013,62.987794,TRUE
11391,62.987877,8.650394,2018,NA,8.650394,62.987877,TRUE
11392,62.989349,8.647608,2018,NA,8.647608,62.989349,TRUE
11393,62.990379,8.642981,2018,NA,8.642981,62.990379,TRUE
11394,62.990307,8.642725,2018,NA,8.642725,62.990307,TRUE
11395,62.989921,8.641872,2018,NA,8.641872,62.989921,TRUE
11396,62.989144,8.64115,2018,NA,8.64115,62.989144,TRUE
11397,62.989567,8.642072,2018,NA,8.642072,62.989567,TRUE
11398,62.989771,8.642481,2018,NA,8.642481,62.989771,TRUE
11399,62.989858,8.642733,2018,NA,8.642733,62.989858,TRUE
11400,62.989725,8.640753,2018,NA,8.640753,62.989725,TRUE
11401,62.989739,8.640533,2018,NA,8.640533,62.989739,TRUE
11402,62.989619,8.640211,2018,NA,8.640211,62.989619,TRUE
11403,62.989597,8.640016,2018,NA,8.640016,62.989597,TRUE
11404,62.989146,8.638918,2018,NA,8.638918,62.989146,TRUE
11405,62.988763,8.637425,2018,NA,8.637425,62.988763,TRUE
11406,62.988785,8.637618,2018,NA,8.637618,62.988785,TRUE
11407,62.988957,8.637914,2018,NA,8.637914,62.988957,TRUE
11408,62.989164,8.637699,2018,NA,8.637699,62.989164,TRUE
11409,62.989313,8.637599,2018,NA,8.637599,62.989313,TRUE
11410,62.989468,8.637649,2018,NA,8.637649,62.989468,TRUE
11411,62.989413,8.637701,2018,NA,8.637701,62.989413,TRUE
11412,62.988379,8.63452,2018,NA,8.63452,62.988379,TRUE
11413,62.988544,8.634526,2018,NA,8.634526,62.988544,TRUE
11414,62.988611,8.634589,2018,NA,8.634589,62.988611,TRUE
11415,62.988757,8.634458,2018,NA,8.634458,62.988757,TRUE
11416,62.98152,8.643175,2018,NA,8.643175,62.98152,TRUE
11417,62.981496,8.644984,2018,NA,8.644984,62.981496,TRUE
11418,62.981514,8.645386,2018,NA,8.645386,62.981514,TRUE
11419,62.98167,8.64646,2018,NA,8.64646,62.98167,TRUE
11420,62.981769,8.647311,2018,NA,8.647311,62.981769,TRUE
11421,62.970033,8.451161,2018,8.48965835571289,8.451161,62.970033,TRUE
11422,62.964501,8.33363,2018,8.74835872650146,8.33363,62.964501,TRUE
11423,62.962327,8.334172,2018,8.74835872650146,8.334172,62.962327,TRUE
11424,62.955329,8.330706,2018,10.9563732147217,8.330706,62.955329,TRUE
11425,62.934729,8.325402,2018,10.9563732147217,8.325402,62.934729,TRUE
11426,62.932373,8.321499,2018,10.9563732147217,8.321499,62.932373,TRUE
11427,62.929811,8.316838,2018,10.9563732147217,8.316838,62.929811,TRUE
11428,62.934426,8.315653,2018,10.9563732147217,8.315653,62.934426,TRUE
11429,62.929667,8.311773,2018,10.9563732147217,8.311773,62.929667,TRUE
11430,62.926331,8.288744,2018,10.9563732147217,8.288744,62.926331,TRUE
11431,62.926596,8.288484,2018,10.9563732147217,8.288484,62.926596,TRUE
11432,62.926618,8.288897,2018,10.9563732147217,8.288897,62.926618,TRUE
11433,62.926223,8.289411,2018,10.9563732147217,8.289411,62.926223,TRUE
11434,62.926675,8.289799,2018,10.9563732147217,8.289799,62.926675,TRUE
11435,62.927669,8.287303,2018,10.9563732147217,8.287303,62.927669,TRUE
11436,62.927855,8.287104,2018,10.9563732147217,8.287104,62.927855,TRUE
11437,62.928101,8.28715,2018,10.9563732147217,8.28715,62.928101,TRUE
11438,62.92848,8.287656,2018,10.9563732147217,8.287656,62.92848,TRUE
11439,62.928793,8.288493,2018,10.9563732147217,8.288493,62.928793,TRUE
11440,62.929653,8.290463,2018,10.9563732147217,8.290463,62.929653,TRUE
11441,62.930208,8.291605,2018,10.9563732147217,8.291605,62.930208,TRUE
11442,62.931576,8.292564,2018,10.9563732147217,8.292564,62.931576,TRUE
11443,62.933112,8.29255,2018,10.9563732147217,8.29255,62.933112,TRUE
11444,62.933045,8.292462,2018,10.9563732147217,8.292462,62.933045,TRUE
11445,62.934926,8.294886,2018,10.9563732147217,8.294886,62.934926,TRUE
11446,62.929177,8.293099,2018,10.9563732147217,8.293099,62.929177,TRUE
11447,62.918456,8.313953,2018,10.9563732147217,8.313953,62.918456,TRUE
11448,62.914299,8.320256,2018,NA,8.320256,62.914299,TRUE
11449,62.910046,8.326154,2018,NA,8.326154,62.910046,TRUE
11450,62.905674,8.331862,2018,NA,8.331862,62.905674,TRUE
11451,62.863751,8.301998,2018,NA,8.301998,62.863751,TRUE
11452,62.860817,8.300093,2018,NA,8.300093,62.860817,TRUE
11453,62.864898,8.319575,2018,NA,8.319575,62.864898,TRUE
11454,62.861069,8.3149,2018,NA,8.3149,62.861069,TRUE
11455,62.873088,8.338682,2018,9.87557601928711,8.338682,62.873088,TRUE
11456,62.872697,8.337039,2018,9.87557601928711,8.337039,62.872697,TRUE
11457,62.872704,8.336993,2018,9.87557601928711,8.336993,62.872704,TRUE
11458,62.916756,8.384275,2018,8.74835872650146,8.384275,62.916756,TRUE
11459,62.919773,8.388252,2018,8.74835872650146,8.388252,62.919773,TRUE
11460,62.919276,8.388561,2018,8.74835872650146,8.388561,62.919276,TRUE
11461,62.909644,8.459708,2018,9.37256908416748,8.459708,62.909644,TRUE
11462,62.908957,8.461006,2018,9.37256908416748,8.461006,62.908957,TRUE
11463,62.91622,8.45429,2018,9.37256908416748,8.45429,62.91622,TRUE
11464,62.931041,8.434913,2018,8.48965835571289,8.434913,62.931041,TRUE
11465,62.932919,8.430001,2018,8.48965835571289,8.430001,62.932919,TRUE
11466,62.935185,8.429208,2018,8.48965835571289,8.429208,62.935185,TRUE
11467,62.933925,8.426822,2018,8.48965835571289,8.426822,62.933925,TRUE
11468,62.934892,8.424435,2018,8.48965835571289,8.424435,62.934892,TRUE
11469,62.936973,8.424844,2018,8.48965835571289,8.424844,62.936973,TRUE
11470,62.943951,8.423554,2018,8.48965835571289,8.423554,62.943951,TRUE
11471,62.94625,8.421679,2018,8.48965835571289,8.421679,62.94625,TRUE
11472,62.948306,8.421178,2018,8.48965835571289,8.421178,62.948306,TRUE
11473,62.979921,8.642693,2018,NA,8.642693,62.979921,TRUE
11474,62.977031,8.63705,2018,NA,8.63705,62.977031,TRUE
11475,62.973512,8.636188,2018,NA,8.636188,62.973512,TRUE
11476,62.972187,8.635893,2018,NA,8.635893,62.972187,TRUE
11477,62.969786,8.629677,2018,NA,8.629677,62.969786,TRUE
11478,62.970232,8.631958,2018,NA,8.631958,62.970232,TRUE
11479,62.969571,8.628113,2018,NA,8.628113,62.969571,TRUE
11480,62.969393,8.626884,2018,NA,8.626884,62.969393,TRUE
11481,62.969343,8.62641,2018,NA,8.62641,62.969343,TRUE
11482,62.969394,8.626034,2018,NA,8.626034,62.969394,TRUE
11483,62.969235,8.623114,2018,NA,8.623114,62.969235,TRUE
11484,62.969305,8.621697,2018,NA,8.621697,62.969305,TRUE
11485,62.969053,8.619907,2018,NA,8.619907,62.969053,TRUE
11486,63.045348,8.127803,2018,8.59898948669434,8.127803,63.045348,TRUE
11487,63.045035,8.126925,2018,8.59898948669434,8.126925,63.045035,TRUE
11488,63.044925,8.126382,2018,8.59898948669434,8.126382,63.044925,TRUE
11489,63.044834,8.125893,2018,8.59898948669434,8.125893,63.044834,TRUE
11490,63.044808,8.125384,2018,8.59898948669434,8.125384,63.044808,TRUE
11491,63.044913,8.124925,2018,8.59898948669434,8.124925,63.044913,TRUE
11492,63.04484,8.12499,2018,8.59898948669434,8.12499,63.04484,TRUE
11493,63.044882,8.124977,2018,8.59898948669434,8.124977,63.044882,TRUE
11494,63.044961,8.124868,2018,8.59898948669434,8.124868,63.044961,TRUE
11495,63.04502,8.124819,2018,8.59898948669434,8.124819,63.04502,TRUE
11496,63.045003,8.126556,2018,8.59898948669434,8.126556,63.045003,TRUE
11497,63.045328,8.127794,2018,8.59898948669434,8.127794,63.045328,TRUE
11498,63.0452,8.127155,2018,8.59898948669434,8.127155,63.0452,TRUE
11499,63.045082,8.126737,2018,8.59898948669434,8.126737,63.045082,TRUE
11500,63.045013,8.126196,2018,8.59898948669434,8.126196,63.045013,TRUE
11501,63.04512,8.126009,2018,8.59898948669434,8.126009,63.04512,TRUE
11502,63.045289,8.125756,2018,8.59898948669434,8.125756,63.045289,TRUE
11503,63.045215,8.12424,2018,8.59898948669434,8.12424,63.045215,TRUE
11504,63.045064,8.123863,2018,8.59898948669434,8.123863,63.045064,TRUE
11505,63.044927,8.123699,2018,8.59898948669434,8.123699,63.044927,TRUE
11506,63.044833,8.123612,2018,8.59898948669434,8.123612,63.044833,TRUE
11507,63.044754,8.123557,2018,8.59898948669434,8.123557,63.044754,TRUE
11508,63.044714,8.123531,2018,8.59898948669434,8.123531,63.044714,TRUE
11509,63.044689,8.123475,2018,8.59898948669434,8.123475,63.044689,TRUE
11510,63.04492,8.123583,2018,8.59898948669434,8.123583,63.04492,TRUE
11511,63.045081,8.123191,2018,8.59898948669434,8.123191,63.045081,TRUE
11512,63.045166,8.122926,2018,8.59898948669434,8.122926,63.045166,TRUE
11513,63.045147,8.122548,2018,8.59898948669434,8.122548,63.045147,TRUE
11514,63.045063,8.122376,2018,8.59898948669434,8.122376,63.045063,TRUE
11515,63.04504,8.121869,2018,8.59898948669434,8.121869,63.04504,TRUE
11516,63.044994,8.121499,2018,8.59898948669434,8.121499,63.044994,TRUE
11517,63.044967,8.121418,2018,8.59898948669434,8.121418,63.044967,TRUE
11518,63.044941,8.121102,2018,8.59898948669434,8.121102,63.044941,TRUE
11519,63.044817,8.12067,2018,8.59898948669434,8.12067,63.044817,TRUE
11520,63.04473,8.120523,2018,8.59898948669434,8.120523,63.04473,TRUE
11521,63.044559,8.120057,2018,8.59898948669434,8.120057,63.044559,TRUE
11522,63.044493,8.119841,2018,8.59898948669434,8.119841,63.044493,TRUE
11523,63.044397,8.11955,2018,8.59898948669434,8.11955,63.044397,TRUE
11524,63.04421,8.119048,2018,8.59898948669434,8.119048,63.04421,TRUE
11525,63.044151,8.118884,2018,8.59898948669434,8.118884,63.044151,TRUE
11526,63.044032,8.118687,2018,8.59898948669434,8.118687,63.044032,TRUE
11527,63.044012,8.118654,2018,8.59898948669434,8.118654,63.044012,TRUE
11528,63.044201,8.118235,2018,8.59898948669434,8.118235,63.044201,TRUE
11529,63.044365,8.117725,2018,8.59898948669434,8.117725,63.044365,TRUE
11530,63.044391,8.117574,2018,8.59898948669434,8.117574,63.044391,TRUE
11531,63.044431,8.117384,2018,8.59898948669434,8.117384,63.044431,TRUE
11532,63.043958,8.12058,2018,8.59898948669434,8.12058,63.043958,TRUE
11533,63.044005,8.120422,2018,8.59898948669434,8.120422,63.044005,TRUE
11534,63.044072,8.120313,2018,8.59898948669434,8.120313,63.044072,TRUE
11535,63.044006,8.120063,2018,8.59898948669434,8.120063,63.044006,TRUE
11536,63.043906,8.119847,2018,8.59898948669434,8.119847,63.043906,TRUE
11537,63.043763,8.119628,2018,8.59898948669434,8.119628,63.043763,TRUE
11538,63.044233,8.11981,2018,8.59898948669434,8.11981,63.044233,TRUE
11539,63.044622,8.11954,2018,8.59898948669434,8.11954,63.044622,TRUE
11540,63.044793,8.119386,2018,8.59898948669434,8.119386,63.044793,TRUE
11541,63.044723,8.119171,2018,8.59898948669434,8.119171,63.044723,TRUE
11542,63.044954,8.119713,2018,8.59898948669434,8.119713,63.044954,TRUE
11543,63.045542,8.120448,2018,8.59898948669434,8.120448,63.045542,TRUE
11544,63.045721,8.120193,2018,8.59898948669434,8.120193,63.045721,TRUE
11545,63.045829,8.119906,2018,8.59898948669434,8.119906,63.045829,TRUE
11546,63.0458,8.119858,2018,8.59898948669434,8.119858,63.0458,TRUE
11547,63.04606,8.119948,2018,8.59898948669434,8.119948,63.04606,TRUE
11548,63.046183,8.120402,2018,8.59898948669434,8.120402,63.046183,TRUE
11549,63.046153,8.120438,2018,8.59898948669434,8.120438,63.046153,TRUE
11550,63.046109,8.120507,2018,8.59898948669434,8.120507,63.046109,TRUE
11551,63.046011,8.120675,2018,8.59898948669434,8.120675,63.046011,TRUE
11552,63.046521,8.120489,2018,8.59898948669434,8.120489,63.046521,TRUE
11553,63.046494,8.120577,2018,8.59898948669434,8.120577,63.046494,TRUE
11554,63.04649,8.120592,2018,8.59898948669434,8.120592,63.04649,TRUE
11555,63.046451,8.120798,2018,8.59898948669434,8.120798,63.046451,TRUE
11556,63.046403,8.121094,2018,8.59898948669434,8.121094,63.046403,TRUE
11557,63.046619,8.121157,2018,8.59898948669434,8.121157,63.046619,TRUE
11558,63.046598,8.121395,2018,8.59898948669434,8.121395,63.046598,TRUE
11559,63.047351,8.121,2018,8.59898948669434,8.121,63.047351,TRUE
11560,63.047608,8.121168,2018,8.59898948669434,8.121168,63.047608,TRUE
11561,63.048052,8.121381,2018,8.59898948669434,8.121381,63.048052,TRUE
11562,63.048747,8.122571,2018,8.59898948669434,8.122571,63.048747,TRUE
11563,63.049015,8.12406,2018,8.59898948669434,8.12406,63.049015,TRUE
11564,63.116056,8.159308,2018,8.16314315795898,8.159308,63.116056,TRUE
11565,63.116157,8.158976,2018,8.16314315795898,8.158976,63.116157,TRUE
11566,63.11628,8.15902,2018,8.16314315795898,8.15902,63.11628,TRUE
11567,63.116385,8.158684,2018,8.16314315795898,8.158684,63.116385,TRUE
11568,63.116561,8.158354,2018,8.16314315795898,8.158354,63.116561,TRUE
11569,63.116845,8.157998,2018,8.16314315795898,8.157998,63.116845,TRUE
11570,63.117094,8.157716,2018,8.16314315795898,8.157716,63.117094,TRUE
11571,63.117146,8.157627,2018,8.16314315795898,8.157627,63.117146,TRUE
11572,63.117345,8.157722,2018,8.16314315795898,8.157722,63.117345,TRUE
11573,63.117884,8.159334,2018,8.16314315795898,8.159334,63.117884,TRUE
11574,63.118638,8.161322,2018,8.16314315795898,8.161322,63.118638,TRUE
11575,63.118554,8.161035,2018,8.16314315795898,8.161035,63.118554,TRUE
11576,63.118714,8.160777,2018,8.16314315795898,8.160777,63.118714,TRUE
11577,63.118698,8.160753,2018,8.16314315795898,8.160753,63.118698,TRUE
11578,63.118566,8.160606,2018,8.16314315795898,8.160606,63.118566,TRUE
11579,63.118418,8.160325,2018,8.16314315795898,8.160325,63.118418,TRUE
11580,63.118298,8.159924,2018,8.16314315795898,8.159924,63.118298,TRUE
11581,63.118264,8.160294,2018,8.16314315795898,8.160294,63.118264,TRUE
11582,63.118369,8.160787,2018,8.16314315795898,8.160787,63.118369,TRUE
11583,63.118935,8.160122,2018,8.16314315795898,8.160122,63.118935,TRUE
11584,63.118914,8.160074,2018,8.16314315795898,8.160074,63.118914,TRUE
11585,63.118831,8.159945,2018,8.16314315795898,8.159945,63.118831,TRUE
11586,63.11869,8.159822,2018,8.16314315795898,8.159822,63.11869,TRUE
11587,63.118539,8.159659,2018,8.16314315795898,8.159659,63.118539,TRUE
11588,63.118053,8.161049,2018,8.16314315795898,8.161049,63.118053,TRUE
11589,63.118089,8.160966,2018,8.16314315795898,8.160966,63.118089,TRUE
11590,63.119054,8.159844,2018,8.16314315795898,8.159844,63.119054,TRUE
11591,63.119362,8.160997,2018,8.16314315795898,8.160997,63.119362,TRUE
11592,63.119603,8.160501,2018,8.16314315795898,8.160501,63.119603,TRUE
11593,63.12029,8.160575,2018,8.16314315795898,8.160575,63.12029,TRUE
11594,63.121774,8.159562,2018,8.16314315795898,8.159562,63.121774,TRUE
11595,63.103105,8.272897,2018,14.5868263244629,8.272897,63.103105,TRUE
11596,63.100102,8.280731,2018,14.5868263244629,8.280731,63.100102,TRUE
11597,63.077592,8.27999,2018,7.9127197265625,8.27999,63.077592,TRUE
11598,63.076869,8.281542,2018,7.9127197265625,8.281542,63.076869,TRUE
11599,63.076816,8.28145,2018,7.9127197265625,8.28145,63.076816,TRUE
11600,63.077024,8.281543,2018,7.9127197265625,8.281543,63.077024,TRUE
11601,63.077105,8.28139,2018,7.9127197265625,8.28139,63.077105,TRUE
11602,63.077141,8.281278,2018,7.9127197265625,8.281278,63.077141,TRUE
11603,63.076717,8.281209,2018,7.9127197265625,8.281209,63.076717,TRUE
11604,63.076806,8.281577,2018,7.9127197265625,8.281577,63.076806,TRUE
11605,63.07674,8.28176,2018,7.9127197265625,8.28176,63.07674,TRUE
11606,63.076828,8.28209,2018,7.9127197265625,8.28209,63.076828,TRUE
11607,63.076911,8.282054,2018,7.9127197265625,8.282054,63.076911,TRUE
11608,63.077043,8.28215,2018,7.9127197265625,8.28215,63.077043,TRUE
11609,63.076992,8.283693,2018,7.9127197265625,8.283693,63.076992,TRUE
11610,63.076904,8.28502,2018,7.9127197265625,8.28502,63.076904,TRUE
11611,63.076824,8.286586,2018,7.9127197265625,8.286586,63.076824,TRUE
11612,63.074876,8.284911,2018,7.9127197265625,8.284911,63.074876,TRUE
11613,63.074458,8.285386,2018,7.9127197265625,8.285386,63.074458,TRUE
11614,63.073273,8.287955,2018,7.9127197265625,8.287955,63.073273,TRUE
11615,63.073159,8.287728,2018,7.9127197265625,8.287728,63.073159,TRUE
11616,63.108748,8.323392,2018,14.5868263244629,8.323392,63.108748,TRUE
11617,63.109566,8.322775,2018,14.5868263244629,8.322775,63.109566,TRUE
11618,63.110008,8.321576,2018,14.5868263244629,8.321576,63.110008,TRUE
11655,63.113863,8.065079,2018,9.28618049621582,8.065079,63.113863,TRUE
11656,63.114232,8.06989,2018,9.28618049621582,8.06989,63.114232,TRUE
11657,63.116399,8.074652,2018,9.28618049621582,8.074652,63.116399,TRUE
11658,63.114786,8.085021,2018,8.16314315795898,8.085021,63.114786,TRUE
11659,63.112662,8.085484,2018,8.16314315795898,8.085484,63.112662,TRUE
11660,63.1148,8.089707,2018,8.16314315795898,8.089707,63.1148,TRUE
11661,63.11315,8.095104,2018,8.16314315795898,8.095104,63.11315,TRUE
11662,63.11054,8.091073,2018,8.16314315795898,8.091073,63.11054,TRUE
11663,63.11008,8.081442,2018,9.28618049621582,8.081442,63.11008,TRUE
11664,63.110047,8.081613,2018,9.28618049621582,8.081613,63.110047,TRUE
11665,63.122167,8.13795,2018,8.16314315795898,8.13795,63.122167,TRUE
11666,63.123935,8.137754,2018,8.16314315795898,8.137754,63.123935,TRUE
11667,63.133184,8.14054,2018,8.16314315795898,8.14054,63.133184,TRUE
11668,63.133486,8.144686,2018,8.16314315795898,8.144686,63.133486,TRUE
11669,63.131675,8.15562,2018,8.16314315795898,8.15562,63.131675,TRUE
11670,63.116021,8.154332,2018,8.16314315795898,8.154332,63.116021,TRUE
11671,63.11373,8.155126,2018,8.16314315795898,8.155126,63.11373,TRUE
11672,63.109402,8.160877,2018,8.16314315795898,8.160877,63.109402,TRUE
11673,63.105149,8.161823,2018,8.16314315795898,8.161823,63.105149,TRUE
11674,63.103447,8.172081,2018,10.5002746582031,8.172081,63.103447,TRUE
11675,63.101256,8.17777,2018,10.5002746582031,8.17777,63.101256,TRUE
11676,63.094342,8.174607,2018,10.5002746582031,8.174607,63.094342,TRUE
11677,63.092006,8.17509,2018,10.5002746582031,8.17509,63.092006,TRUE
11678,63.087746,8.176244,2018,10.5002746582031,8.176244,63.087746,TRUE
11679,63.065274,8.220228,2018,8.49504280090332,8.220228,63.065274,TRUE
11680,63.06308,8.221806,2018,8.49504280090332,8.221806,63.06308,TRUE
11681,63.064725,8.215842,2018,8.49504280090332,8.215842,63.064725,TRUE
11682,63.058736,8.227567,2018,8.49504280090332,8.227567,63.058736,TRUE
11683,63.057983,8.2311,2018,8.49504280090332,8.2311,63.057983,TRUE
11684,63.05822,8.231008,2018,8.49504280090332,8.231008,63.05822,TRUE
11685,63.058536,8.231119,2018,8.49504280090332,8.231119,63.058536,TRUE
11686,63.059337,8.231084,2018,8.49504280090332,8.231084,63.059337,TRUE
11687,63.059851,8.230682,2018,8.49504280090332,8.230682,63.059851,TRUE
11688,63.060541,8.230776,2018,8.49504280090332,8.230776,63.060541,TRUE
11689,63.061232,8.230192,2018,8.49504280090332,8.230192,63.061232,TRUE
11690,63.063195,8.23018,2018,8.49504280090332,8.23018,63.063195,TRUE
11691,63.063202,8.230941,2018,8.49504280090332,8.230941,63.063202,TRUE
11692,63.063617,8.230983,2018,8.49504280090332,8.230983,63.063617,TRUE
11693,63.064017,8.231679,2018,8.49504280090332,8.231679,63.064017,TRUE
11694,63.06408,8.231497,2018,8.49504280090332,8.231497,63.06408,TRUE
11695,63.064052,8.230476,2018,8.49504280090332,8.230476,63.064052,TRUE
11696,63.065244,8.231835,2018,8.49504280090332,8.231835,63.065244,TRUE
11697,63.065237,8.231517,2018,8.49504280090332,8.231517,63.065237,TRUE
11698,63.065206,8.230906,2018,8.49504280090332,8.230906,63.065206,TRUE
11699,63.065718,8.230387,2018,8.49504280090332,8.230387,63.065718,TRUE
11700,63.065815,8.230521,2018,8.49504280090332,8.230521,63.065815,TRUE
11701,63.065903,8.230882,2018,8.49504280090332,8.230882,63.065903,TRUE
11702,63.066521,8.229797,2018,8.49504280090332,8.229797,63.066521,TRUE
11703,63.066728,8.229996,2018,8.49504280090332,8.229996,63.066728,TRUE
11704,63.066809,8.230252,2018,8.49504280090332,8.230252,63.066809,TRUE
11705,63.067305,8.2296,2018,8.49504280090332,8.2296,63.067305,TRUE
11706,63.057597,8.230757,2018,8.49504280090332,8.230757,63.057597,TRUE
11707,63.057199,8.230924,2018,8.49504280090332,8.230924,63.057199,TRUE
11708,63.056941,8.231443,2018,8.49504280090332,8.231443,63.056941,TRUE
11709,63.035279,8.213625,2018,8.49504280090332,8.213625,63.035279,TRUE
11710,63.011525,7.980079,2018,14.3045520782471,7.980079,63.011525,TRUE
11711,63.011582,7.980955,2018,14.3045520782471,7.980955,63.011582,TRUE
11712,63.011942,7.981964,2018,14.3045520782471,7.981964,63.011942,TRUE
11713,63.012803,7.98367,2018,14.3045520782471,7.98367,63.012803,TRUE
11714,63.013249,7.983808,2018,14.3045520782471,7.983808,63.013249,TRUE
11715,63.015202,7.985515,2018,14.3045520782471,7.985515,63.015202,TRUE
11716,63.015375,7.985326,2018,14.3045520782471,7.985326,63.015375,TRUE
11717,63.015359,7.985633,2018,14.3045520782471,7.985633,63.015359,TRUE
11718,63.015306,7.986011,2018,14.3045520782471,7.986011,63.015306,TRUE
11719,63.015585,7.986419,2018,14.3045520782471,7.986419,63.015585,TRUE
11720,63.01576,7.986323,2018,14.3045520782471,7.986323,63.01576,TRUE
11721,63.015927,7.985964,2018,14.3045520782471,7.985964,63.015927,TRUE
11722,63.015682,7.985836,2018,14.3045520782471,7.985836,63.015682,TRUE
11723,63.016291,7.986453,2018,14.3045520782471,7.986453,63.016291,TRUE
11724,63.017928,7.987082,2018,14.3045520782471,7.987082,63.017928,TRUE
11725,63.017928,7.986634,2018,14.3045520782471,7.986634,63.017928,TRUE
11726,63.01834,7.986436,2018,14.3045520782471,7.986436,63.01834,TRUE
11727,63.018371,7.986516,2018,14.3045520782471,7.986516,63.018371,TRUE
11728,63.018317,7.986909,2018,14.3045520782471,7.986909,63.018317,TRUE
11729,63.018584,7.986439,2018,14.3045520782471,7.986439,63.018584,TRUE
11730,63.018616,7.986747,2018,14.3045520782471,7.986747,63.018616,TRUE
11731,63.018764,7.987074,2018,14.3045520782471,7.987074,63.018764,TRUE
11732,63.019159,7.986488,2018,14.3045520782471,7.986488,63.019159,TRUE
11733,63.01985,7.986905,2018,14.3045520782471,7.986905,63.01985,TRUE
11734,63.019822,7.98702,2018,14.3045520782471,7.98702,63.019822,TRUE
11735,63.019976,7.987989,2018,14.3045520782471,7.987989,63.019976,TRUE
11736,63.019897,7.988516,2018,14.3045520782471,7.988516,63.019897,TRUE
11737,63.008604,7.991525,2018,14.3045520782471,7.991525,63.008604,TRUE
11738,63.008651,7.99166,2018,14.3045520782471,7.99166,63.008651,TRUE
11739,63.008479,7.991388,2018,14.3045520782471,7.991388,63.008479,TRUE
11740,63.00829,7.991021,2018,14.3045520782471,7.991021,63.00829,TRUE
11741,63.009565,7.991617,2018,14.3045520782471,7.991617,63.009565,TRUE
11742,63.00929,7.991222,2018,14.3045520782471,7.991222,63.00929,TRUE
11743,63.009325,7.990895,2018,14.3045520782471,7.990895,63.009325,TRUE
11744,63.009642,7.990194,2018,14.3045520782471,7.990194,63.009642,TRUE
11745,63.009788,7.990361,2018,14.3045520782471,7.990361,63.009788,TRUE
11746,63.009906,7.990465,2018,14.3045520782471,7.990465,63.009906,TRUE
11747,63.011872,7.988403,2018,14.3045520782471,7.988403,63.011872,TRUE
11748,63.012981,7.990022,2018,14.3045520782471,7.990022,63.012981,TRUE
11749,63.013742,7.992155,2018,14.3045520782471,7.992155,63.013742,TRUE
11750,63.014595,7.994768,2018,14.3045520782471,7.994768,63.014595,TRUE
11751,63.015171,7.995272,2018,14.3045520782471,7.995272,63.015171,TRUE
11752,63.015089,7.996167,2018,14.3045520782471,7.996167,63.015089,TRUE
11753,63.016124,7.994888,2018,14.3045520782471,7.994888,63.016124,TRUE
11754,63.016139,7.995077,2018,14.3045520782471,7.995077,63.016139,TRUE
11755,63.019265,8.00691,2018,NA,8.00691,63.019265,TRUE
11756,63.019365,8.006644,2018,NA,8.006644,63.019365,TRUE
11757,63.027142,7.993439,2018,14.3045520782471,7.993439,63.027142,TRUE
11758,63.028161,7.994646,2018,14.3045520782471,7.994646,63.028161,TRUE
11759,63.027588,7.989131,2018,14.3045520782471,7.989131,63.027588,TRUE
11760,63.050532,7.97131,2018,14.3045520782471,7.97131,63.050532,TRUE
11769,63.149862,8.111412,2018,8.16314315795898,8.111412,63.149862,TRUE
11770,63.144201,8.087725,2018,8.16314315795898,8.087725,63.144201,TRUE
11771,63.143514,8.073114,2018,9.28618049621582,8.073114,63.143514,TRUE
11772,63.142974,8.063165,2018,9.28618049621582,8.063165,63.142974,TRUE
11892,59.782617,10.7321329999999,1981,14.5859432220459,10.7321329999999,59.782617,TRUE
11893,59.87895,10.7595329999999,1981,13.278923034668,10.7595329999999,59.87895,TRUE
11894,59.89856,10.72894,1981,13.9465913772583,10.72894,59.89856,TRUE
11895,59.8914499999999,10.69175,1981,13.9465913772583,10.69175,59.8914499999999,TRUE
11896,59.8164829999999,10.593567,1981,15.2918519973755,10.593567,59.8164829999999,TRUE
11897,59.9006499999999,10.6359999999999,1981,15.8395833969116,10.6359999999999,59.9006499999999,TRUE
11912,58.2216,6.7147,1990,8.7559642791748,6.7147,58.2216,TRUE
11925,58.1143,7.031367,1992,NA,7.031367,58.1143,TRUE
11939,62.00739,5.45615,2000,11.0574827194214,5.45615,62.00739,TRUE
11940,62.0087899999999,5.46094,2000,11.0574827194214,5.46094,62.0087899999999,TRUE
11941,62.01545,5.47818,2000,11.0574827194214,5.47818,62.01545,TRUE
11942,62.00451,5.477,2000,11.0574827194214,5.477,62.00451,TRUE
12002,58.2422499999999,8.39218299999999,2004,13.3319625854492,8.39218299999999,58.2422499999999,TRUE
12073,58.93905,5.97511,2005,12.9284410476685,5.97511,58.93905,TRUE
12074,58.9249399999999,5.98281,2005,12.9284410476685,5.98281,58.9249399999999,TRUE
12075,58.92508,5.98057,2005,12.9284410476685,5.98057,58.92508,TRUE
12076,58.926,5.98157,2005,12.9284410476685,5.98157,58.926,TRUE
12077,58.92468,5.98028,2005,12.9284410476685,5.98028,58.92468,TRUE
12102,58.968283,5.893367,2005,9.76947784423828,5.893367,58.968283,TRUE
12103,58.9682,5.89105,2005,9.76947784423828,5.89105,58.9682,TRUE
12112,58.9754599999999,5.81713,2005,9.77242755889893,5.81713,58.9754599999999,TRUE
12113,58.9811199999999,5.8289,2005,9.77242755889893,5.8289,58.9811199999999,TRUE
12114,58.98237,5.84285,2005,9.76947784423828,5.84285,58.98237,TRUE
12115,58.9831799999999,5.84103,2005,9.76947784423828,5.84103,58.9831799999999,TRUE
12117,58.95382,5.80379,2005,9.77242755889893,5.80379,58.95382,TRUE
12119,60.75748,5.21887,2005,14.8793888092041,5.21887,60.75748,TRUE
12120,60.75462,5.20922,2005,14.8793888092041,5.20922,60.75462,TRUE
12121,60.75967,5.1865,2005,14.8793888092041,5.1865,60.75967,TRUE
12122,60.7729199999999,5.17303,2005,14.8793888092041,5.17303,60.7729199999999,TRUE
12123,60.7809099999999,5.11232,2005,8.92739105224609,5.11232,60.7809099999999,TRUE
12124,60.7816499999999,5.08504,2005,8.92739105224609,5.08504,60.7816499999999,TRUE
12125,60.76863,5.16503,2005,8.92739105224609,5.16503,60.76863,TRUE
12126,60.7794099999999,5.09415,2005,8.92739105224609,5.09415,60.7794099999999,TRUE
12127,60.78067,5.09238,2005,8.92739105224609,5.09238,60.78067,TRUE
12128,60.76198,5.18721,2005,14.8793888092041,5.18721,60.76198,TRUE
12129,60.7899499999999,5.10108,2005,8.92739105224609,5.10108,60.7899499999999,TRUE
12137,58.4312699999999,5.98624,2005,14.7637271881104,5.98624,58.4312699999999,TRUE
12140,58.93782,5.97844,2005,12.9284410476685,5.97844,58.93782,TRUE
12141,58.9313999999999,5.98356,2005,12.9284410476685,5.98356,58.9313999999999,TRUE
12146,60.238033,5.249217,2005,8.62850761413574,5.249217,60.238033,TRUE
12150,59.97155,5.35677,2005,8.81181907653809,5.35677,59.97155,TRUE
12152,58.43113,5.98754,2005,14.7637271881104,5.98754,58.43113,TRUE
12156,59.3551199999999,5.31491,2005,15.4655284881592,5.31491,59.3551199999999,TRUE
12157,59.3505299999999,5.31595,2005,15.4655284881592,5.31595,59.3505299999999,TRUE
12168,59.9704899999999,5.33106,2005,15.4104824066162,5.33106,59.9704899999999,TRUE
12169,58.4333499999999,5.99088,2005,14.7637271881104,5.99088,58.4333499999999,TRUE
12171,58.4324099999999,5.99043,2005,14.7637271881104,5.99043,58.4324099999999,TRUE
12175,59.31891,5.32351,2005,10.3853406906128,5.32351,59.31891,TRUE
12179,59.34552,5.30576,2005,15.4655284881592,5.30576,59.34552,TRUE
12181,62.855817,8.156883,2006,8.494948387146,8.156883,62.855817,TRUE
12182,63.0305,7.97265,2006,14.3045520782471,7.97265,63.0305,TRUE
12183,62.900883,8.16486699999999,2006,8.494948387146,8.16486699999999,62.900883,TRUE
12184,62.786233,8.34621699999999,2006,8.9978199005127,8.34621699999999,62.786233,TRUE
12185,62.7889169999999,8.338367,2006,8.9978199005127,8.338367,62.7889169999999,TRUE
12186,62.7955669999999,8.288083,2006,8.74330615997314,8.288083,62.7955669999999,TRUE
12187,62.8220669999999,7.1016,2006,14.3948125839233,7.1016,62.8220669999999,TRUE
12188,62.8202,7.127583,2006,14.3948125839233,7.127583,62.8202,TRUE
12189,62.8690169999999,8.40791699999999,2006,9.87557601928711,8.40791699999999,62.8690169999999,TRUE
12190,62.7481,8.44485,2006,9.66464328765869,8.44485,62.7481,TRUE
12191,62.7478669999999,8.44761699999999,2006,9.66464328765869,8.44761699999999,62.7478669999999,TRUE
12192,62.752133,8.43991699999999,2006,9.37227725982666,8.43991699999999,62.752133,TRUE
12193,61.3848169999999,5.4256,2006,11.5357189178467,5.4256,61.3848169999999,TRUE
12194,61.3614999999999,5.357667,2006,10.5942659378052,5.357667,61.3614999999999,TRUE
12195,61.35725,5.29115,2006,12.6836252212524,5.29115,61.35725,TRUE
12196,61.381867,5.409133,2006,10.5942659378052,5.409133,61.381867,TRUE
12198,60.234233,5.5937,2006,11.7142753601074,5.5937,60.234233,TRUE
12200,58.9752999999999,5.8564,2006,9.76947784423828,5.8564,58.9752999999999,TRUE
12201,58.92385,6.0084,2006,8.98694229125977,6.0084,58.92385,TRUE
12204,58.975467,5.817133,2006,9.77242755889893,5.817133,58.975467,TRUE
12205,58.9811169999999,5.8289,2006,9.77242755889893,5.8289,58.9811169999999,TRUE
12206,58.9831829999999,5.841033,2006,9.76947784423828,5.841033,58.9831829999999,TRUE
12209,62.972433,8.059483,2006,8.76030731201172,8.059483,62.972433,TRUE
12210,63.0007329999999,7.981517,2006,14.3045520782471,7.981517,63.0007329999999,TRUE
12211,62.907217,8.13265,2006,8.494948387146,8.13265,62.907217,TRUE
12212,62.990467,8.0145,2006,8.76030731201172,8.0145,62.990467,TRUE
12213,62.8089999999999,7.200883,2006,NA,7.200883,62.8089999999999,TRUE
12214,62.419217,6.378367,2006,9.50654697418213,6.378367,62.419217,TRUE
12216,62.4221999999999,6.367267,2006,9.50654697418213,6.367267,62.4221999999999,TRUE
12217,62.475917,6.2728,2006,12.7346324920654,6.2728,62.475917,TRUE
12219,62.8214169999999,7.176067,2006,NA,7.176067,62.8214169999999,TRUE
12220,62.836933,7.141483,2006,13.8953619003296,7.141483,62.836933,TRUE
12221,62.837867,7.149833,2006,13.8953619003296,7.149833,62.837867,TRUE
12222,61.3784169999999,5.507267,2006,NA,5.507267,61.3784169999999,TRUE
12223,61.3725829999999,5.520617,2006,NA,5.520617,61.3725829999999,TRUE
12224,61.3682829999999,5.5606,2006,NA,5.5606,61.3682829999999,TRUE
12235,60.24315,5.246867,2006,8.62850761413574,5.246867,60.24315,TRUE
12240,58.954633,5.938583,2006,12.9284410476685,5.938583,58.954633,TRUE
12241,58.968867,5.8786,2006,9.76947784423828,5.8786,58.968867,TRUE
12242,58.9722,5.88025,2006,9.76947784423828,5.88025,58.9722,TRUE
12243,58.918967,6.020183,2006,8.98694229125977,6.020183,58.918967,TRUE
12244,58.93905,5.975117,2006,12.9284410476685,5.975117,58.93905,TRUE
12245,58.9424169999999,5.965083,2006,12.9284410476685,5.965083,58.9424169999999,TRUE
12246,58.932383,5.982633,2006,12.9284410476685,5.982633,58.932383,TRUE
12264,63.0416499999999,7.9559,2006,14.3045520782471,7.9559,63.0416499999999,TRUE
12265,62.9995169999999,7.98055,2006,8.97860527038574,7.98055,62.9995169999999,TRUE
12268,62.4178169999999,6.38735,2006,9.50654697418213,6.38735,62.4178169999999,TRUE
12269,62.483567,6.299667,2006,12.7346324920654,6.299667,62.483567,TRUE
12270,62.482767,6.2751,2006,12.7346324920654,6.2751,62.482767,TRUE
12271,62.826467,7.115783,2006,14.3948125839233,7.115783,62.826467,TRUE
12272,62.8347669999999,7.11465,2006,13.8953619003296,7.11465,62.8347669999999,TRUE
12273,62.8419829999999,7.115817,2006,13.8953619003296,7.115817,62.8419829999999,TRUE
12274,61.9125999999999,5.17515,2006,10.9449739456177,5.17515,61.9125999999999,TRUE
12275,61.9157829999999,5.174083,2006,10.9449739456177,5.174083,61.9157829999999,TRUE
12276,61.911583,5.1595,2006,14.40403175354,5.1595,61.911583,TRUE
12277,61.2008829999999,5.272467,2006,11.6125650405884,5.272467,61.2008829999999,TRUE
12278,61.201467,5.27165,2006,11.6125650405884,5.27165,61.201467,TRUE
12281,60.5224329999999,5.247917,2006,8.43485546112061,5.247917,60.5224329999999,TRUE
12282,60.566217,5.229667,2006,8.43485546112061,5.229667,60.566217,TRUE
12283,60.60345,5.089433,2006,10.9591627120972,5.089433,60.60345,TRUE
12284,60.5970999999999,5.1279,2006,10.9591627120972,5.1279,60.5970999999999,TRUE
12285,60.239817,5.24975,2006,8.62850761413574,5.24975,60.239817,TRUE
12288,60.242317,5.2423,2006,8.62850761413574,5.2423,60.242317,TRUE
12290,60.2421,5.24625,2006,8.62850761413574,5.24625,60.2421,TRUE
12293,58.9524669999999,5.944217,2006,12.9284410476685,5.944217,58.9524669999999,TRUE
12294,58.933683,5.991517,2006,12.9284410476685,5.991517,58.933683,TRUE
12305,58.116633,7.058083,2006,NA,7.058083,58.116633,TRUE
12306,63.047533,7.938833,2006,14.3045520782471,7.938833,63.047533,TRUE
12307,62.837667,7.065567,2006,13.5074672698975,7.065567,62.837667,TRUE
12310,62.452517,6.341367,2006,9.50654697418213,6.341367,62.452517,TRUE
12312,62.444367,6.352417,2006,9.50654697418213,6.352417,62.444367,TRUE
12313,62.4093,6.32215,2006,8.23636341094971,6.32215,62.4093,TRUE
12319,61.899433,5.1968,2006,10.9449739456177,5.1968,61.899433,TRUE
12320,61.2077,5.247117,2006,9.02986145019531,5.247117,61.2077,TRUE
12321,61.3111499999999,5.162067,2006,13.3339967727661,5.162067,61.3111499999999,TRUE
12322,61.324117,5.101833,2006,13.3339967727661,5.101833,61.324117,TRUE
12323,61.3383669999999,5.070283,2006,15.4062623977661,5.070283,61.3383669999999,TRUE
12326,61.3048,5.16825,2006,NA,5.16825,61.3048,TRUE
12329,60.56875,5.210783,2006,8.43485546112061,5.210783,60.56875,TRUE
12331,60.588317,5.15605,2006,10.9591627120972,5.15605,60.588317,TRUE
12337,58.1148,7.0429,2006,NA,7.0429,58.1148,TRUE
12338,58.10665,7.028183,2006,NA,7.028183,58.10665,TRUE
12339,62.8346829999999,7.091967,2006,13.8953619003296,7.091967,62.8346829999999,TRUE
12345,61.9548169999999,5.285483,2006,12.6175842285156,5.285483,61.9548169999999,TRUE
12348,61.967967,5.288117,2006,12.6175842285156,5.288117,61.967967,TRUE
12349,61.9705999999999,5.194983,2006,13.7459373474121,5.194983,61.9705999999999,TRUE
12350,61.939883,5.2227,2006,13.7459373474121,5.2227,61.939883,TRUE
12351,61.9542,5.150733,2006,8.97987270355225,5.150733,61.9542,TRUE
12358,61.17855,5.278217,2006,11.6125650405884,5.278217,61.17855,TRUE
12359,61.1937,5.25365,2006,11.6125650405884,5.25365,61.1937,TRUE
12361,61.190967,5.2907,2006,11.6125650405884,5.2907,61.190967,TRUE
12366,61.3564829999999,5.1958,2006,9.20217704772949,5.1958,61.3564829999999,TRUE
12367,61.337133,5.17335,2006,9.20217704772949,5.17335,61.337133,TRUE
12368,61.3325669999999,5.167083,2006,NA,5.167083,61.3325669999999,TRUE
12370,60.54415,5.270833,2006,8.84502029418945,5.270833,60.54415,TRUE
12371,60.506033,5.219417,2006,8.43485546112061,5.219417,60.506033,TRUE
12383,60.247233,5.272333,2007,8.43488025665283,5.272333,60.247233,TRUE
12384,60.248583,5.27305,2007,8.43488025665283,5.27305,60.248583,TRUE
12385,60.1426329999999,6.129217,2007,8.85115718841553,6.129217,60.1426329999999,TRUE
12386,60.07885,6.070217,2007,8.5007495880127,6.070217,60.07885,TRUE
12399,60.078533,6.06845,2007,8.5007495880127,6.06845,60.078533,TRUE
12403,59.95555,5.916283,2007,8.52238750457764,5.916283,59.95555,TRUE
12404,59.954183,5.92505,2007,9.71729755401611,5.92505,59.954183,TRUE
12409,59.81725,5.76035,2007,9.31320953369141,5.76035,59.81725,TRUE
12410,58.9603669999999,5.9066,2007,9.76947784423828,5.9066,58.9603669999999,TRUE
12431,58.0745,7.15125,2007,11.6874542236328,7.15125,58.0745,TRUE
12447,60.256717,5.288217,2007,12.598614692688,5.288217,60.256717,TRUE
12448,60.2589499999999,5.308867,2007,12.598614692688,5.308867,60.2589499999999,TRUE
12456,59.819817,5.756683,2007,9.31320953369141,5.756683,59.819817,TRUE
12457,58.9312499999999,5.984517,2007,12.9284410476685,5.984517,58.9312499999999,TRUE
12460,58.953817,5.803783,2007,9.77242755889893,5.803783,58.953817,TRUE
12467,60.2415499999999,5.291983,2007,8.43488025665283,5.291983,60.2415499999999,TRUE
12469,60.2564169999999,5.282933,2007,12.598614692688,5.282933,60.2564169999999,TRUE
12470,60.256017,5.298017,2007,12.598614692688,5.298017,60.256017,TRUE
12485,60.259267,5.309317,2007,12.598614692688,5.309317,60.259267,TRUE
12486,60.253767,5.322333,2007,12.598614692688,5.322333,60.253767,TRUE
12498,59.896,5.7647,2007,9.66143417358398,5.7647,59.896,TRUE
12502,61.3751499999999,5.535717,2008,NA,5.535717,61.3751499999999,TRUE
12504,60.5346499999999,5.24795,2008,8.43485546112061,5.24795,60.5346499999999,TRUE
12506,60.1422329999999,6.1303,2008,8.85115718841553,6.1303,60.1422329999999,TRUE
12509,59.955283,5.916383,2008,8.52238750457764,5.916383,59.955283,TRUE
12510,59.956017,5.9172,2008,9.71729755401611,5.9172,59.956017,TRUE
12513,58.9519329999999,5.947083,2008,12.9284410476685,5.947083,58.9519329999999,TRUE
12532,60.2415,5.291883,2008,8.43488025665283,5.291883,60.2415,TRUE
12535,59.9577669999999,5.9908,2008,9.71729755401611,5.9908,59.9577669999999,TRUE
12538,59.739767,5.912467,2008,10.8858432769775,5.912467,59.739767,TRUE
12539,58.937283,5.978933,2008,12.9284410476685,5.978933,58.937283,TRUE
12550,60.259233,5.309467,2008,12.598614692688,5.309467,60.259233,TRUE
12551,60.2460499999999,5.3076,2008,8.43488025665283,5.3076,60.2460499999999,TRUE
12552,60.2648999999999,5.324333,2008,12.598614692688,5.324333,60.2648999999999,TRUE
12560,58.954667,5.937683,2008,12.9284410476685,5.937683,58.954667,TRUE
12577,58.926,5.981567,2008,12.9284410476685,5.981567,58.926,TRUE
12579,61.18789,5.2953,2009,11.6125650405884,5.2953,61.18789,TRUE
12581,60.2563,5.29825,2009,12.598614692688,5.29825,60.2563,TRUE
12583,58.96898,5.87873,2009,9.76947784423828,5.87873,58.96898,TRUE
12597,62.7791799999999,7.515982,2012,13.7065458297729,7.515982,62.7791799999999,TRUE
12598,62.781537,7.541088,2012,13.7065458297729,7.541088,62.781537,TRUE
12599,62.7828269999999,7.558061,2012,13.7065458297729,7.558061,62.7828269999999,TRUE
12600,62.783273,7.558881,2012,13.7065458297729,7.558881,62.783273,TRUE
12601,62.783352,7.560187,2012,13.7065458297729,7.560187,62.783352,TRUE
12602,62.7834629999999,7.564147,2012,13.7065458297729,7.564147,62.7834629999999,TRUE
12603,62.783501,7.564233,2012,13.7065458297729,7.564233,62.783501,TRUE
12604,62.7880559999999,7.589276,2012,14.2402467727661,7.589276,62.7880559999999,TRUE
12605,62.7883929999999,7.591034,2012,14.2402467727661,7.591034,62.7883929999999,TRUE
12606,62.793053,7.652157,2012,14.2402467727661,7.652157,62.793053,TRUE
12607,62.7931639999999,7.652336,2012,14.2402467727661,7.652336,62.7931639999999,TRUE
12608,62.793207,7.652488,2012,14.2402467727661,7.652488,62.793207,TRUE
12609,62.793294,7.6531,2012,14.2402467727661,7.6531,62.793294,TRUE
12610,62.7933549999999,7.653673,2012,14.2402467727661,7.653673,62.7933549999999,TRUE
12611,62.793413,7.653749,2012,14.2402467727661,7.653749,62.793413,TRUE
12612,62.793173,7.653937,2012,14.2402467727661,7.653937,62.793173,TRUE
12613,62.792997,7.65388,2012,14.2402467727661,7.65388,62.792997,TRUE
12614,62.7929669999999,7.653839,2012,14.2402467727661,7.653839,62.7929669999999,TRUE
12615,62.792498,7.654337,2012,14.2402467727661,7.654337,62.792498,TRUE
12616,62.793246,7.65153,2012,14.2402467727661,7.65153,62.793246,TRUE
12617,62.792983,7.650278,2012,14.2402467727661,7.650278,62.792983,TRUE
12618,62.790989,7.664981,2012,14.2402467727661,7.664981,62.790989,TRUE
12619,62.790841,7.664935,2012,14.2402467727661,7.664935,62.790841,TRUE
12620,62.790804,7.664953,2012,14.2402467727661,7.664953,62.790804,TRUE
12621,62.7910249999999,7.665698,2012,14.2402467727661,7.665698,62.7910249999999,TRUE
12622,62.79073,7.666515,2012,14.2402467727661,7.666515,62.79073,TRUE
12623,62.790683,7.666648,2012,14.2402467727661,7.666648,62.790683,TRUE
12624,62.790672,7.666766,2012,NA,7.666766,62.790672,TRUE
12625,62.790852,7.668375,2012,NA,7.668375,62.790852,TRUE
12626,62.791414,7.669272,2012,NA,7.669272,62.791414,TRUE
12627,62.7916839999999,7.670103,2012,NA,7.670103,62.7916839999999,TRUE
12628,62.791867,7.670894,2012,NA,7.670894,62.791867,TRUE
12629,62.792385,7.672574,2012,NA,7.672574,62.792385,TRUE
12630,62.792405,7.673281,2012,NA,7.673281,62.792405,TRUE
12631,62.791885,7.673684,2012,NA,7.673684,62.791885,TRUE
12632,62.791339,7.672327,2012,NA,7.672327,62.791339,TRUE
12633,62.791235,7.672108,2012,NA,7.672108,62.791235,TRUE
12634,62.791007,7.670949,2012,NA,7.670949,62.791007,TRUE
12635,62.790663,7.670767,2012,NA,7.670767,62.790663,TRUE
12636,62.7902429999999,7.67057,2012,NA,7.67057,62.7902429999999,TRUE
12637,62.789783,7.670156,2012,NA,7.670156,62.789783,TRUE
12638,62.789445,7.670047,2012,NA,7.670047,62.789445,TRUE
12639,62.7892629999999,7.670206,2012,NA,7.670206,62.7892629999999,TRUE
12640,62.779259,7.634601,2012,14.2402467727661,7.634601,62.779259,TRUE
12641,62.7791259999999,7.634569,2012,14.2402467727661,7.634569,62.7791259999999,TRUE
12642,62.7725829999999,7.535748,2012,13.7065458297729,7.535748,62.7725829999999,TRUE
12650,62.6163799999999,6.463015,2012,12.6680192947388,6.463015,62.6163799999999,TRUE
12651,62.599535,6.456808,2012,12.6680192947388,6.456808,62.599535,TRUE
12652,62.5995759999999,6.456388,2012,12.6680192947388,6.456388,62.5995759999999,TRUE
12653,62.568696,6.458348,2012,15.1554183959961,6.458348,62.568696,TRUE
12654,62.6148359999999,6.435301,2012,12.6680192947388,6.435301,62.6148359999999,TRUE
12655,62.614756,6.43536,2012,12.6680192947388,6.43536,62.614756,TRUE
12656,62.614665,6.435322,2012,12.6680192947388,6.435322,62.614665,TRUE
12657,62.611218,6.415918,2012,13.3227968215942,6.415918,62.611218,TRUE
12692,62.7258599999999,7.023754,2012,8.60697937011719,7.023754,62.7258599999999,TRUE
12693,62.7321359999999,7.087439,2012,7.86621952056885,7.087439,62.7321359999999,TRUE
12694,62.7628339999999,7.482866,2012,14.777117729187,7.482866,62.7628339999999,TRUE
12715,62.842556,7.118344,2012,13.8953619003296,7.118344,62.842556,TRUE
12716,62.842424,7.118665,2012,13.8953619003296,7.118665,62.842424,TRUE
12717,62.842337,7.11899,2012,13.8953619003296,7.11899,62.842337,TRUE
12718,62.842146,7.117716,2012,13.8953619003296,7.117716,62.842146,TRUE
12719,62.844169,7.140515,2012,13.8953619003296,7.140515,62.844169,TRUE
12720,62.84042,7.15032,2012,13.8953619003296,7.15032,62.84042,TRUE
12721,61.368288,5.561162,2012,NA,5.561162,61.368288,TRUE
12722,61.368478,5.560089,2012,NA,5.560089,61.368478,TRUE
12723,61.3751869999999,5.535274,2012,NA,5.535274,61.3751869999999,TRUE
12724,61.375019,5.534724,2012,NA,5.534724,61.375019,TRUE
12725,61.374921,5.534179,2012,NA,5.534179,61.374921,TRUE
12726,61.374836,5.530197,2012,NA,5.530197,61.374836,TRUE
12727,61.374862,5.530009,2012,NA,5.530009,61.374862,TRUE
12728,61.374893,5.529896,2012,NA,5.529896,61.374893,TRUE
12729,61.378323,5.507741,2012,NA,5.507741,61.378323,TRUE
12730,61.378149,5.506308,2012,NA,5.506308,61.378149,TRUE
12731,61.3783719999999,5.506672,2012,NA,5.506672,61.3783719999999,TRUE
12732,61.378453,5.50737,2012,NA,5.50737,61.378453,TRUE
12733,61.378537,5.507559,2012,NA,5.507559,61.378537,TRUE
12734,61.382199,5.444169,2012,11.5357189178467,5.444169,61.382199,TRUE
12735,61.3822789999999,5.4442,2012,11.5357189178467,5.4442,61.3822789999999,TRUE
12736,61.382311,5.444239,2012,11.5357189178467,5.444239,61.382311,TRUE
12737,61.382401,5.444299,2012,11.5357189178467,5.444299,61.382401,TRUE
12738,61.3823859999999,5.44453,2012,11.5357189178467,5.44453,61.3823859999999,TRUE
12739,61.384728,5.426315,2012,11.5357189178467,5.426315,61.384728,TRUE
12741,61.381905,5.409244,2012,10.5942659378052,5.409244,61.381905,TRUE
12742,61.381829,5.409238,2012,10.5942659378052,5.409238,61.381829,TRUE
12743,61.361324,5.356587,2012,10.5942659378052,5.356587,61.361324,TRUE
12744,61.361651,5.357485,2012,10.5942659378052,5.357485,61.361651,TRUE
12745,61.361401,5.357317,2012,10.5942659378052,5.357317,61.361401,TRUE
12746,61.361345,5.357407,2012,10.5942659378052,5.357407,61.361345,TRUE
12747,61.3613089999999,5.357116,2012,10.5942659378052,5.357116,61.3613089999999,TRUE
12748,61.3645679999999,5.351205,2012,10.5942659378052,5.351205,61.3645679999999,TRUE
12749,61.364507,5.351264,2012,10.5942659378052,5.351264,61.364507,TRUE
12750,61.364418,5.351515,2012,10.5942659378052,5.351515,61.364418,TRUE
12751,61.365808,5.328153,2012,12.6836252212524,5.328153,61.365808,TRUE
12752,61.365403,5.329063,2012,12.6836252212524,5.329063,61.365403,TRUE
12753,61.365397,5.329107,2012,12.6836252212524,5.329107,61.365397,TRUE
12754,61.355237,5.288288,2012,12.6836252212524,5.288288,61.355237,TRUE
12755,61.348263,5.229597,2012,9.20217704772949,5.229597,61.348263,TRUE
12756,61.341472,5.198484,2012,9.20217704772949,5.198484,61.341472,TRUE
12757,61.3414259999999,5.198184,2012,9.20217704772949,5.198184,61.3414259999999,TRUE
12758,61.332349,5.16601,2012,13.3339967727661,5.16601,61.332349,TRUE
12759,61.3280809999999,5.156351,2012,13.3339967727661,5.156351,61.3280809999999,TRUE
12760,61.3281259999999,5.156367,2012,13.3339967727661,5.156367,61.3281259999999,TRUE
12761,61.3279959999999,5.155971,2012,13.3339967727661,5.155971,61.3279959999999,TRUE
12762,61.3282269999999,5.156381,2012,13.3339967727661,5.156381,61.3282269999999,TRUE
12763,61.3289199999999,5.133742,2012,13.3339967727661,5.133742,61.3289199999999,TRUE
12764,61.328957,5.134388,2012,13.3339967727661,5.134388,61.328957,TRUE
12765,61.329143,5.135043,2012,13.3339967727661,5.135043,61.329143,TRUE
12766,61.329284,5.135236,2012,13.3339967727661,5.135236,61.329284,TRUE
12767,61.3294229999999,5.135592,2012,13.3339967727661,5.135592,61.3294229999999,TRUE
12768,61.32947,5.135822,2012,13.3339967727661,5.135822,61.32947,TRUE
12769,61.32947,5.135855,2012,13.3339967727661,5.135855,61.32947,TRUE
12770,61.3294709999999,5.135854,2012,13.3339967727661,5.135854,61.3294709999999,TRUE
12771,61.3296289999999,5.1359,2012,13.3339967727661,5.1359,61.3296289999999,TRUE
12772,61.3296909999999,5.135772,2012,13.3339967727661,5.135772,61.3296909999999,TRUE
12773,61.3296029999999,5.135726,2012,13.3339967727661,5.135726,61.3296029999999,TRUE
12774,61.3297669999999,5.136332,2012,13.3339967727661,5.136332,61.3297669999999,TRUE
12775,61.329773,5.136571,2012,13.3339967727661,5.136571,61.329773,TRUE
12776,61.3298289999999,5.136849,2012,13.3339967727661,5.136849,61.3298289999999,TRUE
12777,61.3297439999999,5.137055,2012,13.3339967727661,5.137055,61.3297439999999,TRUE
12778,61.329745,5.137283,2012,13.3339967727661,5.137283,61.329745,TRUE
12809,61.0438029999999,5.324929,2012,1.57038903236389,5.324929,61.0438029999999,TRUE
12810,61.043751,5.324752,2012,1.57038903236389,5.324752,61.043751,TRUE
12811,61.0428769999999,5.326421,2012,1.57038903236389,5.326421,61.0428769999999,TRUE
12812,61.0431859999999,5.325781,2012,1.57038903236389,5.325781,61.0431859999999,TRUE
12813,61.0302879999999,5.377247,2012,-0.0395877733826637,5.377247,61.0302879999999,TRUE
12814,61.032085,5.374966,2012,-0.0395877733826637,5.374966,61.032085,TRUE
12815,61.0322419999999,5.37394,2012,-0.0395877733826637,5.37394,61.0322419999999,TRUE
12816,61.175376,6.644578,2012,1.75574445724487,6.644578,61.175376,TRUE
12817,61.175314,6.64435,2012,1.75574445724487,6.64435,61.175314,TRUE
12818,61.175203,6.644356,2012,1.75574445724487,6.644356,61.175203,TRUE
12819,61.1747439999999,6.646627,2012,1.75574445724487,6.646627,61.1747439999999,TRUE
12820,61.1749119999999,6.64676,2012,1.75574445724487,6.64676,61.1749119999999,TRUE
12821,61.174916,6.646112,2012,1.75574445724487,6.646112,61.174916,TRUE
12822,61.1748679999999,6.645846,2012,1.75574445724487,6.645846,61.1748679999999,TRUE
12823,61.1747629999999,6.64586,2012,1.75574445724487,6.64586,61.1747629999999,TRUE
12824,61.191482,6.701911,2012,-0.335552006959915,6.701911,61.191482,TRUE
12825,61.19144,6.702064,2012,-0.335552006959915,6.702064,61.19144,TRUE
12826,61.191488,6.702164,2012,-0.335552006959915,6.702164,61.191488,TRUE
12827,61.1915339999999,6.702253,2012,-0.335552006959915,6.702253,61.1915339999999,TRUE
12828,61.190849,6.702747,2012,-0.335552006959915,6.702747,61.190849,TRUE
12829,61.1908049999999,6.703114,2012,-0.335552006959915,6.703114,61.1908049999999,TRUE
12830,61.1838839999999,6.70965,2012,-0.335552006959915,6.70965,61.1838839999999,TRUE
12831,61.1839489999999,6.709925,2012,-0.335552006959915,6.709925,61.1839489999999,TRUE
12832,61.1839749999999,6.710057,2012,-0.335552006959915,6.710057,61.1839749999999,TRUE
12833,61.183978,6.71009,2012,-0.335552006959915,6.71009,61.183978,TRUE
12834,61.182614,6.712002,2012,-0.335552006959915,6.712002,61.182614,TRUE
12835,61.182605,6.712126,2012,-0.335552006959915,6.712126,61.182605,TRUE
12836,61.182574,6.713189,2012,-0.335552006959915,6.713189,61.182574,TRUE
12837,61.1515059999999,6.714995,2012,0.608941793441772,6.714995,61.1515059999999,TRUE
12838,61.151423,6.715201,2012,0.608941793441772,6.715201,61.151423,TRUE
12839,61.1514209999999,6.715198,2012,0.608941793441772,6.715198,61.1514209999999,TRUE
12840,61.151415,6.715198,2012,0.608941793441772,6.715198,61.151415,TRUE
12841,61.1513569999999,6.712128,2012,0.608941793441772,6.712128,61.1513569999999,TRUE
12842,61.155486,6.687107,2012,0.608941793441772,6.687107,61.155486,TRUE
12843,61.155368,6.687194,2012,0.608941793441772,6.687194,61.155368,TRUE
12844,61.155729,6.687186,2012,0.608941793441772,6.687186,61.155729,TRUE
12845,61.170444,6.654512,2012,1.75574445724487,6.654512,61.170444,TRUE
12846,61.170636,6.654082,2012,1.75574445724487,6.654082,61.170636,TRUE
12847,61.170698,6.653838,2012,1.75574445724487,6.653838,61.170698,TRUE
12848,61.1707439999999,6.653576,2012,1.75574445724487,6.653576,61.1707439999999,TRUE
12849,61.1725169999999,6.653025,2012,1.75574445724487,6.653025,61.1725169999999,TRUE
12850,61.172687,6.652156,2012,1.75574445724487,6.652156,61.172687,TRUE
12851,61.1727169999999,6.652,2012,1.75574445724487,6.652,61.1727169999999,TRUE
12852,61.1727709999999,6.651728,2012,1.75574445724487,6.651728,61.1727709999999,TRUE
12853,61.172922,6.651407,2012,1.75574445724487,6.651407,61.172922,TRUE
12854,61.173386,6.629956,2012,1.75574445724487,6.629956,61.173386,TRUE
12855,61.173859,6.63068,2012,1.75574445724487,6.63068,61.173859,TRUE
12856,61.1738429999999,6.631087,2012,1.75574445724487,6.631087,61.1738429999999,TRUE
12857,61.174174,6.631406,2012,1.75574445724487,6.631406,61.174174,TRUE
12858,61.1737889999999,6.630825,2012,1.75574445724487,6.630825,61.1737889999999,TRUE
12859,61.026895,5.464082,2012,8.98424530029297,5.464082,61.026895,TRUE
12860,61.02378,5.409656,2012,-0.0395877733826637,5.409656,61.02378,TRUE
12861,61.0238549999999,5.410372,2012,-0.0395877733826637,5.410372,61.0238549999999,TRUE
12862,61.024734,5.412282,2012,-0.0395877733826637,5.412282,61.024734,TRUE
12863,61.024808,5.412504,2012,-0.0395877733826637,5.412504,61.024808,TRUE
12864,61.024805,5.412714,2012,-0.0395877733826637,5.412714,61.024805,TRUE
12865,61.031227,5.461915,2012,8.98424530029297,5.461915,61.031227,TRUE
12866,61.031215,5.462133,2012,8.98424530029297,5.462133,61.031215,TRUE
12867,61.0318449999999,5.463808,2012,8.98424530029297,5.463808,61.0318449999999,TRUE
12868,61.031905,5.464037,2012,8.98424530029297,5.464037,61.031905,TRUE
12869,61.010586,5.469978,2012,8.98424530029297,5.469978,61.010586,TRUE
12870,61.0105519999999,5.469741,2012,8.98424530029297,5.469741,61.0105519999999,TRUE
12882,59.963549,5.954334,2012,9.71729755401611,5.954334,59.963549,TRUE
12883,59.963507,5.953466,2012,9.71729755401611,5.953466,59.963507,TRUE
12884,59.963467,5.953223,2012,9.71729755401611,5.953223,59.963467,TRUE
12885,59.9633669999999,5.952876,2012,9.71729755401611,5.952876,59.9633669999999,TRUE
12886,59.963262,5.952569,2012,9.71729755401611,5.952569,59.963262,TRUE
12887,59.9627979999999,5.951826,2012,9.71729755401611,5.951826,59.9627979999999,TRUE
12888,59.9627369999999,5.951642,2012,9.71729755401611,5.951642,59.9627369999999,TRUE
12889,59.9623849999999,5.951196,2012,9.71729755401611,5.951196,59.9623849999999,TRUE
12890,59.962049,5.950253,2012,9.71729755401611,5.950253,59.962049,TRUE
12891,59.9580989999999,5.947194,2012,9.71729755401611,5.947194,59.9580989999999,TRUE
12962,62.7794719999999,7.515733,2012,13.7065458297729,7.515733,62.7794719999999,TRUE
12963,62.781182,7.540773,2012,13.7065458297729,7.540773,62.781182,TRUE
12964,62.7876139999999,7.588376,2012,14.2402467727661,7.588376,62.7876139999999,TRUE
12965,62.7883229999999,7.590832,2012,14.2402467727661,7.590832,62.7883229999999,TRUE
12966,62.7882499999999,7.591767,2012,14.2402467727661,7.591767,62.7882499999999,TRUE
12967,62.779434,7.635074,2012,14.2402467727661,7.635074,62.779434,TRUE
12968,62.772741,7.535986,2012,13.7065458297729,7.535986,62.772741,TRUE
12969,62.7728749999999,7.536278,2012,13.7065458297729,7.536278,62.7728749999999,TRUE
12970,62.772976,7.536486,2012,13.7065458297729,7.536486,62.772976,TRUE
12973,62.6161889999999,6.463036,2012,12.6680192947388,6.463036,62.6161889999999,TRUE
12974,62.616421,6.46308,2012,12.6680192947388,6.46308,62.616421,TRUE
12975,62.599372,6.456554,2012,12.6680192947388,6.456554,62.599372,TRUE
12976,62.583623,6.460943,2012,12.6680192947388,6.460943,62.583623,TRUE
12977,62.568662,6.458574,2012,15.1554183959961,6.458574,62.568662,TRUE
12982,62.7630079999999,7.481867,2012,14.777117729187,7.481867,62.7630079999999,TRUE
12992,61.368132,5.560999,2012,NA,5.560999,61.368132,TRUE
12993,61.374965,5.53452,2012,NA,5.53452,61.374965,TRUE
12995,61.381898,5.409288,2012,10.5942659378052,5.409288,61.381898,TRUE
12996,61.3416319999999,5.198501,2012,9.20217704772949,5.198501,61.3416319999999,TRUE
12997,61.3414429999999,5.198377,2012,9.20217704772949,5.198377,61.3414429999999,TRUE
12998,61.3290849999999,5.134988,2012,13.3339967727661,5.134988,61.3290849999999,TRUE
12999,61.3291309999999,5.135026,2012,13.3339967727661,5.135026,61.3291309999999,TRUE
13009,61.0318169999999,5.463957,2012,8.98424530029297,5.463957,61.0318169999999,TRUE
13011,59.9631609999999,5.952408,2012,9.71729755401611,5.952408,59.9631609999999,TRUE
13018,62.780394,7.518894,2012,13.7065458297729,7.518894,62.780394,TRUE
13019,62.783535,7.562873,2012,13.7065458297729,7.562873,62.783535,TRUE
13020,62.783479,7.563236,2012,13.7065458297729,7.563236,62.783479,TRUE
13021,62.783478,7.563724,2012,13.7065458297729,7.563724,62.783478,TRUE
13022,62.787936,7.588952,2012,14.2402467727661,7.588952,62.787936,TRUE
13023,62.788175,7.590063,2012,14.2402467727661,7.590063,62.788175,TRUE
13027,62.615969,6.463021,2012,12.6680192947388,6.463021,62.615969,TRUE
13028,62.6154889999999,6.460805,2012,12.6680192947388,6.460805,62.6154889999999,TRUE
13029,62.5989599999999,6.456062,2012,12.6680192947388,6.456062,62.5989599999999,TRUE
13030,62.599128,6.456408,2012,12.6680192947388,6.456408,62.599128,TRUE
13031,62.5757309999999,6.459199,2012,15.1554183959961,6.459199,62.5757309999999,TRUE
13032,62.575693,6.459645,2012,15.1554183959961,6.459645,62.575693,TRUE
13033,62.568601,6.458821,2012,15.1554183959961,6.458821,62.568601,TRUE
13041,62.7242279999999,6.984873,2012,9.9305305480957,6.984873,62.7242279999999,TRUE
13042,62.726008,7.027055,2012,8.60697937011719,7.027055,62.726008,TRUE
13043,62.7629039999999,7.482162,2012,14.777117729187,7.482162,62.7629039999999,TRUE
13058,61.3485799999999,5.230341,2012,9.20217704772949,5.230341,61.3485799999999,TRUE
13059,61.3325699999999,5.166212,2012,13.3339967727661,5.166212,61.3325699999999,TRUE
13060,61.3643739999999,5.393183,2012,10.5942659378052,5.393183,61.3643739999999,TRUE
13073,61.03208,5.374886,2012,-0.0395877733826637,5.374886,61.03208,TRUE
13074,61.170703,6.653817,2012,1.75574445724487,6.653817,61.170703,TRUE
13075,61.026842,5.464193,2012,8.98424530029297,5.464193,61.026842,TRUE
13076,61.0268799999999,5.464094,2012,8.98424530029297,5.464094,61.0268799999999,TRUE
13077,61.027836,5.466402,2012,8.98424530029297,5.466402,61.027836,TRUE
13078,61.0278229999999,5.466591,2012,8.98424530029297,5.466591,61.0278229999999,TRUE
13079,61.031274,5.461704,2012,8.98424530029297,5.461704,61.031274,TRUE
13080,59.9621149999999,5.949808,2012,9.71729755401611,5.949808,59.9621149999999,TRUE
13081,59.9582079999999,5.947674,2012,9.71729755401611,5.947674,59.9582079999999,TRUE
13093,62.7830969999999,7.558519,2012,13.7065458297729,7.558519,62.7830969999999,TRUE
13094,62.7833559999999,7.560391,2012,13.7065458297729,7.560391,62.7833559999999,TRUE
13095,62.7834039999999,7.56107,2012,13.7065458297729,7.56107,62.7834039999999,TRUE
13096,62.7834689999999,7.561812,2012,13.7065458297729,7.561812,62.7834689999999,TRUE
13097,62.78356,7.562491,2012,13.7065458297729,7.562491,62.78356,TRUE
13102,62.599046,6.456177,2012,12.6680192947388,6.456177,62.599046,TRUE
13103,62.5834479999999,6.46146,2012,12.6680192947388,6.46146,62.5834479999999,TRUE
13104,62.583494,6.461039,2012,12.6680192947388,6.461039,62.583494,TRUE
13105,62.568579,6.4593,2012,15.1554183959961,6.4593,62.568579,TRUE
13106,62.6147989999999,6.435434,2012,12.6680192947388,6.435434,62.6147989999999,TRUE
13107,62.612015,6.416204,2012,13.3227968215942,6.416204,62.612015,TRUE
13118,62.723993,6.983529,2012,9.9305305480957,6.983529,62.723993,TRUE
13119,62.762864,7.482522,2012,14.777117729187,7.482522,62.762864,TRUE
13124,62.8405399999999,7.149767,2012,13.8953619003296,7.149767,62.8405399999999,TRUE
13129,61.023848,5.410429,2012,-0.0395877733826637,5.410429,61.023848,TRUE
13134,62.779158,7.515145,2012,13.7065458297729,7.515145,62.779158,TRUE
13139,62.575794,6.459633,2012,15.1554183959961,6.459633,62.575794,TRUE
13162,62.7319699999999,7.08638,2012,7.86621952056885,7.08638,62.7319699999999,TRUE
13163,62.84217,7.117466,2012,13.8953619003296,7.117466,62.84217,TRUE
13164,62.839108,7.111704,2012,13.8953619003296,7.111704,62.839108,TRUE
13165,62.844326,7.140177,2012,13.8953619003296,7.140177,62.844326,TRUE
13166,70.9433791099999,25.6218883499999,2016,8.39030647277832,25.6218883499999,70.9433791099999,TRUE
13167,70.50521385,23.9805472199999,2016,10.1571979522705,23.9805472199999,70.50521385,TRUE
13168,70.50794088,23.9939643499999,2016,10.1571979522705,23.9939643499999,70.50794088,TRUE
13170,70.52273879,23.98769365,2016,10.1571979522705,23.98769365,70.52273879,TRUE
13171,70.51993597,23.9803375099999,2016,10.1571979522705,23.9803375099999,70.51993597,TRUE
13177,70.5101119899999,24.0003577099999,2016,8.01913356781006,24.0003577099999,70.5101119899999,TRUE
13178,70.94407578,25.63339454,2016,8.39030647277832,25.63339454,70.94407578,TRUE
13179,70.9468367599999,25.6328075099999,2016,8.39030647277832,25.6328075099999,70.9468367599999,TRUE
13182,70.9439193799999,25.6360916699999,2016,8.39030647277832,25.6360916699999,70.9439193799999,TRUE
13183,70.5232048799999,23.99197186,2016,10.1571979522705,23.99197186,70.5232048799999,TRUE
13186,70.51378015,24.03115429,2016,8.01913356781006,24.03115429,70.51378015,TRUE
13190,70.5173778799999,23.97716133,2016,10.1571979522705,23.97716133,70.5173778799999,TRUE
13191,70.5231057799999,23.99396252,2016,10.1571979522705,23.99396252,70.5231057799999,TRUE
13194,70.5080399699999,23.99197518,2016,10.1571979522705,23.99197518,70.5080399699999,TRUE
13195,70.5232941499999,23.9947250899999,2016,10.1571979522705,23.9947250899999,70.5232941499999,TRUE
13196,70.51054675,23.9734364699999,2016,10.1571979522705,23.9734364699999,70.51054675,TRUE
13197,70.50957999,23.9974082899999,2016,10.1571979522705,23.9974082899999,70.50957999,TRUE
13198,70.94727229,25.5029821,2016,9.7320384979248,25.5029821,70.94727229,TRUE
13200,70.52269599,23.99310096,2016,10.1571979522705,23.99310096,70.52269599,TRUE
13201,70.9381305499999,25.6183464,2016,8.39030647277832,25.6183464,70.9381305499999,TRUE
13203,70.5096731099999,23.95000093,2016,10.1571979522705,23.95000093,70.5096731099999,TRUE
13210,70.5073290499999,23.9835242,2016,10.1571979522705,23.9835242,70.5073290499999,TRUE
13211,70.51576579,23.95949109,2016,10.1571979522705,23.95949109,70.51576579,TRUE
13213,70.5108373199999,23.9539078699999,2016,10.1571979522705,23.9539078699999,70.5108373199999,TRUE
13216,70.50812528,23.98116834,2016,10.1571979522705,23.98116834,70.50812528,TRUE
13217,70.51555324,23.95465034,2016,10.1571979522705,23.95465034,70.51555324,TRUE
13218,70.5103912499999,23.97201141,2016,10.1571979522705,23.97201141,70.5103912499999,TRUE
13222,70.50780489,23.9830587599999,2016,10.1571979522705,23.9830587599999,70.50780489,TRUE
13226,70.5113005799999,23.9764841699999,2016,10.1571979522705,23.9764841699999,70.5113005799999,TRUE
13228,70.51822108,23.9829627099999,2016,10.1571979522705,23.9829627099999,70.51822108,TRUE
13232,70.93775406,25.62092338,2016,8.39030647277832,25.62092338,70.93775406,TRUE
13233,70.94881893,25.4600004099999,2016,10.212306022644,25.4600004099999,70.94881893,TRUE
13234,70.9393212899999,25.6252500499999,2016,8.39030647277832,25.6252500499999,70.9393212899999,TRUE
13239,70.5087895399999,23.9814647299999,2016,10.1571979522705,23.9814647299999,70.5087895399999,TRUE
13240,70.50846914,23.9833552099999,2016,10.1571979522705,23.9833552099999,70.50846914,TRUE
13241,70.94738094,25.46131824,2016,10.212306022644,25.46131824,70.94738094,TRUE
13242,70.93642087,25.6125529999999,2016,8.39030647277832,25.6125529999999,70.93642087,TRUE
13249,70.93674445,25.61481401,2016,8.39030647277832,25.61481401,70.93674445,TRUE
13252,70.94626836,25.46489564,2016,10.212306022644,25.46489564,70.94626836,TRUE
13254,70.9470994299999,25.62042907,2016,8.39030647277832,25.62042907,70.9470994299999,TRUE
13255,70.9353076299999,25.6043030099999,2016,8.39030647277832,25.6043030099999,70.9353076299999,TRUE
13256,70.5128270999999,24.01852212,2016,8.01913356781006,24.01852212,70.5128270999999,TRUE
13262,70.5094538,23.9817611299999,2016,10.1571979522705,23.9817611299999,70.5094538,TRUE
13265,70.5149698299999,23.96184869,2016,10.1571979522705,23.96184869,70.5149698299999,TRUE
13269,70.9483986,25.45143157,2016,10.212306022644,25.45143157,70.9483986,TRUE
13270,70.51764624,23.98541854,2016,10.1571979522705,23.98541854,70.51764624,TRUE
13272,70.9506208399999,25.4602676999999,2016,10.212306022644,25.4602676999999,70.9506208399999,TRUE
13274,70.5109030899999,23.95258142,2016,10.1571979522705,23.95258142,70.5109030899999,TRUE
13276,70.94259422,25.47753128,2016,10.212306022644,25.47753128,70.94259422,TRUE
13280,70.94668833,25.50127809,2016,9.7320384979248,25.50127809,70.94668833,TRUE
13284,70.5120637499999,23.9747908,2016,10.1571979522705,23.9747908,70.5120637499999,TRUE
13294,70.51501747,23.97000604,2016,10.1571979522705,23.97000604,70.51501747,TRUE
13299,70.5102308299999,23.98888668,2016,10.1571979522705,23.98888668,70.5102308299999,TRUE
13300,70.51241702,23.97223661,2016,10.1571979522705,23.97223661,70.51241702,TRUE
13301,70.5107493099999,23.98301718,2016,10.1571979522705,23.98301718,70.5107493099999,TRUE
13303,70.51197238,24.0039015999999,2016,8.01913356781006,24.0039015999999,70.51197238,TRUE
13306,70.5105182799999,23.9876592799999,2016,10.1571979522705,23.9876592799999,70.5105182799999,TRUE
13312,70.52419283,24.0039458299999,2016,8.01913356781006,24.0039458299999,70.52419283,TRUE
13317,70.9536858499999,25.47025237,2016,10.212306022644,25.47025237,70.9536858499999,TRUE
13318,70.5115726599999,23.99829919,2016,10.1571979522705,23.99829919,70.5115726599999,TRUE
13323,70.51172796,23.99972452,2016,10.1571979522705,23.99972452,70.51172796,TRUE
13324,70.51826776,23.99112136,2016,10.1571979522705,23.99112136,70.51826776,TRUE
13325,70.5201844999999,23.9980821499999,2016,10.1571979522705,23.9980821499999,70.5201844999999,TRUE
13372,70.9461758399999,25.63244851,2016,8.39030647277832,25.63244851,70.9461758399999,TRUE
13373,70.94394785,25.62776094,2016,8.39030647277832,25.62776094,70.94394785,TRUE
13374,70.9463179499999,25.63391691,2016,8.39030647277832,25.63391691,70.9463179499999,TRUE
13375,70.9437383599999,25.6665972499999,2016,8.39030647277832,25.6665972499999,70.9437383599999,TRUE
13376,70.94377758,25.66592305,2016,8.39030647277832,25.66592305,70.94377758,TRUE
13380,70.94492827,25.6422043299999,2016,8.39030647277832,25.6422043299999,70.94492827,TRUE
13381,70.9476149599999,25.6311433099999,2016,8.39030647277832,25.6311433099999,70.9476149599999,TRUE
13382,70.94417893,25.6668373099999,2016,9.20948505401611,25.6668373099999,70.94417893,TRUE
13383,70.94532974,25.64311817,2016,8.39030647277832,25.64311817,70.94532974,TRUE
13384,70.9434643999999,25.64001755,2016,8.39030647277832,25.64001755,70.9434643999999,TRUE
13385,70.94336506,25.62605361,2016,8.39030647277832,25.62605361,70.94336506,TRUE
13386,70.94213211,25.6316434899999,2016,8.39030647277832,25.6316434899999,70.94213211,TRUE
13387,70.94856353,25.6226148199999,2016,8.39030647277832,25.6226148199999,70.94856353,TRUE
13388,70.94303394,25.64743417,2016,8.39030647277832,25.64743417,70.94303394,TRUE
13394,70.9438613199999,25.6527529799999,2016,8.39030647277832,25.6527529799999,70.9438613199999,TRUE
13395,70.9394243999999,25.6273920299999,2016,8.39030647277832,25.6273920299999,70.9394243999999,TRUE
13396,70.9433911499999,25.66084364,2016,8.39030647277832,25.66084364,70.9433911499999,TRUE
13419,70.9458556099999,25.61836315,2016,8.39030647277832,25.61836315,70.9458556099999,TRUE
13421,70.9441891099999,25.6431936,2016,8.39030647277832,25.6431936,70.9441891099999,TRUE
13422,70.94300934,25.64394325,2016,8.39030647277832,25.64394325,70.94300934,TRUE
13423,70.94367024,25.64430257,2016,8.39030647277832,25.64430257,70.94367024,TRUE
13425,70.9410056499999,25.62755483,2016,8.39030647277832,25.62755483,70.9410056499999,TRUE
13426,70.94170198,25.6390598099999,2016,8.39030647277832,25.6390598099999,70.94170198,TRUE
13427,70.9409275,25.62890322,2016,8.39030647277832,25.62890322,70.9409275,TRUE
13428,70.94480414,25.6247481099999,2016,8.39030647277832,25.6247481099999,70.94480414,TRUE
13429,70.9469682,25.62661834,2016,8.39030647277832,25.62661834,70.9469682,TRUE
13430,70.9401102399999,25.6312411299999,2016,8.39030647277832,25.6312411299999,70.9401102399999,TRUE
13431,70.94245587,25.66520298,2016,8.39030647277832,25.66520298,70.94245587,TRUE
13432,70.9452447599999,25.62498726,2016,8.39030647277832,25.62498726,70.9452447599999,TRUE
13433,70.93999297,25.6332635899999,2016,8.39030647277832,25.6332635899999,70.93999297,TRUE
13434,70.9487587899999,25.6192424599999,2016,8.39030647277832,25.6192424599999,70.9487587899999,TRUE
13436,70.9375978399999,25.62361976,2016,8.39030647277832,25.62361976,70.9375978399999,TRUE
13437,70.94185416,25.64818353,2016,8.39030647277832,25.64818353,70.94185416,TRUE
13447,62.11397272,5.343311024,2014,10.5359954833984,5.343311024,62.11397272,TRUE
13448,62.1175023999999,5.348457121,2014,10.5359954833984,5.348457121,62.1175023999999,TRUE
13449,62.11981037,5.329842061,2014,15.5405683517456,5.329842061,62.11981037,TRUE
13450,62.11984369,5.33031444,2014,15.5405683517456,5.33031444,62.11984369,TRUE
13451,62.12138017,5.326438419,2014,15.5405683517456,5.326438419,62.12138017,TRUE
13452,62.1147245299999,5.34113761,2014,10.5359954833984,5.34113761,62.1147245299999,TRUE
13453,62.11597544,5.346049074,2014,10.5359954833984,5.346049074,62.11597544,TRUE
13454,62.1186043,5.328780716,2014,15.5405683517456,5.328780716,62.1186043,TRUE
13455,62.11859221,5.325403063,2014,15.5405683517456,5.325403063,62.11859221,TRUE
13456,62.12029528,5.323888842,2014,15.5405683517456,5.323888842,62.12029528,TRUE
13457,62.1203619599999,5.324833598,2014,15.5405683517456,5.324833598,62.1203619599999,TRUE
13458,62.1206710299999,5.322801685,2014,15.5405683517456,5.322801685,62.1206710299999,TRUE
13459,62.12118015,5.323604054,2014,15.5405683517456,5.323604054,62.12118015,TRUE
13460,62.1234923399999,5.324309281,2014,15.5405683517456,5.324309281,62.1234923399999,TRUE
13461,62.11759816,5.330553498,2014,15.5405683517456,5.330553498,62.11759816,TRUE
13462,62.11642779,5.339624476,2014,10.5359954833984,5.339624476,62.11642779,TRUE
13463,62.1158521799999,5.337877289,2014,10.5359954833984,5.337877289,62.1158521799999,TRUE
13464,62.12285516,5.340941162,2014,10.5359954833984,5.340941162,62.12285516,TRUE
13465,62.18926398,5.249818123,2014,12.0413980484009,5.249818123,62.18926398,TRUE
13466,62.19115871,5.241452661,2014,12.0413980484009,5.241452661,62.19115871,TRUE
13467,62.1918701399999,5.24509566,2014,12.0413980484009,5.24509566,62.1918701399999,TRUE
13468,62.1941539999999,5.239024166,2014,12.0413980484009,5.239024166,62.1941539999999,TRUE
13469,62.19560113,5.237099583,2014,12.0413980484009,5.237099583,62.19560113,TRUE
13470,62.19563479,5.237573013,2014,12.0413980484009,5.237573013,62.19563479,TRUE
13471,62.19623094,5.236409972,2014,12.0413980484009,5.236409972,62.19623094,TRUE
13472,62.1968607499999,5.235720331,2014,12.0413980484009,5.235720331,62.1968607499999,TRUE
13473,62.19771171,5.234958583,2014,12.0413980484009,5.234958583,62.19771171,TRUE
13474,62.1982213499999,5.235761361,2014,12.0413980484009,5.235761361,62.1982213499999,TRUE
13475,62.1983751699999,5.234742345,2014,12.0413980484009,5.234742345,62.1983751699999,TRUE
13476,62.19878381,5.234124704,2014,12.0413980484009,5.234124704,62.19878381,TRUE
13477,62.19113938,5.24436487,2014,12.0413980484009,5.24436487,62.19113938,TRUE
13478,62.18739381,5.248973672,2014,12.0413980484009,5.248973672,62.18739381,TRUE
13479,62.1875477399999,5.247955087,2014,12.0413980484009,5.247955087,62.1875477399999,TRUE
13480,62.1935434,5.236801238,2014,12.0413980484009,5.236801238,62.1935434,TRUE
13481,62.19458186,5.235494141,2014,12.0413980484009,5.235494141,62.19458186,TRUE
13482,62.1954087299999,5.243943734,2014,12.0413980484009,5.243943734,62.1954087299999,TRUE
13483,62.1955289699999,5.242451415,2014,12.0413980484009,5.242451415,62.1955289699999,TRUE
13484,62.1956828499999,5.241432522,2014,12.0413980484009,5.241432522,62.1956828499999,TRUE
13485,62.19588469,5.244273166,2014,12.0413980484009,5.244273166,62.19588469,TRUE
13486,62.19590401,5.241360498,2014,12.0413980484009,5.241360498,62.19590401,TRUE
13487,62.1889755899999,5.248943378,2014,12.0413980484009,5.248943378,62.1889755899999,TRUE
13488,62.18944236,5.239590004,2014,12.0413980484009,5.239590004,62.18944236,TRUE
13489,62.1920524299999,5.250848282,2014,12.9537916183472,5.250848282,62.1920524299999,TRUE
13490,62.19491843,5.240228314,2014,12.0413980484009,5.240228314,62.19491843,TRUE
13491,62.1890569099999,5.25327543,2014,12.9537916183472,5.25327543,62.1890569099999,TRUE
13492,62.1907394899999,5.254665482,2014,12.9537916183472,5.254665482,62.1907394899999,TRUE
13493,62.19062979,5.243562121,2014,12.0413980484009,5.243562121,62.19062979,TRUE
13494,62.19159057,5.253904432,2014,12.9537916183472,5.253904432,62.19159057,TRUE
13495,62.19174453,5.252885725,2014,12.9537916183472,5.252885725,62.19174453,TRUE
13496,62.19321644,5.241751316,2014,12.0413980484009,5.241751316,62.19321644,TRUE
13497,62.1952981299999,5.232838766,2014,12.0413980484009,5.232838766,62.1952981299999,TRUE
13498,62.19762978,5.230625388,2014,12.0413980484009,5.230625388,62.19762978,TRUE
13499,62.19238473,5.239600424,2014,12.0413980484009,5.239600424,62.19238473,TRUE
13500,62.18956645,5.254078308,2014,12.9537916183472,5.254078308,62.18956645,TRUE
13501,62.1898212199999,5.254479758,2014,12.9537916183472,5.254479758,62.1898212199999,TRUE
13502,62.18940371,5.245414086,2014,12.0413980484009,5.245414086,62.18940371,TRUE
13503,62.2002069899999,5.241412317,2014,12.0413980484009,5.241412317,62.2002069899999,TRUE
13504,62.1970047599999,5.247299373,2014,12.0413980484009,5.247299373,62.1970047599999,TRUE
13505,62.19858653,5.247268937,2014,12.0413980484009,5.247268937,62.19858653,TRUE
13506,62.19899523,5.246651457,2014,12.0413980484009,5.246651457,62.19899523,TRUE
13507,62.1981442,5.247412915,2014,12.0413980484009,5.247412915,62.1981442,TRUE
13508,62.1981635799999,5.244500024,2014,12.0413980484009,5.244500024,62.1981635799999,TRUE
13509,62.1987068099999,5.245776469,2014,12.0413980484009,5.245776469,62.1987068099999,TRUE
13510,62.1948906399999,5.151104166,2014,15.6603059768677,5.151104166,62.1948906399999,TRUE
13511,62.1947513599999,5.168105618,2014,12.0413980484009,5.168105618,62.1947513599999,TRUE
13512,62.19470125,5.16424653,2014,15.6603059768677,5.16424653,62.19470125,TRUE
13513,62.1946346499999,5.15700172,2014,15.6603059768677,5.15700172,62.1946346499999,TRUE
13514,62.1955001999999,5.165922064,2014,15.6603059768677,5.165922064,62.1955001999999,TRUE
13515,62.195568,5.166868719,2014,12.0413980484009,5.166868719,62.195568,TRUE
13516,62.1959246999999,5.168689488,2014,12.0413980484009,5.168689488,62.1959246999999,TRUE
13517,62.19553546,5.160097001,2014,15.6603059768677,5.160097001,62.19553546,TRUE
13518,62.1959273399999,5.156092551,2014,15.6603059768677,5.156092551,62.1959273399999,TRUE
13519,62.19647012,5.163665809,2014,15.6603059768677,5.163665809,62.19647012,TRUE
13520,62.1974562799999,5.16479548,2014,15.6603059768677,5.16479548,62.1974562799999,TRUE
13521,62.19754383,5.150231897,2014,15.6603059768677,5.150231897,62.19754383,TRUE
13522,62.19893622,5.163340568,2014,15.6603059768677,5.163340568,62.19893622,TRUE
13523,62.19949779,5.161702594,2014,15.6603059768677,5.161702594,62.19949779,TRUE
13524,62.20084073,5.164653313,2014,15.6603059768677,5.164653313,62.20084073,TRUE
13525,62.20040076,5.152199732,2014,15.6603059768677,5.152199732,62.20040076,TRUE
13526,62.20296634,5.165893618,2014,15.6603059768677,5.165893618,62.20296634,TRUE
13527,62.20351163,5.160868708,2014,15.6603059768677,5.160868708,62.20351163,TRUE
13528,62.19676032,5.15824126,2014,15.6603059768677,5.15824126,62.19676032,TRUE
13529,62.20252412,5.166038812,2014,15.6603059768677,5.166038812,62.20252412,TRUE
13530,62.20376361,5.173869784,2014,12.0413980484009,5.173869784,62.20376361,TRUE
13531,62.1965906499999,5.1558746,2014,15.6603059768677,5.1558746,62.1965906499999,TRUE
13532,62.19863094,5.159080229,2014,15.6603059768677,5.159080229,62.19863094,TRUE
13533,62.19898774,5.160901079,2014,15.6603059768677,5.160901079,62.19898774,TRUE
13534,62.20121633,5.157261712,2014,15.6603059768677,5.157261712,62.20121633,TRUE
13535,62.2030015699999,5.160067107,2014,15.6603059768677,5.160067107,62.2030015699999,TRUE
13536,62.20522898,5.162727575,2014,15.6603059768677,5.162727575,62.20522898,TRUE
13537,62.1970285299999,5.174625427,2014,12.0413980484009,5.174625427,62.1970285299999,TRUE
13538,62.19582552,5.154672599,2014,15.6603059768677,5.154672599,62.19582552,TRUE
13540,62.19851269,5.154273965,2014,15.6603059768677,5.154273965,62.19851269,TRUE
13541,62.20153641,5.171208591,2014,12.0413980484009,5.171208591,62.20153641,TRUE
13544,62.19718358,5.167307416,2014,12.0413980484009,5.167307416,62.19718358,TRUE
13545,62.19762828,5.154564634,2014,15.6603059768677,5.154564634,62.19762828,TRUE
13546,62.20184453,5.162870024,2014,15.6603059768677,5.162870024,62.20184453,TRUE
13547,62.1948392899999,5.153543324,2014,15.6603059768677,5.153543324,62.1948392899999,TRUE
13548,62.20096129,5.156860968,2014,15.6603059768677,5.156860968,62.20096129,TRUE
13549,62.20225397,5.155951578,2014,15.6603059768677,5.155951578,62.20225397,TRUE
13550,62.20286586,5.158173375,2014,15.6603059768677,5.158173375,62.20286586,TRUE
13551,62.2054500799999,5.162654946,2014,15.6603059768677,5.162654946,62.2054500799999,TRUE
13552,62.1938005299999,5.161151199,2014,15.6603059768677,5.161151199,62.1938005299999,TRUE
13553,62.2005680299999,5.167165535,2014,12.0413980484009,5.167165535,62.2005680299999,TRUE
13554,62.19354551,5.160750515,2014,15.6603059768677,5.160750515,62.19354551,TRUE
13555,62.19371358,5.169414993,2014,12.0413980484009,5.169414993,62.19371358,TRUE
13556,62.2045642,5.16924575,2014,12.0413980484009,5.16924575,62.2045642,TRUE
13602,62.0938254599999,5.237787283,2015,8.77141189575195,5.237787283,62.0938254599999,TRUE
13603,62.0945562,5.238515763,2015,8.77141189575195,5.238515763,62.0945562,TRUE
13604,62.0952727,5.235869464,2015,8.77141189575195,5.235869464,62.0952727,TRUE
13606,62.0984840599999,5.239655615,2015,8.77141189575195,5.239655615,62.0984840599999,TRUE
13611,62.0987775999999,5.234249234,2015,8.77141189575195,5.234249234,62.0987775999999,TRUE
13612,62.0993880999999,5.236465295,2015,8.77141189575195,5.236465295,62.0993880999999,TRUE
13619,62.0967871699999,5.234895228,2015,8.77141189575195,5.234895228,62.0967871699999,TRUE
13623,62.0957679799999,5.233294824,2015,8.77141189575195,5.233294824,62.0957679799999,TRUE
13627,62.0978011099999,5.242774031,2015,8.77141189575195,5.242774031,62.0978011099999,TRUE
13639,62.0937582099999,5.236843597,2015,8.77141189575195,5.236843597,62.0937582099999,TRUE
13640,62.0941668999999,5.23622825,2015,8.77141189575195,5.23622825,62.0941668999999,TRUE
13641,62.0958442299999,5.243891323,2015,8.77141189575195,5.243891323,62.0958442299999,TRUE
13644,62.0964936,5.240301247,2015,8.77141189575195,5.240301247,62.0964936,TRUE
13645,62.09676781,5.237798317,2015,8.77141189575195,5.237798317,62.09676781,TRUE
13772,61.8881184,5.253176944,2015,10.3293914794922,5.253176944,61.8881184,TRUE
13773,61.88620006,5.232697751,2015,10.9449739456177,5.232697751,61.88620006,TRUE
13774,61.88691098,5.236304635,2015,10.9449739456177,5.236304635,61.88691098,TRUE
13775,61.88768263,5.247083991,2015,10.9449739456177,5.247083991,61.88768263,TRUE
13776,61.8881920299999,5.247879255,2015,10.9449739456177,5.247879255,61.8881920299999,TRUE
13777,61.88829261,5.24928533,2015,10.9449739456177,5.24928533,61.88829261,TRUE
13778,61.8884266999999,5.251160114,2015,10.3293914794922,5.251160114,61.8884266999999,TRUE
13779,61.88713795,5.229998704,2015,10.9449739456177,5.229998704,61.88713795,TRUE
13780,61.88787654,5.24030926,2015,10.9449739456177,5.24030926,61.88787654,TRUE
13781,61.88878194,5.252963901,2015,10.3293914794922,5.252963901,61.88878194,TRUE
13782,61.8873591099999,5.229927526,2015,10.9449739456177,5.229927526,61.8873591099999,TRUE
13783,61.88843318,5.244924992,2015,10.9449739456177,5.244924992,61.88843318,TRUE
13784,61.8893113999999,5.250875991,2015,10.3293914794922,5.250875991,61.8893113999999,TRUE
13785,61.88941195,5.252282131,2015,10.3293914794922,5.252282131,61.88941195,TRUE
13786,61.8893314399999,5.247992691,2015,10.9449739456177,5.247992691,61.8893314399999,TRUE
13787,61.88982079,5.251671361,2015,10.3293914794922,5.251671361,61.88982079,TRUE
13788,61.88987437,5.249256729,2015,10.9449739456177,5.249256729,61.88987437,TRUE
13789,61.88878685,5.230906455,2015,10.9449739456177,5.230906455,61.88878685,TRUE
13790,61.88882044,5.231375131,2015,10.9449739456177,5.231375131,61.88882044,TRUE
13791,61.8889744299999,5.230366601,2015,10.9449739456177,5.230366601,61.8889744299999,TRUE
13792,61.88842557,5.235338013,2015,10.9449739456177,5.235338013,61.88842557,TRUE
13793,61.88998138,5.24442745,2015,10.9449739456177,5.24442745,61.88998138,TRUE
13794,61.89016901,5.243887652,2015,10.9449739456177,5.243887652,61.89016901,TRUE
13795,61.88693844,5.243008076,2015,10.9449739456177,5.243008076,61.88693844,TRUE
13796,61.8869583099999,5.24012501,2015,10.9449739456177,5.24012501,61.8869583099999,TRUE
13797,61.88696429,5.233890231,2015,10.9449739456177,5.233890231,61.88696429,TRUE
13798,61.88862778,5.253972325,2015,10.3293914794922,5.253972325,61.88862778,TRUE
13799,61.88747377,5.23468525,2015,10.9449739456177,5.23468525,61.88747377,TRUE
13800,61.8883386799999,5.237283855,2015,10.9449739456177,5.237283855,61.8883386799999,TRUE
13801,61.8893849399999,5.245578097,2015,10.9449739456177,5.245578097,61.8893849399999,TRUE
13802,61.8895190799999,5.247452926,2015,10.9449739456177,5.247452926,61.8895190799999,TRUE
13803,61.88876718,5.233789683,2015,10.9449739456177,5.233789683,61.88876718,TRUE
13804,61.88929048,5.237936716,2015,10.9449739456177,5.237936716,61.88929048,TRUE
13805,61.89024966,5.248177187,2015,10.9449739456177,5.248177187,61.89024966,TRUE
13806,61.88986706,5.239669268,2015,10.9449739456177,5.239669268,61.88986706,TRUE
13807,61.88949783,5.234513594,2015,10.9449739456177,5.234513594,61.88949783,TRUE
13808,61.89114785,5.251245167,2015,10.3293914794922,5.251245167,61.89114785,TRUE
13809,61.8918918099999,5.25532186,2015,10.3293914794922,5.25532186,61.8918918099999,TRUE
13810,61.88648838,5.233563881,2015,10.9449739456177,5.233563881,61.88648838,TRUE
13811,61.88686355,5.232484281,2015,10.9449739456177,5.232484281,61.88686355,TRUE
13812,61.8904037699999,5.247168683,2015,10.9449739456177,5.247168683,61.8904037699999,TRUE
13813,61.8866302599999,5.245024878,2015,10.9449739456177,5.245024878,61.8866302599999,TRUE
13814,61.88963212,5.236388368,2015,10.9449739456177,5.236388368,61.88963212,TRUE
13815,61.8895175099999,5.231630296,2015,10.9449739456177,5.231630296,61.8895175099999,TRUE
13816,61.89104729,5.249838953,2015,10.9449739456177,5.249838953,61.89104729,TRUE
13817,61.8924749099999,5.250818931,2015,10.3293914794922,5.250818931,61.8924749099999,TRUE
13818,61.88633437,5.234572313,2015,10.9449739456177,5.234572313,61.88633437,TRUE
13819,61.8913342999999,5.23488178,2015,10.9449739456177,5.23488178,61.8913342999999,TRUE
13820,61.89329257,5.249597207,2015,10.9449739456177,5.249597207,61.89329257,TRUE
14029,64.28838333,10.37593333,2008,11.2831115722656,10.37593333,64.28838333,TRUE
14030,64.28578333,10.38833333,2008,11.2831115722656,10.38833333,64.28578333,TRUE
14115,70.5071429999999,23.985544,2016,10.1571979522705,23.985544,70.5071429999999,TRUE
14116,70.5077579999999,23.983039,2016,10.1571979522705,23.983039,70.5077579999999,TRUE
14117,70.5094359999999,23.94996,2016,10.1571979522705,23.94996,70.5094359999999,TRUE
14118,70.508032,23.981342,2016,10.1571979522705,23.981342,70.508032,TRUE
14119,70.5083609999999,23.983364,2016,10.1571979522705,23.983364,70.5083609999999,TRUE
14120,70.5080109999999,23.992083,2016,10.1571979522705,23.992083,70.5080109999999,TRUE
14121,70.507642,23.9927759999999,2016,10.1571979522705,23.9927759999999,70.507642,TRUE
14122,70.510962,23.9528679999999,2016,10.1571979522705,23.9528679999999,70.510962,TRUE
14123,70.510833,23.954708,2016,10.1571979522705,23.954708,70.510833,TRUE
14124,70.50933,23.981694,2016,10.1571979522705,23.981694,70.50933,TRUE
14125,70.5104039999999,23.972617,2016,10.1571979522705,23.972617,70.5104039999999,TRUE
14126,70.510565,23.9737949999999,2016,10.1571979522705,23.9737949999999,70.510565,TRUE
14127,70.509544,23.9975169999999,2016,10.1571979522705,23.9975169999999,70.509544,TRUE
14128,70.510158,23.9886139999999,2016,10.1571979522705,23.9886139999999,70.510158,TRUE
14129,70.5106969999999,23.9828249999999,2016,10.1571979522705,23.9828249999999,70.5106969999999,TRUE
14130,70.510389,23.987427,2016,10.1571979522705,23.987427,70.510389,TRUE
14131,70.511143,23.976824,2016,10.1571979522705,23.976824,70.511143,TRUE
14132,70.5101039999999,24.0032749999999,2016,8.01913356781006,24.0032749999999,70.5101039999999,TRUE
14133,70.511903,23.976008,2016,10.1571979522705,23.976008,70.511903,TRUE
14134,70.5123559999999,23.972583,2016,10.1571979522705,23.972583,70.5123559999999,TRUE
14135,70.5114219999999,23.998096,2016,10.1571979522705,23.998096,70.5114219999999,TRUE
14136,70.511751,23.9998019999999,2016,10.1571979522705,23.9998019999999,70.511751,TRUE
14137,70.511886,24.0038149999999,2016,8.01913356781006,24.0038149999999,70.511886,TRUE
14138,70.515297,23.9544549999999,2016,10.1571979522705,23.9544549999999,70.515297,TRUE
14139,70.515663,23.959197,2016,10.1571979522705,23.959197,70.515663,TRUE
14140,70.512715,24.0179259999999,2016,8.01913356781006,24.0179259999999,70.512715,TRUE
14141,70.513643,24.030114,2016,8.01913356781006,24.030114,70.513643,TRUE
14142,70.517216,23.9767769999999,2016,10.1571979522705,23.9767769999999,70.517216,TRUE
14143,70.517447,23.985188,2016,10.1571979522705,23.985188,70.517447,TRUE
14144,70.517971,23.982747,2016,10.1571979522705,23.982747,70.517971,TRUE
14145,70.5180929999999,23.990732,2016,10.1571979522705,23.990732,70.5180929999999,TRUE
14146,70.5202309999999,23.999485,2016,10.1571979522705,23.999485,70.5202309999999,TRUE
14147,70.5223799999999,23.9865929999999,2016,10.1571979522705,23.9865929999999,70.5223799999999,TRUE
14148,70.5224999999999,23.992327,2016,10.1571979522705,23.992327,70.5224999999999,TRUE
14149,70.5229949999999,23.991406,2016,10.1571979522705,23.991406,70.5229949999999,TRUE
14150,70.522968,23.993611,2016,10.1571979522705,23.993611,70.522968,TRUE
14151,70.5232989999999,23.9951499999999,2016,10.1571979522705,23.9951499999999,70.5232989999999,TRUE
14152,70.5240009999999,24.003705,2016,8.01913356781006,24.003705,70.5240009999999,TRUE
14197,70.9424989999999,25.478038,2016,10.212306022644,25.478038,70.9424989999999,TRUE
14198,70.946335,25.463946,2016,10.212306022644,25.463946,70.946335,TRUE
14199,70.947502,25.461624,2016,10.212306022644,25.461624,70.947502,TRUE
14200,70.948142,25.464855,2016,10.212306022644,25.464855,70.948142,TRUE
14201,70.9487859999999,25.460025,2016,10.212306022644,25.460025,70.9487859999999,TRUE
14202,70.9496659999999,25.449397,2017,10.212306022644,25.449397,70.9496659999999,TRUE
14203,70.949977,25.4481879999999,2017,10.212306022644,25.4481879999999,70.949977,TRUE
14204,70.949832,25.451774,2017,10.212306022644,25.451774,70.949832,TRUE
14205,70.9505719999999,25.449126,2017,10.212306022644,25.449126,70.9505719999999,TRUE
14206,70.94732,25.502085,2016,9.7320384979248,25.502085,70.94732,TRUE
14207,70.9505259999999,25.4602569999999,2016,10.212306022644,25.4602569999999,70.9505259999999,TRUE
14208,70.951864,25.4503519999999,2017,10.212306022644,25.4503519999999,70.951864,TRUE
14209,70.9521289999999,25.4548969999999,2017,10.212306022644,25.4548969999999,70.9521289999999,TRUE
14210,70.952115,25.45879,2017,10.212306022644,25.45879,70.952115,TRUE
14211,70.953102,25.455023,2017,10.212306022644,25.455023,70.953102,TRUE
14212,70.953428,25.461496,2017,10.212306022644,25.461496,70.953428,TRUE
14213,70.953674,25.4700999999999,2016,10.212306022644,25.4700999999999,70.953674,TRUE
14214,70.954751,25.455715,2017,10.212306022644,25.455715,70.954751,TRUE
14215,70.954684,25.4605819999999,2017,10.212306022644,25.4605819999999,70.954684,TRUE
14216,70.9561709999999,25.4474349999999,2017,10.212306022644,25.4474349999999,70.9561709999999,TRUE
14217,70.9556319999999,25.455525,2017,10.212306022644,25.455525,70.9556319999999,TRUE
14218,70.9554729999999,25.4585009999999,2017,10.212306022644,25.4585009999999,70.9554729999999,TRUE
14219,70.9560589999999,25.456637,2017,10.212306022644,25.456637,70.9560589999999,TRUE
14220,70.954823,25.486104,2017,10.212306022644,25.486104,70.954823,TRUE
14221,70.955719,25.485655,2017,10.212306022644,25.485655,70.955719,TRUE
14222,70.957138,25.477881,2017,10.212306022644,25.477881,70.957138,TRUE
14223,70.959038,25.446266,2017,10.212306022644,25.446266,70.959038,TRUE
14224,70.9589799999999,25.447946,2017,10.212306022644,25.447946,70.9589799999999,TRUE
14225,70.95753,25.4753049999999,2017,10.212306022644,25.4753049999999,70.95753,TRUE
14226,70.9566659999999,25.485268,2017,10.212306022644,25.485268,70.9566659999999,TRUE
14227,70.9577359999999,25.4801369999999,2017,10.212306022644,25.4801369999999,70.9577359999999,TRUE
14228,70.958613,25.482693,2017,10.212306022644,25.482693,70.958613,TRUE
14229,70.960552,25.4836889999999,2017,10.212306022644,25.4836889999999,70.960552,TRUE
14230,70.962896,25.4820269999999,2017,10.212306022644,25.4820269999999,70.962896,TRUE
14231,70.962529,25.477753,2017,10.212306022644,25.477753,70.962529,TRUE
14232,70.963431,25.4744889999999,2017,10.212306022644,25.4744889999999,70.963431,TRUE
14233,70.9642649999999,25.468914,2017,10.212306022644,25.468914,70.9642649999999,TRUE
14234,70.9650359999999,25.46074,2017,10.212306022644,25.46074,70.9650359999999,TRUE
14235,70.965597,25.460488,2017,10.212306022644,25.460488,70.965597,TRUE
14236,70.966903,25.4602749999999,2017,10.212306022644,25.4602749999999,70.966903,TRUE
14237,70.966245,25.469832,2017,10.212306022644,25.469832,70.966245,TRUE
14238,70.9351709999999,25.604267,2016,8.39030647277832,25.604267,70.9351709999999,TRUE
14239,70.936339,25.6127889999999,2016,8.39030647277832,25.6127889999999,70.936339,TRUE
14240,70.936609,25.6150489999999,2016,8.39030647277832,25.6150489999999,70.936609,TRUE
14241,70.937696,25.621109,2016,8.39030647277832,25.621109,70.937696,TRUE
14242,70.937458,25.6235229999999,2016,8.39030647277832,25.6235229999999,70.937458,TRUE
14243,70.937937,25.61852,2016,8.39030647277832,25.61852,70.937937,TRUE
14244,70.9391969999999,25.625563,2016,8.39030647277832,25.625563,70.9391969999999,TRUE
14245,70.939338,25.627524,2016,8.39030647277832,25.627524,70.939338,TRUE
14246,70.9399279999999,25.631226,2016,8.39030647277832,25.631226,70.9399279999999,TRUE
14247,70.939993,25.633455,2016,8.39030647277832,25.633455,70.939993,TRUE
14248,70.940865,25.627869,2016,8.39030647277832,25.627869,70.940865,TRUE
14249,70.9407599999999,25.629024,2016,8.39030647277832,25.629024,70.9407599999999,TRUE
14250,70.9421119999999,25.6315649999999,2016,8.39030647277832,25.6315649999999,70.9421119999999,TRUE
14251,70.9416879999999,25.638884,2016,8.39030647277832,25.638884,70.9416879999999,TRUE
14252,70.943026,25.622315,2016,8.39030647277832,25.622315,70.943026,TRUE
14253,70.941753,25.6482409999999,2016,8.39030647277832,25.6482409999999,70.941753,TRUE
14254,70.9433719999999,25.626106,2016,8.39030647277832,25.626106,70.9433719999999,TRUE
14255,70.9439189999999,25.627879,2016,8.39030647277832,25.627879,70.9439189999999,TRUE
14256,70.94301,25.6439629999999,2016,8.39030647277832,25.6439629999999,70.94301,TRUE
14257,70.943526,25.6401739999999,2016,8.39030647277832,25.6401739999999,70.943526,TRUE
14258,70.944039,25.6343479999999,2016,8.39030647277832,25.6343479999999,70.944039,TRUE
14259,70.943933,25.6364829999999,2016,8.39030647277832,25.6364829999999,70.943933,TRUE
14260,70.944727,25.6250199999999,2016,8.39030647277832,25.6250199999999,70.944727,TRUE
14261,70.9423529999999,25.6652489999999,2016,8.39030647277832,25.6652489999999,70.9423529999999,TRUE
14262,70.945245,25.6249709999999,2016,8.39030647277832,25.6249709999999,70.945245,TRUE
14263,70.944168,25.643529,2016,8.39030647277832,25.643529,70.944168,TRUE
14264,70.945723,25.618663,2016,8.39030647277832,25.618663,70.945723,TRUE
14265,70.943741,25.6525789999999,2016,8.39030647277832,25.6525789999999,70.943741,TRUE
14266,70.943292,25.661154,2016,8.39030647277832,25.661154,70.943292,TRUE
14267,70.944775,25.642185,2016,8.39030647277832,25.642185,70.944775,TRUE
14268,70.9437049999999,25.6659499999999,2016,8.39030647277832,25.6659499999999,70.9437049999999,TRUE
14269,70.943571,25.666478,2016,8.39030647277832,25.666478,70.943571,TRUE
14270,70.9452289999999,25.64312,2016,8.39030647277832,25.64312,70.9452289999999,TRUE
14271,70.946044,25.632451,2016,8.39030647277832,25.632451,70.946044,TRUE
14272,70.943983,25.6676469999999,2016,9.20948505401611,25.6676469999999,70.943983,TRUE
14273,70.9470129999999,25.6204919999999,2016,8.39030647277832,25.6204919999999,70.9470129999999,TRUE
14274,70.9458419999999,25.639258,2016,8.39030647277832,25.639258,70.9458419999999,TRUE
14275,70.9468739999999,25.6263189999999,2016,8.39030647277832,25.6263189999999,70.9468739999999,TRUE
14276,70.946751,25.632897,2016,8.39030647277832,25.632897,70.946751,TRUE
14277,70.947462,25.6308849999999,2016,8.39030647277832,25.6308849999999,70.947462,TRUE
14278,70.948655,25.6195519999999,2016,8.39030647277832,25.6195519999999,70.948655,TRUE
14279,70.9484989999999,25.622693,2016,8.39030647277832,25.622693,70.9484989999999,TRUE
14696,62.1040649999999,5.431823,2017,9.438796043396,5.431823,62.1040649999999,TRUE
14697,62.106278,5.431119,2017,9.438796043396,5.431119,62.106278,TRUE
14698,62.135936,5.402345,2017,10.5359954833984,5.402345,62.135936,TRUE
14700,62.138041,5.367839,2017,10.5359954833984,5.367839,62.138041,TRUE
14719,62.039396,5.510135,2017,12.0882530212402,5.510135,62.039396,TRUE
14720,62.048903,5.516781,2017,12.0882530212402,5.516781,62.048903,TRUE
14721,62.12299,5.411309,2017,10.5359954833984,5.411309,62.12299,TRUE
14722,62.1252029999999,5.410603,2017,10.5359954833984,5.410603,62.1252029999999,TRUE
14723,62.128967,5.399739,2017,10.5359954833984,5.399739,62.128967,TRUE
14724,62.128636,5.395013,2017,10.5359954833984,5.395013,62.128636,TRUE
14725,62.1315099999999,5.403759,2017,10.5359954833984,5.403759,62.1315099999999,TRUE
14727,62.137155,5.387456,2017,10.5359954833984,5.387456,62.137155,TRUE
14743,62.0371829999999,5.510831,2017,12.0882530212402,5.510831,62.0371829999999,TRUE
14744,62.07578333,5.517416667,2017,12.0882530212402,5.517416667,62.07578333,TRUE
14745,62.1110329999999,5.434435,2017,9.438796043396,5.434435,62.1110329999999,TRUE
14746,62.10882,5.435139,2017,9.438796043396,5.435139,62.10882,TRUE
14747,62.1292979999999,5.404465,2017,10.5359954833984,5.404465,62.1292979999999,TRUE
14748,62.1283049999999,5.390287,2017,10.5359954833984,5.390287,62.1283049999999,TRUE
14798,62.200391,5.483414,2017,12.9942626953125,5.483414,62.200391,TRUE
14803,62.2299039999999,5.919846,2017,5.95550537109375,5.919846,62.2299039999999,TRUE
14804,62.2169209999999,5.92862,2017,5.95550537109375,5.92862,62.2169209999999,TRUE
14805,62.219137,5.927949,2017,5.95550537109375,5.927949,62.219137,TRUE
14806,62.2235689999999,5.926608,2017,5.95550537109375,5.926608,62.2235689999999,TRUE
14807,62.2235889999999,5.8927,2017,8.42563629150391,5.8927,62.2235889999999,TRUE
14808,62.223275,5.887953,2017,8.42563629150391,5.887953,62.223275,TRUE
14809,62.2261189999999,5.896775,2017,8.42563629150391,5.896775,62.2261189999999,TRUE
14810,62.1933149999999,5.577643,2017,9.86890411376953,5.577643,62.1933149999999,TRUE
14811,62.214705,5.929291,2017,5.95550537109375,5.929291,62.214705,TRUE
14812,62.216608,5.923873,2017,5.95550537109375,5.923873,62.216608,TRUE
14913,63.050434,7.404891,2017,13.1429901123047,7.404891,63.050434,TRUE
14930,63.0234809999999,7.406977,2017,13.1429901123047,7.406977,63.0234809999999,TRUE
14931,63.028457,7.415608,2017,13.1429901123047,7.415608,63.028457,TRUE
14934,62.991906,7.925916,2017,8.97860527038574,7.925916,62.991906,TRUE
14935,62.9948699999999,7.940067,2017,8.97860527038574,7.940067,62.9948699999999,TRUE
14936,63.098674,7.72073,2017,10.4795274734497,7.72073,63.098674,TRUE
14937,63.1006459999999,7.715257,2017,10.4795274734497,7.715257,63.1006459999999,TRUE
14946,63.0499039999999,7.693226,2017,10.2804174423218,7.693226,63.0499039999999,TRUE
14947,63.087038,7.713705,2017,10.4795274734497,7.713705,63.087038,TRUE
14948,63.09225,7.727319,2017,10.4795274734497,7.727319,63.09225,TRUE
14949,62.984599,7.694761,2017,12.6919527053833,7.694761,62.984599,TRUE
14950,62.989558,7.70343,2017,12.6919527053833,7.70343,62.989558,TRUE
14951,62.992291,7.712661,2017,12.6919527053833,7.712661,62.992291,TRUE
14952,62.992038,7.707766,2017,12.6919527053833,7.707766,62.992038,TRUE
14953,62.994771,7.716998,2017,12.6919527053833,7.716998,62.994771,TRUE
14954,63.080297,7.670642,2017,10.2804174423218,7.670642,63.080297,TRUE
14955,63.089454,7.6733,2017,10.4795274734497,7.6733,63.089454,TRUE
14967,63.063766,7.699673,2017,10.2804174423218,7.699673,63.063766,TRUE
14968,63.065483,7.6893,2017,10.2804174423218,7.6893,63.065483,TRUE
14969,63.0848129999999,7.714265,2017,10.4795274734497,7.714265,63.0848129999999,TRUE
14970,63.087546,7.723526,2017,10.4795274734497,7.723526,63.087546,TRUE
14973,62.98409,7.684975,2017,12.6919527053833,7.684975,62.98409,TRUE
14974,63.0716499999999,7.677801,2017,10.2804174423218,7.677801,63.0716499999999,TRUE
14975,63.078071,7.671205,2017,10.2804174423218,7.671205,63.078071,TRUE
14976,63.0825219999999,7.670079,2017,10.2804174423218,7.670079,63.0825219999999,TRUE
14977,63.0916789999999,7.672737,2017,10.4795274734497,7.672737,63.0916789999999,TRUE
14981,63.035946,7.905262,2017,10.7806186676025,7.905262,63.035946,TRUE
14986,63.0365499999999,7.696587,2017,10.2804174423218,7.696587,63.0365499999999,TRUE
14987,63.0694239999999,7.678363,2017,10.2804174423218,7.678363,63.0694239999999,TRUE
15034,68.200584,14.3461219999999,2013,13.2291393280029,14.3461219999999,68.200584,TRUE
15035,68.2037239999999,14.34699,2013,13.2291393280029,14.34699,68.2037239999999,TRUE
15036,68.2028179999999,14.344181,2013,13.2291393280029,14.344181,68.2028179999999,TRUE
15037,68.2016639999999,14.342528,2013,13.2291393280029,14.342528,68.2016639999999,TRUE
15038,68.2135349999999,14.10298,2013,12.7693300247192,14.10298,68.2135349999999,TRUE
15039,68.214116,14.103203,2013,12.7693300247192,14.103203,68.214116,TRUE
15040,68.2154579999999,14.1029199999999,2013,12.7693300247192,14.1029199999999,68.2154579999999,TRUE
15041,68.2169459999999,14.104291,2013,12.7693300247192,14.104291,68.2169459999999,TRUE
15042,68.2181499999999,14.103237,2013,12.7693300247192,14.103237,68.2181499999999,TRUE
15043,68.220309,14.104995,2013,12.7693300247192,14.104995,68.220309,TRUE
15044,68.222403,14.1001619999999,2013,12.7693300247192,14.1001619999999,68.222403,TRUE
15045,68.2219249999999,14.097002,2013,12.7693300247192,14.097002,68.2219249999999,TRUE
15046,68.222879,14.09035,2013,12.7693300247192,14.09035,68.222879,TRUE
15047,68.2173889999999,14.087865,2013,12.7693300247192,14.087865,68.2173889999999,TRUE
15048,68.21689,14.0812,2013,12.7467670440674,14.0812,68.21689,TRUE
15049,68.2164319999999,14.079916,2013,12.7467670440674,14.079916,68.2164319999999,TRUE
15050,68.2149979999999,14.081113,2013,12.7467670440674,14.081113,68.2149979999999,TRUE
15051,68.213221,14.074507,2013,12.7467670440674,14.074507,68.213221,TRUE
15052,68.2085809999999,14.07164,2013,12.7467670440674,14.07164,68.2085809999999,TRUE
15053,68.208562,14.063222,2013,12.7467670440674,14.063222,68.208562,TRUE
15054,68.2092209999999,14.060701,2013,12.7467670440674,14.060701,68.2092209999999,TRUE
15055,68.207075,14.062604,2013,12.7467670440674,14.062604,68.207075,TRUE
15056,68.2102289999999,14.0697259999999,2013,12.7467670440674,14.0697259999999,68.2102289999999,TRUE
15057,68.1785249999999,13.8669619999999,2013,14.2547035217285,13.8669619999999,68.1785249999999,TRUE
15058,68.1788889999999,13.871361,2013,14.2547035217285,13.871361,68.1788889999999,TRUE
15059,68.165914,13.843532,2013,11.6721878051758,13.843532,68.165914,TRUE
15060,68.159861,13.817727,2013,12.0925025939941,13.817727,68.159861,TRUE
15061,68.1594139999999,13.813973,2013,12.0925025939941,13.813973,68.1594139999999,TRUE
15062,68.159361,13.812097,2013,12.0925025939941,13.812097,68.159361,TRUE
15063,68.1592129999999,13.808092,2013,12.0925025939941,13.808092,68.1592129999999,TRUE
15064,68.1598929999999,13.8027219999999,2013,12.0925025939941,13.8027219999999,68.1598929999999,TRUE
15065,68.159952,13.8028119999999,2013,12.0925025939941,13.8028119999999,68.159952,TRUE
15066,68.1324,13.77524,2013,12.0925025939941,13.77524,68.1324,TRUE
15067,68.1324369999999,13.775077,2013,12.0925025939941,13.775077,68.1324369999999,TRUE
15068,68.1378569999999,13.753545,2013,12.0925025939941,13.753545,68.1378569999999,TRUE
15069,68.1338599999999,13.592948,2013,12.3664569854736,13.592948,68.1338599999999,TRUE
15070,68.1339669999999,13.589839,2013,12.3664569854736,13.589839,68.1339669999999,TRUE
15071,68.133582,13.586508,2013,12.3664569854736,13.586508,68.133582,TRUE
15072,68.1355259999999,13.583563,2013,12.3664569854736,13.583563,68.1355259999999,TRUE
15073,68.135838,13.584924,2013,12.3664569854736,13.584924,68.135838,TRUE
15074,68.135889,13.585652,2013,12.3664569854736,13.585652,68.135889,TRUE
15075,68.136087,13.5860059999999,2013,12.3664569854736,13.5860059999999,68.136087,TRUE
15076,68.1363369999999,13.585931,2013,12.3664569854736,13.585931,68.1363369999999,TRUE
15077,68.1366699999999,13.58592,2013,12.3664569854736,13.58592,68.1366699999999,TRUE
15078,68.1369959999999,13.5859419999999,2013,12.3664569854736,13.5859419999999,68.1369959999999,TRUE
15079,68.137139,13.585342,2013,12.3664569854736,13.585342,68.137139,TRUE
15080,68.137062,13.5845,2013,12.3664569854736,13.5845,68.137062,TRUE
15081,68.136745,13.584121,2013,12.3664569854736,13.584121,68.136745,TRUE
15082,68.136452,13.584662,2013,12.3664569854736,13.584662,68.136452,TRUE
15083,68.1363539999999,13.5850829999999,2013,12.3664569854736,13.5850829999999,68.1363539999999,TRUE
15084,68.1362819999999,13.584899,2013,12.3664569854736,13.584899,68.1362819999999,TRUE
15085,68.136329,13.5845749999999,2013,12.3664569854736,13.5845749999999,68.136329,TRUE
15086,68.136346,13.584104,2013,12.3664569854736,13.584104,68.136346,TRUE
15087,68.1363259999999,13.583807,2013,12.3664569854736,13.583807,68.1363259999999,TRUE
15088,68.1362029999999,13.5829229999999,2013,14.4387311935425,13.5829229999999,68.1362029999999,TRUE
15089,68.136188,13.582739,2013,14.4387311935425,13.582739,68.136188,TRUE
15090,68.136166,13.5820019999999,2013,14.4387311935425,13.5820019999999,68.136166,TRUE
15091,68.1361899999999,13.581466,2013,14.4387311935425,13.581466,68.1361899999999,TRUE
15092,68.1360269999999,13.580593,2013,14.4387311935425,13.580593,68.1360269999999,TRUE
15093,68.135959,13.580143,2013,14.4387311935425,13.580143,68.135959,TRUE
15094,68.1356889999999,13.579134,2013,14.4387311935425,13.579134,68.1356889999999,TRUE
15095,68.135187,13.5790849999999,2013,14.4387311935425,13.5790849999999,68.135187,TRUE
15096,68.1351329999999,13.5793909999999,2013,14.4387311935425,13.5793909999999,68.1351329999999,TRUE
15097,68.1350139999999,13.580074,2013,14.4387311935425,13.580074,68.1350139999999,TRUE
15098,68.135289,13.5807579999999,2013,14.4387311935425,13.5807579999999,68.135289,TRUE
15099,68.1353809999999,13.580697,2013,14.4387311935425,13.580697,68.1353809999999,TRUE
15100,68.13548,13.5809029999999,2013,14.4387311935425,13.5809029999999,68.13548,TRUE
15101,68.135726,13.5808839999999,2013,14.4387311935425,13.5808839999999,68.135726,TRUE
15102,68.135745,13.581571,2013,14.4387311935425,13.581571,68.135745,TRUE
15103,68.135755,13.581865,2013,14.4387311935425,13.581865,68.135755,TRUE
15104,68.135728,13.5825119999999,2013,14.4387311935425,13.5825119999999,68.135728,TRUE
15105,68.1356729999999,13.583921,2013,12.3664569854736,13.583921,68.1356729999999,TRUE
15106,68.135624,13.584415,2013,12.3664569854736,13.584415,68.135624,TRUE
15107,68.1356399999999,13.585184,2013,12.3664569854736,13.585184,68.1356399999999,TRUE
15108,68.1355879999999,13.58575,2013,12.3664569854736,13.58575,68.1355879999999,TRUE
15109,68.1354719999999,13.586088,2013,12.3664569854736,13.586088,68.1354719999999,TRUE
15110,68.13535,13.586055,2013,12.3664569854736,13.586055,68.13535,TRUE
15111,68.135254,13.585425,2013,12.3664569854736,13.585425,68.135254,TRUE
15112,68.1352119999999,13.585042,2013,12.3664569854736,13.585042,68.1352119999999,TRUE
15113,68.135191,13.584839,2013,12.3664569854736,13.584839,68.135191,TRUE
15114,68.13514,13.584215,2013,12.3664569854736,13.584215,68.13514,TRUE
15115,68.1351379999999,13.583876,2013,12.3664569854736,13.583876,68.1351379999999,TRUE
15116,68.1351779999999,13.583589,2013,12.3664569854736,13.583589,68.1351779999999,TRUE
15117,68.135242,13.583055,2013,14.4387311935425,13.583055,68.135242,TRUE
15118,68.135186,13.582348,2013,14.4387311935425,13.582348,68.135186,TRUE
15119,68.135119,13.582115,2013,14.4387311935425,13.582115,68.135119,TRUE
15120,68.1349909999999,13.5816649999999,2013,14.4387311935425,13.5816649999999,68.1349909999999,TRUE
15121,68.1348409999999,13.581197,2013,14.4387311935425,13.581197,68.1348409999999,TRUE
15122,68.134534,13.581167,2013,14.4387311935425,13.581167,68.134534,TRUE
15123,68.134242,13.582665,2013,14.4387311935425,13.582665,68.134242,TRUE
15124,68.134066,13.583339,2013,12.3664569854736,13.583339,68.134066,TRUE
15125,68.133848,13.584146,2013,12.3664569854736,13.584146,68.133848,TRUE
15126,68.1337199999999,13.583684,2013,12.3664569854736,13.583684,68.1337199999999,TRUE
15127,68.133465,13.58328,2013,14.4387311935425,13.58328,68.133465,TRUE
15128,68.1191929999999,13.57497,2013,14.4387311935425,13.57497,68.1191929999999,TRUE
15129,68.1189219999999,13.572782,2013,14.4387311935425,13.572782,68.1189219999999,TRUE
15130,68.1190959999999,13.571208,2013,14.4387311935425,13.571208,68.1190959999999,TRUE
15131,68.118453,13.5717029999999,2013,14.4387311935425,13.5717029999999,68.118453,TRUE
15132,68.119343,13.568408,2013,14.4387311935425,13.568408,68.119343,TRUE
15133,68.1191089999999,13.566345,2013,14.4387311935425,13.566345,68.1191089999999,TRUE
15134,68.1140809999999,13.573999,2013,14.4387311935425,13.573999,68.1140809999999,TRUE
15135,68.114621,13.57318,2013,14.4387311935425,13.57318,68.114621,TRUE
15136,68.1150339999999,13.572575,2013,14.4387311935425,13.572575,68.1150339999999,TRUE
15137,68.115008,13.571251,2013,14.4387311935425,13.571251,68.115008,TRUE
15138,68.1148699999999,13.569685,2013,14.4387311935425,13.569685,68.1148699999999,TRUE
15139,68.1147809999999,13.569307,2013,14.4387311935425,13.569307,68.1147809999999,TRUE
15140,68.114365,13.568076,2013,14.4387311935425,13.568076,68.114365,TRUE
15141,68.1147279999999,13.566888,2013,14.4387311935425,13.566888,68.1147279999999,TRUE
15142,68.1154439999999,13.565992,2013,14.4387311935425,13.565992,68.1154439999999,TRUE
15143,68.115211,13.56432,2013,14.4387311935425,13.56432,68.115211,TRUE
15144,68.1117679999999,13.563814,2013,14.4387311935425,13.563814,68.1117679999999,TRUE
15145,68.157324,13.54021,2013,14.4387311935425,13.54021,68.157324,TRUE
15146,68.1580139999999,13.541166,2013,14.4387311935425,13.541166,68.1580139999999,TRUE
15147,68.1591439999999,13.54298,2013,14.4387311935425,13.54298,68.1591439999999,TRUE
15148,68.160846,13.545261,2013,14.4387311935425,13.545261,68.160846,TRUE
15149,68.1632129999999,13.549434,2013,14.4387311935425,13.549434,68.1632129999999,TRUE
15150,68.163515,13.551645,2013,14.4387311935425,13.551645,68.163515,TRUE
15151,68.1662699999999,13.5648339999999,2013,14.4387311935425,13.5648339999999,68.1662699999999,TRUE
15152,68.174412,13.573983,2013,14.5901889801025,13.573983,68.174412,TRUE
15153,68.1762559999999,13.572198,2013,14.5901889801025,13.572198,68.1762559999999,TRUE
15154,68.1776019999999,13.574324,2013,14.5901889801025,13.574324,68.1776019999999,TRUE
15155,68.1772059999999,13.579025,2013,14.5901889801025,13.579025,68.1772059999999,TRUE
15156,68.174035,13.585737,2013,NA,13.585737,68.174035,TRUE
15157,68.1736159999999,13.589154,2013,NA,13.589154,68.1736159999999,TRUE
15158,68.1710559999999,13.604063,2013,NA,13.604063,68.1710559999999,TRUE
15159,68.171687,13.607892,2013,NA,13.607892,68.171687,TRUE
15160,68.1708629999999,13.6154449999999,2013,NA,13.6154449999999,68.1708629999999,TRUE
15161,68.1697379999999,13.616808,2013,NA,13.616808,68.1697379999999,TRUE
15162,68.1694899999999,13.61701,2013,NA,13.61701,68.1694899999999,TRUE
15163,68.169672,13.6173179999999,2013,NA,13.6173179999999,68.169672,TRUE
15164,68.1694839999999,13.617642,2013,NA,13.617642,68.1694839999999,TRUE
15165,68.1695349999999,13.617202,2013,NA,13.617202,68.1695349999999,TRUE
15166,68.169588,13.6172749999999,2013,NA,13.6172749999999,68.169588,TRUE
15167,68.169629,13.617388,2013,NA,13.617388,68.169629,TRUE
15168,68.1696359999999,13.617646,2013,NA,13.617646,68.1696359999999,TRUE
15169,68.1695739999999,13.617411,2013,NA,13.617411,68.1695739999999,TRUE
15170,68.1695569999999,13.617255,2013,NA,13.617255,68.1695569999999,TRUE
15171,68.1695529999999,13.617098,2013,NA,13.617098,68.1695529999999,TRUE
15172,68.1695689999999,13.616916,2013,NA,13.616916,68.1695689999999,TRUE
15173,68.169589,13.616764,2013,NA,13.616764,68.169589,TRUE
15174,68.169611,13.6166,2013,NA,13.6166,68.169611,TRUE
15175,68.169621,13.61631,2013,NA,13.61631,68.169621,TRUE
15176,68.169634,13.615993,2013,NA,13.615993,68.169634,TRUE
15177,68.1696479999999,13.615727,2013,NA,13.615727,68.1696479999999,TRUE
15178,68.169685,13.6152789999999,2013,NA,13.6152789999999,68.169685,TRUE
15179,68.1697589999999,13.614242,2013,NA,13.614242,68.1697589999999,TRUE
15180,68.16955,13.614891,2013,NA,13.614891,68.16955,TRUE
15181,68.1694739999999,13.615194,2013,NA,13.615194,68.1694739999999,TRUE
15182,68.1692199999999,13.615614,2013,NA,13.615614,68.1692199999999,TRUE
15183,68.16902,13.615556,2013,NA,13.615556,68.16902,TRUE
15184,68.169104,13.616101,2013,NA,13.616101,68.169104,TRUE
15185,68.169263,13.6165579999999,2013,NA,13.6165579999999,68.169263,TRUE
15186,68.1693109999999,13.617112,2013,NA,13.617112,68.1693109999999,TRUE
15187,68.1694179999999,13.616873,2013,NA,13.616873,68.1694179999999,TRUE
15188,68.169228,13.6160929999999,2013,NA,13.6160929999999,68.169228,TRUE
15189,68.169284,13.615315,2013,NA,13.615315,68.169284,TRUE
15190,68.169319,13.6152549999999,2013,NA,13.6152549999999,68.169319,TRUE
15191,68.1694059999999,13.615345,2013,NA,13.615345,68.1694059999999,TRUE
15192,68.1694909999999,13.615614,2013,NA,13.615614,68.1694909999999,TRUE
15193,68.1696069999999,13.6157489999999,2013,NA,13.6157489999999,68.1696069999999,TRUE
15194,68.1696879999999,13.615837,2013,NA,13.615837,68.1696879999999,TRUE
15195,68.169763,13.615947,2013,NA,13.615947,68.169763,TRUE
15196,68.169863,13.616073,2013,NA,13.616073,68.169863,TRUE
15197,68.169983,13.6161619999999,2013,NA,13.6161619999999,68.169983,TRUE
15198,68.1699469999999,13.615579,2013,NA,13.615579,68.1699469999999,TRUE
15199,68.1698789999999,13.615332,2013,NA,13.615332,68.1698789999999,TRUE
15200,68.1698039999999,13.615057,2013,NA,13.615057,68.1698039999999,TRUE
15201,68.1696879999999,13.6148729999999,2013,NA,13.6148729999999,68.1696879999999,TRUE
15202,68.1692829999999,13.613777,2013,NA,13.613777,68.1692829999999,TRUE
15203,68.169195,13.613738,2013,NA,13.613738,68.169195,TRUE
15204,68.1691,13.613742,2013,NA,13.613742,68.1691,TRUE
15205,68.1690669999999,13.614386,2013,NA,13.614386,68.1690669999999,TRUE
15206,68.1696029999999,13.612066,2013,NA,13.612066,68.1696029999999,TRUE
15207,68.168953,13.611788,2013,NA,13.611788,68.168953,TRUE
15208,68.168873,13.61213,2013,NA,13.61213,68.168873,TRUE
15209,68.168755,13.612201,2013,NA,13.612201,68.168755,TRUE
15210,68.1686619999999,13.611891,2013,NA,13.611891,68.1686619999999,TRUE
15211,68.168638,13.611534,2013,NA,13.611534,68.168638,TRUE
15212,68.168732,13.611385,2013,NA,13.611385,68.168732,TRUE
15213,68.168706,13.610023,2013,NA,13.610023,68.168706,TRUE
15214,68.1689899999999,13.602155,2013,NA,13.602155,68.1689899999999,TRUE
15215,68.1699579999999,13.598868,2013,NA,13.598868,68.1699579999999,TRUE
15216,68.171434,13.595003,2013,NA,13.595003,68.171434,TRUE
15217,68.1716129999999,13.591372,2013,NA,13.591372,68.1716129999999,TRUE
15218,68.171283,13.589133,2013,NA,13.589133,68.171283,TRUE
15219,68.171092,13.586436,2013,NA,13.586436,68.171092,TRUE
15220,68.1682349999999,13.581084,2013,14.5901889801025,13.581084,68.1682349999999,TRUE
15221,68.168705,13.577947,2013,14.5901889801025,13.577947,68.168705,TRUE
15222,68.1675939999999,13.577837,2013,14.5901889801025,13.577837,68.1675939999999,TRUE
15223,68.1662149999999,13.5791059999999,2013,14.4387311935425,13.5791059999999,68.1662149999999,TRUE
15224,68.166042,13.579335,2013,14.4387311935425,13.579335,68.166042,TRUE
15225,68.164843,13.5801289999999,2013,14.4387311935425,13.5801289999999,68.164843,TRUE
15226,68.1628189999999,13.578999,2013,14.4387311935425,13.578999,68.1628189999999,TRUE
15227,68.1603839999999,13.5724959999999,2013,14.4387311935425,13.5724959999999,68.1603839999999,TRUE
15228,68.1613109999999,13.57199,2013,14.4387311935425,13.57199,68.1613109999999,TRUE
15229,68.1624989999999,13.572148,2013,14.4387311935425,13.572148,68.1624989999999,TRUE
15230,68.1654709999999,13.576959,2013,14.4387311935425,13.576959,68.1654709999999,TRUE
15231,68.16633,13.574802,2013,14.4387311935425,13.574802,68.16633,TRUE
15232,68.16696,13.5695429999999,2013,14.5901889801025,13.5695429999999,68.16696,TRUE
15233,68.1646039999999,13.567245,2013,14.4387311935425,13.567245,68.1646039999999,TRUE
15234,68.1662129999999,13.563183,2013,14.4387311935425,13.563183,68.1662129999999,TRUE
15235,68.1726029999999,13.538868,2013,14.5901889801025,13.538868,68.1726029999999,TRUE
15236,68.1728719999999,13.540224,2013,14.5901889801025,13.540224,68.1728719999999,TRUE
15237,68.173163,13.541352,2013,14.5901889801025,13.541352,68.173163,TRUE
15238,68.173381,13.54237,2013,14.5901889801025,13.54237,68.173381,TRUE
15239,68.1736089999999,13.542945,2013,14.5901889801025,13.542945,68.1736089999999,TRUE
15240,68.173591,13.543888,2013,14.5901889801025,13.543888,68.173591,TRUE
15241,68.173668,13.544975,2013,14.5901889801025,13.544975,68.173668,TRUE
15242,68.173878,13.548652,2013,14.5901889801025,13.548652,68.173878,TRUE
15243,68.174007,13.550565,2013,14.5901889801025,13.550565,68.174007,TRUE
15244,68.172999,13.546548,2013,14.5901889801025,13.546548,68.172999,TRUE
15245,68.1729229999999,13.543925,2013,14.5901889801025,13.543925,68.1729229999999,TRUE
15246,68.172426,13.542983,2013,14.5901889801025,13.542983,68.172426,TRUE
15247,68.172072,13.5431899999999,2013,14.5901889801025,13.5431899999999,68.172072,TRUE
15248,68.1716019999999,13.5440159999999,2013,14.5901889801025,13.5440159999999,68.1716019999999,TRUE
15249,68.1706619999999,13.543459,2013,14.5901889801025,13.543459,68.1706619999999,TRUE
15250,68.168785,13.539961,2013,14.5901889801025,13.539961,68.168785,TRUE
15251,68.167129,13.538537,2013,14.5901889801025,13.538537,68.167129,TRUE
15252,68.166561,13.5365629999999,2013,14.4387311935425,13.5365629999999,68.166561,TRUE
15253,68.166544,13.5337809999999,2013,14.4387311935425,13.5337809999999,68.166544,TRUE
15254,68.1667149999999,13.5297009999999,2013,14.5901889801025,13.5297009999999,68.1667149999999,TRUE
15255,68.1693729999999,13.5247949999999,2013,14.5901889801025,13.5247949999999,68.1693729999999,TRUE
15256,68.198048,14.458513,2013,12.5013761520386,14.458513,68.198048,TRUE
15257,68.1971479999999,14.461028,2013,12.5013761520386,14.461028,68.1971479999999,TRUE
15265,68.203547,14.19167,2013,13.887186050415,14.19167,68.203547,TRUE
15266,68.2072859999999,14.174989,2013,13.887186050415,14.174989,68.2072859999999,TRUE
15267,68.214364,14.189018,2013,13.887186050415,14.189018,68.214364,TRUE
15268,68.2143829999999,14.186946,2013,13.887186050415,14.186946,68.2143829999999,TRUE
15269,68.2467209999999,14.2873649999999,2013,13.4527797698975,14.2873649999999,68.2467209999999,TRUE
15270,68.247853,14.293259,2013,13.4527797698975,14.293259,68.247853,TRUE
15271,68.247585,14.296447,2013,13.4527797698975,14.296447,68.247585,TRUE
15272,68.246921,14.302643,2013,13.4527797698975,14.302643,68.246921,TRUE
15273,68.246261,14.310078,2013,13.4527797698975,14.310078,68.246261,TRUE
15274,68.25284,14.328804,2013,14.2834129333496,14.328804,68.25284,TRUE
15275,68.24696,14.288404,2013,13.4527797698975,14.288404,68.24696,TRUE
15276,68.2466129999999,14.283647,2013,13.4527797698975,14.283647,68.2466129999999,TRUE
15277,68.245908,14.279437,2013,13.4527797698975,14.279437,68.245908,TRUE
15278,68.246108,14.279779,2013,13.4527797698975,14.279779,68.246108,TRUE
15279,68.2459099999999,14.276904,2013,13.4527797698975,14.276904,68.2459099999999,TRUE
15280,68.245759,14.27732,2013,13.4527797698975,14.27732,68.245759,TRUE
15281,68.259304,14.2431439999999,2013,14.033989906311,14.2431439999999,68.259304,TRUE
15282,68.2625089999999,14.249739,2013,14.033989906311,14.249739,68.2625089999999,TRUE
15283,68.2658409999999,14.25916,2013,14.2834129333496,14.25916,68.2658409999999,TRUE
15284,68.2096679999999,14.10382,2013,12.7693300247192,14.10382,68.2096679999999,TRUE
15285,68.2085519999999,14.100425,2013,12.7693300247192,14.100425,68.2085519999999,TRUE
15289,68.179169,13.868624,2013,14.2547035217285,13.868624,68.179169,TRUE
15290,68.1789629999999,13.868408,2013,14.2547035217285,13.868408,68.1789629999999,TRUE
15291,68.1788719999999,13.869361,2013,14.2547035217285,13.869361,68.1788719999999,TRUE
15292,68.178792,13.869986,2013,14.2547035217285,13.869986,68.178792,TRUE
15304,68.166358,13.84775,2013,11.6721878051758,13.84775,68.166358,TRUE
15305,68.1661129999999,13.846181,2013,11.6721878051758,13.846181,68.1661129999999,TRUE
15306,68.165907,13.845229,2013,11.6721878051758,13.845229,68.165907,TRUE
15307,68.159976,13.823159,2013,12.0925025939941,13.823159,68.159976,TRUE
15308,68.1597969999999,13.823973,2013,12.0925025939941,13.823973,68.1597969999999,TRUE
15309,68.1586819999999,13.8233429999999,2013,12.0925025939941,13.8233429999999,68.1586819999999,TRUE
15312,68.0460829999999,13.533989,2013,11.0494356155396,13.533989,68.0460829999999,TRUE
15319,68.001957,13.290993,2013,11.0726003646851,13.290993,68.001957,TRUE
15322,68.1702829999999,13.5206839999999,2013,14.5901889801025,13.5206839999999,68.1702829999999,TRUE
15323,68.170343,13.5254239999999,2013,14.5901889801025,13.5254239999999,68.170343,TRUE
15324,68.1704589999999,13.524851,2013,14.5901889801025,13.524851,68.1704589999999,TRUE
15325,68.170484,13.524082,2013,14.5901889801025,13.524082,68.170484,TRUE
15326,68.170501,13.52252,2013,14.5901889801025,13.52252,68.170501,TRUE
15327,68.170354,13.520535,2013,14.5901889801025,13.520535,68.170354,TRUE
15328,68.17037,13.519996,2013,14.5901889801025,13.519996,68.17037,TRUE
15329,68.170225,13.518613,2013,14.5901889801025,13.518613,68.170225,TRUE
15330,68.170179,13.518209,2013,14.5901889801025,13.518209,68.170179,TRUE
15331,68.1687019999999,13.525396,2013,14.5901889801025,13.525396,68.1687019999999,TRUE
15332,68.1697439999999,13.521763,2013,14.5901889801025,13.521763,68.1697439999999,TRUE
15333,68.169842,13.5209779999999,2013,14.5901889801025,13.5209779999999,68.169842,TRUE
15337,68.027332,13.2264,2014,11.8149242401123,13.2264,68.027332,TRUE
15338,68.046535,13.1634119999999,2014,13.3513355255127,13.1634119999999,68.046535,TRUE
15339,68.0455429999999,13.163999,2014,13.3513355255127,13.163999,68.0455429999999,TRUE
15340,68.044154,13.1644039999999,2014,13.3513355255127,13.1644039999999,68.044154,TRUE
15341,68.04177,13.166033,2014,13.3513355255127,13.166033,68.04177,TRUE
15342,68.0190819999999,13.178996,2014,11.8149242401123,13.178996,68.0190819999999,TRUE
15343,68.018617,13.179451,2014,11.8149242401123,13.179451,68.018617,TRUE
15344,68.016728,13.1808619999999,2014,11.8149242401123,13.1808619999999,68.016728,TRUE
15345,67.992399,13.18767,2014,10.5574417114258,13.18767,67.992399,TRUE
15346,67.973234,13.185689,2014,10.5574417114258,13.185689,67.973234,TRUE
15347,67.961363,13.1732359999999,2014,10.5574417114258,13.1732359999999,67.961363,TRUE
15348,67.9622279999999,13.174993,2014,10.5574417114258,13.174993,67.9622279999999,TRUE
15358,67.890459,13.040865,2014,10.6951179504395,13.040865,67.890459,TRUE
15359,67.890428,13.044096,2014,10.6951179504395,13.044096,67.890428,TRUE
15396,68.104742,13.320327,2014,14.540379524231,13.320327,68.104742,TRUE
15397,68.1050919999999,13.319703,2014,14.540379524231,13.319703,68.1050919999999,TRUE
15398,68.109194,13.310492,2014,14.540379524231,13.310492,68.109194,TRUE
15399,68.109159,13.310044,2014,14.540379524231,13.310044,68.109159,TRUE
15400,68.1086379999999,13.3110219999999,2014,14.540379524231,13.3110219999999,68.1086379999999,TRUE
15401,68.108174,13.3106589999999,2014,14.540379524231,13.3106589999999,68.108174,TRUE
15402,68.1078959999999,13.3099799999999,2014,14.540379524231,13.3099799999999,68.1078959999999,TRUE
15403,68.1080699999999,13.310748,2014,14.540379524231,13.310748,68.1080699999999,TRUE
15404,68.107465,13.313121,2014,14.540379524231,13.313121,68.107465,TRUE
15405,68.10647,13.314289,2014,14.540379524231,13.314289,68.10647,TRUE
15406,68.106181,13.314092,2014,14.540379524231,13.314092,68.106181,TRUE
15407,68.105759,13.314622,2014,14.540379524231,13.314622,68.105759,TRUE
15408,68.1054369999999,13.316012,2014,14.540379524231,13.316012,68.1054369999999,TRUE
15409,68.1053009999999,13.318129,2014,14.540379524231,13.318129,68.1053009999999,TRUE
15410,68.104374,13.3216959999999,2014,14.540379524231,13.3216959999999,68.104374,TRUE
15411,68.1004779999999,13.3248599999999,2014,14.540379524231,13.3248599999999,68.1004779999999,TRUE
15412,68.0998029999999,13.324195,2014,14.540379524231,13.324195,68.0998029999999,TRUE
15413,68.0985239999999,13.323369,2014,14.540379524231,13.323369,68.0985239999999,TRUE
15414,68.0986079999999,13.3227829999999,2014,14.540379524231,13.3227829999999,68.0986079999999,TRUE
15415,68.0987899999999,13.322323,2014,14.540379524231,13.322323,68.0987899999999,TRUE
15416,68.0985349999999,13.32196,2014,14.540379524231,13.32196,68.0985349999999,TRUE
15417,68.70492,15.41577,2014,13.491530418396,15.41577,68.70492,TRUE
15418,68.7052699999999,15.415779,2014,13.491530418396,15.415779,68.7052699999999,TRUE
15419,68.705624,15.415988,2014,13.491530418396,15.415988,68.705624,TRUE
15420,68.7077019999999,15.415938,2014,13.491530418396,15.415938,68.7077019999999,TRUE
15421,68.7080279999999,15.4154459999999,2014,13.491530418396,15.4154459999999,68.7080279999999,TRUE
15422,68.70802,15.415563,2014,13.491530418396,15.415563,68.70802,TRUE
15423,68.675781,15.469841,2014,13.294095993042,15.469841,68.675781,TRUE
15424,68.6764029999999,15.472334,2014,13.294095993042,15.472334,68.6764029999999,TRUE
15425,68.6753729999999,15.471104,2014,13.294095993042,15.471104,68.6753729999999,TRUE
15426,68.673967,15.473031,2014,13.294095993042,15.473031,68.673967,TRUE
15427,68.6741339999999,15.473622,2014,13.294095993042,15.473622,68.6741339999999,TRUE
15428,68.672306,15.472371,2014,13.294095993042,15.472371,68.672306,TRUE
15429,68.6713809999999,15.472391,2014,13.294095993042,15.472391,68.6713809999999,TRUE
15430,68.670839,15.470514,2014,13.294095993042,15.470514,68.670839,TRUE
15431,68.670382,15.468009,2014,13.294095993042,15.468009,68.670382,TRUE
15432,68.6696189999999,15.468346,2014,13.294095993042,15.468346,68.6696189999999,TRUE
15433,68.6674179999999,15.4619509999999,2014,13.294095993042,15.4619509999999,68.6674179999999,TRUE
15434,68.666319,15.460519,2014,11.9771919250488,15.460519,68.666319,TRUE
15435,68.662526,15.464285,2014,11.9771919250488,15.464285,68.662526,TRUE
15436,68.6620609999999,15.4674289999999,2014,11.9771919250488,15.4674289999999,68.6620609999999,TRUE
15437,68.6608229999999,15.468144,2014,11.9771919250488,15.468144,68.6608229999999,TRUE
15438,68.659092,15.4705739999999,2014,11.9771919250488,15.4705739999999,68.659092,TRUE
15439,68.656812,15.4804379999999,2014,11.9771919250488,15.4804379999999,68.656812,TRUE
15440,68.6192439999999,15.616358,2014,14.1734008789062,15.616358,68.6192439999999,TRUE
15441,68.6201999999999,15.62322,2014,14.1734008789062,15.62322,68.6201999999999,TRUE
15442,68.62018,15.624128,2014,14.1734008789062,15.624128,68.62018,TRUE
15443,68.62003,15.624305,2014,14.1734008789062,15.624305,68.62003,TRUE
15444,68.6188939999999,15.62552,2014,14.1734008789062,15.62552,68.6188939999999,TRUE
15445,68.6174019999999,15.624751,2014,14.1734008789062,15.624751,68.6174019999999,TRUE
15446,68.617531,15.623804,2014,14.1734008789062,15.623804,68.617531,TRUE
15447,68.6169419999999,15.586193,2014,14.1734008789062,15.586193,68.6169419999999,TRUE
15448,68.616736,15.587083,2014,14.1734008789062,15.587083,68.616736,TRUE
15449,68.6163099999999,15.587491,2014,14.1734008789062,15.587491,68.6163099999999,TRUE
15450,68.615543,15.585404,2014,14.1734008789062,15.585404,68.615543,TRUE
15451,68.6147229999999,15.586278,2014,14.1734008789062,15.586278,68.6147229999999,TRUE
15452,68.614328,15.587135,2014,14.1734008789062,15.587135,68.614328,TRUE
15453,68.614332,15.588081,2014,14.1734008789062,15.588081,68.614332,TRUE
15454,68.6143229999999,15.588975,2014,14.1734008789062,15.588975,68.6143229999999,TRUE
15455,68.6145669999999,15.590983,2014,14.1734008789062,15.590983,68.6145669999999,TRUE
15456,68.613663,15.584317,2014,14.1734008789062,15.584317,68.613663,TRUE
15457,68.6122009999999,15.58386,2014,14.1734008789062,15.58386,68.6122009999999,TRUE
15458,68.612119,15.5833619999999,2014,14.1734008789062,15.5833619999999,68.612119,TRUE
15459,68.913589,15.6066889999999,2014,NA,15.6066889999999,68.913589,TRUE
15460,68.91458,15.609576,2014,NA,15.609576,68.91458,TRUE
15461,68.9396009999999,15.624412,2014,13.328652381897,15.624412,68.9396009999999,TRUE
15462,68.939362,15.6267239999999,2014,13.328652381897,15.6267239999999,68.939362,TRUE
15463,68.93975,15.6316279999999,2014,13.328652381897,15.6316279999999,68.93975,TRUE
15464,68.9427409999999,15.6351479999999,2014,13.328652381897,15.6351479999999,68.9427409999999,TRUE
15465,68.946453,15.6368709999999,2014,13.328652381897,15.6368709999999,68.946453,TRUE
15466,68.948481,15.636646,2014,13.328652381897,15.636646,68.948481,TRUE
15467,68.949426,15.636772,2014,13.328652381897,15.636772,68.949426,TRUE
15468,68.949117,15.635006,2014,13.328652381897,15.635006,68.949117,TRUE
15469,68.947652,15.6319579999999,2014,13.328652381897,15.6319579999999,68.947652,TRUE
15470,68.947387,15.627776,2014,13.328652381897,15.627776,68.947387,TRUE
15504,68.9743189999999,15.64569,2014,13.328652381897,15.64569,68.9743189999999,TRUE
15505,68.9740979999999,15.648603,2014,13.328652381897,15.648603,68.9740979999999,TRUE
15506,68.9736079999999,15.650247,2014,13.328652381897,15.650247,68.9736079999999,TRUE
15507,68.9736769999999,15.653229,2014,13.328652381897,15.653229,68.9736769999999,TRUE
15508,68.9735069999999,15.6553629999999,2014,13.328652381897,15.6553629999999,68.9735069999999,TRUE
15509,68.973657,15.657176,2014,13.328652381897,15.657176,68.973657,TRUE
15510,68.974056,15.65944,2014,13.328652381897,15.65944,68.974056,TRUE
15511,68.974243,15.661015,2014,13.328652381897,15.661015,68.974243,TRUE
15512,68.97477,15.661064,2014,13.328652381897,15.661064,68.97477,TRUE
15513,68.975223,15.660493,2014,13.328652381897,15.660493,68.975223,TRUE
15514,68.975673,15.662106,2014,13.328652381897,15.662106,68.975673,TRUE
15515,68.976607,15.6649189999999,2014,13.328652381897,15.6649189999999,68.976607,TRUE
15516,68.976971,15.66618,2014,13.328652381897,15.66618,68.976971,TRUE
15517,68.976821,15.668063,2014,13.9638910293579,15.668063,68.976821,TRUE
15518,68.977349,15.671243,2014,13.9638910293579,15.671243,68.977349,TRUE
15519,68.977226,15.671785,2014,13.9638910293579,15.671785,68.977226,TRUE
15520,68.9769979999999,15.67271,2014,13.9638910293579,15.67271,68.9769979999999,TRUE
15521,68.976121,15.672255,2014,13.9638910293579,15.672255,68.976121,TRUE
15522,68.97466,15.670394,2014,13.9638910293579,15.670394,68.97466,TRUE
15523,68.9741089999999,15.669895,2014,13.9638910293579,15.669895,68.9741089999999,TRUE
15524,68.972183,15.674651,2014,13.9638910293579,15.674651,68.972183,TRUE
15525,68.972137,15.675393,2014,13.9638910293579,15.675393,68.972137,TRUE
15526,68.972192,15.677685,2014,13.9638910293579,15.677685,68.972192,TRUE
15527,68.972346,15.678099,2014,13.9638910293579,15.678099,68.972346,TRUE
15528,68.973612,15.6873989999999,2014,13.9638910293579,15.6873989999999,68.973612,TRUE
15529,68.9743519999999,15.691039,2014,13.9638910293579,15.691039,68.9743519999999,TRUE
15530,68.9751579999999,15.697438,2014,13.9638910293579,15.697438,68.9751579999999,TRUE
15531,68.9750899999999,15.6970899999999,2014,13.9638910293579,15.6970899999999,68.9750899999999,TRUE
15532,68.976988,15.664693,2014,13.328652381897,15.664693,68.976988,TRUE
15533,68.977677,15.6623199999999,2014,13.328652381897,15.6623199999999,68.977677,TRUE
15534,68.9789949999999,15.659781,2014,13.328652381897,15.659781,68.9789949999999,TRUE
15535,68.9786689999999,15.655931,2014,13.328652381897,15.655931,68.9786689999999,TRUE
15536,68.978667,15.655633,2014,13.328652381897,15.655633,68.978667,TRUE
15537,68.9788729999999,15.655478,2014,13.328652381897,15.655478,68.9788729999999,TRUE
15538,68.977174,15.6519689999999,2014,13.328652381897,15.6519689999999,68.977174,TRUE
15539,68.976527,15.650956,2014,13.328652381897,15.650956,68.976527,TRUE
15540,68.9761019999999,15.6504809999999,2014,13.328652381897,15.6504809999999,68.9761019999999,TRUE
15541,68.9756859999999,15.649551,2014,13.328652381897,15.649551,68.9756859999999,TRUE
15542,68.9749439999999,15.6474119999999,2014,13.328652381897,15.6474119999999,68.9749439999999,TRUE
15543,68.9742499999999,15.645649,2014,13.328652381897,15.645649,68.9742499999999,TRUE
15544,68.9923849999999,15.617588,2014,13.328652381897,15.617588,68.9923849999999,TRUE
15545,68.9925199999999,15.618292,2014,13.328652381897,15.618292,68.9925199999999,TRUE
15546,68.993599,15.61942,2014,13.328652381897,15.61942,68.993599,TRUE
15547,68.9934959999999,15.619538,2014,13.328652381897,15.619538,68.9934959999999,TRUE
15548,68.993418,15.619672,2014,13.328652381897,15.619672,68.993418,TRUE
15549,68.993339,15.619847,2014,13.328652381897,15.619847,68.993339,TRUE
15550,68.9931519999999,15.620005,2014,13.328652381897,15.620005,68.9931519999999,TRUE
15551,68.99308,15.620537,2014,13.328652381897,15.620537,68.99308,TRUE
15552,68.993216,15.620711,2014,13.328652381897,15.620711,68.993216,TRUE
15553,68.993335,15.621155,2014,13.328652381897,15.621155,68.993335,TRUE
15554,68.993521,15.621273,2014,13.328652381897,15.621273,68.993521,TRUE
15555,68.9935849999999,15.621658,2014,13.328652381897,15.621658,68.9935849999999,TRUE
15556,68.9936349999999,15.621876,2014,13.328652381897,15.621876,68.9936349999999,TRUE
15557,68.993795,15.622156,2014,13.328652381897,15.622156,68.993795,TRUE
15558,68.993924,15.622354,2014,13.328652381897,15.622354,68.993924,TRUE
15559,68.9940529999999,15.6215709999999,2014,13.328652381897,15.6215709999999,68.9940529999999,TRUE
15560,68.99411,15.621127,2014,13.328652381897,15.621127,68.99411,TRUE
15561,68.9940959999999,15.619882,2014,13.328652381897,15.619882,68.9940959999999,TRUE
15562,68.9939179999999,15.619463,2014,13.328652381897,15.619463,68.9939179999999,TRUE
15563,68.9917949999999,15.619626,2014,13.328652381897,15.619626,68.9917949999999,TRUE
15564,68.9818929999999,15.6279889999999,2014,13.328652381897,15.6279889999999,68.9818929999999,TRUE
15565,68.9818049999999,15.629198,2014,13.328652381897,15.629198,68.9818049999999,TRUE
15566,68.981841,15.6311079999999,2014,13.328652381897,15.6311079999999,68.981841,TRUE
15567,68.9821639999999,15.632858,2014,13.328652381897,15.632858,68.9821639999999,TRUE
15568,68.98254,15.633844,2014,13.328652381897,15.633844,68.98254,TRUE
15569,68.9828509999999,15.634432,2014,13.328652381897,15.634432,68.9828509999999,TRUE
15570,68.983573,15.634888,2014,13.328652381897,15.634888,68.983573,TRUE
15571,68.983434,15.635947,2014,13.328652381897,15.635947,68.983434,TRUE
15572,68.6508979999999,14.63538,2014,8.0299654006958,14.63538,68.6508979999999,TRUE
15573,68.650627,14.6332,2014,8.0299654006958,14.6332,68.650627,TRUE
15574,68.6499309999999,14.629374,2014,8.0299654006958,14.629374,68.6499309999999,TRUE
15575,68.64909,14.629697,2014,8.0299654006958,14.629697,68.64909,TRUE
15576,68.6477519999999,14.628961,2014,8.0299654006958,14.628961,68.6477519999999,TRUE
15577,68.6466839999999,14.628335,2014,8.0299654006958,14.628335,68.6466839999999,TRUE
15578,68.6495319999999,14.627855,2014,8.0299654006958,14.627855,68.6495319999999,TRUE
15579,68.6497009999999,14.628579,2014,8.0299654006958,14.628579,68.6497009999999,TRUE
15580,68.650428,14.628486,2014,8.0299654006958,14.628486,68.650428,TRUE
15581,68.6520359999999,14.62808,2014,8.0299654006958,14.62808,68.6520359999999,TRUE
15582,68.6523389999999,14.627878,2014,8.0299654006958,14.627878,68.6523389999999,TRUE
15583,68.6538749999999,14.627191,2014,8.0299654006958,14.627191,68.6538749999999,TRUE
15584,68.654773,14.6265389999999,2014,8.0299654006958,14.6265389999999,68.654773,TRUE
15585,68.6526159999999,14.625204,2014,8.0299654006958,14.625204,68.6526159999999,TRUE
15586,68.6107269999999,14.5930319999999,2014,8.0299654006958,14.5930319999999,68.6107269999999,TRUE
15599,68.2816129999999,14.1359569999999,2014,14.5359220504761,14.1359569999999,68.2816129999999,TRUE
15600,68.281867,14.135615,2014,14.5359220504761,14.135615,68.281867,TRUE
15601,68.281857,14.135517,2014,14.5359220504761,14.135517,68.281857,TRUE
15605,68.28427,14.033753,2014,14.1815128326416,14.033753,68.28427,TRUE
15608,68.322783,14.038962,2014,14.1815128326416,14.038962,68.322783,TRUE
15611,68.32057,14.279515,2014,14.2834129333496,14.279515,68.32057,TRUE
15612,68.330995,14.2789629999999,2014,14.2834129333496,14.2789629999999,68.330995,TRUE
15613,68.323412,14.446861,2014,NA,14.446861,68.323412,TRUE
15614,68.328795,14.4435749999999,2014,NA,14.4435749999999,68.328795,TRUE
15615,68.328827,14.4432639999999,2014,NA,14.4432639999999,68.328827,TRUE
15616,68.328815,14.443027,2014,NA,14.443027,68.328815,TRUE
15617,68.3292859999999,14.442721,2014,NA,14.442721,68.3292859999999,TRUE
15618,68.3326789999999,14.4444,2014,NA,14.4444,68.3326789999999,TRUE
15619,68.2446039999999,13.5615849999999,2014,14.5901889801025,13.5615849999999,68.2446039999999,TRUE
15620,68.2451389999999,13.561048,2014,14.5901889801025,13.561048,68.2451389999999,TRUE
15622,68.7309039999999,14.523883,2014,11.8937969207764,14.523883,68.7309039999999,TRUE
15623,68.7323269999999,14.515582,2014,11.8937969207764,14.515582,68.7323269999999,TRUE
15624,68.7316689999999,14.515146,2014,11.8937969207764,14.515146,68.7316689999999,TRUE
15625,68.7433429999999,14.501136,2014,11.8937969207764,14.501136,68.7433429999999,TRUE
15626,68.738881,14.469639,2014,14.2280502319336,14.469639,68.738881,TRUE
15631,68.908427,15.035871,2014,12.4204797744751,15.035871,68.908427,TRUE
15632,68.88231,15.004728,2014,12.4204797744751,15.004728,68.88231,TRUE
15633,68.8822509999999,15.004548,2014,12.4204797744751,15.004548,68.8822509999999,TRUE
15634,68.8822969999999,15.003466,2014,12.4204797744751,15.003466,68.8822969999999,TRUE
15635,68.8395009999999,14.8160399999999,2014,11.0924406051636,14.8160399999999,68.8395009999999,TRUE
15636,68.839461,14.8166879999999,2014,11.0924406051636,14.8166879999999,68.839461,TRUE
15637,68.8345769999999,14.754471,2014,11.0924406051636,14.754471,68.8345769999999,TRUE
15649,68.2431449999999,13.588874,2014,NA,13.588874,68.2431449999999,TRUE
15650,68.240768,13.5718049999999,2014,14.5901889801025,13.5718049999999,68.240768,TRUE
15662,65.208325,12.062718,2015,9.47847938537598,12.062718,65.208325,TRUE
15663,65.2084499999999,12.0631109999999,2015,9.47847938537598,12.0631109999999,65.2084499999999,TRUE
15664,65.208938,12.076669,2015,9.47847938537598,12.076669,65.208938,TRUE
15665,65.209235,12.0768489999999,2015,9.47847938537598,12.0768489999999,65.209235,TRUE
15685,65.2887029999999,12.080261,2015,11.776159286499,12.080261,65.2887029999999,TRUE
15686,65.288809,12.0810379999999,2015,11.776159286499,12.0810379999999,65.288809,TRUE
15687,65.2888659999999,12.081476,2015,11.776159286499,12.081476,65.2888659999999,TRUE
15688,65.2889289999999,12.08187,2015,11.776159286499,12.08187,65.2889289999999,TRUE
15689,65.2879369999999,12.0642499999999,2015,11.776159286499,12.0642499999999,65.2879369999999,TRUE
15690,65.2880499999999,12.0647389999999,2015,11.776159286499,12.0647389999999,65.2880499999999,TRUE
15691,65.288098,12.065128,2015,11.776159286499,12.065128,65.288098,TRUE
15692,65.2881289999999,12.0653229999999,2015,11.776159286499,12.0653229999999,65.2881289999999,TRUE
15693,65.2876899999999,12.0546849999999,2015,11.776159286499,12.0546849999999,65.2876899999999,TRUE
15694,65.287964,12.056187,2015,11.776159286499,12.056187,65.287964,TRUE
15695,65.28803,12.056711,2015,11.776159286499,12.056711,65.28803,TRUE
15773,65.733851,12.577182,2015,8.54929447174072,12.577182,65.733851,TRUE
15774,65.7338199999999,12.57755,2015,8.54929447174072,12.57755,65.7338199999999,TRUE
15775,65.7335719999999,12.578643,2015,8.54929447174072,12.578643,65.7335719999999,TRUE
15776,65.7214429999999,12.572499,2015,8.54929447174072,12.572499,65.7214429999999,TRUE
15791,65.6213369999999,12.343525,2015,8.17244148254395,12.343525,65.6213369999999,TRUE
15792,65.620968,12.343951,2015,8.17244148254395,12.343951,65.620968,TRUE
15793,65.6207129999999,12.344284,2015,8.17244148254395,12.344284,65.6207129999999,TRUE
15794,65.620551,12.344471,2015,8.17244148254395,12.344471,65.620551,TRUE
15795,65.620345,12.3447119999999,2015,8.17244148254395,12.3447119999999,65.620345,TRUE
15796,65.6202779999999,12.344735,2015,8.17244148254395,12.344735,65.6202779999999,TRUE
15797,65.620168,12.3448259999999,2015,8.17244148254395,12.3448259999999,65.620168,TRUE
15798,65.615454,12.331846,2015,9.19983577728271,12.331846,65.615454,TRUE
15799,65.611114,12.360434,2015,8.17244148254395,12.360434,65.611114,TRUE
15800,65.611005,12.3608119999999,2015,8.17244148254395,12.3608119999999,65.611005,TRUE
15801,65.6108169999999,12.36143,2015,8.17244148254395,12.36143,65.6108169999999,TRUE
15802,65.6107319999999,12.361806,2015,8.17244148254395,12.361806,65.6107319999999,TRUE
16030,66.2008919999999,13.01755,2015,7.25608396530151,13.01755,66.2008919999999,TRUE
16133,66.493086,13.219021,2015,11.5470190048218,13.219021,66.493086,TRUE
16134,66.4931339999999,13.218978,2015,11.5470190048218,13.218978,66.4931339999999,TRUE
16135,66.493121,13.21908,2015,11.5470190048218,13.21908,66.493121,TRUE
16136,66.493144,13.21876,2015,11.5470190048218,13.21876,66.493144,TRUE
16137,66.4927019999999,13.2189859999999,2015,11.5470190048218,13.2189859999999,66.4927019999999,TRUE
16138,66.4925049999999,13.219485,2015,11.5470190048218,13.219485,66.4925049999999,TRUE
16139,66.4922439999999,13.218968,2015,11.5470190048218,13.218968,66.4922439999999,TRUE
16140,66.4896279999999,13.2231869999999,2015,11.5470190048218,13.2231869999999,66.4896279999999,TRUE
16141,66.489536,13.223284,2015,11.5470190048218,13.223284,66.489536,TRUE
16142,66.488364,13.2281169999999,2015,11.5470190048218,13.2281169999999,66.488364,TRUE
16143,66.4878879999999,13.2280169999999,2015,11.5470190048218,13.2280169999999,66.4878879999999,TRUE
16144,66.4884289999999,13.2295669999999,2015,11.5470190048218,13.2295669999999,66.4884289999999,TRUE
16145,66.488647,13.2291209999999,2015,11.5470190048218,13.2291209999999,66.488647,TRUE
16146,66.506077,13.220171,2015,10.666841506958,13.220171,66.506077,TRUE
16147,66.505908,13.2203149999999,2015,10.666841506958,13.2203149999999,66.505908,TRUE
16148,66.515066,13.2215279999999,2015,10.666841506958,13.2215279999999,66.515066,TRUE
16154,66.4940569999999,13.091201,2015,11.0525999069214,13.091201,66.4940569999999,TRUE
16155,66.4936759999999,13.091118,2015,11.0525999069214,13.091118,66.4936759999999,TRUE
16156,66.493919,13.08952,2015,11.0525999069214,13.08952,66.493919,TRUE
16157,66.493852,13.088918,2015,11.0525999069214,13.088918,66.493852,TRUE
16158,66.493789,13.088468,2015,11.0525999069214,13.088468,66.493789,TRUE
16159,66.4936019999999,13.087854,2015,11.0525999069214,13.087854,66.4936019999999,TRUE
16160,66.4933429999999,13.0940429999999,2015,11.0525999069214,13.0940429999999,66.4933429999999,TRUE
16161,66.493463,13.0943939999999,2015,11.0525999069214,13.0943939999999,66.493463,TRUE
16162,66.493858,13.094096,2015,11.0525999069214,13.094096,66.493858,TRUE
16189,66.2850569999999,13.1862359999999,2015,7.69448041915894,13.1862359999999,66.2850569999999,TRUE
16190,66.285048,13.186292,2015,7.69448041915894,13.186292,66.285048,TRUE
16191,66.248114,13.1101399999999,2015,7.52821683883667,13.1101399999999,66.248114,TRUE
16192,66.2480139999999,13.111309,2015,7.52821683883667,13.111309,66.2480139999999,TRUE
16193,66.247484,13.113632,2015,7.52821683883667,13.113632,66.247484,TRUE
16194,66.247031,13.115802,2015,7.52821683883667,13.115802,66.247031,TRUE
16195,66.24684,13.118271,2015,7.52821683883667,13.118271,66.24684,TRUE
16196,66.2472379999999,13.120279,2015,7.52821683883667,13.120279,66.2472379999999,TRUE
16197,66.2472719999999,13.121183,2015,7.52821683883667,13.121183,66.2472719999999,TRUE
16198,66.2470579999999,13.124317,2015,7.52821683883667,13.124317,66.2470579999999,TRUE
16199,66.245838,13.121784,2015,7.52821683883667,13.121784,66.245838,TRUE
16206,66.309475,14.00237,2015,7.75598478317261,14.00237,66.309475,TRUE
16207,66.30892,14.003467,2015,7.75598478317261,14.003467,66.30892,TRUE
16208,66.3089879999999,14.0035589999999,2015,7.75598478317261,14.0035589999999,66.3089879999999,TRUE
16209,66.309539,14.002694,2015,7.75598478317261,14.002694,66.309539,TRUE
16210,66.309576,14.00195,2015,7.75598478317261,14.00195,66.309576,TRUE
16211,66.309583,14.001351,2015,7.75598478317261,14.001351,66.309583,TRUE
16212,66.309696,14.000702,2015,7.75598478317261,14.000702,66.309696,TRUE
16213,66.309773,13.999465,2015,7.61728858947754,13.999465,66.309773,TRUE
16214,66.309588,13.9983369999999,2015,7.61728858947754,13.9983369999999,66.309588,TRUE
16215,66.3098059999999,13.998983,2015,7.61728858947754,13.998983,66.3098059999999,TRUE
16216,66.310164,13.999439,2015,7.61728858947754,13.999439,66.310164,TRUE
16217,66.3099689999999,13.998504,2015,7.61728858947754,13.998504,66.3099689999999,TRUE
16218,66.309757,13.993947,2015,7.61728858947754,13.993947,66.309757,TRUE
16219,66.3088999999999,13.990864,2015,7.61728858947754,13.990864,66.3088999999999,TRUE
16220,66.30835,13.988678,2015,7.61728858947754,13.988678,66.30835,TRUE
16221,66.308001,13.986537,2015,7.61728858947754,13.986537,66.308001,TRUE
16222,66.3064499999999,13.981284,2015,7.61728858947754,13.981284,66.3064499999999,TRUE
16223,66.306769,13.980873,2015,7.61728858947754,13.980873,66.306769,TRUE
16224,66.306745,13.9789689999999,2015,7.61728858947754,13.9789689999999,66.306745,TRUE
16225,66.2580559999999,13.7578,2015,7.01487302780151,13.7578,66.2580559999999,TRUE
16226,66.2581789999999,13.7576509999999,2015,7.01487302780151,13.7576509999999,66.2581789999999,TRUE
16227,66.258262,13.7579049999999,2015,7.01487302780151,13.7579049999999,66.258262,TRUE
16228,66.243509,13.64852,2015,8.75452613830566,13.64852,66.243509,TRUE
16229,66.201919,13.190702,2015,7.84072637557983,13.190702,66.201919,TRUE
16235,66.202561,12.551292,2015,11.7493696212769,12.551292,66.202561,TRUE
16236,66.2026469999999,12.551933,2015,11.7493696212769,12.551933,66.2026469999999,TRUE
16237,66.202758,12.5521639999999,2015,11.7493696212769,12.5521639999999,66.202758,TRUE
16647,63.3190993999999,9.8748703,2009,10.9450235366821,9.8748703,63.3190993999999,TRUE
16648,63.3185997,9.8742905,2009,10.9450235366821,9.8742905,63.3185997,TRUE
16649,63.3188018999999,9.8743,2009,10.9450235366821,9.8743,63.3188018999999,TRUE
16650,63.3181992,9.8712502,2009,10.9450235366821,9.8712502,63.3181992,TRUE
16651,63.3181,9.8711901,2009,10.9450235366821,9.8711901,63.3181,TRUE
16652,63.3177986,9.8713503,2009,10.9450235366821,9.8713503,63.3177986,TRUE
16653,63.3175011,9.8718395,2009,10.9450235366821,9.8718395,63.3175011,TRUE
16654,63.3175011,9.8723202,2009,10.9450235366821,9.8723202,63.3175011,TRUE
16655,63.3184012999999,9.87115,2009,10.9450235366821,9.87115,63.3184012999999,TRUE
16656,63.3181992,9.8711796,2009,10.9450235366821,9.8711796,63.3181992,TRUE
16657,63.3222999999999,9.8246498,2009,NA,9.8246498,63.3222999999999,TRUE
16658,63.3223990999999,9.82480999999999,2009,NA,9.82480999999999,63.3223990999999,TRUE
16659,63.3223990999999,9.82516,2009,NA,9.82516,63.3223990999999,TRUE
16660,63.3223990999999,9.8252497,2009,NA,9.8252497,63.3223990999999,TRUE
16661,63.3226013,9.8253803,2009,NA,9.8253803,63.3226013,TRUE
16662,63.3264999,9.8336296,2009,10.9450235366821,9.8336296,63.3264999,TRUE
16663,63.3263016,9.8336401,2009,10.9450235366821,9.8336401,63.3263016,TRUE
16664,63.3264008,9.8336697,2009,10.9450235366821,9.8336697,63.3264008,TRUE
16665,63.3254013,9.83253,2009,NA,9.83253,63.3254013,TRUE
16666,63.3252983,9.8324604,2009,NA,9.8324604,63.3252983,TRUE
16667,63.3250998999999,9.8319197,2009,NA,9.8319197,63.3250998999999,TRUE
16668,63.3251990999999,9.8317499,2009,NA,9.8317499,63.3251990999999,TRUE
16669,63.3246994,9.8308296,2009,NA,9.8308296,63.3246994,TRUE
16670,63.3247986,9.8312597,2009,NA,9.8312597,63.3247986,TRUE
16671,63.3302002,9.8443203,2009,10.9450235366821,9.8443203,63.3302002,TRUE
16672,63.3302994,9.84446999999999,2009,10.9450235366821,9.84446999999999,63.3302994,TRUE
16673,63.3302002,9.8442402,2009,10.9450235366821,9.8442402,63.3302002,TRUE
16674,63.3698996999999,10.0815001,2009,10.7208690643311,10.0815001,63.3698996999999,TRUE
16675,63.3699988999999,10.0823002,2009,10.7208690643311,10.0823002,63.3699988999999,TRUE
16676,63.3700981,10.0834999,2009,8.67486000061035,10.0834999,63.3700981,TRUE
16677,63.3698996999999,10.0836,2009,8.67486000061035,10.0836,63.3698996999999,TRUE
16678,63.3610000999999,10.0967999,2009,8.67486000061035,10.0967999,63.3610000999999,TRUE
16679,63.3604011999999,10.0954999999999,2009,8.67486000061035,10.0954999999999,63.3604011999999,TRUE
16680,63.3600998,10.0959997,2009,8.67486000061035,10.0959997,63.3600998,TRUE
16681,63.3595009,10.0978002999999,2009,8.67486000061035,10.0978002999999,63.3595009,TRUE
16682,63.3591995,10.0998001,2009,8.67486000061035,10.0998001,63.3591995,TRUE
16683,63.3594016999999,10.1011,2009,8.67486000061035,10.1011,63.3594016999999,TRUE
16684,63.3563995,10.1057997,2009,8.67486000061035,10.1057997,63.3563995,TRUE
16685,63.3564987,10.1061001,2009,8.67486000061035,10.1061001,63.3564987,TRUE
16686,63.3567009,10.1058998,2009,8.67486000061035,10.1058998,63.3567009,TRUE
16687,63.3568993,10.1050997,2009,8.67486000061035,10.1050997,63.3568993,TRUE
16707,63.3160019,10.1826,2009,NA,10.1826,63.3160019,TRUE
16708,63.3162002999999,10.1824999,2009,NA,10.1824999,63.3162002999999,TRUE
16709,63.3166008,10.1820001999999,2009,NA,10.1820001999999,63.3166008,TRUE
16710,63.3165016,10.1820001999999,2009,NA,10.1820001999999,63.3165016,TRUE
16711,63.3165016,10.1817999,2009,NA,10.1817999,63.3165016,TRUE
16712,63.3166999999999,10.1868,2009,NA,10.1868,63.3166999999999,TRUE
16713,63.3166008,10.1868,2009,NA,10.1868,63.3166008,TRUE
16714,63.3166008,10.1866999,2009,NA,10.1866999,63.3166008,TRUE
16715,63.3165016,10.1865997,2009,NA,10.1865997,63.3165016,TRUE
16716,63.3163985999999,10.1865997,2009,NA,10.1865997,63.3163985999999,TRUE
16717,63.3162993999999,10.1864995999999,2009,NA,10.1864995999999,63.3162993999999,TRUE
16718,63.3160019,10.1865997,2009,NA,10.1865997,63.3160019,TRUE
16719,63.3158989,10.1866999,2009,NA,10.1866999,63.3158989,TRUE
16720,63.3157996999999,10.1868,2009,NA,10.1868,63.3157996999999,TRUE
16721,63.3157004999999,10.1868,2009,NA,10.1868,63.3157004999999,TRUE
16722,63.3154984,10.1870002999999,2009,NA,10.1870002999999,63.3154984,TRUE
16723,63.3179015999999,10.1885996,2009,NA,10.1885996,63.3179015999999,TRUE
16724,63.3176994,10.1893996999999,2009,NA,10.1893996999999,63.3176994,TRUE
16725,63.3176003,10.1897001,2009,NA,10.1897001,63.3176003,TRUE
16726,63.3171997,10.1899004,2009,NA,10.1899004,63.3171997,TRUE
16727,63.3170013,10.1903,2009,NA,10.1903,63.3170013,TRUE
16728,63.3166999999999,10.1904001,2009,NA,10.1904001,63.3166999999999,TRUE
16729,63.3166008,10.1903,2009,NA,10.1903,63.3166008,TRUE
16730,63.3165016,10.1901999,2009,NA,10.1901999,63.3165016,TRUE
16731,63.3162993999999,10.1899996,2009,NA,10.1899996,63.3162993999999,TRUE
16732,63.3163985999999,10.1905003,2009,NA,10.1905003,63.3163985999999,TRUE
16733,63.3162993999999,10.1906003999999,2009,NA,10.1906003999999,63.3162993999999,TRUE
16734,63.3165016,10.1911001,2009,NA,10.1911001,63.3165016,TRUE
16735,63.3166999999999,10.1912003,2009,NA,10.1912003,63.3166999999999,TRUE
16736,63.3167991999999,10.1912003,2009,NA,10.1912003,63.3167991999999,TRUE
16737,63.3170013,10.1913996,2009,NA,10.1913996,63.3170013,TRUE
16738,63.3171005,10.1913996,2009,NA,10.1913996,63.3171005,TRUE
16739,63.3171997,10.1912003,2009,NA,10.1912003,63.3171997,TRUE
16740,63.3172988999999,10.191,2009,NA,10.191,63.3172988999999,TRUE
16741,63.3177986,10.1906003999999,2009,NA,10.1906003999999,63.3177986,TRUE
16742,63.3181,10.1904001,2009,NA,10.1904001,63.3181,TRUE
16743,63.3269997,10.2061996,2009,NA,10.2061996,63.3269997,TRUE
16744,63.3350982999999,10.2059002,2009,11.922306060791,10.2059002,63.3350982999999,TRUE
16745,63.3348999,10.2058000999999,2009,11.922306060791,10.2058000999999,63.3348999,TRUE
16746,63.3450011999999,10.1441002,2009,8.67486000061035,10.1441002,63.3450011999999,TRUE
16747,63.3451004,10.1436996,2009,8.67486000061035,10.1436996,63.3451004,TRUE
16748,63.3451004,10.1434002,2009,8.67486000061035,10.1434002,63.3451004,TRUE
16749,63.3451004,10.1431999,2009,8.67486000061035,10.1431999,63.3451004,TRUE
16750,63.3451996,10.1429996,2009,8.67486000061035,10.1429996,63.3451996,TRUE
16751,63.3452988,10.1426000999999,2009,8.67486000061035,10.1426000999999,63.3452988,TRUE
16752,63.3456000999999,10.1416998,2009,8.67486000061035,10.1416998,63.3456000999999,TRUE
16753,63.3456000999999,10.1415004999999,2009,8.67486000061035,10.1415004999999,63.3456000999999,TRUE
16754,63.3456993,10.1408997,2009,8.67486000061035,10.1408997,63.3456993,TRUE
16755,63.3457985,10.1399002,2009,8.67486000061035,10.1399002,63.3457985,TRUE
16756,63.3459014999999,10.1393995,2009,8.67486000061035,10.1393995,63.3459014999999,TRUE
16757,63.3460006999999,10.1391001,2009,8.67486000061035,10.1391001,63.3460006999999,TRUE
16758,63.3462982,10.1384001,2009,8.67486000061035,10.1384001,63.3462982,TRUE
16759,63.3465995999999,10.1381998,2009,8.67486000061035,10.1381998,63.3465995999999,TRUE
16760,63.3466987999999,10.1380997,2009,8.67486000061035,10.1380997,63.3466987999999,TRUE
16761,63.3468018,10.1380997,2009,8.67486000061035,10.1380997,63.3468018,TRUE
16762,63.3469009,10.1379994999999,2009,8.67486000061035,10.1379994999999,63.3469009,TRUE
16763,63.3469009,10.1379003999999,2009,8.67486000061035,10.1379003999999,63.3469009,TRUE
16764,63.3470001,10.1378001999999,2009,8.67486000061035,10.1378001999999,63.3470001,TRUE
16765,63.3470993,10.1375999,2009,8.67486000061035,10.1375999,63.3470993,TRUE
16766,63.3474007,10.1372994999999,2009,8.67486000061035,10.1372994999999,63.3474007,TRUE
16767,63.3478011999999,10.1366996999999,2009,8.67486000061035,10.1366996999999,63.3478011999999,TRUE
16768,63.3480988,10.1358995,2009,8.67486000061035,10.1358995,63.3480988,TRUE
16769,63.3484000999999,10.1352996999999,2009,8.67486000061035,10.1352996999999,63.3484000999999,TRUE
16770,63.3484000999999,10.1351995,2009,8.67486000061035,10.1351995,63.3484000999999,TRUE
16771,63.3485985,10.1348,2009,8.67486000061035,10.1348,63.3485985,TRUE
16772,63.3487014999999,10.1346998,2009,8.67486000061035,10.1346998,63.3487014999999,TRUE
16773,63.3488006999999,10.1345997,2009,8.67486000061035,10.1345997,63.3488006999999,TRUE
16774,63.3488997999999,10.1344995,2009,8.67486000061035,10.1344995,63.3488997999999,TRUE
16775,63.3493995999999,10.1335000999999,2009,8.67486000061035,10.1335000999999,63.3493995999999,TRUE
16776,63.3494986999999,10.1330996,2009,8.67486000061035,10.1330996,63.3494986999999,TRUE
16777,63.3493995999999,10.1303997,2009,8.67486000061035,10.1303997,63.3493995999999,TRUE
16778,63.3498992999999,10.1295996,2009,8.67486000061035,10.1295996,63.3498992999999,TRUE
16779,63.3499984999999,10.1295004,2009,8.67486000061035,10.1295004,63.3499984999999,TRUE
16780,63.3501015,10.1295004,2009,8.67486000061035,10.1295004,63.3501015,TRUE
16781,63.3502998,10.1292,2009,8.67486000061035,10.1292,63.3502998,TRUE
16782,63.3502998,10.1290998,2009,8.67486000061035,10.1290998,63.3502998,TRUE
16783,63.350399,10.1288996,2009,8.67486000061035,10.1288996,63.350399,TRUE
16784,63.3504981999999,10.1288996,2009,8.67486000061035,10.1288996,63.3504981999999,TRUE
16785,63.3504981999999,10.1254997,2009,8.67486000061035,10.1254997,63.3504981999999,TRUE
16786,63.3506012,10.1251000999999,2009,8.67486000061035,10.1251000999999,63.3506012,TRUE
16787,63.3508987,10.1246996,2009,8.67486000061035,10.1246996,63.3508987,TRUE
16788,63.3508987,10.1245002999999,2009,8.67486000061035,10.1245002999999,63.3508987,TRUE
16789,63.3512001,10.1240997,2009,8.67486000061035,10.1240997,63.3512001,TRUE
16790,63.3512993,10.1239004,2009,8.67486000061035,10.1239004,63.3512993,TRUE
16791,63.3518982,10.1187,2009,8.67486000061035,10.1187,63.3518982,TRUE
16792,63.3518982,10.1184998,2009,8.67486000061035,10.1184998,63.3518982,TRUE
16793,63.3520011999999,10.1183996,2009,8.67486000061035,10.1183996,63.3520011999999,TRUE
16794,63.3415985,10.1552,2009,8.67486000061035,10.1552,63.3415985,TRUE
16795,63.3418007,10.1549996999999,2009,8.67486000061035,10.1549996999999,63.3418007,TRUE
16796,63.3418999,10.1548996,2009,8.67486000061035,10.1548996,63.3418999,TRUE
16797,63.3423003999999,10.1548003999999,2009,8.67486000061035,10.1548003999999,63.3423003999999,TRUE
16798,63.3423996,10.1548003999999,2009,8.67486000061035,10.1548003999999,63.3423996,TRUE
16799,63.3423996,10.1546001,2009,8.67486000061035,10.1546001,63.3423996,TRUE
16800,63.3424988,10.1546001,2009,8.67486000061035,10.1546001,63.3424988,TRUE
16801,63.3424988,10.1545,2009,8.67486000061035,10.1545,63.3424988,TRUE
16802,63.3420982,10.1590004,2009,8.67486000061035,10.1590004,63.3420982,TRUE
16803,63.3420982,10.1589003,2009,8.67486000061035,10.1589003,63.3420982,TRUE
16804,63.3423003999999,10.1590004,2009,8.67486000061035,10.1590004,63.3423003999999,TRUE
16805,63.3423996,10.1589003,2009,8.67486000061035,10.1589003,63.3423996,TRUE
16806,63.3424988,10.1589003,2009,8.67486000061035,10.1589003,63.3424988,TRUE
16807,63.3424988,10.1587,2009,8.67486000061035,10.1587,63.3424988,TRUE
16808,63.3424988,10.1585999,2009,8.67486000061035,10.1585999,63.3424988,TRUE
16809,63.3424988,10.1582003,2009,8.67486000061035,10.1582003,63.3424988,TRUE
16810,63.3260002,10.0846996,2009,9.83626842498779,10.0846996,63.3260002,TRUE
16811,63.325901,10.0846003999999,2009,9.83626842498779,10.0846003999999,63.325901,TRUE
16812,63.3256988999999,10.0846003999999,2009,9.83626842498779,10.0846003999999,63.3256988999999,TRUE
16813,63.3255996999999,10.0845003,2009,9.83626842498779,10.0845003,63.3255996999999,TRUE
16814,63.3260993999999,10.0804005,2009,14.1858768463135,10.0804005,63.3260993999999,TRUE
16815,63.3260002,10.0803002999999,2009,14.1858768463135,10.0803002999999,63.3260002,TRUE
16816,63.3266982999999,10.0791998,2009,14.1858768463135,10.0791998,63.3266982999999,TRUE
16817,63.3265991,10.0790997,2009,14.1858768463135,10.0790997,63.3265991,TRUE
16818,63.3274994,10.0768003,2009,14.1858768463135,10.0768003,63.3274994,TRUE
16819,63.3297005,10.0760001999999,2009,14.1858768463135,10.0760001999999,63.3297005,TRUE
16820,63.3296013,10.0759001,2009,14.1858768463135,10.0759001,63.3296013,TRUE
16821,63.3349990999999,10.0696001,2009,10.7208690643311,10.0696001,63.3349990999999,TRUE
16822,63.3348999,10.0692997,2009,10.7208690643311,10.0692997,63.3348999,TRUE
16823,63.3348007,10.0688,2009,10.7208690643311,10.0688,63.3348007,TRUE
16864,63.6170997999999,9.5955296,2009,8.50694465637207,9.5955296,63.6170997999999,TRUE
16865,63.6172980999999,9.59548,2009,8.50694465637207,9.59548,63.6172980999999,TRUE
16866,63.6172980999999,9.5952997,2009,8.50694465637207,9.5952997,63.6172980999999,TRUE
16867,63.6175003,9.5952597,2009,8.50694465637207,9.5952597,63.6175003,TRUE
16868,63.6176986999999,9.5949001,2009,8.50694465637207,9.5949001,63.6176986999999,TRUE
16869,63.6181983999999,9.5942297,2009,8.50694465637207,9.5942297,63.6181983999999,TRUE
16870,63.6165008999999,9.5957003,2009,8.50694465637207,9.5957003,63.6165008999999,TRUE
16871,63.6166991999999,9.59566019999999,2009,8.50694465637207,9.59566019999999,63.6166991999999,TRUE
16893,63.7433014,9.6768599,2009,7.97255611419678,9.6768599,63.7433014,TRUE
17123,63.7042999,11.0700997999999,2009,8.59412479400635,11.0700997999999,63.7042999,TRUE
17124,63.7041016,11.0700997999999,2009,8.59412479400635,11.0700997999999,63.7041016,TRUE
17125,63.7034987999999,11.0688,2009,8.59412479400635,11.0688,63.7034987999999,TRUE
17126,63.7030983,11.0678997,2009,8.59412479400635,11.0678997,63.7030983,TRUE
17127,63.7024994,11.0640000999999,2009,8.59412479400635,11.0640000999999,63.7024994,TRUE
17128,63.7019997,11.0643996999999,2009,8.59412479400635,11.0643996999999,63.7019997,TRUE
17129,63.7018013,11.0646,2009,8.59412479400635,11.0646,63.7018013,TRUE
17130,63.7016982999999,11.0647001,2009,8.59412479400635,11.0647001,63.7016982999999,TRUE
17131,63.7015991,11.0649004,2009,8.59412479400635,11.0649004,63.7015991,TRUE
17132,63.7000007999999,11.0577001999999,2009,8.59412479400635,11.0577001999999,63.7000007999999,TRUE
17133,63.7002983,11.0579003999999,2009,8.59412479400635,11.0579003999999,63.7002983,TRUE
17134,63.7006988999999,11.0580997,2009,8.59412479400635,11.0580997,63.7006988999999,TRUE
17135,63.7010002,11.0581999,2009,8.59412479400635,11.0581999,63.7010002,TRUE
17136,63.7010002,11.0582999999999,2009,8.59412479400635,11.0582999999999,63.7010002,TRUE
17137,63.7010993999999,11.0582999999999,2009,8.59412479400635,11.0582999999999,63.7010993999999,TRUE
17138,63.7011985999999,11.0582999999999,2009,8.59412479400635,11.0582999999999,63.7011985999999,TRUE
17139,63.7010002,11.0579003999999,2009,8.59412479400635,11.0579003999999,63.7010002,TRUE
17140,63.7010002,11.0577001999999,2009,8.59412479400635,11.0577001999999,63.7010002,TRUE
17141,63.7011985999999,11.0578003,2009,8.59412479400635,11.0578003,63.7011985999999,TRUE
17142,63.7011985999999,11.0576,2009,8.59412479400635,11.0576,63.7011985999999,TRUE
17143,63.7010002,11.0565996,2009,8.59412479400635,11.0565996,63.7010002,TRUE
17144,63.700901,11.0558996,2009,8.59412479400635,11.0558996,63.700901,TRUE
17145,63.7008018,11.0558004,2009,8.59412479400635,11.0558004,63.7008018,TRUE
17146,63.7008018,11.0557003,2009,8.59412479400635,11.0557003,63.7008018,TRUE
17147,63.700901,11.0548,2009,8.59412479400635,11.0548,63.700901,TRUE
17148,63.7010002,11.0544004,2009,8.59412479400635,11.0544004,63.7010002,TRUE
17149,63.7010002,11.0539999,2009,8.59412479400635,11.0539999,63.7010002,TRUE
17150,63.7010993999999,11.0539999,2009,8.59412479400635,11.0539999,63.7010993999999,TRUE
17151,63.7010993999999,11.0538998,2009,8.59412479400635,11.0538998,63.7010993999999,TRUE
17152,63.7010993999999,11.0537004,2009,8.59412479400635,11.0537004,63.7010993999999,TRUE
17153,63.7013016,11.0530995999999,2009,8.59412479400635,11.0530995999999,63.7013016,TRUE
17154,63.7014008,11.052,2009,8.59412479400635,11.052,63.7014008,TRUE
17155,63.7014008,11.0518999,2009,8.59412479400635,11.0518999,63.7014008,TRUE
17156,63.7027015999999,11.0458002,2009,8.59412479400635,11.0458002,63.7027015999999,TRUE
17157,63.7027015999999,11.0461998,2009,8.59412479400635,11.0461998,63.7027015999999,TRUE
17158,63.7027015999999,11.0464001,2009,8.59412479400635,11.0464001,63.7027015999999,TRUE
17159,63.7036018,11.0443000999999,2009,8.59412479400635,11.0443000999999,63.7036018,TRUE
17160,63.7034987999999,11.0445004,2009,8.59412479400635,11.0445004,63.7034987999999,TRUE
17161,63.7036018,11.0447998,2009,8.59412479400635,11.0447998,63.7036018,TRUE
17162,63.7038002,11.0445004,2009,8.59412479400635,11.0445004,63.7038002,TRUE
17163,63.7038002,11.0443000999999,2009,8.59412479400635,11.0443000999999,63.7038002,TRUE
17164,63.7038993999999,11.0448999,2009,8.59412479400635,11.0448999,63.7038993999999,TRUE
17165,63.7039985999999,11.0458002,2009,8.59412479400635,11.0458002,63.7039985999999,TRUE
17166,63.7029991,11.0467996999999,2009,8.59412479400635,11.0467996999999,63.7029991,TRUE
17167,63.7028007999999,11.0471001,2009,8.59412479400635,11.0471001,63.7028007999999,TRUE
17168,63.7025986,11.0467996999999,2009,8.59412479400635,11.0467996999999,63.7025986,TRUE
17169,63.7019005,11.0516995999999,2009,8.59412479400635,11.0516995999999,63.7019005,TRUE
17170,63.7016982999999,11.0515003,2009,8.59412479400635,11.0515003,63.7016982999999,TRUE
17171,63.7015991,11.0516004999999,2009,8.59412479400635,11.0516004999999,63.7015991,TRUE
17172,63.7015991,11.0515003,2009,8.59412479400635,11.0515003,63.7015991,TRUE
17173,63.7050017999999,11.0665998,2009,8.59412479400635,11.0665998,63.7050017999999,TRUE
17174,63.7048988,11.0670996,2009,8.59412479400635,11.0670996,63.7048988,TRUE
17175,63.7047005,11.0676003,2009,8.59412479400635,11.0676003,63.7047005,TRUE
17176,63.7039985999999,11.0684996,2009,8.59412479400635,11.0684996,63.7039985999999,TRUE
17177,63.703701,11.0684996,2009,8.59412479400635,11.0684996,63.703701,TRUE
17178,63.7033996999999,11.0684996,2009,8.59412479400635,11.0684996,63.7033996999999,TRUE
17179,63.7033004999999,11.0684996,2009,8.59412479400635,11.0684996,63.7033004999999,TRUE
17180,63.7032013,11.0684996,2009,8.59412479400635,11.0684996,63.7032013,TRUE
17181,63.7075996,11.0690002,2009,8.59412479400635,11.0690002,63.7075996,TRUE
17182,63.7074013,11.0695,2009,8.59412479400635,11.0695,63.7074013,TRUE
17183,63.7070007,11.0703001,2009,8.59412479400635,11.0703001,63.7070007,TRUE
17184,63.7066993999999,11.0705996,2009,8.59412479400635,11.0705996,63.7066993999999,TRUE
17185,63.7062987999999,11.0714998,2009,8.59412479400635,11.0714998,63.7062987999999,TRUE
17186,63.7061004999999,11.0726004,2009,8.59412479400635,11.0726004,63.7061004999999,TRUE
17187,63.7060012999999,11.0734996999999,2009,8.59412479400635,11.0734996999999,63.7060012999999,TRUE
17188,63.7060012999999,11.0737,2009,8.59412479400635,11.0737,63.7060012999999,TRUE
17189,63.7058983,11.0740995,2009,8.59412479400635,11.0740995,63.7058983,TRUE
17190,63.7057991,11.0742998,2009,8.59412479400635,11.0742998,63.7057991,TRUE
17391,63.7765999,11.4228001,2009,NA,11.4228001,63.7765999,TRUE
17392,63.7728996,11.4115,2009,10.3710899353027,11.4115,63.7728996,TRUE
17393,63.7728004,11.4111996,2009,10.3710899353027,11.4111996,63.7728004,TRUE
17394,63.7727013,11.4111004,2009,10.3710899353027,11.4111004,63.7727013,TRUE
17395,63.7727013,11.4119997,2009,10.3710899353027,11.4119997,63.7727013,TRUE
17396,63.7728004,11.4119997,2009,10.3710899353027,11.4119997,63.7728004,TRUE
17397,63.7728996,11.4134998,2009,10.3710899353027,11.4134998,63.7728996,TRUE
17398,63.7728004,11.4143,2009,10.3710899353027,11.4143,63.7728004,TRUE
17399,63.7728004,11.4151001,2009,10.3710899353027,11.4151001,63.7728004,TRUE
17400,63.7728996,11.4159001999999,2009,10.3710899353027,11.4159001999999,63.7728996,TRUE
17401,63.7729988,11.4167004,2009,NA,11.4167004,63.7729988,TRUE
17402,63.7731017999999,11.4174995,2009,NA,11.4174995,63.7731017999999,TRUE
17403,63.773201,11.4181995,2009,NA,11.4181995,63.773201,TRUE
17404,63.7734985,11.4188995,2009,NA,11.4188995,63.7734985,TRUE
17405,63.7737006999999,11.4196997,2009,NA,11.4196997,63.7737006999999,TRUE
17406,63.7739983,11.4202995,2009,NA,11.4202995,63.7739983,TRUE
17407,63.7745018,11.4212998999999,2009,NA,11.4212998999999,63.7745018,TRUE
17408,63.7747992999999,11.4218998,2009,NA,11.4218998,63.7747992999999,TRUE
17409,63.7751998999999,11.4224996999999,2009,NA,11.4224996999999,63.7751998999999,TRUE
17410,63.7755013,11.4229002,2009,NA,11.4229002,63.7755013,TRUE
17411,63.7756996,11.4233999,2009,NA,11.4233999,63.7756996,TRUE
17412,63.776001,11.4238005,2009,NA,11.4238005,63.776001,TRUE
17413,63.7764014999999,11.4242001,2009,NA,11.4242001,63.7764014999999,TRUE
17414,63.7764014999999,11.4238997,2009,NA,11.4238997,63.7764014999999,TRUE
17415,63.7764014999999,11.4240999,2009,NA,11.4240999,63.7764014999999,TRUE
17416,63.7765999,11.4236001999999,2009,NA,11.4236001999999,63.7765999,TRUE
17417,63.7766991,11.4240999,2009,NA,11.4240999,63.7766991,TRUE
17418,63.7767982,11.4244003,2009,NA,11.4244003,63.7767982,TRUE
17419,63.7770003999999,11.4244003,2009,NA,11.4244003,63.7770003999999,TRUE
17420,63.7770996,11.4246998,2009,NA,11.4246998,63.7770996,TRUE
17421,63.7773017999999,11.4246998,2009,NA,11.4246998,63.7773017999999,TRUE
17422,63.7774009999999,11.4247999,2009,NA,11.4247999,63.7774009999999,TRUE
17423,63.7775992999999,11.4251003,2009,NA,11.4251003,63.7775992999999,TRUE
17424,63.7776985,11.4251003,2009,NA,11.4251003,63.7776985,TRUE
17425,63.7779006999999,11.4252005,2009,NA,11.4252005,63.7779006999999,TRUE
17426,63.7779998999999,11.4252996,2009,NA,11.4252996,63.7779998999999,TRUE
17427,63.7781981999999,11.4253997999999,2009,NA,11.4253997999999,63.7781981999999,TRUE
17428,63.7784004,11.4256001,2009,NA,11.4256001,63.7784004,TRUE
17429,63.7784996,11.4256001,2009,NA,11.4256001,63.7784996,TRUE
17430,63.7787018,11.4257002,2009,NA,11.4257002,63.7787018,TRUE
17431,63.778801,11.4257002,2009,NA,11.4257002,63.778801,TRUE
17432,63.7789001,11.4258003,2009,NA,11.4258003,63.7789001,TRUE
17433,63.7790985,11.4259996,2009,NA,11.4259996,63.7790985,TRUE
17434,63.7792014999999,11.4260997999999,2009,NA,11.4260997999999,63.7792014999999,TRUE
17435,63.7793007,11.4260997999999,2009,NA,11.4260997999999,63.7793007,TRUE
17436,63.7794991,11.4261999,2009,NA,11.4261999,63.7794991,TRUE
17437,63.7795982,11.4262999999999,2009,NA,11.4262999999999,63.7795982,TRUE
17438,63.7798003999999,11.4265003,2009,NA,11.4265003,63.7798003999999,TRUE
17439,63.7798996,11.4266995999999,2009,NA,11.4266995999999,63.7798996,TRUE
17440,63.7801017999999,11.4268999,2009,NA,11.4268999,63.7801017999999,TRUE
17441,63.7803000999999,11.4268999,2009,NA,11.4268999,63.7803000999999,TRUE
17442,63.7803992999999,11.427,2009,NA,11.427,63.7803992999999,TRUE
17443,63.7804985,11.4273004999999,2009,NA,11.4273004999999,63.7804985,TRUE
17444,63.7806015,11.4275999,2009,NA,11.4275999,63.7806015,TRUE
17445,63.7807998999999,11.4277,2009,NA,11.4277,63.7807998999999,TRUE
17446,63.7808989999999,11.4278002,2009,NA,11.4278002,63.7808989999999,TRUE
17447,63.7811012,11.4285002,2009,NA,11.4285002,63.7811012,TRUE
17448,63.7813987999999,11.4287004,2009,NA,11.4287004,63.7813987999999,TRUE
17449,63.7817001,11.4287996,2009,NA,11.4287996,63.7817001,TRUE
17450,63.7818984999999,11.4291,2009,NA,11.4291,63.7818984999999,TRUE
17451,63.7820015,11.4296998999999,2009,NA,11.4296998999999,63.7820015,TRUE
17452,63.7820015,11.4301004,2009,NA,11.4301004,63.7820015,TRUE
17453,63.7818984999999,11.4306002,2009,NA,11.4306002,63.7818984999999,TRUE
17454,63.7817993,11.4313002,2009,NA,11.4313002,63.7817993,TRUE
17455,63.7817993,11.4320001999999,2009,NA,11.4320001999999,63.7817993,TRUE
17456,63.7817001,11.4324999,2009,NA,11.4324999,63.7817001,TRUE
17457,63.7817001,11.4331999,2009,NA,11.4331999,63.7817001,TRUE
17458,63.781601,11.4339999999999,2009,NA,11.4339999999999,63.781601,TRUE
17459,63.7817001,11.4343996,2009,NA,11.4343996,63.7817001,TRUE
17460,63.8153,11.4092999,2009,10.3710899353027,11.4092999,63.8153,TRUE
17461,63.8152008,11.4088001,2009,10.3710899353027,11.4088001,63.8152008,TRUE
17462,63.8151015999999,11.4084997,2009,10.3710899353027,11.4084997,63.8151015999999,TRUE
17463,63.8161010999999,11.4055996,2009,10.3710899353027,11.4055996,63.8161010999999,TRUE
17464,63.8158989,11.4055996,2009,10.3710899353027,11.4055996,63.8158989,TRUE
17465,63.8154984,11.4062003999999,2009,10.3710899353027,11.4062003999999,63.8154984,TRUE
17466,63.8152008,11.4055996,2009,10.3710899353027,11.4055996,63.8152008,TRUE
17467,63.8148003,11.4049996999999,2009,10.3710899353027,11.4049996999999,63.8148003,TRUE
17468,63.8146019,11.4041996,2009,10.3710899353027,11.4041996,63.8146019,TRUE
17469,63.8023986999999,11.4240999,2009,NA,11.4240999,63.8023986999999,TRUE
17470,63.8022994999999,11.4247999,2009,NA,11.4247999,63.8022994999999,TRUE
17471,63.8037987,11.4243001999999,2009,NA,11.4243001999999,63.8037987,TRUE
17472,63.8075981,11.4245005,2009,NA,11.4245005,63.8075981,TRUE
17473,63.8082008,11.4231005,2009,NA,11.4231005,63.8082008,TRUE
17474,63.8088989,11.4165001,2009,10.3710899353027,11.4165001,63.8088989,TRUE
17475,63.8115997,11.4149999999999,2009,10.3710899353027,11.4149999999999,63.8115997,TRUE
17476,63.8125,11.4155998,2009,10.3710899353027,11.4155998,63.8125,TRUE
17477,63.8129996999999,11.4130001,2009,10.3710899353027,11.4130001,63.8129996999999,TRUE
17478,63.8134994999999,11.4102001,2009,10.3710899353027,11.4102001,63.8134994999999,TRUE
17479,63.8142014,11.4081001,2009,10.3710899353027,11.4081001,63.8142014,TRUE
17480,63.8143005,11.4104004,2009,10.3710899353027,11.4104004,63.8143005,TRUE
17481,63.8265991,11.4147997,2009,10.3710899353027,11.4147997,63.8265991,TRUE
17482,63.8265991,11.4151001,2009,10.3710899353027,11.4151001,63.8265991,TRUE
17483,63.8269005,11.4166002,2009,10.3710899353027,11.4166002,63.8269005,TRUE
17484,63.8236008,11.4171,2009,NA,11.4171,63.8236008,TRUE
17485,63.8237,11.4168997,2009,NA,11.4168997,63.8237,TRUE
17486,63.8237991,11.4165001,2009,10.3710899353027,11.4165001,63.8237991,TRUE
17487,63.8241997,11.4161997,2009,10.3710899353027,11.4161997,63.8241997,TRUE
17488,63.8247986,11.4156999999999,2009,10.3710899353027,11.4156999999999,63.8247986,TRUE
17489,63.8254013,11.4153004,2009,10.3710899353027,11.4153004,63.8254013,TRUE
17490,63.8240012999999,11.4171,2009,NA,11.4171,63.8240012999999,TRUE
17491,63.8241997,11.4180002,2009,NA,11.4180002,63.8241997,TRUE
17492,63.8244018999999,11.4188004,2009,NA,11.4188004,63.8244018999999,TRUE
17493,63.8247986,11.4196997,2009,NA,11.4196997,63.8247986,TRUE
17494,63.8254013,11.4202002999999,2009,NA,11.4202002999999,63.8254013,TRUE
17495,63.8256988999999,11.4204998,2009,NA,11.4204998,63.8256988999999,TRUE
17496,63.8260002,11.4211998,2009,NA,11.4211998,63.8260002,TRUE
17497,63.8260993999999,11.4219998999999,2009,NA,11.4219998999999,63.8260993999999,TRUE
17498,63.8260002,11.4226999,2009,NA,11.4226999,63.8260002,TRUE
17499,63.8260002,11.4231005,2009,NA,11.4231005,63.8260002,TRUE
17500,63.8261985999999,11.4237003,2009,NA,11.4237003,63.8261985999999,TRUE
17501,63.8268013,11.4238997,2009,NA,11.4238997,63.8268013,TRUE
17502,63.8270988,11.4236001999999,2009,NA,11.4236001999999,63.8270988,TRUE
17503,63.8275986,11.4237003,2009,NA,11.4237003,63.8275986,TRUE
17504,63.8278998999999,11.4242001,2009,NA,11.4242001,63.8278998999999,TRUE
17505,63.8283996999999,11.4247999,2009,NA,11.4247999,63.8283996999999,TRUE
17506,63.828701,11.4246998,2009,NA,11.4246998,63.828701,TRUE
17507,63.8293991,11.4245005,2009,NA,11.4245005,63.8293991,TRUE
17508,63.8302002,11.4242001,2009,NA,11.4242001,63.8302002,TRUE
17509,63.8308983,11.4229002,2009,NA,11.4229002,63.8308983,TRUE
17510,63.8316993999999,11.4226999,2009,NA,11.4226999,63.8316993999999,TRUE
17511,63.8325996,11.4222002,2009,NA,11.4222002,63.8325996,TRUE
17512,63.8339004999999,11.4211998,2009,15.9620523452759,11.4211998,63.8339004999999,TRUE
17513,63.8279991,11.4231005,2009,NA,11.4231005,63.8279991,TRUE
17514,63.8279991,11.4235001,2009,NA,11.4235001,63.8279991,TRUE
17515,63.8278998999999,11.4238997,2009,NA,11.4238997,63.8278998999999,TRUE
17516,63.8297997,11.4214001,2009,NA,11.4214001,63.8297997,TRUE
17517,63.8297997,11.4223003,2009,NA,11.4223003,63.8297997,TRUE
17518,63.8297997,11.4229002,2009,NA,11.4229002,63.8297997,TRUE
17519,63.8298988,11.4238997,2009,NA,11.4238997,63.8298988,TRUE
17520,63.8417014999999,11.4055003999999,2009,12.9401330947876,11.4055003999999,63.8417014999999,TRUE
17521,63.8418999,11.4069996,2009,12.9401330947876,11.4069996,63.8418999,TRUE
17522,63.8376007,11.4072999999999,2009,12.9401330947876,11.4072999999999,63.8376007,TRUE
17523,63.8380013,11.4089003,2009,12.9401330947876,11.4089003,63.8380013,TRUE
17524,63.8384018,11.4092999,2009,12.9401330947876,11.4092999,63.8384018,TRUE
17562,63.9656981999999,11.3136997,2009,14.0618019104004,11.3136997,63.9656981999999,TRUE
17563,63.9655990999999,11.3135004,2009,14.0618019104004,11.3135004,63.9655990999999,TRUE
17564,63.9654998999999,11.3137998999999,2009,14.0618019104004,11.3137998999999,63.9654998999999,TRUE
17565,63.9655990999999,11.3142004,2009,14.0618019104004,11.3142004,63.9655990999999,TRUE
17566,63.9645996,11.3156003999999,2009,14.0618019104004,11.3156003999999,63.9645996,TRUE
17567,63.9631004,11.3164997,2009,14.0618019104004,11.3164997,63.9631004,TRUE
17568,63.9630013,11.3173999999999,2009,14.0618019104004,11.3173999999999,63.9630013,TRUE
17569,63.9627990999999,11.3180999999999,2009,14.0618019104004,11.3180999999999,63.9627990999999,TRUE
17570,63.9631996,11.3183001999999,2009,14.0618019104004,11.3183001999999,63.9631996,TRUE
17571,63.9641991,11.3195,2009,14.0618019104004,11.3195,63.9641991,TRUE
17572,63.9640999,11.3197002,2009,14.0618019104004,11.3197002,63.9640999,TRUE
17573,63.9752007,11.3620996,2009,15.3719806671143,11.3620996,63.9752007,TRUE
17574,63.9748001,11.3625001999999,2009,15.3719806671143,11.3625001999999,63.9748001,TRUE
17575,63.9748001,11.3628997999999,2009,15.3719806671143,11.3628997999999,63.9748001,TRUE
17576,63.9706000999999,11.375,2009,15.3719806671143,11.375,63.9706000999999,TRUE
17577,63.9710006999999,11.375,2009,15.3719806671143,11.375,63.9710006999999,TRUE
17578,63.9710998999999,11.3751000999999,2009,15.3719806671143,11.3751000999999,63.9710998999999,TRUE
17579,63.9711989999999,11.3748999,2009,15.3719806671143,11.3748999,63.9711989999999,TRUE
17580,63.9702988,11.3724003,2009,15.3719806671143,11.3724003,63.9702988,TRUE
17581,63.9702988,11.3723001,2009,15.3719806671143,11.3723001,63.9702988,TRUE
17582,63.9701004,11.3720999,2009,15.3719806671143,11.3720999,63.9701004,TRUE
17583,63.9700011999999,11.3718004,2009,15.3719806671143,11.3718004,63.9700011999999,TRUE
17584,63.9701004,11.3737001,2009,15.3719806671143,11.3737001,63.9701004,TRUE
17585,63.9702988,11.3746004,2009,15.3719806671143,11.3746004,63.9702988,TRUE
17586,63.9704017999999,11.3747997,2009,15.3719806671143,11.3747997,63.9704017999999,TRUE
17587,63.9712982,11.3757,2009,15.3719806671143,11.3757,63.9712982,TRUE
17588,63.9715003999999,11.3760996,2009,15.3719806671143,11.3760996,63.9715003999999,TRUE
17589,63.9718018,11.3767004,2009,15.3719806671143,11.3767004,63.9718018,TRUE
17590,63.9720993,11.3774996,2009,15.3719806671143,11.3774996,63.9720993,TRUE
17591,63.9726982,11.3779001,2009,15.3719806671143,11.3779001,63.9726982,TRUE
17592,63.9730988,11.3786001,2009,15.3719806671143,11.3786001,63.9730988,TRUE
17593,63.9735985,11.3781996,2009,15.3719806671143,11.3781996,63.9735985,TRUE
17594,63.9737014999999,11.3781003999999,2009,15.3719806671143,11.3781003999999,63.9737014999999,TRUE
17595,63.9738997999999,11.3780003,2009,15.3719806671143,11.3780003,63.9738997999999,TRUE
17596,63.9740982,11.3779001,2009,15.3719806671143,11.3779001,63.9740982,TRUE
17597,63.9742012,11.3780003,2009,15.3719806671143,11.3780003,63.9742012,TRUE
17598,63.9744986999999,11.3787003,2009,15.3719806671143,11.3787003,63.9744986999999,TRUE
17599,63.9744986999999,11.3792,2009,15.3719806671143,11.3792,63.9744986999999,TRUE
17600,63.9747009,11.3798999999999,2009,15.3719806671143,11.3798999999999,63.9747009,TRUE
17601,63.9748992999999,11.3804998,2009,15.3719806671143,11.3804998,63.9748992999999,TRUE
17602,63.9749984999999,11.3808001999999,2009,15.3719806671143,11.3808001999999,63.9749984999999,TRUE
17603,63.975399,11.3800001,2009,15.3719806671143,11.3800001,63.975399,TRUE
17604,63.9757004,11.3797998,2009,15.3719806671143,11.3797998,63.9757004,TRUE
17605,64.013298,11.4310999,2009,13.997989654541,11.4310999,64.013298,TRUE
17606,64.0139008,11.4320001999999,2009,13.997989654541,11.4320001999999,64.0139008,TRUE
17607,64.0139999,11.4322996,2009,13.997989654541,11.4322996,64.0139999,TRUE
17608,64.0138015999999,11.4334001999999,2009,13.997989654541,11.4334001999999,64.0138015999999,TRUE
17609,64.0133972,11.4346999999999,2009,13.997989654541,11.4346999999999,64.0133972,TRUE
17610,64.0139999,11.4317999,2009,13.997989654541,11.4317999,64.0139999,TRUE
17611,64.0155029,11.4308004,2009,13.997989654541,11.4308004,64.0155029,TRUE
17612,64.0155029,11.4302998,2009,13.997989654541,11.4302998,64.0155029,TRUE
17613,64.021698,11.4062003999999,2009,12.1841945648193,11.4062003999999,64.021698,TRUE
17614,64.0214995999999,11.4064999,2009,12.1841945648193,11.4064999,64.0214995999999,TRUE
17615,64.021698,11.4062996,2009,12.1841945648193,11.4062996,64.021698,TRUE
17616,64.0231018,11.4046001,2009,12.1841945648193,11.4046001,64.0231018,TRUE
17617,64.0230025999999,11.4055003999999,2009,12.1841945648193,11.4055003999999,64.0230025999999,TRUE
17618,64.0341034,11.3055,2009,10.3280773162842,11.3055,64.0341034,TRUE
17619,64.0339965999999,11.3044004,2009,10.3280773162842,11.3044004,64.0339965999999,TRUE
17620,64.0339965999999,11.3044996,2009,10.3280773162842,11.3044996,64.0339965999999,TRUE
17621,64.0805969,11.2737999,2009,10.3280773162842,11.2737999,64.0805969,TRUE
17622,64.0809021,11.2730999,2009,10.3280773162842,11.2730999,64.0809021,TRUE
17623,64.0809021,11.2731999999999,2009,10.3280773162842,11.2731999999999,64.0809021,TRUE
17624,64.0800018,11.2714996,2009,10.3280773162842,11.2714996,64.0800018,TRUE
17625,64.0777968999999,11.2797003,2009,10.3280773162842,11.2797003,64.0777968999999,TRUE
17626,64.0776977999999,11.2796001,2009,10.3280773162842,11.2796001,64.0776977999999,TRUE
17627,64.0700989,11.2346001,2009,10.3218975067139,11.2346001,64.0700989,TRUE
17628,64.0699996999999,11.2348003,2009,10.3218975067139,11.2348003,64.0699996999999,TRUE
17629,64.0699996999999,11.2349996999999,2009,10.3218975067139,11.2349996999999,64.0699996999999,TRUE
17630,64.0660019,11.2236996,2009,10.3218975067139,11.2236996,64.0660019,TRUE
17631,64.0660019,11.2235003,2009,10.3218975067139,11.2235003,64.0660019,TRUE
17632,64.0435027999999,11.2154998999999,2009,10.3218975067139,11.2154998999999,64.0435027999999,TRUE
17633,64.0434036,11.2153997,2009,10.3218975067139,11.2153997,64.0434036,TRUE
17634,64.0300979999999,11.2280998,2009,10.3218975067139,11.2280998,64.0300979999999,TRUE
17635,64.0299988,11.2278004,2009,10.3218975067139,11.2278004,64.0299988,TRUE
17636,64.0298995999999,11.2276001,2009,10.3218975067139,11.2276001,64.0298995999999,TRUE
17637,64.0255966,11.2200003,2009,10.3218975067139,11.2200003,64.0255966,TRUE
17638,64.0254974,11.2197999999999,2009,10.3218975067139,11.2197999999999,64.0254974,TRUE
17639,64.0263977,11.2411002999999,2009,10.3218975067139,11.2411002999999,64.0263977,TRUE
17640,64.0264968999999,11.2424002,2009,10.3218975067139,11.2424002,64.0264968999999,TRUE
17641,63.9462012999999,11.0131998,2009,8.95245361328125,11.0131998,63.9462012999999,TRUE
17642,63.9460983,11.0131998,2009,8.95245361328125,11.0131998,63.9460983,TRUE
17643,63.9048003999999,10.9394998999999,2009,12.2861375808716,10.9394998999999,63.9048003999999,TRUE
17644,63.9045982,10.9399004,2009,12.2861375808716,10.9399004,63.9045982,TRUE
17645,63.8806992,11.0485001,2009,9.89401435852051,11.0485001,63.8806992,TRUE
17646,63.8806,11.0488997,2009,9.89401435852051,11.0488997,63.8806,TRUE
17647,63.8804015999999,11.0492001,2009,9.89401435852051,11.0492001,63.8804015999999,TRUE
17648,63.8801994,11.0490999,2009,9.89401435852051,11.0490999,63.8801994,TRUE
17649,63.8774986,11.0482998,2009,9.89401435852051,11.0482998,63.8774986,TRUE
17650,63.8777008,11.0481005,2009,9.89401435852051,11.0481005,63.8777008,TRUE
17651,63.8778,11.0481997,2009,9.89401435852051,11.0481997,63.8778,TRUE
17655,63.8638991999999,11.0481997,2009,9.89401435852051,11.0481997,63.8638991999999,TRUE
17656,63.8638991999999,11.0481005,2009,9.89401435852051,11.0481005,63.8638991999999,TRUE
17657,63.8637008999999,11.0478001,2009,9.89401435852051,11.0478001,63.8637008999999,TRUE
17658,63.8582000999999,11.0497999,2009,9.89401435852051,11.0497999,63.8582000999999,TRUE
17659,63.8581008999999,11.0496998,2009,9.89401435852051,11.0496998,63.8581008999999,TRUE
17660,63.8582992999999,11.0497999,2009,9.89401435852051,11.0497999,63.8582992999999,TRUE
17696,63.8930015999999,11.3514996,2009,12.9401330947876,11.3514996,63.8930015999999,TRUE
17697,63.8927994,11.3516998,2009,12.9401330947876,11.3516998,63.8927994,TRUE
17698,63.8922997,11.3527001999999,2009,12.9401330947876,11.3527001999999,63.8922997,TRUE
17699,63.8917007,11.3549004,2009,12.9401330947876,11.3549004,63.8917007,TRUE
17700,63.8899002,11.3597002,2009,12.9401330947876,11.3597002,63.8899002,TRUE
17701,63.8899002,11.3592996999999,2009,12.9401330947876,11.3592996999999,63.8899002,TRUE
17702,63.8899994,11.3592996999999,2009,12.9401330947876,11.3592996999999,63.8899994,TRUE
17703,63.8899994,11.3593998,2009,12.9401330947876,11.3593998,63.8899994,TRUE
17704,63.8881988999999,11.3618001999999,2009,12.9401330947876,11.3618001999999,63.8881988999999,TRUE
17705,63.8860016,11.3634004999999,2009,12.9401330947876,11.3634004999999,63.8860016,TRUE
17706,63.8852005,11.3641995999999,2009,12.9401330947876,11.3641995999999,63.8852005,TRUE
17707,63.8842009999999,11.3648004999999,2009,12.9401330947876,11.3648004999999,63.8842009999999,TRUE
17708,63.8830985999999,11.3656998,2009,12.9401330947876,11.3656998,63.8830985999999,TRUE
17709,63.8829994,11.3657999,2009,12.9401330947876,11.3657999,63.8829994,TRUE
17710,63.8824996999999,11.3661002999999,2009,12.9401330947876,11.3661002999999,63.8824996999999,TRUE
17711,63.8824005,11.3660002,2009,12.9401330947876,11.3660002,63.8824005,TRUE
17738,63.4626007,10.3903999,2009,8.64999103546143,10.3903999,63.4626007,TRUE
17739,63.4630013,10.3905001,2009,8.64999103546143,10.3905001,63.4630013,TRUE
17740,63.4592018,10.3896999,2009,8.64999103546143,10.3896999,63.4592018,TRUE
17741,63.4594001999999,10.3896999,2009,8.64999103546143,10.3896999,63.4594001999999,TRUE
17742,63.4571990999999,10.3910999,2009,8.64999103546143,10.3910999,63.4571990999999,TRUE
17743,63.4572982999999,10.3914003,2009,8.64999103546143,10.3914003,63.4572982999999,TRUE
17744,63.4576988,10.3917999,2009,8.64999103546143,10.3917999,63.4576988,TRUE
17745,63.4546013,10.3848,2009,8.64999103546143,10.3848,63.4546013,TRUE
17746,63.4547005,10.3850002,2009,8.64999103546143,10.3850002,63.4547005,TRUE
17747,63.4519997,10.3828001,2009,8.64999103546143,10.3828001,63.4519997,TRUE
17748,63.4522017999999,10.3830004,2009,8.64999103546143,10.3830004,63.4522017999999,TRUE
17749,63.4524002,10.3830004,2009,8.64999103546143,10.3830004,63.4524002,TRUE
17750,63.4491005,10.3852996999999,2009,8.64999103546143,10.3852996999999,63.4491005,TRUE
17751,63.4500998999999,10.3848,2009,8.64999103546143,10.3848,63.4500998999999,TRUE
17752,63.4501990999999,10.3844995,2009,8.64999103546143,10.3844995,63.4501990999999,TRUE
17753,63.4502983,10.3846998,2009,8.64999103546143,10.3846998,63.4502983,TRUE
17754,63.4501990999999,10.3844004,2009,8.64999103546143,10.3844004,63.4501990999999,TRUE
17755,63.4500998999999,10.3842000999999,2009,8.64999103546143,10.3842000999999,63.4500998999999,TRUE
17756,63.4510002,10.3858995,2009,8.64999103546143,10.3858995,63.4510002,TRUE
17757,63.4511985999999,10.3858004,2009,8.64999103546143,10.3858004,63.4511985999999,TRUE
17758,63.4518013,10.3858004,2009,8.64999103546143,10.3858004,63.4518013,TRUE
17759,63.4520988,10.3856001,2009,8.64999103546143,10.3856001,63.4520988,TRUE
17760,63.4524002,10.3851004,2009,8.64999103546143,10.3851004,63.4524002,TRUE
17761,63.4524994,10.3850002,2009,8.64999103546143,10.3850002,63.4524994,TRUE
17762,63.4533004999999,10.3892001999999,2009,8.64999103546143,10.3892001999999,63.4533004999999,TRUE
17763,63.4533996999999,10.3882999,2009,8.64999103546143,10.3882999,63.4533996999999,TRUE
17764,63.4536018,10.3881998,2009,8.64999103546143,10.3881998,63.4536018,TRUE
17765,63.4528998999999,10.4642,2009,8.6479377746582,10.4642,63.4528998999999,TRUE
17766,63.4528998999999,10.4635,2009,8.6479377746582,10.4635,63.4528998999999,TRUE
17767,63.4431,10.4730997,2009,8.6479377746582,10.4730997,63.4431,TRUE
17768,63.4413985999999,10.4751996999999,2009,8.6479377746582,10.4751996999999,63.4413985999999,TRUE
17769,63.4417991999999,10.4754,2009,8.6479377746582,10.4754,63.4417991999999,TRUE
17770,63.4396019,10.5008000999999,2009,9.40721988677979,10.5008000999999,63.4396019,TRUE
17771,63.4328002999999,10.5227003,2009,9.40721988677979,10.5227003,63.4328002999999,TRUE
17772,63.4328002999999,10.5226001999999,2009,9.40721988677979,10.5226001999999,63.4328002999999,TRUE
17773,63.4350013999999,10.5185002999999,2009,9.40721988677979,10.5185002999999,63.4350013999999,TRUE
17774,63.4318007999999,10.5580997,2009,9.40721988677979,10.5580997,63.4318007999999,TRUE
17775,63.4320984,10.5581999,2009,9.40721988677979,10.5581999,63.4320984,TRUE
17776,63.4323996999999,10.5579003999999,2009,9.40721988677979,10.5579003999999,63.4323996999999,TRUE
17777,63.4327011,10.5574999,2009,9.40721988677979,10.5574999,63.4327011,TRUE
17778,63.4331017,10.5572996,2009,9.40721988677979,10.5572996,63.4331017,TRUE
17779,63.4594001999999,10.8961,2009,13.8626508712769,10.8961,63.4594001999999,TRUE
17780,63.4589995999999,10.8962001999999,2009,13.8626508712769,10.8962001999999,63.4589995999999,TRUE
17781,63.4595984999999,10.8976001999999,2009,13.8626508712769,10.8976001999999,63.4595984999999,TRUE
17782,63.4604988,10.8962001999999,2009,13.8626508712769,10.8962001999999,63.4604988,TRUE
17783,63.4608994,10.8948002,2009,13.8626508712769,10.8948002,63.4608994,TRUE
17784,63.4547997,10.8913002,2009,13.8626508712769,10.8913002,63.4547997,TRUE
17785,63.4547997,10.8935002999999,2009,13.8626508712769,10.8935002999999,63.4547997,TRUE
17786,63.4557991,10.8894997,2009,13.8626508712769,10.8894997,63.4557991,TRUE
17787,59.8812019699999,10.51926199,2018,16.2437877655029,10.51926199,59.8812019699999,TRUE
17788,66.2846330099999,13.24896203,2018,7.69448041915894,13.24896203,66.2846330099999,TRUE
17789,66.28457702,13.24893597,2018,7.69448041915894,13.24893597,66.28457702,TRUE
17790,66.31837201,13.31174601,2018,7.47894668579102,13.31174601,66.31837201,TRUE
17791,66.31951899,13.46263502,2018,7.60946559906006,13.46263502,66.31951899,TRUE
17792,66.3025090099999,13.4070329899999,2018,7.65787220001221,13.4070329899999,66.3025090099999,TRUE
17793,66.3024810099999,13.40688497,2018,7.65787220001221,13.40688497,66.3024810099999,TRUE
17794,66.302565,13.4071029799999,2018,7.65787220001221,13.4071029799999,66.302565,TRUE
17795,66.30425898,13.3888870099999,2018,7.65787220001221,13.3888870099999,66.30425898,TRUE
17796,66.27470297,13.1847689799999,2018,7.69448041915894,13.1847689799999,66.27470297,TRUE
17797,66.2744469799999,13.1847119799999,2018,7.69448041915894,13.1847119799999,66.2744469799999,TRUE
17798,66.2748959999999,13.185104,2018,7.69448041915894,13.185104,66.2748959999999,TRUE
17799,66.27479601,13.18510098,2018,7.69448041915894,13.18510098,66.27479601,TRUE
17800,66.2780109699999,13.15959997,2018,13.1220941543579,13.15959997,66.2780109699999,TRUE
17801,66.278102,13.15958999,2018,13.1220941543579,13.15958999,66.278102,TRUE
17802,66.27816402,13.159663,2018,13.1220941543579,13.159663,66.27816402,TRUE
17803,66.2779470199999,13.159879,2018,13.1220941543579,13.159879,66.2779470199999,TRUE
17804,66.2694549699999,13.13991004,2018,13.1220941543579,13.13991004,66.2694549699999,TRUE
17805,66.26938096,13.13966503,2018,13.1220941543579,13.13966503,66.26938096,TRUE
17806,66.2706000299999,13.13624497,2018,13.1220941543579,13.13624497,66.2706000299999,TRUE
17807,66.26191101,13.11104796,2018,13.1220941543579,13.11104796,66.26191101,TRUE
17808,66.2617960099999,13.1112259899999,2018,13.1220941543579,13.1112259899999,66.2617960099999,TRUE
17809,66.23024804,12.98886596,2018,13.2025451660156,12.98886596,66.23024804,TRUE
17810,66.2303789599999,12.9890370399999,2018,13.2025451660156,12.9890370399999,66.2303789599999,TRUE
17811,66.2294990299999,12.98410898,2018,13.2025451660156,12.98410898,66.2294990299999,TRUE
17812,66.2174770299999,12.98685397,2018,13.2025451660156,12.98685397,66.2174770299999,TRUE
17813,66.21732901,12.9871849699999,2018,13.2025451660156,12.9871849699999,66.21732901,TRUE
17814,66.21600601,12.9813390099999,2018,13.2025451660156,12.9813390099999,66.21600601,TRUE
17815,66.215889,12.9816749599999,2018,13.2025451660156,12.9816749599999,66.215889,TRUE
17816,66.21430599,12.9765490099999,2018,13.2025451660156,12.9765490099999,66.21430599,TRUE
17817,66.2144199899999,12.97666904,2018,13.2025451660156,12.97666904,66.2144199899999,TRUE
17818,66.55616996,13.22598103,2018,10.666841506958,13.22598103,66.55616996,TRUE
17819,66.5564400199999,13.22552598,2018,10.666841506958,13.22552598,66.5564400199999,TRUE
17820,66.55573603,13.2230659799999,2018,10.666841506958,13.2230659799999,66.55573603,TRUE
17821,66.55650599,13.221215,2018,10.666841506958,13.221215,66.55650599,TRUE
17822,66.556853,13.22098601,2018,10.666841506958,13.22098601,66.556853,TRUE
17823,66.556421,13.2214379599999,2018,10.666841506958,13.2214379599999,66.556421,TRUE
17824,66.55645796,13.22110704,2018,10.666841506958,13.22110704,66.55645796,TRUE
17825,66.5567580299999,13.22070697,2018,10.666841506958,13.22070697,66.5567580299999,TRUE
17826,66.55715299,13.22031302,2018,10.666841506958,13.22031302,66.55715299,TRUE
17827,66.55722801,13.220007,2018,10.666841506958,13.220007,66.55722801,TRUE
17828,66.5573849999999,13.21969402,2018,10.666841506958,13.21969402,66.5573849999999,TRUE
17829,66.55745801,13.219677,2018,10.666841506958,13.219677,66.55745801,TRUE
17830,66.5564420399999,13.22112699,2018,10.666841506958,13.22112699,66.5564420399999,TRUE
17831,66.5571720199999,13.22960202,2018,10.666841506958,13.22960202,66.5571720199999,TRUE
17832,66.55729003,13.2299869999999,2018,10.666841506958,13.2299869999999,66.55729003,TRUE
17833,66.55738601,13.23031004,2018,10.666841506958,13.23031004,66.55738601,TRUE
17834,66.55744703,13.230318,2018,10.666841506958,13.230318,66.55744703,TRUE
17835,66.556796,13.21893797,2018,10.666841506958,13.21893797,66.556796,TRUE
17836,66.5569659899999,13.21861703,2018,10.666841506958,13.21861703,66.5569659899999,TRUE
17837,66.557083,13.21847999,2018,10.666841506958,13.21847999,66.557083,TRUE
18004,67.40755901,14.85853999,2018,NA,14.85853999,67.40755901,TRUE
18005,67.40678703,14.85551102,2018,NA,14.85551102,67.40678703,TRUE
18006,67.4065580399999,14.85559501,2018,NA,14.85559501,67.4065580399999,TRUE
18007,67.4042510099999,14.85488196,2018,NA,14.85488196,67.4042510099999,TRUE
18008,67.4041869699999,14.85559098,2018,NA,14.85559098,67.4041869699999,TRUE
18009,67.40415,14.8553660099999,2018,NA,14.8553660099999,67.40415,TRUE
18010,67.40408404,14.85522604,2018,NA,14.85522604,67.40408404,TRUE
18011,67.40336403,14.8533970199999,2018,NA,14.8533970199999,67.40336403,TRUE
18012,67.4017220199999,14.864625,2018,NA,14.864625,67.4017220199999,TRUE
18013,67.401604,14.86462802,2018,NA,14.86462802,67.401604,TRUE
18014,67.4014999799999,14.86439098,2018,NA,14.86439098,67.4014999799999,TRUE
18015,67.40135204,14.864236,2018,NA,14.864236,67.40135204,TRUE
18016,67.4012099699999,14.86404397,2018,NA,14.86404397,67.4012099699999,TRUE
18017,67.3975930099999,14.85600002,2018,NA,14.85600002,67.3975930099999,TRUE
18018,67.39737902,14.85573096,2018,NA,14.85573096,67.39737902,TRUE
18019,67.39671601,14.85569601,2018,NA,14.85569601,67.39671601,TRUE
18020,67.39612701,14.8588880099999,2018,NA,14.8588880099999,67.39612701,TRUE
18021,67.39618099,14.86165898,2018,NA,14.86165898,67.39618099,TRUE
18022,67.39607404,14.86183198,2018,NA,14.86183198,67.39607404,TRUE
18023,67.3959049799999,14.8617589799999,2018,NA,14.8617589799999,67.3959049799999,TRUE
18024,67.3958059899999,14.8617019799999,2018,NA,14.8617019799999,67.3958059899999,TRUE
18025,67.39575997,14.8616449799999,2018,NA,14.8616449799999,67.39575997,TRUE
18026,67.3952999699999,14.8630079599999,2018,NA,14.8630079599999,67.3952999699999,TRUE
18027,67.3950530399999,14.86250203,2018,NA,14.86250203,67.3950530399999,TRUE
18028,67.40441504,14.86479096,2018,NA,14.86479096,67.40441504,TRUE
18029,67.40438797,14.8647140199999,2018,NA,14.8647140199999,67.40438797,TRUE
18030,67.4054360399999,14.86345899,2018,NA,14.86345899,67.4054360399999,TRUE
18031,67.4067059799999,14.8643199799999,2018,NA,14.8643199799999,67.4067059799999,TRUE
18032,67.4064000399999,14.86205603,2018,NA,14.86205603,67.4064000399999,TRUE
18033,67.40772497,14.86621496,2018,NA,14.86621496,67.40772497,TRUE
18034,67.4089919799999,14.86582998,2018,NA,14.86582998,67.4089919799999,TRUE
18035,67.40898301,14.86644102,2018,NA,14.86644102,67.40898301,TRUE
18036,67.408996,14.86662199,2018,NA,14.86662199,67.408996,TRUE
18037,67.41115602,14.87478898,2018,NA,14.87478898,67.41115602,TRUE
18038,67.41114998,14.87504002,2018,NA,14.87504002,67.41114998,TRUE
18039,67.4111359799999,14.87528703,2018,NA,14.87528703,67.4111359799999,TRUE
18040,67.411512,14.87595599,2018,NA,14.87595599,67.411512,TRUE
18041,67.41227902,14.87781401,2018,NA,14.87781401,67.41227902,TRUE
18042,67.412289,14.87803001,2018,NA,14.87803001,67.412289,TRUE
18043,67.41390998,14.8781350299999,2018,NA,14.8781350299999,67.41390998,TRUE
18044,67.41389598,14.87867801,2018,NA,14.87867801,67.41389598,TRUE
18045,67.4139050299999,14.87931797,2018,NA,14.87931797,67.4139050299999,TRUE
18046,67.41195104,14.85827001,2018,NA,14.85827001,67.41195104,TRUE
18047,67.4129349899999,14.85845902,2018,NA,14.85845902,67.4129349899999,TRUE
18048,67.41609296,14.8593960299999,2018,NA,14.8593960299999,67.41609296,TRUE
18049,67.41653603,14.85727801,2018,NA,14.85727801,67.41653603,TRUE
18050,67.41844199,14.85810103,2018,11.1519231796265,14.85810103,67.41844199,TRUE
18051,67.41970003,14.85787899,2018,11.1519231796265,14.85787899,67.41970003,TRUE
18052,67.4197270199999,14.85743903,2018,11.1519231796265,14.85743903,67.4197270199999,TRUE
18053,67.4197749599999,14.85675196,2018,11.1519231796265,14.85675196,67.4197749599999,TRUE
18054,67.4198990099999,14.85644401,2018,11.1519231796265,14.85644401,67.4198990099999,TRUE
18064,67.40076698,14.6301750399999,2018,14.1703119277954,14.6301750399999,67.40076698,TRUE
18065,67.40021504,14.6310889999999,2018,14.1703119277954,14.6310889999999,67.40021504,TRUE
18066,67.39896697,14.6320799899999,2018,14.1703119277954,14.6320799899999,67.39896697,TRUE
18067,67.3989360399999,14.63107198,2018,14.1703119277954,14.63107198,67.3989360399999,TRUE
18093,67.8034170199999,15.38016602,2018,8.47514343261719,15.38016602,67.8034170199999,TRUE
18094,67.80440901,15.38232696,2018,8.47514343261719,15.38232696,67.80440901,TRUE
18095,67.80739398,15.38049501,2018,8.47514343261719,15.38049501,67.80739398,TRUE
18096,67.8076509699999,15.380996,2018,8.47514343261719,15.380996,67.8076509699999,TRUE
18097,67.8103940299999,15.38008204,2018,8.47514343261719,15.38008204,67.8103940299999,TRUE
18098,67.81153003,15.3828489899999,2018,8.47514343261719,15.3828489899999,67.81153003,TRUE
18099,67.812432,15.38220299,2018,8.47514343261719,15.38220299,67.812432,TRUE
18100,67.81305998,15.3831280199999,2018,8.47514343261719,15.3831280199999,67.81305998,TRUE
18101,67.81396497,15.38274103,2018,8.47514343261719,15.38274103,67.81396497,TRUE
18102,67.8142170099999,15.38269702,2018,8.47514343261719,15.38269702,67.8142170099999,TRUE
18103,67.8144089599999,15.3826390199999,2018,8.47514343261719,15.3826390199999,67.8144089599999,TRUE
18104,67.8146459999999,15.38263399,2018,8.47514343261719,15.38263399,67.8146459999999,TRUE
18105,67.81487298,15.38265604,2018,8.47514343261719,15.38265604,67.81487298,TRUE
18106,67.8149859699999,15.38259904,2018,8.47514343261719,15.38259904,67.8149859699999,TRUE
18107,67.81670501,15.3839989799999,2018,8.47514343261719,15.3839989799999,67.81670501,TRUE
18108,67.81667702,15.38561803,2018,8.47514343261719,15.38561803,67.81667702,TRUE
18109,67.82136803,15.3890069999999,2018,8.47514343261719,15.3890069999999,67.82136803,TRUE
18110,67.82156702,15.38894104,2018,8.47514343261719,15.38894104,67.82156702,TRUE
18111,67.82171203,15.3890429599999,2018,8.47514343261719,15.3890429599999,67.82171203,TRUE
18112,67.8220349799999,15.3887569699999,2018,8.47514343261719,15.3887569699999,67.8220349799999,TRUE
18113,67.8221560199999,15.38879,2018,8.47514343261719,15.38879,67.8221560199999,TRUE
18114,67.82230002,15.38880399,2018,8.47514343261719,15.38880399,67.82230002,TRUE
18115,67.8224000099999,15.3888120399999,2018,8.47514343261719,15.3888120399999,67.8224000099999,TRUE
18116,67.822512,15.38880399,2018,8.47514343261719,15.38880399,67.822512,TRUE
18117,67.82306504,15.41248798,2018,8.47514343261719,15.41248798,67.82306504,TRUE
18118,67.8226119899999,15.41252,2018,8.47514343261719,15.41252,67.8226119899999,TRUE
18119,67.82289396,15.41277104,2018,8.47514343261719,15.41277104,67.82289396,TRUE
18120,67.82309496,15.41292703,2018,8.47514343261719,15.41292703,67.82309496,TRUE
18121,67.8204180299999,15.41405196,2018,8.47514343261719,15.41405196,67.8204180299999,TRUE
18122,67.8200300299999,15.41494204,2018,8.47514343261719,15.41494204,67.8200300299999,TRUE
18123,67.8183709999999,15.4150960099999,2018,8.47514343261719,15.4150960099999,67.8183709999999,TRUE
18124,67.8186350299999,15.4154170399999,2018,8.47514343261719,15.4154170399999,67.8186350299999,TRUE
18125,67.81803003,15.41685504,2018,9.71084117889404,15.41685504,67.81803003,TRUE
18126,67.8182939699999,15.41702997,2018,9.71084117889404,15.41702997,67.8182939699999,TRUE
18127,67.81726602,15.41869001,2018,9.71084117889404,15.41869001,67.81726602,TRUE
18128,67.8160939699999,15.417078,2018,9.71084117889404,15.417078,67.8160939699999,TRUE
18129,67.8156089999999,15.41876502,2018,9.71084117889404,15.41876502,67.8156089999999,TRUE
18130,67.8141640399999,15.42099704,2018,9.71084117889404,15.42099704,67.8141640399999,TRUE
18131,67.8129520199999,15.42229397,2018,9.71084117889404,15.42229397,67.8129520199999,TRUE
18132,67.8117059599999,15.425045,2018,9.71084117889404,15.425045,67.8117059599999,TRUE
18133,67.8119190299999,15.4253650199999,2018,9.71084117889404,15.4253650199999,67.8119190299999,TRUE
18134,67.81211802,15.42585502,2018,9.71084117889404,15.42585502,67.81211802,TRUE
18135,67.81230904,15.4259359899999,2018,9.71084117889404,15.4259359899999,67.81230904,TRUE
18136,67.81262202,15.4267,2018,9.71084117889404,15.4267,67.81262202,TRUE
18137,67.7587839699999,15.45718096,2018,9.71084117889404,15.45718096,67.7587839699999,TRUE
18138,67.75901598,15.45760098,2018,9.71084117889404,15.45760098,67.75901598,TRUE
18139,67.7038529999999,15.24724497,2018,7.95489549636841,15.24724497,67.7038529999999,TRUE
18140,67.69192203,15.28378403,2018,9.9221019744873,15.28378403,67.69192203,TRUE
18141,67.69371701,15.2857130399999,2018,9.9221019744873,15.2857130399999,67.69371701,TRUE
18142,67.6948599699999,15.2842600399999,2018,9.9221019744873,15.2842600399999,67.6948599699999,TRUE
18143,67.6961549699999,15.28384999,2018,9.9221019744873,15.28384999,67.6961549699999,TRUE
18144,67.6978809799999,15.28433698,2018,9.9221019744873,15.28433698,67.6978809799999,TRUE
18145,67.6973649899999,15.2742089599999,2018,9.9221019744873,15.2742089599999,67.6973649899999,TRUE
18146,67.6971199799999,15.26908401,2018,9.9221019744873,15.26908401,67.6971199799999,TRUE
18147,67.6979,15.26911503,2018,9.9221019744873,15.26911503,67.6979,TRUE
18148,67.69799598,15.26972598,2018,9.9221019744873,15.26972598,67.69799598,TRUE
18149,67.6981180199999,15.270203,2018,9.9221019744873,15.270203,67.6981180199999,TRUE
18150,67.69820703,15.27050198,2018,9.9221019744873,15.27050198,67.69820703,TRUE
18151,67.69796404,15.25968698,2018,9.9221019744873,15.25968698,67.69796404,TRUE
18152,67.69294001,15.26773402,2018,9.9221019744873,15.26773402,67.69294001,TRUE
18153,67.69125198,15.26809503,2018,9.9221019744873,15.26809503,67.69125198,TRUE
18154,67.691686,15.27040198,2018,9.9221019744873,15.27040198,67.691686,TRUE
18155,67.69199202,15.27514597,2018,9.9221019744873,15.27514597,67.69199202,TRUE
18156,67.68739798,15.25085002,2018,9.9221019744873,15.25085002,67.68739798,TRUE
18157,67.7013209899999,15.24730003,2018,7.95489549636841,15.24730003,67.7013209899999,TRUE
18158,67.7015540099999,15.2478409999999,2018,7.95489549636841,15.2478409999999,67.7015540099999,TRUE
18159,67.95148602,15.87691097,2018,14.4758205413818,15.87691097,67.95148602,TRUE
18160,67.95142902,15.87713501,2018,14.4758205413818,15.87713501,67.95142902,TRUE
18161,67.9508069999999,15.87860101,2018,14.4758205413818,15.87860101,67.9508069999999,TRUE
18162,67.9490959999999,15.88065298,2018,14.4758205413818,15.88065298,67.9490959999999,TRUE
18163,67.9485609799999,15.88118699,2018,14.4758205413818,15.88118699,67.9485609799999,TRUE
18164,67.9464189899999,15.88254796,2018,14.4758205413818,15.88254796,67.9464189899999,TRUE
18165,67.94343797,15.88683204,2018,14.4758205413818,15.88683204,67.94343797,TRUE
18166,67.94223499,15.88136704,2018,14.4758205413818,15.88136704,67.94223499,TRUE
18167,67.94253901,15.88276698,2018,14.4758205413818,15.88276698,67.94253901,TRUE
18168,67.9414770199999,15.87735998,2018,14.4758205413818,15.87735998,67.9414770199999,TRUE
18169,67.9415309999999,15.87673998,2018,14.4758205413818,15.87673998,67.9415309999999,TRUE
18170,67.94130703,15.87572199,2018,14.4758205413818,15.87572199,67.94130703,TRUE
18171,67.9422289599999,15.87036101,2018,14.4758205413818,15.87036101,67.9422289599999,TRUE
18172,67.9366239799999,15.86721797,2018,14.4758205413818,15.86721797,67.9366239799999,TRUE
18173,67.9368890199999,15.86765097,2018,14.4758205413818,15.86765097,67.9368890199999,TRUE
18174,67.93651099,15.863484,2018,14.4758205413818,15.863484,67.93651099,TRUE
18175,67.9356309799999,15.86767,2018,14.4758205413818,15.86767,67.9356309799999,TRUE
18176,67.9347559899999,15.87101396,2018,14.4758205413818,15.87101396,67.9347559899999,TRUE
18177,67.93351798,15.87088002,2018,14.4758205413818,15.87088002,67.93351798,TRUE
18178,67.92927297,15.84842599,2018,14.4758205413818,15.84842599,67.92927297,TRUE
18179,67.9291439699999,15.8482369799999,2018,14.4758205413818,15.8482369799999,67.9291439699999,TRUE
18180,67.92899997,15.84842197,2018,14.4758205413818,15.84842197,67.92899997,TRUE
18181,67.9354680299999,15.8352229799999,2018,14.4758205413818,15.8352229799999,67.9354680299999,TRUE
18182,67.93736201,15.83451102,2018,14.4758205413818,15.83451102,67.93736201,TRUE
18183,67.94502701,15.875306,2018,14.4758205413818,15.875306,67.94502701,TRUE
18184,67.94499801,15.87158301,2018,14.4758205413818,15.87158301,67.94499801,TRUE
18185,67.9487359999999,15.86406503,2018,14.4758205413818,15.86406503,67.9487359999999,TRUE
18186,67.950102,15.86419998,2018,14.4758205413818,15.86419998,67.950102,TRUE
18187,67.94934,15.85906698,2018,14.4758205413818,15.85906698,67.94934,TRUE
18188,67.9509420299999,15.860537,2018,14.4758205413818,15.860537,67.9509420299999,TRUE
18189,67.9577010299999,15.43361499,2018,8.98518753051758,15.43361499,67.9577010299999,TRUE
18190,67.9588109599999,15.43565498,2018,8.98518753051758,15.43565498,67.9588109599999,TRUE
18191,67.9587520399999,15.43118097,2018,8.98518753051758,15.43118097,67.9587520399999,TRUE
18192,67.95882102,15.43052701,2018,8.98518753051758,15.43052701,67.95882102,TRUE
18193,67.9541620199999,15.41160101,2018,12.6477317810059,15.41160101,67.9541620199999,TRUE
18194,67.9531550199999,15.4081189999999,2018,12.6477317810059,15.4081189999999,67.9531550199999,TRUE
18195,67.9537399999999,15.40701301,2018,12.6477317810059,15.40701301,67.9537399999999,TRUE
18196,67.9531019599999,15.40466599,2018,12.6477317810059,15.40466599,67.9531019599999,TRUE
18197,67.95225799,15.39802501,2018,12.6477317810059,15.39802501,67.95225799,TRUE
18198,67.9540099799999,15.39663403,2018,12.6477317810059,15.39663403,67.9540099799999,TRUE
18199,67.953871,15.3969099699999,2018,12.6477317810059,15.3969099699999,67.953871,TRUE
18200,67.9537529899999,15.3972279699999,2018,12.6477317810059,15.3972279699999,67.9537529899999,TRUE
18201,67.95661599,15.39655499,2018,12.6477317810059,15.39655499,67.95661599,TRUE
18202,67.9564660399999,15.39699303,2018,12.6477317810059,15.39699303,67.9564660399999,TRUE
18203,67.9585699799999,15.40107803,2018,12.6477317810059,15.40107803,67.9585699799999,TRUE
18204,67.9572479899999,15.40743596,2018,12.6477317810059,15.40743596,67.9572479899999,TRUE
18205,67.95607402,15.40911896,2018,12.6477317810059,15.40911896,67.95607402,TRUE
18206,67.95600303,15.40903699,2018,12.6477317810059,15.40903699,67.95600303,TRUE
18207,67.95771603,15.41757697,2018,8.98518753051758,15.41757697,67.95771603,TRUE
18208,67.9580539899999,15.4165559699999,2018,12.6477317810059,15.4165559699999,67.9580539899999,TRUE
18209,67.960183,15.408435,2018,12.6477317810059,15.408435,67.960183,TRUE
18210,67.96003598,15.40676599,2018,12.6477317810059,15.40676599,67.96003598,TRUE
18211,67.9632340099999,15.4021100099999,2018,12.6477317810059,15.4021100099999,67.9632340099999,TRUE
18212,67.96337801,15.402252,2018,12.6477317810059,15.402252,67.96337801,TRUE
18213,67.96396097,15.41309098,2018,12.6477317810059,15.41309098,67.96396097,TRUE
18214,67.966108,15.41387804,2018,12.6477317810059,15.41387804,67.966108,TRUE
18215,67.96604304,15.41418398,2018,12.6477317810059,15.41418398,67.96604304,TRUE
18216,67.9658990399999,15.4145999699999,2018,12.6477317810059,15.4145999699999,67.9658990399999,TRUE
18217,67.96766904,15.40637699,2018,12.6477317810059,15.40637699,67.96766904,TRUE
18218,67.96950501,15.41440601,2018,12.6477317810059,15.41440601,67.96950501,TRUE
18219,67.969603,15.42296201,2018,8.98518753051758,15.42296201,67.969603,TRUE
18220,67.96573902,15.4317400399999,2018,8.98518753051758,15.4317400399999,67.96573902,TRUE
18221,67.9656009699999,15.43179402,2018,8.98518753051758,15.43179402,67.9656009699999,TRUE
18222,67.96558899,15.43178698,2018,8.98518753051758,15.43178698,67.96558899,TRUE
18223,67.9758470099999,15.41989197,2018,8.98518753051758,15.41989197,67.9758470099999,TRUE
18224,67.97731896,15.41555501,2018,12.6477317810059,15.41555501,67.97731896,TRUE
18225,67.97718996,15.415569,2018,12.6477317810059,15.415569,67.97718996,TRUE
18226,67.9726169599999,15.40335598,2018,12.6477317810059,15.40335598,67.9726169599999,TRUE
18227,67.968596,15.38549398,2018,12.6477317810059,15.38549398,67.968596,TRUE
18228,67.9666539899999,15.37967199,2018,12.6477317810059,15.37967199,67.9666539899999,TRUE
18229,68.3994959799999,16.8258340199999,2018,11.6197061538696,16.8258340199999,68.3994959799999,TRUE
18230,68.4225649899999,16.73820801,2018,11.0070972442627,16.73820801,68.4225649899999,TRUE
18231,68.42262601,16.7381459799999,2018,11.0070972442627,16.7381459799999,68.42262601,TRUE
18232,68.4519599799999,17.08553899,2018,7.24021577835083,17.08553899,68.4519599799999,TRUE
18233,68.4520479899999,17.0856880199999,2018,7.24021577835083,17.0856880199999,68.4520479899999,TRUE
18234,68.3775679999999,17.03325603,2018,8.855055809021,17.03325603,68.3775679999999,TRUE
18235,68.365288,15.33722696,2018,11.6175079345703,15.33722696,68.365288,TRUE
18236,68.42886197,15.48689296,2018,12.1504077911377,15.48689296,68.42886197,TRUE
18237,68.39303898,15.39107398,2018,11.6175079345703,15.39107398,68.39303898,TRUE
18238,68.3625949799999,15.33053099,2018,11.7302131652832,15.33053099,68.3625949799999,TRUE
18239,68.365863,15.3191610199999,2018,11.7302131652832,15.3191610199999,68.365863,TRUE
18240,68.32078798,15.22888198,2018,12.049674987793,15.22888198,68.32078798,TRUE
18241,68.32033603,15.22813498,2018,12.049674987793,15.22813498,68.32033603,TRUE
18242,68.3152669899999,15.21934999,2018,12.049674987793,15.21934999,68.3152669899999,TRUE
18243,68.31519901,15.2191140399999,2018,12.049674987793,15.2191140399999,68.31519901,TRUE
18244,68.3150329599999,15.21839697,2018,12.049674987793,15.21839697,68.3150329599999,TRUE
18245,68.3149519899999,15.2182760199999,2018,12.049674987793,15.2182760199999,68.3149519899999,TRUE
18246,68.31485904,15.21818097,2018,12.049674987793,15.21818097,68.31485904,TRUE
18247,68.31471403,15.21842899,2018,12.049674987793,15.21842899,68.31471403,TRUE
18248,68.3153030299999,15.2241509799999,2018,12.049674987793,15.2241509799999,68.3153030299999,TRUE
18249,68.31526397,15.22405199,2018,12.049674987793,15.22405199,68.31526397,TRUE
18250,68.31516003,15.22391,2018,12.049674987793,15.22391,68.31516003,TRUE
18251,68.31508401,15.22402902,2018,12.049674987793,15.22402902,68.31508401,TRUE
18252,68.339488,15.29222201,2018,11.7302131652832,15.29222201,68.339488,TRUE
18253,68.3394449999999,15.292495,2018,11.7302131652832,15.292495,68.3394449999999,TRUE
18254,68.3393679699999,15.29265703,2018,11.7302131652832,15.29265703,68.3393679699999,TRUE
18277,68.3604290199999,15.72611801,2018,14.294994354248,15.72611801,68.3604290199999,TRUE
18278,68.35985804,15.73315504,2018,14.294994354248,15.73315504,68.35985804,TRUE
18279,68.3614340099999,15.7476210299999,2018,14.294994354248,15.7476210299999,68.3614340099999,TRUE
