"ID","Salmean"
1,34.222549
2,34.222549
3,34.222549
4,34.222549
5,34.222549
6,34.242378
7,34.242378
8,34.222549
9,34.242378
10,34.222549
11,34.222549
12,34.222549
13,34.175465
14,34.222549
15,34.171505
16,34.171505
17,34.171505
18,34.171505
19,NA
20,34.171505
21,34.171505
22,34.171505
23,34.171505
24,34.171505
25,34.127071
26,34.121006
27,34.127071
28,34.040314
29,34.040314
30,34.171505
31,34.171505
32,34.171505
33,34.171505
34,34.171505
35,NA
36,34.171505
37,NA
38,34.171505
39,34.175465
40,34.171505
41,34.127071
42,34.171505
43,34.171505
44,34.171505
45,34.171505
46,34.121006
47,34.127071
48,34.171505
49,34.171505
50,34.171505
51,34.171505
52,34.171505
53,34.171505
54,34.171505
55,34.171505
56,34.171505
57,34.127071
58,34.127071
59,34.127071
60,NA
61,NA
62,34.147289
63,34.147289
64,34.147289
65,34.147289
66,34.147289
67,34.147289
68,34.153065
69,34.147289
70,34.147289
71,34.153065
72,34.7645
73,34.708145
74,34.708145
75,34.708145
76,34.708145
77,34.71962
78,34.71962
79,34.915058
80,34.915058
81,34.915058
82,34.915058
83,34.915058
84,34.915058
85,34.915058
86,34.915058
87,34.915058
88,34.915058
89,34.915058
90,34.915058
91,34.915058
92,34.915058
93,34.915058
94,34.915058
95,34.915058
96,34.915058
97,34.915058
98,34.915058
99,34.915058
100,34.915058
101,34.915058
102,34.915058
103,34.915058
104,34.915058
105,34.915058
106,34.915058
107,34.915058
108,34.915058
109,34.915058
110,34.919975
111,34.919975
112,34.919975
113,34.919975
114,34.919975
115,34.918964
116,34.918964
117,34.918964
118,34.918964
119,34.918964
120,34.918964
121,34.918964
122,34.918964
123,34.918964
124,34.918964
125,34.918964
126,34.918964
127,34.918964
128,34.918964
129,34.918964
130,34.918964
131,34.918964
132,34.918964
133,34.918964
134,34.918964
135,34.918964
136,34.918964
137,34.918964
138,34.918964
139,34.918964
140,34.918964
141,34.924709
142,34.924709
143,34.924709
144,34.924709
145,34.924709
146,34.924709
147,34.924709
148,34.924709
149,34.924709
150,34.924156
151,34.924156
152,34.924156
153,34.924156
154,34.924156
155,34.924156
156,34.924156
157,34.924156
158,34.924156
159,34.924156
160,34.924156
161,34.924156
162,34.924156
163,34.916523
164,34.916676
165,34.916676
166,34.916676
167,34.916676
168,34.916676
169,34.916676
170,34.916676
171,34.916676
172,34.916676
173,34.916676
174,34.916676
175,34.916676
176,34.916676
177,34.916676
178,34.916676
179,34.916676
180,34.916676
181,34.916676
182,34.916676
183,34.916676
184,34.916676
185,34.916676
186,34.916676
187,34.916676
188,34.916676
189,34.916676
190,34.916676
191,34.916676
192,34.916676
193,34.916676
194,34.916676
195,34.916676
196,34.916676
197,34.916676
198,34.916676
199,34.919437
200,34.919437
201,34.919437
202,34.919437
203,34.919437
204,34.919437
205,34.919437
206,34.919437
207,34.919437
208,34.919437
209,34.919437
210,34.919437
211,34.919437
212,34.926346
213,34.926346
214,34.926346
215,34.926346
216,34.926346
217,34.926109
218,34.926109
219,34.926109
220,34.926109
221,34.926109
222,34.926109
223,34.926109
224,34.926109
225,34.926109
226,34.926109
227,34.926109
228,34.926109
229,34.926109
230,34.926109
231,34.926109
232,34.926109
233,34.926109
234,34.926109
235,34.926109
236,34.926109
237,34.926109
238,34.926109
239,34.926109
240,34.926109
241,34.926109
242,34.926109
243,34.926109
244,34.926109
245,34.926109
246,34.926109
247,34.926109
248,34.926109
249,34.926949
250,34.926949
251,34.926949
252,34.926949
253,34.926949
254,34.926949
255,34.926949
256,34.92635
257,34.92635
258,34.92635
259,34.92635
260,34.92635
261,34.92635
262,34.92635
263,34.92635
264,34.92635
265,34.92635
266,34.92635
267,34.92635
268,34.92635
269,34.92635
270,34.92635
271,34.92635
272,34.92635
273,34.92635
274,34.92635
275,34.92635
276,34.92635
277,34.92635
278,34.92635
279,34.92635
280,34.92635
281,34.92635
282,34.92635
283,34.92635
284,34.92635
285,34.92445
286,34.92445
287,34.92445
288,34.92445
289,34.92445
290,34.92445
291,34.896004
292,34.896004
293,34.896004
294,34.896004
295,34.896004
296,34.896004
297,34.896004
298,34.896004
299,34.896004
300,34.896004
301,34.896004
302,34.896004
303,34.896004
304,34.929367
305,34.929367
306,34.929367
307,34.929367
308,34.929367
309,34.929367
310,34.929367
311,34.929367
312,34.929367
313,34.929367
314,34.929367
315,34.929367
316,34.929367
317,34.928738
318,34.925762
319,34.916031
320,34.916031
321,34.92149
322,34.923435
323,34.923435
324,34.923435
325,34.923435
326,34.923435
327,34.923435
328,34.923435
329,34.923435
330,34.923435
331,34.923435
332,34.923435
333,34.920971
334,34.926949
335,34.926949
336,34.926949
337,34.926949
338,34.926949
339,34.926949
340,34.926949
341,34.926949
342,34.926949
343,34.926949
344,34.926949
345,34.926949
346,34.926949
347,34.926949
348,34.926949
349,34.926949
350,34.926949
351,34.926949
352,34.926949
353,34.926949
354,34.92635
355,34.92635
356,34.926949
357,34.926949
358,34.926949
359,34.926949
360,34.9277
361,34.9277
362,34.9277
363,34.9277
364,34.9277
365,34.9277
366,34.9277
367,34.9277
368,34.9277
369,34.9277
370,34.9277
371,34.9277
372,34.9277
373,34.9277
374,34.9277
375,34.9277
376,34.9277
377,34.9277
378,34.9277
379,34.9277
380,34.9277
381,34.9277
382,34.9277
383,34.9277
384,34.9277
385,34.9277
386,34.923824
387,34.923824
388,34.923824
389,34.923824
390,34.923824
391,34.923824
392,34.923824
393,34.923824
394,34.923824
395,34.923824
396,34.923824
397,34.923824
398,34.923824
399,34.923824
400,34.923824
401,34.923824
402,34.923824
403,34.923824
404,34.923504
405,34.923504
406,34.923504
407,34.92635
408,34.92635
409,34.92635
410,34.926109
411,34.926109
412,34.926109
413,34.926109
414,34.926109
415,34.926109
416,34.92284
417,34.923542
418,34.923542
419,34.923542
420,34.923542
421,34.923542
422,34.923542
423,34.923542
424,34.923542
425,34.923542
426,34.923542
427,34.923542
428,34.923542
429,34.923542
430,34.923542
431,34.923542
432,34.923542
433,34.923542
434,34.923542
435,34.923542
436,34.923542
437,34.923542
438,34.923542
439,34.923542
440,34.923542
441,34.923542
442,34.923542
443,34.923542
444,34.923542
445,34.923542
446,34.923542
447,34.923542
448,34.923542
449,34.923542
450,34.92284
451,34.92284
452,34.92284
453,34.92284
454,34.92284
455,34.92284
456,34.92284
457,34.92284
458,34.92284
459,34.92284
460,34.92284
461,34.92284
462,34.92284
463,34.92284
464,34.92284
465,34.92284
466,34.92284
467,34.92284
468,34.92284
469,34.92284
470,34.92284
471,34.92284
472,34.92284
473,34.92284
474,34.92284
475,34.92284
476,34.92284
477,34.92284
478,34.92284
479,34.92284
480,34.92284
481,34.921085
482,34.921085
483,34.921085
484,34.921085
485,34.921085
486,34.921085
487,34.921085
488,34.921085
489,34.921085
490,34.921085
491,34.921085
492,34.921085
493,34.921085
494,34.921085
495,34.921085
496,34.921085
497,34.921085
498,34.921085
499,34.896004
500,34.896004
501,34.896004
502,34.896004
503,34.896004
504,34.896004
505,34.89576
506,34.896004
507,34.896004
508,34.896004
509,34.896004
510,34.896004
511,34.896004
512,34.896004
513,34.896004
514,34.896004
515,34.896004
516,34.896004
517,34.896004
518,34.896004
519,34.929367
520,34.929367
521,34.925762
522,34.89576
523,34.89576
524,34.92149
525,34.89576
526,34.896004
527,34.92149
528,34.92149
529,34.92149
530,34.89576
531,34.89576
532,34.89576
533,34.923504
534,33.413239
535,33.413239
536,33.410797
537,33.410797
538,33.410797
539,33.410797
540,33.410797
541,33.410797
542,33.410797
543,33.410797
544,33.410797
545,33.410797
546,33.410797
547,33.410797
548,33.410797
549,33.410797
550,33.410797
551,33.410797
552,33.410797
553,33.410797
554,33.410797
555,33.410797
556,33.413239
557,33.413239
558,33.413239
559,33.413239
560,33.413239
561,33.413239
562,33.413239
563,33.410797
564,33.410797
565,33.410797
566,33.410797
567,34.874287
568,34.874287
569,34.874287
570,34.874287
571,34.874287
572,34.874287
573,34.874287
574,34.909405
575,34.90712
576,34.90712
577,34.90712
578,34.90712
579,34.90712
580,34.90712
581,34.90712
582,34.90712
583,34.90712
584,34.90712
585,34.885296
586,34.885296
587,34.885296
588,34.885296
589,34.885296
590,34.885296
591,34.885296
592,34.885296
593,34.885296
594,34.885296
595,34.885296
596,34.885296
597,34.885296
598,34.885296
599,34.885296
600,34.90712
601,34.885296
602,34.885296
603,34.885296
604,34.885296
605,34.885296
606,34.90712
607,34.885296
608,34.885296
609,34.885296
610,34.90712
611,34.90712
612,34.90712
613,34.90712
614,34.885296
615,34.885296
616,34.885296
617,34.90712
618,34.90712
619,34.885296
620,34.90712
621,34.90712
622,34.90712
623,34.90712
624,34.885296
625,34.90712
626,34.90712
627,34.90712
628,34.90712
629,34.90712
630,34.90712
631,34.885296
632,34.885296
633,34.90712
634,34.90712
635,34.885296
636,34.885296
637,34.841129
638,34.836884
639,34.841129
640,34.841129
641,34.841129
642,34.836884
643,34.836884
644,34.836884
645,34.836884
646,34.836884
647,34.836884
648,34.841129
649,34.836884
650,34.836884
651,34.836884
652,34.841129
653,34.836884
654,34.841129
655,34.841129
656,34.841129
657,34.841129
658,34.836884
659,34.836884
660,34.836884
661,34.841129
662,34.841129
663,34.841129
664,34.841129
665,34.836884
666,34.841129
667,34.836884
668,34.841129
669,34.841129
670,34.836884
671,34.841129
672,34.838284
673,34.838284
674,34.838284
675,34.838284
676,34.841129
677,34.838284
678,34.838284
679,34.841129
680,34.841129
681,34.841129
682,34.841129
683,34.838284
684,34.841129
685,34.842518
686,34.838284
687,34.841129
688,34.841129
689,34.841129
690,34.841129
691,34.836884
692,34.836884
693,34.841129
694,34.836884
695,34.841129
696,34.841129
697,34.836884
698,34.841129
699,34.836884
700,34.841129
701,34.836884
702,34.836884
703,34.836884
704,34.841129
705,34.841129
706,34.836884
707,34.836884
708,34.836884
709,34.836884
710,34.841129
711,34.836884
712,34.836884
713,34.836884
714,34.836884
715,34.838284
716,34.836884
717,34.836884
718,34.841129
719,34.841129
720,34.841129
721,34.841129
722,34.841129
723,34.841129
724,34.841129
725,34.841129
726,34.501957
727,34.522781
728,34.501957
729,34.501957
730,34.522781
731,34.673111
732,34.495674
733,34.495674
734,34.495674
735,34.495674
736,34.725784
737,34.725784
738,34.495674
739,34.495674
740,34.495674
741,34.495674
742,34.495674
743,34.446362
744,34.495674
745,34.673111
746,34.446362
747,34.495674
748,34.673111
749,34.673111
750,34.446362
751,34.446362
752,34.446362
753,34.495674
754,34.495674
755,34.495674
756,34.675362
757,34.366196
758,34.818817
759,34.673111
760,34.673111
761,34.673111
762,34.673111
763,34.673111
764,34.673111
765,34.673111
766,34.673111
767,34.673111
768,34.673111
769,34.673111
770,34.720699
771,34.720699
772,34.720699
773,34.720699
774,34.720699
775,34.720699
776,34.720699
777,34.673111
778,34.720699
779,34.720699
780,34.720699
781,34.720699
782,34.673111
783,34.673111
784,34.673111
785,34.720699
786,34.720699
787,34.720699
788,34.673111
789,34.720699
790,34.673111
791,34.673111
792,34.673111
793,34.673111
794,34.673111
795,34.673111
796,34.673111
797,34.495674
798,34.495674
799,34.495674
800,34.495674
801,34.495674
802,34.495674
803,34.495674
804,34.495674
805,34.495674
806,34.495674
807,34.495674
808,34.495674
809,34.495674
810,34.495674
811,34.495674
812,34.495674
813,34.495674
814,34.366196
815,34.366196
816,34.366196
817,34.366196
818,34.366196
819,34.366196
820,34.366196
821,34.366196
822,34.366196
823,34.366196
824,34.366196
825,34.366196
826,34.366196
827,34.675362
828,34.675362
829,34.675362
830,34.366196
831,34.366196
832,34.366196
833,34.366196
834,34.366196
835,34.675362
836,34.675362
837,34.675362
838,34.675362
839,34.675362
840,34.675362
841,34.675362
842,34.336811
843,34.336811
844,34.336811
845,34.336811
846,34.336811
847,34.336811
848,34.324455
849,34.324455
850,34.324455
851,34.336811
852,34.336811
853,34.336811
854,34.336811
855,34.336811
856,34.336811
857,34.336811
858,34.336811
859,34.324455
860,34.324455
861,34.324455
862,34.324455
863,34.324455
864,34.324455
865,34.324455
866,34.324455
867,34.324455
868,34.324455
869,34.324455
870,34.324455
871,34.324455
872,34.324455
873,34.324455
874,34.324455
875,34.324455
876,34.324455
877,34.324455
878,34.324455
879,34.324455
880,34.324455
881,34.324455
882,34.324455
883,34.324455
884,34.324455
885,34.336811
886,34.374386
887,34.374386
888,34.374386
889,34.374386
890,34.374386
891,34.374386
892,34.374386
893,34.403816
894,34.374386
895,34.374386
896,34.403816
897,34.374386
898,34.374386
899,34.374386
900,34.374386
901,34.374386
902,34.374386
903,34.374386
904,34.374386
905,34.374386
906,34.374386
907,34.374386
908,34.374386
909,34.374386
910,34.374386
911,34.374386
912,34.374386
913,34.374386
914,34.374386
915,34.675362
916,34.675362
917,34.675362
918,34.694157
919,34.694157
920,34.694157
921,34.675362
922,34.694157
923,34.694157
924,34.694157
925,34.694157
926,34.403816
927,34.403816
928,34.403816
929,34.403816
930,34.403816
931,34.403816
932,34.495674
933,34.446362
934,34.446362
935,34.446362
936,34.446362
937,34.446362
938,34.446362
939,34.495674
940,34.446362
941,34.446362
942,34.446362
943,34.446362
944,34.446362
945,34.446362
946,34.446362
947,34.446362
948,34.495674
949,34.495674
950,34.495674
951,34.495674
952,34.725784
953,34.673111
954,34.673111
955,34.720699
956,34.366196
957,34.366196
958,34.366196
959,34.366196
960,34.366196
961,34.374386
962,34.374386
963,34.495674
964,34.495674
965,34.495674
966,34.495674
967,34.673111
968,34.673111
969,34.495674
970,34.495674
971,34.495674
972,34.495674
973,34.366196
974,34.366196
975,34.366196
976,34.366196
977,34.366196
978,34.366196
979,34.366196
980,34.366196
981,34.366196
982,34.366196
983,34.366196
984,34.366196
985,34.366196
986,34.366196
987,34.366196
988,34.366196
989,34.336811
990,34.336811
991,34.336811
992,34.336811
993,34.324455
994,34.374386
995,34.374386
996,34.374386
997,34.374386
998,34.403816
999,34.675362
1000,34.694157
1001,34.403816
1002,34.403816
1003,34.446362
1004,34.495674
1005,34.495674
1006,34.446362
1007,34.446362
1008,34.446362
1009,34.446362
1010,34.495674
1011,34.495674
1012,34.495674
1013,34.495674
1014,34.495674
1015,34.495674
1016,34.495674
1017,34.720699
1018,34.673111
1019,34.673111
1020,34.366196
1021,34.366196
1022,34.366196
1023,34.366196
1024,34.324455
1025,34.336811
1026,34.374386
1027,34.374386
1028,34.403816
1029,34.446362
1030,34.495674
1031,34.673111
1032,34.673111
1033,34.673111
1034,34.673111
1035,34.720699
1036,34.720699
1037,34.720699
1038,34.495674
1039,34.495674
1040,34.495674
1041,34.495674
1042,34.495674
1043,34.495674
1044,34.495674
1045,34.366196
1046,34.366196
1047,34.366196
1048,34.366196
1049,34.366196
1050,34.366196
1051,34.366196
1052,34.366196
1053,34.366196
1054,34.366196
1055,34.366196
1056,34.366196
1057,34.366196
1058,34.366196
1059,34.366196
1060,34.336811
1061,34.336811
1062,34.336811
1063,34.336811
1064,34.336811
1065,34.336811
1066,34.336811
1067,34.324455
1068,34.324455
1069,34.336811
1070,34.336811
1071,34.336811
1072,34.324455
1073,34.324455
1074,34.324455
1075,34.324455
1076,34.374386
1077,34.374386
1078,34.374386
1079,34.374386
1080,34.374386
1081,34.374386
1082,34.374386
1083,34.694157
1084,34.694157
1085,34.694157
1086,34.446362
1087,34.446362
1088,34.446362
1089,34.446362
1090,34.446362
1091,34.446362
1092,34.446362
1093,34.446362
1094,34.446362
1095,34.446362
1096,34.495674
1097,34.495674
1098,34.495674
1099,34.446362
1100,34.495674
1101,34.495674
1102,34.495674
1103,34.495674
1104,34.495674
1105,34.495674
1106,34.495674
1107,34.495674
1108,34.795994
1109,34.324455
1110,34.374386
1111,34.374386
1112,34.374386
1113,34.374386
1114,34.374386
1115,34.374386
1116,34.374386
1117,34.403816
1118,34.403816
1119,34.403816
1120,34.403816
1121,34.403816
1122,34.403816
1123,34.403816
1124,34.403816
1125,34.403816
1126,34.403816
1127,34.403816
1128,34.446362
1129,34.446362
1130,34.846447
1131,34.846447
1132,34.846447
1133,34.846447
1134,34.846447
1135,34.846447
1136,34.846447
1137,34.846447
1138,34.846447
1139,34.846447
1140,34.846447
1141,34.846447
1142,34.846447
1143,34.846447
1144,34.846447
1145,34.846447
1146,34.846447
1147,34.846447
1148,34.846447
1149,34.846447
1150,34.846447
1151,34.846447
1152,34.846447
1153,34.846447
1154,34.846447
1155,34.846447
1156,34.846447
1157,34.846447
1158,34.846447
1159,34.846447
1160,34.846447
1161,34.846447
1162,34.846447
1163,34.846447
1164,34.846447
1165,34.846447
1166,34.846447
1167,34.846447
1168,34.846447
1169,34.846447
1170,34.846447
1171,34.846447
1172,34.846447
1173,34.846447
1174,34.846447
1175,34.846447
1176,34.846447
1177,34.846447
1178,34.846447
1179,34.846447
1180,34.846447
1181,34.846447
1182,34.846447
1183,34.846447
1184,34.846447
1185,34.846447
1186,34.846447
1187,34.846447
1188,34.846447
1189,34.846447
1190,34.846447
1191,34.846447
1192,34.846447
1193,34.846447
1194,34.846447
1195,34.846447
1196,34.846447
1197,34.846447
1198,34.846447
1199,34.846447
1200,34.846447
1201,34.846447
1202,34.846447
1203,34.846447
1204,34.846447
1205,34.846447
1206,34.846447
1207,34.846447
1208,34.846447
1209,34.846447
1210,34.846447
1211,34.846447
1212,34.846447
1213,34.846447
1214,34.818817
1215,34.818817
1216,34.818817
1217,34.818817
1218,34.818817
1219,34.818817
1220,34.818817
1221,34.522575
1222,34.522575
1223,34.530842
1224,34.530842
1225,34.530842
1226,34.530842
1227,34.530842
1228,34.530842
1229,34.585526
1230,34.585526
1231,34.601021
1232,34.601021
1233,34.601021
1234,34.601021
1235,34.601021
1236,34.601021
1237,34.601021
1238,33.702694
1239,33.702694
1240,33.702694
1241,33.554623
1242,33.554623
1243,33.554623
1244,33.554623
1245,33.554623
1246,33.554623
1247,33.554623
1248,33.554623
1249,33.554623
1250,33.55624
1251,33.623409
1252,33.627625
1253,33.627625
1254,33.627625
1255,33.627625
1256,33.627625
1257,33.627625
1258,33.627625
1259,33.645901
1260,33.645901
1261,33.645901
1262,33.657017
1263,33.657017
1264,33.657017
1265,33.600742
1266,33.600742
1267,33.600742
1268,33.600742
1269,33.600742
1270,33.600742
1271,33.603333
1272,33.610695
1273,33.610695
1274,33.610695
1275,33.610695
1276,33.62085
1277,33.62085
1278,33.62085
1279,33.62085
1280,33.62085
1281,33.62085
1282,33.62085
1283,33.62085
1284,33.62085
1285,33.642246
1286,33.642246
1287,33.642246
1288,33.65395
1289,33.65395
1290,33.65395
1291,33.65395
1292,33.674744
1293,33.674744
1294,33.674744
1295,33.674744
1296,33.674744
1297,33.674744
1298,33.674744
1299,33.674744
1300,33.674744
1301,33.674744
1302,33.674744
1303,33.674744
1304,33.674744
1305,33.674744
1306,33.628563
1307,33.628563
1308,33.628563
1309,33.628563
1310,33.628563
1311,33.628563
1312,33.628563
1313,33.628563
1314,33.628563
1315,33.628563
1316,33.628563
1317,33.628563
1318,33.65395
1319,33.65395
1320,33.65395
1321,33.65395
1322,33.65395
1323,33.65395
1324,33.65395
1325,33.65395
1326,33.614418
1327,33.614418
1328,33.614418
1329,33.614418
1330,33.614418
1331,33.614418
1332,33.614418
1333,33.614418
1334,33.599136
1335,33.599136
1336,33.599136
1337,33.599136
1338,33.599136
1339,33.599136
1340,34.789074
1341,34.789074
1342,34.797596
1343,34.797596
1344,34.797596
1345,34.784977
1346,34.784977
1347,34.784977
1348,34.784977
1349,34.788219
1350,34.797596
1351,34.797596
1352,34.788219
1353,34.788219
1354,34.788219
1355,34.788219
1356,34.788219
1357,34.788219
1358,34.788219
1359,34.788219
1360,34.788219
1361,34.788219
1362,34.788219
1363,34.788219
1364,34.788219
1365,34.788219
1366,34.788219
1367,34.788219
1368,34.788219
1369,34.788219
1370,34.788219
1371,34.788219
1372,34.788219
1373,34.779587
1374,34.775299
1375,34.775299
1376,34.775299
1377,34.775299
1378,34.775299
1379,34.775299
1380,34.775299
1381,34.772427
1382,34.772427
1383,34.779587
1384,34.779587
1385,34.779587
1386,34.779587
1387,34.779587
1388,34.779587
1389,33.939342
1390,33.939342
1391,33.939342
1392,NA
1393,NA
1394,NA
1395,NA
1396,NA
1397,NA
1398,NA
1399,34.494404
1400,34.494404
1401,34.494404
1402,34.494404
1403,34.494404
1404,34.494404
1405,34.494404
1406,34.494404
1407,34.494404
1408,34.494404
1409,34.494404
1410,34.494404
1411,34.494404
1412,34.494404
1413,34.494404
1414,34.494404
1415,34.494404
1416,34.494404
1417,34.494404
1418,34.494404
1419,34.109196
1420,34.101948
1421,34.109196
1422,34.083683
1423,34.083683
1424,34.060135
1425,34.083683
1426,34.101948
1427,34.101948
1428,34.109196
1429,34.109196
1430,34.109196
1431,34.109196
1432,34.109196
1433,34.109196
1434,34.109196
1435,34.109196
1436,34.109196
1437,34.109196
1438,34.109196
1439,34.109196
1440,34.109196
1441,34.109196
1442,34.109196
1443,NA
1444,33.695026
1445,33.695026
1446,33.695026
1447,33.695026
1448,33.695026
1449,33.695026
1450,33.695026
1451,33.695026
1452,33.695026
1453,33.695026
1454,33.695026
1455,33.695026
1456,33.695026
1457,33.681408
1458,33.681408
1459,33.681408
1460,33.681408
1461,33.681408
1462,33.681408
1463,33.690903
1464,33.690903
1465,33.690903
1466,33.690903
1467,33.681408
1468,33.681408
1469,33.681408
1470,33.681408
1471,33.681408
1472,33.681408
1473,33.681408
1474,33.681408
1475,33.681408
1476,33.681408
1477,33.651199
1478,33.651199
1479,33.651199
1480,33.658543
1481,33.658543
1482,33.658543
1483,33.677025
1484,33.677025
1485,33.677025
1486,33.677025
1487,33.677025
1488,33.663742
1489,33.663742
1490,33.663742
1491,33.663742
1492,33.663742
1493,33.663742
1494,33.663742
1495,33.647179
1496,33.647179
1497,33.647179
1498,33.647179
1499,33.647179
1500,33.66444
1501,33.66444
1502,33.66444
1503,33.66444
1504,33.66444
1505,33.66444
1506,33.66444
1507,33.66444
1508,33.647179
1509,33.647179
1510,33.647179
1511,33.647179
1512,33.647179
1513,33.647179
1514,33.647179
1515,33.647179
1516,34.060688
1517,34.060688
1518,33.922077
1519,33.922077
1520,33.962517
1521,33.962517
1522,33.922077
1523,33.922077
1524,33.922077
1525,33.922077
1526,34.099407
1527,34.060688
1528,34.060688
1529,34.060688
1530,34.060688
1531,34.060688
1532,34.060688
1533,34.060688
1534,34.060688
1535,34.060688
1536,33.988487
1537,33.988487
1538,33.988487
1539,33.988487
1540,33.988487
1541,33.958439
1542,33.958439
1543,33.936214
1544,33.913898
1545,33.936214
1546,33.989155
1547,34.044075
1548,34.044075
1549,34.044075
1550,33.987614
1551,33.974758
1552,33.974758
1553,33.974758
1554,33.974758
1555,33.974758
1556,33.987614
1557,33.987614
1558,33.987614
1559,33.987614
1560,33.987614
1561,33.987614
1562,34.043068
1563,34.043068
1564,34.043068
1565,34.043068
1566,34.043068
1567,34.043068
1568,34.043068
1569,34.043068
1570,34.043068
1571,34.043068
1572,34.044075
1573,34.043068
1574,34.043068
1575,34.043068
1576,34.043068
1577,34.043068
1578,34.03751
1579,34.03751
1580,34.03751
1581,34.03751
1582,34.03751
1583,34.03751
1584,34.03751
1585,34.03751
1586,34.03751
1587,34.03751
1588,34.03751
1589,34.03751
1590,34.03751
1591,34.043068
1592,34.043068
1593,34.043068
1594,34.043068
1595,34.043068
1596,34.043068
1597,34.043068
1598,34.051453
1599,34.051453
1600,34.051453
1601,34.051453
1602,33.99979
1603,34.044075
1604,34.044075
1605,34.044075
1606,34.044075
1607,34.083012
1608,34.083012
1609,34.083012
1610,34.083012
1611,34.110138
1612,34.110138
1613,34.110138
1614,34.110138
1615,34.110138
1616,34.044537
1617,34.044537
1618,34.044537
1619,34.044537
1620,34.044537
1621,34.044537
1622,34.044537
1623,34.044537
1624,34.110138
1625,34.110138
1626,34.110138
1627,34.110138
1628,34.110138
1629,34.110138
1630,34.110138
1631,34.110138
1632,34.110138
1633,34.110138
1634,34.110138
1635,34.110138
1636,34.110138
1637,34.110138
1638,34.110138
1639,34.083012
1640,34.083012
1641,34.073647
1642,34.131142
1643,34.131142
1644,34.131142
1645,34.131142
1646,34.131142
1647,34.131142
1648,34.131142
1649,34.131142
1650,34.131142
1651,34.131142
1652,34.131142
1653,34.131142
1654,34.131142
1655,34.140289
1656,34.131142
1657,34.131142
1658,34.140289
1659,34.140289
1660,34.140289
1661,34.140289
1662,34.140289
1663,34.140289
1664,34.168221
1665,34.168221
1666,34.233868
1667,34.233868
1668,34.233868
1669,34.233868
1670,34.168221
1671,NA
1672,NA
1673,33.452084
1674,33.452084
1675,33.452084
1676,33.452084
1677,33.452084
1678,33.452084
1679,33.452084
1680,33.452084
1681,33.452084
1682,33.452084
1683,33.452084
1684,33.452084
1685,34.203831
1686,34.147289
1687,34.147289
1688,34.124046
1689,34.147289
1690,34.148876
1691,34.148876
1692,34.148876
1693,34.147289
1694,34.147289
1695,34.147289
1696,34.148876
1697,34.148876
1698,34.136604
1699,34.147289
1700,34.136604
1701,34.065399
1702,34.158905
1703,34.18618
1704,34.146004
1705,34.17355
1706,34.146004
1707,34.138077
1708,34.17355
1709,34.138077
1710,34.158428
1711,34.158428
1712,34.17355
1713,34.17355
1714,34.188099
1715,34.158428
1716,34.158428
1717,34.116417
1718,34.138077
1719,34.138077
1720,34.131454
1721,34.188099
1722,34.188099
1723,34.138077
1724,34.138077
1725,34.138077
1726,34.138077
1727,34.138077
1728,34.138077
1729,34.138077
1730,34.138077
1731,34.138077
1732,34.138077
1733,34.138077
1734,34.138077
1735,34.138077
1736,34.138077
1737,34.138077
1738,34.138077
1739,34.138077
1740,34.138077
1741,34.138077
1742,34.138077
1743,34.138077
1744,34.138077
1745,34.138077
1746,34.138077
1747,34.185432
1748,34.185432
1749,34.185432
1750,34.203831
1751,34.203831
1752,34.167248
1753,34.167248
1754,34.167248
1755,34.167248
1756,34.161366
1757,34.161366
1758,34.161366
1759,34.161366
1760,34.368008
1761,34.368008
1762,34.368008
1763,34.368008
1764,34.368008
1765,34.368008
1766,34.368008
1767,34.450729
1768,34.450729
1769,34.450729
1770,34.450729
1771,34.368008
1772,34.302505
1773,34.302505
1774,34.302505
1775,34.302505
1776,34.302505
1777,34.302505
1778,34.278397
1779,34.278397
1780,34.278397
1781,34.234207
1782,34.234207
1783,34.234207
1784,34.234207
1785,34.234207
1786,34.234207
1787,34.234207
1788,34.234207
1789,34.234207
1790,34.234207
1791,34.234207
1792,34.234207
1793,34.234207
1794,34.234207
1795,34.234207
1796,34.302505
1797,34.302505
1798,34.302505
1799,34.302505
1800,34.305565
1801,34.305565
1802,34.305565
1803,34.305565
1804,34.305565
1805,34.305565
1806,34.305565
1807,34.305565
1808,34.305565
1809,34.305565
1810,34.305565
1811,34.305565
1812,34.305565
1813,34.302505
1814,34.302505
1815,34.305565
1816,34.305565
1817,34.305565
1818,34.305565
1819,34.305565
1820,34.305565
1821,34.305565
1822,34.305565
1823,34.305565
1824,34.305565
1825,34.305565
1826,34.305565
1827,34.372459
1828,34.372459
1829,34.372459
1830,34.25988
1831,34.25988
1832,34.25444
1833,34.25444
1834,34.25988
1835,34.251556
1836,34.251556
1837,34.274582
1838,34.274582
1839,34.274582
1840,34.232613
1841,34.230404
1842,34.230404
1843,34.230404
1844,34.230404
1845,34.230404
1846,34.230404
1847,34.230404
1848,34.230404
1849,34.230404
1850,34.213863
1851,34.213863
1852,34.213863
1853,34.213863
1854,34.213863
1855,34.213863
1856,34.213863
1857,34.213863
1858,34.25486
1859,34.25486
1860,34.25486
1861,34.25486
1862,34.368752
1863,34.368752
1864,34.324234
1865,34.324234
1866,NA
1867,34.378391
1868,34.378391
1869,34.378391
1870,34.421185
1871,34.421185
1872,34.421185
1873,34.421185
1874,34.368752
1875,34.368752
1876,34.367378
1877,34.367378
1878,34.367378
1879,33.448277
1880,33.448277
1881,33.448277
1882,33.448277
1883,33.448277
1884,33.448277
1885,33.46294
1886,33.46294
1887,33.46294
1888,33.46294
1889,33.46294
1890,33.46294
1891,33.46294
1892,33.46294
1893,33.46294
1894,33.46294
1895,33.46294
1896,33.46294
1897,33.46294
1898,33.46294
1899,33.46294
1900,33.46294
1901,33.46294
1902,33.46294
1903,33.46294
1904,33.46294
1905,33.46294
1906,33.46294
1907,33.46294
1908,33.46294
1909,33.46294
1910,33.46294
1911,33.46294
1912,33.46294
1913,33.46294
1914,33.46294
1915,33.46294
1916,33.46294
1917,33.46294
1918,33.46294
1919,33.46294
1920,33.46294
1921,33.46294
1922,33.46294
1923,33.46294
1924,33.46294
1925,33.46294
1926,33.46294
1927,33.46294
1928,33.46294
1929,33.46294
1930,33.46294
1931,33.46294
1932,33.46294
1933,33.46294
1934,33.46294
1935,33.46294
1936,33.46294
1937,33.46294
1938,33.46294
1939,33.46294
1940,33.46294
1941,33.46294
1942,33.46294
1943,33.46294
1944,33.46294
1945,33.448277
1946,33.46294
1947,33.46294
1948,33.46294
1949,33.46294
1950,33.46294
1951,33.46294
1952,33.46294
1953,33.46294
1954,33.46294
1955,33.46294
1956,33.46294
1957,33.46294
1958,33.46294
1959,33.46294
1960,33.46294
1961,33.46294
1962,33.46294
1963,33.46294
1964,33.46294
1965,33.46294
1966,33.46294
1967,33.46294
1968,33.46294
1969,33.46294
1970,33.46294
1971,33.46294
1972,33.46294
1973,33.46294
1974,33.46294
1975,33.448277
1976,34.01366
1977,34.01366
1978,34.01366
1979,34.01366
1980,34.01366
1981,34.01366
1982,34.01366
1983,34.01366
1984,34.01366
1985,34.01366
1986,34.01366
1987,34.01366
1988,34.01366
1989,34.01366
1990,34.01366
1991,34.01366
1992,34.01366
1993,34.01366
1994,34.01366
1995,34.01366
1996,34.01366
1997,34.01366
1998,34.01366
1999,34.01366
2000,34.01366
2001,34.01366
2002,34.01366
2003,34.01366
2004,34.01366
2005,34.01366
2006,34.01366
2007,34.01366
2008,34.01366
2009,34.012917
2010,34.012917
2011,34.012917
2012,34.012917
2013,34.012917
2014,34.012917
2015,34.012917
2016,34.012917
2017,34.012917
2018,34.012917
2019,34.012917
2020,34.012917
2021,34.012917
2022,34.012917
2023,34.012917
2024,34.012917
2025,34.012917
2026,34.012917
2027,34.012917
2028,34.012917
2029,34.012917
2030,34.012917
2031,34.012917
2032,34.012917
2033,34.012917
2034,34.012917
2035,34.012917
2036,34.012917
2037,34.012917
2038,34.012917
2039,34.012917
2040,34.012917
2041,34.012917
2042,34.012917
2043,34.012917
2044,34.012917
2045,34.094452
2046,34.094452
2047,34.094452
2048,34.094452
2049,34.094452
2050,34.094452
2051,34.094452
2052,34.094452
2053,34.094452
2054,34.094452
2055,34.094452
2056,34.094452
2057,34.094452
2058,34.094452
2059,34.094452
2060,34.094452
2061,34.094452
2062,34.094452
2063,34.094452
2064,34.094452
2065,34.094452
2066,34.0826
2067,34.094452
2068,34.094452
2069,34.094452
2070,34.094452
2071,34.094452
2072,34.094452
2073,34.094452
2074,34.094452
2075,34.094452
2076,34.094452
2077,34.094452
2078,34.10194
2079,34.10194
2080,34.10194
2081,34.10194
2082,34.10194
2083,34.10194
2084,34.10194
2085,34.10194
2086,34.094452
2087,34.10194
2088,34.10194
2089,34.094452
2090,34.10194
2091,34.10194
2092,34.10194
2093,34.10194
2094,34.10194
2095,34.094452
2096,34.094452
2097,34.094452
2098,34.094452
2099,34.094452
2100,34.094452
2101,34.094452
2102,34.094452
2103,34.0826
2104,34.0826
2105,34.0826
2106,34.0826
2107,34.094452
2108,33.56181
2109,33.56181
2110,33.56181
2111,33.56181
2112,33.56181
2113,33.573357
2114,33.573357
2115,33.572544
2116,33.58054
2117,33.58054
2118,33.58054
2119,33.58054
2120,33.58054
2121,33.58054
2122,33.58054
2123,33.58054
2124,33.58054
2125,33.58054
2126,33.58054
2127,33.631023
2128,33.631023
2129,33.631023
2130,33.631023
2131,33.613747
2132,33.631023
2133,33.631023
2134,33.631023
2135,33.631023
2136,33.631023
2137,33.631023
2138,33.631023
2139,33.631023
2140,33.631023
2141,33.631023
2142,33.631023
2143,33.631023
2144,33.631023
2145,33.631023
2146,33.631023
2147,33.613747
2148,33.631023
2149,33.613747
2150,33.655731
2151,33.655731
2152,33.613747
2153,33.628563
2154,33.628563
2155,33.628563
2156,33.628563
2157,33.411942
2158,33.411942
2159,33.411942
2160,33.411942
2161,33.411942
2162,33.411942
2163,33.411942
2164,33.411942
2165,33.411942
2166,33.411942
2167,33.411942
2168,33.411942
2169,33.411942
2170,33.411942
2171,33.411942
2172,33.411942
2173,33.411942
2174,33.411942
2175,33.411942
2176,33.411942
2177,33.411942
2178,33.411942
2179,33.411942
2180,33.411942
2181,33.411942
2182,33.411942
2183,33.411942
2184,33.411942
2185,33.411942
2186,33.411942
2187,33.411942
2188,33.405544
2189,33.411942
2190,33.411942
2191,33.411942
2192,33.411942
2193,33.411942
2194,33.411942
2195,33.411942
2196,33.411942
2197,33.411942
2198,33.411942
2199,33.411942
2200,33.405544
2201,33.405544
2202,33.411942
2203,33.411942
2204,33.411942
2205,33.411942
2206,33.411942
2207,33.411942
2208,33.411942
2209,33.411942
2210,33.411942
2211,33.411942
2212,33.411942
2213,33.411942
2214,33.411942
2215,33.411942
2216,33.411942
2217,33.413513
2218,33.413513
2219,33.413513
2220,33.413513
2221,33.413513
2222,33.413513
2223,33.413513
2224,33.413513
2225,33.413513
2226,33.413513
2227,33.413513
2228,33.413513
2229,33.413513
2230,33.413513
2231,33.413513
2232,33.413513
2233,33.413513
2234,33.413513
2235,33.413513
2236,33.413513
2237,33.413513
2238,33.413513
2239,33.413513
2240,33.413513
2241,33.413513
2242,33.413513
2243,33.413513
2244,33.413513
2245,33.413513
2246,33.413513
2247,33.413513
2248,33.413513
2249,33.413513
2250,33.413513
2251,33.413513
2252,33.413513
2253,33.413513
2254,33.413513
2255,33.413513
2256,33.413513
2257,33.413513
2258,33.413513
2259,33.413513
2260,33.413513
2261,33.413513
2262,33.413513
2263,33.413513
2264,33.413513
2265,33.413513
2266,33.413513
2267,33.413513
2268,33.413513
2269,33.413513
2270,33.411942
2271,33.411942
2272,33.411942
2273,33.410675
2274,33.410675
2275,33.410675
2276,33.410675
2277,33.410675
2278,33.410675
2279,33.410675
2280,33.410675
2281,33.410675
2282,33.410675
2283,33.422462
2284,33.410675
2285,33.410675
2286,33.410675
2287,33.410675
2288,33.410675
2289,33.410675
2290,33.410675
2291,33.410675
2292,33.410675
2293,33.410675
2294,33.410675
2295,33.410675
2296,33.410675
2297,33.410675
2298,33.410675
2299,33.410675
2300,33.410675
2301,33.410675
2302,33.410675
2303,33.410675
2304,33.410675
2305,33.410675
2306,33.410675
2307,33.410675
2308,33.410675
2309,33.410675
2310,33.410675
2311,33.410675
2312,33.410675
2313,33.410675
2314,33.410675
2315,33.410675
2316,33.422462
2317,33.422462
2318,33.422462
2319,33.422462
2320,33.422462
2321,33.410675
2322,33.410675
2323,33.422462
2324,33.422462
2325,33.422462
2326,33.589638
2327,27.570396
2328,27.573689
2329,27.573689
2330,27.573689
2331,27.573689
2332,27.573689
2333,27.573689
2334,27.573689
2335,27.573689
2336,27.573689
2337,27.573689
2338,27.573689
2339,27.573689
2340,27.573689
2341,27.573689
2342,27.573689
2343,27.573689
2344,27.570396
2345,27.570396
2346,27.570396
2347,27.570396
2348,27.570396
2349,27.570396
2350,27.570396
2351,27.570396
2352,27.570396
2353,27.570396
2354,27.570396
2355,27.570396
2356,27.570396
2357,27.570396
2358,27.570396
2359,27.570396
2360,27.59046
2361,27.59046
2362,27.59046
2363,27.59046
2364,27.59046
2365,27.59046
2366,27.59046
2367,27.59046
2368,27.59046
2369,27.59046
2370,27.59046
2371,27.59046
2372,27.59046
2373,27.59046
2374,27.59046
2375,27.59046
2376,27.59046
2377,27.570396
2378,27.570396
2379,27.570396
2380,27.570396
2381,27.570396
2382,27.570396
2383,27.570396
2384,27.570396
2385,27.570396
2386,27.570396
2387,27.570396
2388,27.570396
2389,27.570396
2390,27.570396
2391,27.570396
2392,27.570396
2393,27.570396
2394,27.570396
2395,27.570396
2396,27.570396
2397,27.570396
2398,27.570396
2399,27.570396
2400,27.570396
2401,27.570396
2402,27.570396
2403,27.570396
2404,27.570396
2405,27.570396
2406,27.570396
2407,27.570396
2408,27.570396
2409,27.59046
2410,27.59046
2411,27.59046
2412,27.59046
2413,27.59046
2414,27.59046
2415,27.59046
2416,27.59046
2417,27.59046
2418,27.59046
2419,27.59046
2420,27.59046
2421,27.59046
2422,27.59046
2423,27.59046
2424,27.59046
2425,27.59046
2426,27.59046
2427,27.59046
2428,27.59046
2429,27.59046
2430,27.59046
2431,27.59046
2432,27.59046
2433,27.59046
2434,33.418343
2435,33.426105
2436,33.418343
2437,33.418343
2438,33.418343
2439,33.426105
2440,33.418343
2441,33.418343
2442,33.418343
2443,34.318947
2444,34.318947
2445,34.318947
2446,34.318947
2447,34.318947
2448,34.318947
2449,34.318947
2450,34.318947
2451,34.318947
2452,34.318947
2453,34.318947
2454,34.318947
2455,34.318947
2456,34.318947
2457,34.318947
2458,34.318947
2459,34.318947
2460,34.318947
2461,34.318947
2462,34.318947
2463,34.318947
2464,34.31213
2465,34.31213
2466,34.31213
2467,34.31213
2468,34.31213
2469,34.18206
2470,34.318947
2471,34.318947
2472,34.318947
2473,34.318947
2474,34.318947
2475,34.318947
2476,34.318947
2477,34.318947
2478,34.318947
2479,34.318947
2480,34.318947
2481,34.318947
2482,34.318947
2483,34.318947
2484,34.318947
2485,34.318947
2486,34.318947
2487,34.318947
2488,34.318947
2489,34.318947
2490,34.318947
2491,34.318947
2492,34.318947
2493,34.318947
2494,34.318947
2495,34.318947
2496,34.318947
2497,34.318947
2498,34.318947
2499,34.318947
2500,34.318947
2501,34.318947
2502,34.318947
2503,34.318947
2504,34.318947
2505,34.318947
2506,34.318947
2507,34.273914
2508,34.273914
2509,34.273914
2510,34.273914
2511,34.273914
2512,34.273914
2513,34.273914
2514,34.273914
2515,34.273914
2516,34.273914
2517,34.273914
2518,34.273914
2519,34.390373
2520,34.368477
2521,34.368477
2522,34.368477
2523,28.102335
2524,28.102335
2525,28.102335
2526,28.102335
2527,28.102335
2528,28.102335
2529,28.102335
2530,28.102335
2531,28.156734
2532,28.102335
2533,28.102335
2534,28.102335
2535,28.102335
2536,28.102335
2537,28.102335
2538,28.102335
2539,28.102335
2540,28.102335
2541,28.102335
2542,28.102335
2543,28.102335
2544,28.102335
2545,28.102335
2546,28.102335
2547,28.102335
2548,28.102335
2549,28.102335
2550,28.761801
2551,28.761801
2552,28.761801
2553,28.761801
2554,28.761801
2555,28.761801
2556,28.761801
2557,28.761801
2558,28.761801
2559,28.761801
2560,28.761801
2561,28.761801
2562,28.761801
2563,28.761801
2564,28.761801
2565,28.761801
2566,28.761801
2567,28.761801
2568,28.761801
2569,28.761801
2570,28.761801
2571,28.761801
2572,28.761801
2573,28.761801
2574,28.761801
2575,28.761801
2576,28.761801
2577,28.761801
2578,28.761801
2579,28.761801
2580,28.761801
2581,28.761801
2582,28.761801
2583,28.761801
2584,28.761801
2585,27.746552
2586,27.746552
2587,27.746552
2588,27.746552
2589,27.746552
2590,27.746552
2591,28.156734
2592,28.156734
2593,28.156734
2594,28.156734
2595,28.156734
2596,28.156734
2597,28.156734
2598,28.156734
2599,28.156734
2600,28.156734
2601,28.156734
2602,28.156734
2603,27.930113
2604,27.930113
2605,27.930113
2606,27.930113
2607,28.156734
2608,28.156734
2609,28.156734
2610,28.156734
2611,28.156734
2612,28.156734
2613,28.156734
2614,28.156734
2615,28.156734
2616,28.156734
2617,28.156734
2618,28.156734
2619,28.156734
2620,28.156734
2621,28.156734
2622,28.156734
2623,28.156734
2624,28.156734
2625,28.156734
2626,28.156734
2627,28.156734
2628,28.156734
2629,28.156734
2630,28.156734
2631,28.156734
2632,28.156734
2633,28.156734
2634,28.156734
2635,28.156734
2636,28.156734
2637,28.156734
2638,28.156734
2639,28.156734
2640,28.156734
2641,28.156734
2642,28.156734
2643,28.156734
2644,28.156734
2645,28.156734
2646,28.156734
2647,28.156734
2648,28.156734
2649,28.156734
2650,28.156734
2651,28.156734
2652,28.156734
2653,28.156734
2654,28.156734
2655,28.156734
2656,28.156734
2657,28.156734
2658,28.156734
2659,28.156734
2660,28.156734
2661,28.156734
2662,28.156734
2663,28.156734
2664,28.156734
2665,28.156734
2666,28.156734
2667,28.156734
2668,28.156734
2669,28.156734
2670,28.156734
2671,28.156734
2672,27.746552
2673,27.746552
2674,27.746552
2675,27.746552
2676,27.746552
2677,27.746552
2678,27.746552
2679,27.746552
2680,27.746552
2681,27.746552
2682,27.746552
2683,27.746552
2684,27.746552
2685,27.746552
2686,27.746552
2687,27.746552
2688,27.746552
2689,27.746552
2690,27.746552
2691,27.746552
2692,27.746552
2693,27.746552
2694,27.746552
2695,27.746552
2696,27.746552
2697,27.746552
2698,27.746552
2699,27.746552
2700,27.746552
2701,27.746552
2702,27.746552
2703,27.746552
2704,27.746552
2705,27.746552
2706,27.746552
2707,27.746552
2708,27.746552
2709,27.746552
2710,27.746552
2711,27.746552
2712,27.746552
2713,27.746552
2714,27.746552
2715,27.746552
2716,27.746552
2717,27.746552
2718,27.746552
2719,27.746552
2720,27.746552
2721,27.746552
2722,27.746552
2723,27.746552
2724,27.746552
2725,27.746552
2726,27.746552
2727,27.746552
2728,27.746552
2729,27.746552
2730,27.746552
2731,27.746552
2732,27.746552
2733,27.746552
2734,27.746552
2735,27.872362
2736,27.872362
2737,27.872362
2738,27.872362
2739,27.872362
2740,27.872362
2741,27.872362
2742,27.872362
2743,27.872362
2744,27.872362
2745,27.872362
2746,27.872362
2747,27.872362
2748,27.872362
2749,27.872362
2750,27.872362
2751,27.872362
2752,27.872362
2753,27.872362
2754,27.872362
2755,27.872362
2756,27.872362
2757,27.872362
2758,27.872362
2759,27.872362
2760,27.872362
2761,27.872362
2762,27.872362
2763,27.872362
2764,27.872362
2765,27.872362
2766,27.872362
2767,27.872362
2768,27.872362
2769,27.872362
2770,27.872362
2771,28.102335
2772,28.102335
2773,28.102335
2774,28.102335
2775,28.102335
2776,28.102335
2777,28.102335
2778,28.102335
2779,28.102335
2780,28.102335
2781,28.102335
2782,28.102335
2783,28.102335
2784,28.102335
2785,28.102335
2786,28.102335
2787,28.102335
2788,28.102335
2789,28.102335
2790,28.102335
2791,28.102335
2792,28.102335
2793,28.102335
2794,28.102335
2795,28.102335
2796,28.102335
2797,28.102335
2798,28.102335
2799,28.102335
2800,28.102335
2801,28.102335
2802,28.102335
2803,28.102335
2804,28.102335
2805,28.102335
2806,28.102335
2807,28.102335
2808,28.102335
2809,28.102335
2810,28.102335
2811,28.102335
2812,28.102335
2813,28.102335
2814,28.102335
2815,28.102335
2816,28.102335
2817,28.102335
2818,28.102335
2819,28.102335
2820,28.102335
2821,28.102335
2822,28.102335
2823,28.102335
2824,28.102335
2825,28.102335
2826,28.102335
2827,28.102335
2828,28.102335
2829,28.102335
2830,28.102335
2831,28.102335
2832,28.102335
2833,28.102335
2834,28.102335
2835,28.102335
2836,28.102335
2837,28.102335
2838,28.102335
2839,28.102335
2840,28.102335
2841,28.102335
2842,28.102335
2843,28.102335
2844,28.102335
2845,28.102335
2846,28.102335
2847,28.102335
2848,28.102335
2849,28.102335
2850,28.102335
2851,28.102335
2852,28.102335
2853,28.102335
2854,28.102335
2855,28.102335
2856,28.102335
2857,28.102335
2858,28.102335
2859,28.102335
2860,28.102335
2861,28.102335
2862,28.102335
2863,28.102335
2864,28.102335
2865,28.102335
2866,28.102335
2867,28.102335
2868,28.102335
2869,28.102335
2870,28.102335
2871,28.102335
2872,28.102335
2873,28.102335
2874,28.102335
2875,28.102335
2876,28.102335
2877,28.102335
2878,28.102335
2879,28.102335
2880,28.102335
2881,28.102335
2882,28.102335
2883,28.102335
2884,28.102335
2885,28.102335
2886,28.102335
2887,28.102335
2888,28.102335
2889,28.102335
2890,28.102335
2891,28.102335
2892,28.102335
2893,28.102335
2894,28.102335
2895,28.102335
2896,28.102335
2897,28.102335
2898,28.102335
2899,28.102335
2900,28.102335
2901,28.102335
2902,28.102335
2903,28.102335
2904,28.102335
2905,28.102335
2906,28.102335
2907,28.102335
2908,28.102335
2909,28.102335
2910,28.102335
2911,28.102335
2912,28.102335
2913,28.102335
2914,28.102335
2915,28.102335
2916,28.102335
2917,28.102335
2918,28.102335
2919,28.102335
2920,28.102335
2921,28.102335
2922,28.102335
2923,28.102335
2924,28.102335
2925,28.102335
2926,28.102335
2927,28.102335
2928,28.102335
2929,28.102335
2930,28.102335
2931,28.102335
2932,28.102335
2933,28.102335
2934,28.102335
2935,28.102335
2936,28.102335
2937,28.102335
2938,28.102335
2939,28.102335
2940,28.102335
2941,28.102335
2942,28.102335
2943,28.102335
2944,28.102335
2945,28.102335
2946,28.102335
2947,28.102335
2948,28.102335
2949,28.102335
2950,28.102335
2951,28.102335
2952,28.102335
2953,28.102335
2954,28.102335
2955,28.102335
2956,28.102335
2957,28.102335
2958,28.102335
2959,28.102335
2960,28.102335
2961,28.102335
2962,28.102335
2963,28.102335
2964,28.102335
2965,28.102335
2966,28.102335
2967,28.102335
2968,28.102335
2969,28.102335
2970,28.102335
2971,27.872362
2972,27.872362
2973,27.872362
2974,27.872362
2975,27.872362
2976,27.84742
2977,27.84742
2978,27.84742
2979,27.84742
2980,27.872362
2981,27.872362
2982,28.102335
2983,28.102335
2984,28.102335
2985,28.102335
2986,28.102335
2987,28.102335
2988,27.930113
2989,27.930113
2990,27.930113
2991,27.930113
2992,27.930113
2993,27.930113
2994,27.930113
2995,27.930113
2996,27.930113
2997,27.930113
2998,27.930113
2999,27.930113
3000,27.930113
3001,27.930113
3002,27.930113
3003,27.930113
3004,27.930113
3005,27.930113
3006,27.930113
3007,27.930113
3008,27.930113
3009,27.930113
3010,27.930113
3011,27.930113
3012,27.930113
3013,27.930113
3014,27.930113
3015,27.930113
3016,27.930113
3017,27.930113
3018,27.930113
3019,27.930113
3020,27.930113
3021,27.930113
3022,27.930113
3023,27.930113
3024,27.930113
3025,27.930113
3026,27.930113
3027,27.930113
3028,27.930113
3029,27.930113
3030,28.320856
3031,28.320856
3032,28.320856
3033,28.320856
3034,28.320856
3035,28.320856
3036,28.320856
3037,28.320856
3038,28.320856
3039,28.320856
3040,28.320856
3041,28.320856
3042,28.320856
3043,28.320856
3044,28.320856
3045,28.320856
3046,28.320856
3047,28.320856
3048,28.320856
3049,28.320856
3050,28.320856
3051,28.320856
3052,28.320856
3053,28.320856
3054,29.323423
3055,29.323423
3056,29.323423
3057,29.323423
3058,29.323423
3059,29.323423
3060,29.323423
3061,29.323423
3062,29.323423
3063,29.323423
3064,29.323423
3065,29.323423
3066,29.323423
3067,29.323423
3068,29.323423
3069,29.323423
3070,29.323423
3071,29.323423
3072,29.323423
3073,29.323423
3074,29.323423
3075,29.323423
3076,29.323423
3077,29.323423
3078,29.323423
3079,29.323423
3080,29.323423
3081,29.323423
3082,29.323423
3083,29.323423
3084,29.323423
3085,29.323423
3086,29.323423
3087,29.323423
3088,29.323423
3089,29.323423
3090,29.323423
3091,29.323423
3092,29.323423
3093,29.323423
3094,29.323423
3095,29.323423
3096,29.323423
3097,29.323423
3098,29.323423
3099,29.323423
3100,29.323423
3101,29.323423
3102,29.323423
3103,29.323423
3104,29.323423
3105,29.323423
3106,29.323423
3107,29.323423
3108,29.323423
3109,29.323423
3110,29.323423
3111,29.323423
3112,33.405102
3113,33.405102
3114,33.405102
3115,33.405102
3116,33.405102
3117,33.399811
3118,33.405102
3119,33.405102
3120,33.405102
3121,33.405102
3122,33.405102
3123,33.405102
3124,33.405102
3125,33.405102
3126,34.765778
3127,34.758881
3128,34.758881
3129,34.758881
3130,34.750389
3131,34.750389
3132,34.750389
3133,34.750389
3134,34.750389
3135,34.750389
3136,34.750389
3137,34.741013
3138,34.741013
3139,34.741013
3140,34.758881
3141,34.758881
3142,34.758881
3143,34.758881
3144,34.758881
3145,34.741013
3146,34.741013
3147,34.730679
3148,34.741013
3149,34.741013
3150,34.741013
3151,34.741013
3152,34.741013
3153,34.741013
3154,34.741013
3155,34.607414
3156,34.607414
3157,34.607414
3158,34.607414
3159,34.607414
3160,34.607414
3161,34.666466
3162,34.666466
3163,34.666466
3164,34.666466
3165,34.638771
3166,34.638771
3167,34.638771
3168,34.638771
3169,34.638771
3170,34.638771
3171,34.638771
3172,34.638771
3173,34.607414
3174,34.607414
3175,34.607414
3176,34.607414
3177,34.607414
3178,34.607414
3179,34.554623
3180,34.532024
3181,34.532024
3182,34.532024
3183,34.532024
3184,34.531898
3185,34.531898
3186,34.554623
3187,34.554623
3188,34.554623
3189,34.554623
3190,34.554623
3191,34.535885
3192,34.535885
3193,34.499466
3194,34.499466
3195,34.535885
3196,34.535885
3197,34.532024
3198,34.532024
3199,34.554623
3200,34.577484
3201,34.577484
3202,33.795628
3203,33.795628
3204,33.795628
3205,33.667717
3206,33.667717
3207,33.667717
3208,33.667717
3209,33.667717
3210,33.730793
3211,33.730793
3212,33.730793
3213,33.730793
3214,33.730793
3215,33.730793
3216,33.730793
3217,33.730793
3218,33.730793
3219,33.730793
3220,33.795628
3221,33.795628
3222,33.795628
3223,33.795628
3224,33.795628
3225,33.852718
3226,33.714054
3227,33.781868
3228,33.781868
3229,33.781868
3230,33.781868
3231,33.699608
3232,33.635941
3233,33.635941
3234,33.635941
3235,33.635941
3236,33.537365
3237,33.537365
3238,33.537365
3239,33.591953
3240,33.591953
3241,33.591953
3242,33.591953
3243,33.591953
3244,33.591953
3245,33.591953
3246,33.591953
3247,33.537365
3248,33.537365
3249,33.537365
3250,33.491455
3251,33.491455
3252,33.459064
3253,33.635941
3254,33.537365
3255,33.852718
3256,34.258522
3257,33.852718
3258,33.852718
3259,34.258522
3260,33.852718
3261,34.258522
3262,33.852718
3263,33.852718
3264,33.852718
3265,34.258522
3266,33.852718
3267,33.852718
3268,33.852718
3269,33.852718
3270,33.795628
3271,33.795628
3272,33.795628
3273,33.795628
3274,33.795628
3275,33.852718
3276,33.852718
3277,33.852718
3278,33.852718
3279,33.852718
3280,33.852718
3281,33.852718
3282,33.852718
3283,33.852718
3284,33.852718
3285,33.852718
3286,33.852718
3287,33.819431
3288,34.258522
3289,33.88232
3290,33.88232
3291,33.819431
3292,34.258522
3293,33.88232
3294,34.258522
3295,33.88232
3296,33.88232
3297,34.258522
3298,33.88232
3299,34.258522
3300,34.258522
3301,34.007046
3302,33.852718
3303,33.852718
3304,33.852718
3305,33.852718
3306,33.852718
3307,33.88232
3308,33.88232
3309,33.88232
3310,33.88232
3311,33.88232
3312,33.88232
3313,33.88232
3314,33.88232
3315,33.88232
3316,33.88232
3317,33.88232
3318,33.88232
3319,33.88232
3320,33.88232
3321,33.88232
3322,33.88232
3323,33.88232
3324,33.88232
3325,33.426762
3326,33.426762
3327,33.426762
3328,33.426762
3329,33.426762
3330,32.966137
3331,33.015987
3332,33.015987
3333,33.015987
3334,32.966137
3335,32.966137
3336,32.966137
3337,32.966137
3338,32.966137
3339,32.966137
3340,32.966137
3341,32.966137
3342,32.966137
3343,32.966137
3344,32.966137
3345,32.966137
3346,32.966137
3347,32.966137
3348,33.015987
3349,33.015987
3350,32.966137
3351,33.015987
3352,33.015987
3353,34.230789
3354,32.966137
3355,32.966137
3356,32.966137
3357,32.966137
3358,32.966137
3359,32.966137
3360,32.966137
3361,32.966137
3362,32.966137
3363,32.966137
3364,32.966137
3365,32.966137
3366,32.966137
3367,32.966137
3368,32.963802
3369,32.963802
3370,32.963802
3371,32.963802
3372,33.322098
3373,33.322098
3374,33.322098
3375,33.322098
3376,33.322098
3377,33.322098
3378,33.322098
3379,33.322098
3380,33.322098
3381,33.322098
3382,33.322098
3383,33.322098
3384,33.322098
3385,33.322098
3386,33.322098
3387,33.322098
3388,33.322098
3389,33.322098
3390,33.322098
3391,33.322098
3392,33.322098
3393,33.322098
3394,33.322098
3395,33.322098
3396,33.322098
3397,33.322098
3398,33.322098
3399,33.322098
3400,33.322098
3401,33.322098
3402,33.322098
3403,33.322098
3404,33.322098
3405,33.322098
3406,33.322098
3407,33.322098
3408,33.322098
3409,33.322098
3410,33.322098
3411,33.322098
3412,33.322098
3413,33.322098
3414,33.322098
3415,33.322098
3416,33.322098
3417,33.322098
3418,33.322098
3419,33.322098
3420,33.322098
3421,33.322098
3422,33.322098
3423,33.322098
3424,33.322098
3425,33.322098
3426,33.322098
3427,33.322098
3428,33.322098
3429,33.322098
3430,33.322098
3431,33.322098
3432,33.322098
3433,33.322098
3434,33.322098
3435,33.322098
3436,33.322098
3437,33.322098
3438,33.322098
3439,33.322098
3440,33.322098
3441,33.322098
3442,33.322098
3443,33.322098
3444,33.322098
3445,33.322098
3446,33.322098
3447,33.322098
3448,33.322098
3449,33.322098
3450,33.322098
3451,33.322098
3452,33.322098
3453,33.275017
3454,33.275017
3455,33.275017
3456,33.275017
3457,33.275017
3458,33.275017
3459,33.275017
3460,33.275017
3461,33.275017
3462,33.275017
3463,33.275017
3464,33.275017
3465,33.275017
3466,33.275017
3467,33.275017
3468,33.275017
3469,33.275017
3470,33.275017
3471,33.275017
3472,33.209866
3473,33.275017
3474,33.275017
3475,33.209866
3476,33.209866
3477,33.209866
3478,33.209866
3479,33.209866
3480,33.209866
3481,33.209866
3482,33.275017
3483,33.209866
3484,33.209866
3485,33.209866
3486,33.209866
3487,33.209866
3488,33.209866
3489,33.209866
3490,33.209866
3491,33.275017
3492,33.209866
3493,33.209866
3494,33.209866
3495,33.209866
3496,33.275017
3497,33.209866
3498,33.209866
3499,33.275017
3500,33.275017
3501,33.275017
3502,33.275017
3503,33.275017
3504,33.275017
3505,33.275017
3506,33.209866
3507,33.209866
3508,33.275017
3509,33.209866
3510,33.209866
3511,33.275017
3512,33.209866
3513,33.209866
3514,33.209866
3515,33.209866
3516,33.209866
3517,33.209866
3518,34.505886
3519,34.505886
3520,34.505886
3521,34.505886
3522,34.505886
3523,34.505886
3524,34.486248
3525,34.457695
3526,34.457695
3527,34.480949
3528,33.76503
3529,33.76503
3530,33.76503
3531,33.76503
3532,33.76503
3533,33.76503
3534,33.746555
3535,33.746555
3536,33.746555
3537,33.746555
3538,33.746555
3539,33.746555
3540,33.746555
3541,33.746555
3542,33.746555
3543,33.746555
3544,33.723663
3545,33.723663
3546,33.723663
3547,33.723663
3548,33.723663
3549,33.747414
3550,33.747414
3551,33.761768
3552,33.806923
3553,33.806923
3554,33.735413
3555,33.735413
3556,33.735413
3557,33.735413
3558,33.735413
3559,33.721741
3560,33.721741
3561,33.721741
3562,33.721741
3563,33.721741
3564,33.721741
3565,33.721741
3566,33.917263
3567,33.917263
3568,33.917263
3569,33.917263
3570,33.711441
3571,33.711441
3572,33.711441
3573,33.711441
3574,33.711441
3575,33.711441
3576,33.711441
3577,33.711441
3578,33.711441
3579,33.711441
3580,33.711441
3581,33.711441
3582,33.711441
3583,33.711441
3584,33.711441
3585,33.711441
3586,33.711441
3587,33.711441
3588,33.731773
3589,33.731773
3590,33.731773
3591,33.731773
3592,33.731773
3593,33.731773
3594,33.731773
3595,33.731773
3596,33.731773
3597,33.92065
3598,33.92065
3599,33.731773
3600,33.731773
3601,33.731773
3602,33.731773
3603,33.764565
3604,33.764565
3605,33.764565
3606,33.764565
3607,33.764565
3608,33.764565
3609,33.764565
3610,33.756752
3611,33.756752
3612,33.756752
3613,33.756752
3614,33.756752
3615,33.756752
3616,33.774845
3617,33.774845
3618,33.774845
3619,33.774845
3620,33.774845
3621,33.733597
3622,33.759274
3623,33.759274
3624,33.746731
3625,33.746731
3626,33.778061
3627,33.715504
3628,33.715504
3629,33.715504
3630,33.715504
3631,33.715504
3632,33.715504
3633,33.715504
3634,33.715504
3635,33.715504
3636,33.715504
3637,33.715504
3638,33.715504
3639,33.715504
3640,33.715504
3641,33.715504
3642,33.715504
3643,33.715504
3644,33.715504
3645,33.715504
3646,33.715504
3647,33.709652
3648,33.709652
3649,33.709652
3650,33.709652
3651,33.910091
3652,33.910091
3653,33.910091
3654,33.910091
3655,33.910091
3656,33.910091
3657,33.910091
3658,33.910091
3659,33.910091
3660,33.910091
3661,33.910091
3662,33.910091
3663,33.910091
3664,33.910091
3665,33.910091
3666,33.910091
3667,33.910091
3668,33.910091
3669,33.746555
3670,33.76503
3671,33.76503
3672,33.787201
3673,33.761768
3674,33.746555
3675,33.746555
3676,33.761768
3677,33.761768
3678,33.777035
3679,33.777035
3680,33.777035
3681,33.777035
3682,33.777035
3683,33.777035
3684,33.823391
3685,33.823391
3686,33.823391
3687,33.777035
3688,33.746731
3689,33.746731
3690,33.746731
3691,33.746731
3692,33.746731
3693,33.746731
3694,33.746731
3695,33.746731
3696,33.746731
3697,33.746731
3698,33.750908
3699,33.750908
3700,33.750908
3701,33.750908
3702,33.750908
3703,33.750908
3704,33.750908
3705,33.750908
3706,33.800457
3707,33.800457
3708,33.800457
3709,33.800457
3710,33.800457
3711,33.800457
3712,33.800457
3713,33.836891
3714,33.836891
3715,33.836891
3716,33.823402
3717,33.823402
3718,33.83604
3719,33.823402
3720,33.836891
3721,33.836891
3722,33.836891
3723,33.836891
3724,33.836891
3725,33.823391
3726,33.823391
3727,33.795547
3728,33.777035
3729,33.777035
3730,33.777035
3731,33.777035
3732,33.777035
3733,33.777035
3734,33.777035
3735,33.777035
3736,33.795547
3737,33.795547
3738,33.795547
3739,33.795547
3740,33.795547
3741,33.836891
3742,33.836891
3743,33.836891
3744,33.823402
3745,33.854187
3746,33.904903
3747,33.904903
3748,33.904903
3749,33.904903
3750,33.904903
3751,33.904903
3752,33.904903
3753,33.904903
3754,33.904903
3755,33.904903
3756,33.904903
3757,33.8633
3758,33.8633
3759,33.8633
3760,33.904903
3761,33.904903
3762,33.904903
3763,33.904903
3764,33.8633
3765,33.8633
3766,33.8633
3767,33.8633
3768,33.8633
3769,33.8633
3770,33.988487
3771,33.988487
3772,33.988487
3773,33.988487
3774,33.988487
3775,33.988487
3776,33.988487
3777,33.988487
3778,33.988487
3779,33.988487
3780,33.936214
3781,33.936214
3782,33.936214
3783,33.432549
3784,33.432549
3785,33.432549
3786,33.432549
3787,33.432549
3788,33.432549
3789,33.432549
3790,33.443314
3791,33.443314
3792,33.443314
3793,33.443314
3794,33.443314
3795,33.443314
3796,33.433353
3797,33.433353
3798,33.433353
3799,33.433353
3800,33.433353
3801,33.433353
3802,33.433353
3803,33.433353
3804,33.433353
3805,33.433353
3806,33.433353
3807,33.433353
3808,33.433353
3809,33.433353
3810,33.433353
3811,33.433353
3812,33.443314
3813,33.443314
3814,33.432549
3815,33.432549
3816,33.432549
3817,33.432549
3818,33.432549
3819,33.432549
3820,33.432549
3821,33.432549
3822,33.432549
3823,33.432549
3824,33.432549
3825,33.432549
3826,33.432549
3827,33.443314
3828,33.443314
3829,33.443314
3830,33.443314
3831,33.443314
3832,33.4496
3833,33.4496
3834,33.4496
3835,33.4496
3836,33.4496
3837,33.4496
3838,33.4496
3839,33.4496
3840,33.4496
3841,33.4496
3842,33.4496
3843,33.4496
3844,33.4496
3845,33.4496
3846,33.4496
3847,33.4496
3848,33.4496
3849,33.4496
3850,33.449806
3851,33.449806
3852,33.449806
3853,33.436916
3854,33.436916
3855,33.436916
3856,33.436916
3857,33.433353
3858,33.433353
3859,33.433353
3860,33.433353
3861,33.433353
3862,33.433353
3863,33.433353
3864,33.433353
3865,33.443314
3866,33.443314
3867,33.443314
3868,33.443314
3869,33.442314
3870,33.442314
3871,33.442314
3872,33.442314
3873,33.442314
3874,33.442314
3875,33.442314
3876,33.442314
3877,33.442314
3878,33.442314
3879,33.442314
3880,33.442314
3881,33.442314
3882,33.442314
3883,33.442314
3884,33.442314
3885,33.442314
3886,33.442314
3887,33.880745
3888,33.880745
3889,33.880745
3890,33.880745
3891,33.880745
3892,33.880745
3893,33.470921
3894,33.470921
3895,33.470921
3896,33.470921
3897,33.470921
3898,33.470921
3899,33.470921
3900,33.470921
3901,33.470921
3902,33.47081
3903,33.47081
3904,33.47081
3905,33.47081
3906,33.47081
3907,33.47081
3908,33.47081
3909,34.447903
3910,34.474609
3911,34.474609
3912,34.447903
3913,34.414955
3914,34.495251
3915,34.495251
3916,34.495251
3917,34.495251
3918,34.495251
3919,34.495251
3920,34.495251
3921,34.474609
3922,34.474609
3923,34.474609
3924,34.474609
3925,34.474609
3926,34.474609
3927,34.474609
3928,34.474609
3929,34.474609
3930,34.447903
3931,34.447903
3932,34.447903
3933,34.447903
3934,34.447903
3935,34.447903
3936,34.447903
3937,34.447903
3938,34.447903
3939,34.43174
3940,34.43174
3941,34.43174
3942,34.43174
3943,34.43174
3944,34.43174
3945,34.43174
3946,34.43174
3947,34.43174
3948,34.43174
3949,34.43174
3950,34.43174
3951,34.43174
3952,34.43174
3953,34.43174
3954,34.43174
3955,34.448429
3956,34.448429
3957,34.448429
3958,34.448429
3959,34.448429
3960,34.448429
3961,34.448429
3962,34.448429
3963,34.448429
3964,34.448429
3965,34.448429
3966,34.448429
3967,34.448429
3968,34.471661
3969,34.471661
3970,34.471661
3971,34.471661
3972,34.471661
3973,34.471661
3974,34.471661
3975,34.495071
3976,34.495071
3977,34.495071
3978,34.495071
3979,34.495071
3980,34.495071
3981,34.495071
3982,34.471661
3983,34.471661
3984,34.471661
3985,34.504616
3986,34.51012
3987,34.51012
3988,34.519157
3989,34.504616
3990,34.467461
3991,34.467461
3992,34.467461
3993,34.504616
3994,34.467461
3995,34.0028
3996,34.0028
3997,34.0028
3998,34.0028
3999,33.99332
4000,33.995731
4001,33.995731
4002,34.0028
4003,34.0028
4004,34.0028
4005,34.0028
4006,34.0028
4007,34.0028
4008,34.0028
4009,34.0028
4010,33.984993
4011,33.984993
4012,33.994591
4013,33.994591
4014,33.994591
4015,33.994591
4016,34.141922
4017,34.126865
4018,34.126865
4019,34.126865
4020,34.126865
4021,34.126865
4022,34.126865
4023,34.126865
4024,34.126865
4025,34.126865
4026,34.126865
4027,34.126865
4028,34.126865
4029,34.141922
4030,34.141922
4031,34.141922
4032,34.126865
4033,34.126865
4034,34.126865
4035,34.126865
4036,34.126865
4037,34.126865
4038,34.120564
4039,34.136604
4040,34.148876
4041,34.148876
4042,34.148876
4043,34.148876
4044,34.148876
4045,34.124046
4046,34.148876
4047,34.148876
4048,34.148876
4049,34.136604
4050,34.038925
4051,34.038925
4052,34.038925
4053,34.038925
4054,34.040314
4055,34.040314
4056,34.040314
4057,34.038925
4058,34.038925
4059,34.052231
4060,34.052231
4061,34.052231
4062,34.052231
4063,34.052231
4064,34.052231
4065,34.017998
4066,34.017998
4067,34.017998
4068,34.014122
4069,34.014122
4070,34.014122
4071,34.014122
4072,34.014122
4073,NA
4074,NA
4075,34.085567
4076,34.085567
4077,34.100224
4078,34.100224
4079,34.100224
4080,34.085567
4081,34.100224
4082,34.085567
4083,34.085567
4084,34.085567
4085,34.085567
4086,34.085567
4087,34.085567
4088,34.085567
4089,34.085567
4090,34.085567
4091,34.085567
4092,34.085567
4093,34.085567
4094,34.085567
4095,34.085567
4096,34.062763
4097,34.062763
4098,34.062763
4099,34.062763
4100,34.062763
4101,34.062763
4102,34.062763
4103,34.062763
4104,34.062763
4105,34.085567
4106,34.048382
4107,34.062763
4108,34.062763
4109,34.062763
4110,34.062763
4111,34.062763
4112,34.060135
4113,34.052231
4114,34.052231
4115,34.052231
4116,34.052231
4117,34.03828
4118,34.03828
4119,34.03828
4120,34.03828
4121,34.002426
4122,34.002426
4123,34.002426
4124,34.03828
4125,34.017185
4126,34.03828
4127,34.03828
4128,34.03828
4129,34.017185
4130,34.017185
4131,34.017185
4132,34.017185
4133,34.017185
4134,34.03828
4135,34.03828
4136,34.017185
4137,34.03828
4138,34.034981
4139,34.017998
4140,34.006569
4141,34.006569
4142,34.313797
4143,34.289722
4144,34.275982
4145,34.275982
4146,34.275982
4147,34.275982
4148,34.275982
4149,34.275982
4150,34.275982
4151,34.275982
4152,34.275982
4153,34.395649
4154,34.395649
4155,34.395649
4156,34.395649
4157,34.395649
4158,34.395649
4159,34.395649
4160,34.395649
4161,34.395649
4162,34.395649
4163,34.395649
4164,34.395649
4165,34.395649
4166,34.395649
4167,34.395649
4168,34.395649
4169,34.536488
4170,34.536488
4171,34.536488
4172,34.536488
4173,34.536488
4174,34.536488
4175,34.536488
4176,34.536488
4177,34.536488
4178,34.536488
4179,34.536488
4180,34.504269
4181,34.50066
4182,34.50066
4183,34.50066
4184,34.505886
4185,34.505886
4186,34.505886
4187,34.505886
4188,34.505886
4189,34.497807
4190,34.497807
4191,34.497807
4192,34.497807
4193,34.497807
4194,34.497807
4195,34.497807
4196,34.497807
4197,34.497807
4198,34.497807
4199,34.507248
4200,34.507248
4201,34.497807
4202,34.497807
4203,34.497807
4204,34.497807
4205,34.497807
4206,34.497807
4207,34.497807
4208,34.497807
4209,34.497807
4210,34.497807
4211,34.497807
4212,34.497807
4213,34.497807
4214,34.497807
4215,33.424286
4216,33.424286
4217,33.424286
4218,33.424286
4219,33.424286
4220,33.425327
4221,33.424286
4222,33.424286
4223,33.424286
4224,33.424286
4225,33.424286
4226,33.424286
4227,33.424286
4228,33.425327
4229,33.425327
4230,33.425327
4231,33.425327
4232,33.425327
4233,33.425327
4234,33.425327
4235,33.424286
4236,33.424286
4237,33.424286
4238,33.424286
4239,33.446907
4240,33.446907
4241,33.446907
4242,33.446907
4243,33.424286
4244,33.424286
4245,33.424286
4246,33.446907
4247,33.446907
4248,33.446907
4249,33.424286
4250,33.424286
4251,33.424286
4252,33.424286
4253,33.424286
4254,33.424286
4255,33.424286
4256,33.424286
4257,33.424286
4258,33.424286
4259,33.446907
4260,33.446907
4261,33.446907
4262,33.446907
4263,33.446907
4264,33.446907
4265,33.446907
4266,33.424286
4267,33.424286
4268,33.446907
4269,33.446907
4270,33.446907
4271,33.424286
4272,33.446907
4273,33.446907
4274,33.446907
4275,33.446907
4276,33.446907
4277,33.446907
4278,33.446907
4279,33.446907
4280,33.446907
4281,33.424286
4282,33.446907
4283,33.446907
4284,33.446907
4285,33.446907
4286,33.446907
4287,33.446907
4288,33.446907
4289,33.424286
4290,33.424286
4291,33.424286
4292,33.424286
4293,33.424286
4294,33.424286
4295,33.424286
4296,33.424286
4297,33.424286
4298,33.424286
4299,33.424286
4300,33.424286
4301,33.446907
4302,33.424286
4303,33.424286
4304,33.424286
4305,33.424286
4306,33.424286
4307,33.424286
4308,33.424286
4309,33.424286
4310,33.424286
4311,33.424286
4312,33.424286
4313,33.424286
4314,33.424286
4315,33.424286
4316,33.424286
4317,33.424286
4318,33.424286
4319,33.424286
4320,33.424286
4321,33.424286
4322,33.424286
4323,33.424286
4324,33.424286
4325,33.424286
4326,33.424286
4327,33.424286
4328,33.424286
4329,33.424286
4330,33.424286
4331,33.424286
4332,33.424286
4333,33.424286
4334,33.424286
4335,33.424286
4336,33.424286
4337,33.424286
4338,33.424286
4339,33.424286
4340,33.424286
4341,33.424286
4342,33.424286
4343,33.424286
4344,33.424286
4345,34.920666
4346,34.920666
4347,34.920666
4348,34.920666
4349,34.920666
4350,34.920666
4351,34.920666
4352,34.920666
4353,34.920666
4354,34.920666
4355,34.920666
4356,34.920666
4357,34.707535
4358,34.707535
4359,34.920631
4360,34.920631
4361,34.920631
4362,34.920631
4363,34.920631
4364,34.920631
4365,34.920631
4366,34.920631
4367,34.920631
4368,34.920631
4369,34.920631
4370,34.920631
4371,34.920631
4372,34.920631
4373,34.920631
4374,34.920631
4375,34.920631
4376,34.920631
4377,34.920631
4378,34.920631
4379,34.920631
4380,34.920631
4381,34.920631
4382,34.920631
4383,34.920631
4384,34.920631
4385,34.920631
4386,34.920631
4387,34.920631
4388,34.920631
4389,34.920631
4390,34.920631
4391,34.920631
4392,34.920631
4393,34.920631
4394,34.920631
4395,34.920631
4396,34.920631
4397,34.920631
4398,34.920631
4399,34.920631
4400,34.920631
4401,34.920631
4402,34.920631
4403,34.920631
4404,34.920631
4405,34.920631
4406,34.920631
4407,34.920631
4408,34.920631
4409,34.920631
4410,34.920631
4411,34.920631
4412,34.920631
4413,34.920631
4414,34.920631
4415,34.920631
4416,34.920631
4417,34.920631
4418,34.920631
4419,34.920631
4420,34.920631
4421,34.920631
4422,34.920631
4423,34.920631
4424,34.920631
4425,34.920631
4426,34.920864
4427,34.920864
4428,34.920864
4429,34.920864
4430,34.920864
4431,34.920864
4432,34.920864
4433,34.920864
4434,34.920864
4435,34.920864
4436,34.920864
4437,34.920864
4438,34.920864
4439,34.920864
4440,34.920864
4441,34.920864
4442,34.920864
4443,34.920864
4444,34.920864
4445,34.920864
4446,34.920864
4447,34.920864
4448,34.920864
4449,34.920864
4450,34.920864
4451,34.920864
4452,34.920864
4453,34.920864
4454,34.920864
4455,34.920864
4456,34.920864
4457,34.920864
4458,34.920864
4459,34.920864
4460,34.920666
4461,34.920666
4462,34.920666
4463,34.920666
4464,34.920666
4465,34.920666
4466,34.920666
4467,34.920666
4468,34.920666
4469,34.920666
4470,34.920666
4471,34.920666
4472,34.920666
4473,34.920666
4474,34.920666
4475,34.920666
4476,34.920666
4477,34.920666
4478,34.920666
4479,34.920666
4480,34.920666
4481,34.920666
4482,34.920666
4483,34.920666
4484,34.920666
4485,34.920666
4486,34.920666
4487,34.920666
4488,34.920666
4489,34.920666
4490,34.920666
4491,34.920666
4492,34.920666
4493,34.920666
4494,34.920666
4495,34.920666
4496,34.920666
4497,34.920666
4498,34.920666
4499,34.920666
4500,34.920666
4501,34.920666
4502,34.920666
4503,34.920666
4504,34.920666
4505,34.920666
4506,34.920666
4507,34.920666
4508,34.920666
4509,34.920666
4510,34.920666
4511,34.920666
4512,34.920666
4513,34.920666
4514,NA
4515,NA
4516,NA
4517,NA
4518,NA
4519,NA
4520,NA
4521,NA
4522,34.920666
4523,34.920666
4524,34.920666
4525,34.920666
4526,34.920666
4527,34.920666
4528,34.920631
4529,34.920631
4530,34.920631
4531,34.920631
4532,34.920631
4533,34.920631
4534,34.920631
4535,34.879757
4536,34.920998
4537,34.920998
4538,34.920998
4539,34.920998
4540,34.920998
4541,34.920998
4542,34.920998
4543,34.920998
4544,34.920998
4545,34.920998
4546,34.920998
4547,34.920998
4548,34.920998
4549,34.920998
4550,34.920998
4551,34.920998
4552,34.920998
4553,34.920971
4554,34.920971
4555,34.920971
4556,34.920971
4557,34.920971
4558,34.920971
4559,34.920971
4560,34.920971
4561,34.920971
4562,34.920971
4563,34.920971
4564,34.920971
4565,34.920971
4566,34.920971
4567,34.920971
4568,34.920971
4569,34.920971
4570,34.920971
4571,34.920971
4572,34.920971
4573,34.920971
4574,34.920971
4575,34.920971
4576,34.920666
4577,34.920666
4578,34.920666
4579,34.920666
4580,34.920666
4581,34.920666
4582,34.920666
4583,34.920666
4584,34.920666
4585,34.920666
4586,34.920666
4587,34.920666
4588,34.920666
4589,34.920666
4590,34.920666
4591,34.920666
4592,34.920666
4593,34.920666
4594,34.920666
4595,34.920666
4596,34.920666
4597,34.920666
4598,34.920666
4599,34.920666
4600,34.920666
4601,34.920666
4602,34.920666
4603,34.920666
4604,34.920666
4605,34.920666
4606,34.920666
4607,34.920666
4608,34.920666
4609,34.920666
4610,34.920666
4611,34.920666
4612,34.920666
4613,34.920666
4614,34.920666
4615,34.920666
4616,34.920666
4617,34.920666
4618,34.920666
4619,34.920666
4620,34.920666
4621,34.920666
4622,34.920666
4623,34.920666
4624,34.920666
4625,34.920666
4626,34.920666
4627,34.920666
4628,34.920666
4629,34.920666
4630,34.920666
4631,34.920666
4632,34.920666
4633,34.920666
4634,34.920666
4635,34.920666
4636,34.920666
4637,34.920666
4638,34.920666
4639,34.920666
4640,34.920666
4641,34.920666
4642,34.920666
4643,34.920666
4644,34.920666
4645,34.920666
4646,34.920666
4647,34.920666
4648,34.920666
4649,34.920666
4650,34.920666
4651,34.920666
4652,34.920666
4653,34.920666
4654,34.920666
4655,34.920666
4656,34.920666
4657,34.920666
4658,34.920666
4659,34.920666
4660,34.920666
4661,34.920666
4662,34.920666
4663,34.920666
4664,34.920666
4665,34.920666
4666,34.920666
4667,34.920666
4668,34.920666
4669,34.920666
4670,34.920666
4671,34.920666
4672,34.920666
4673,34.920666
4674,34.920666
4675,34.920666
4676,34.920666
4677,34.920666
4678,34.920666
4679,34.920666
4680,34.920666
4681,34.920666
4682,34.920666
4683,34.920666
4684,34.920666
4685,34.920666
4686,34.920666
4687,34.920666
4688,34.920666
4689,34.920666
4690,34.920666
4691,34.920666
4692,34.920666
4693,34.920666
4694,34.920666
4695,34.920666
4696,34.920666
4697,34.920666
4698,34.920971
4699,34.920971
4700,34.920971
4701,34.920971
4702,34.920971
4703,34.920971
4704,34.920971
4705,34.707535
4706,34.707535
4707,34.707535
4708,34.707535
4709,34.707535
4710,34.707535
4711,34.707535
4712,34.707535
4713,34.707535
4714,34.707535
4715,34.707535
4716,34.707535
4717,34.707535
4718,34.707535
4719,34.707535
4720,34.707535
4721,34.707535
4722,34.707535
4723,34.707535
4724,34.707535
4725,34.707535
4726,34.707535
4727,34.707535
4728,34.707535
4729,34.707535
4730,34.707535
4731,34.707535
4732,34.707535
4733,34.707535
4734,34.707535
4735,34.707535
4736,34.707535
4737,34.707535
4738,34.707535
4739,34.707535
4740,34.707535
4741,34.707535
4742,34.707535
4743,34.707535
4744,34.707535
4745,34.707535
4746,34.707535
4747,34.707535
4748,34.707535
4749,34.707535
4750,34.707535
4751,34.707535
4752,34.707535
4753,34.707535
4754,34.707535
4755,34.707535
4756,34.707535
4757,34.707535
4758,34.707535
4759,34.707535
4760,34.707535
4761,34.707535
4762,34.707535
4763,34.707535
4764,34.707535
4765,34.707535
4766,34.707535
4767,34.707535
4768,34.707535
4769,34.707535
4770,34.707535
4771,34.707535
4772,34.707535
4773,34.707535
4774,34.707535
4775,34.707535
4776,34.707535
4777,34.707535
4778,34.707535
4779,34.707535
4780,34.707535
4781,34.707535
4782,34.707535
4783,34.707535
4784,34.707535
4785,34.707535
4786,34.707535
4787,34.707535
4788,34.707535
4789,34.707535
4790,34.707535
4791,34.707535
4792,34.707535
4793,34.707535
4794,34.707535
4795,34.707535
4796,34.707535
4797,34.707535
4798,34.707535
4799,34.707535
4800,34.707535
4801,34.707535
4802,34.707535
4803,34.707535
4804,34.707535
4805,34.707535
4806,34.707535
4807,34.707535
4808,34.707535
4809,34.707535
4810,34.707535
4811,34.707535
4812,34.707535
4813,34.707535
4814,34.916321
4815,34.916321
4816,34.916321
4817,34.916321
4818,34.916321
4819,34.916321
4820,34.916321
4821,34.916321
4822,34.916321
4823,34.916321
4824,34.916321
4825,34.916321
4826,34.916321
4827,34.916321
4828,34.916321
4829,34.916321
4830,34.916321
4831,34.916321
4832,34.916321
4833,34.916321
4834,34.916321
4835,34.916321
4836,34.916321
4837,34.916321
4838,34.916321
4839,34.916321
4840,34.916321
4841,34.916321
4842,34.916321
4843,34.916321
4844,34.916321
4845,34.916321
4846,34.916321
4847,34.916321
4848,34.916321
4849,34.916321
4850,34.916321
4851,34.916321
4852,34.916321
4853,34.916321
4854,34.916321
4855,34.916321
4856,34.916321
4857,34.916321
4858,34.916321
4859,34.916321
4860,34.916321
4861,34.916321
4862,34.916321
4863,34.916321
4864,34.916321
4865,34.916321
4866,34.916321
4867,34.916321
4868,34.916321
4869,34.916321
4870,34.916321
4871,34.916321
4872,34.916321
4873,34.916321
4874,34.916321
4875,34.916321
4876,34.916321
4877,34.916321
4878,34.916321
4879,34.916321
4880,34.916321
4881,34.916321
4882,34.916321
4883,33.679928
4884,33.679928
4885,33.659863
4886,33.673069
4887,33.673069
4888,33.673069
4889,33.673069
4890,33.673069
4891,33.673069
4892,33.673069
4893,33.673069
4894,33.673069
4895,33.673069
4896,33.673069
4897,33.673069
4898,33.673069
4899,33.672619
4900,33.672619
4901,33.672619
4902,33.672619
4903,33.672619
4904,33.672619
4905,33.673069
4906,33.673069
4907,33.673069
4908,33.673069
4909,33.672619
4910,33.672619
4911,33.672619
4912,33.672619
4913,33.672619
4914,33.672619
4915,33.672619
4916,33.672619
4917,33.672997
4918,33.672997
4919,33.672997
4920,33.672997
4921,33.672997
4922,33.672997
4923,33.672997
4924,33.672997
4925,33.672997
4926,33.672997
4927,33.672997
4928,33.672997
4929,33.672997
4930,33.672997
4931,33.672997
4932,33.672997
4933,33.672997
4934,33.672997
4935,33.672997
4936,33.672997
4937,33.672997
4938,33.672997
4939,33.687267
4940,33.687267
4941,33.687267
4942,33.687267
4943,33.687267
4944,33.687267
4945,33.687267
4946,33.687267
4947,33.687267
4948,33.686573
4949,33.686573
4950,33.686573
4951,33.686573
4952,33.686573
4953,33.686573
4954,33.686573
4955,33.64674
4956,33.653824
4957,33.653824
4958,33.664875
4959,33.664875
4960,33.664875
4961,33.664875
4962,33.659279
4963,33.659279
4964,33.659279
4965,33.659279
4966,33.659279
4967,33.659279
4968,33.655205
4969,33.659279
4970,33.659279
4971,33.659279
4972,33.659279
4973,33.659279
4974,33.659279
4975,33.672504
4976,33.672504
4977,33.672504
4978,33.672504
4979,33.672504
4980,33.672504
4981,33.468758
4982,33.468758
4983,33.468758
4984,33.468758
4985,33.468758
4986,33.468758
4987,33.47678
4988,33.47678
4989,33.47678
4990,33.47678
4991,33.468758
4992,33.468758
4993,33.468758
4994,33.468758
4995,33.461956
4996,33.461956
4997,33.461956
4998,33.461956
4999,33.457603
5000,33.457603
5001,33.457603
5002,33.457603
5003,33.457603
5004,33.461956
5005,33.461956
5006,34.705616
5007,34.705616
5008,34.705616
5009,34.705616
5010,34.705616
5011,34.702923
5012,34.705616
5013,34.590603
5014,34.590603
5015,34.590603
5016,34.590603
5017,34.590603
5018,34.590603
5019,34.590603
5020,34.590603
5021,34.590603
5022,34.590603
5023,34.585117
5024,34.585117
5025,34.585117
5026,34.585117
5027,34.585117
5028,34.585117
5029,34.585117
5030,34.590603
5031,34.590603
5032,34.590603
5033,34.590603
5034,34.554657
5035,34.554657
5036,34.554657
5037,34.524479
5038,34.524479
5039,34.524479
5040,34.516106
5041,34.516106
5042,34.516106
5043,34.516106
5044,34.516106
5045,34.516106
5046,34.516106
5047,34.516106
5048,34.516106
5049,34.495079
5050,34.495079
5051,34.495079
5052,34.495079
5053,34.495079
5054,34.495079
5055,34.495079
5056,34.495079
5057,34.495079
5058,34.495079
5059,34.495079
5060,34.843204
5061,34.835796
5062,34.835796
5063,34.835796
5064,34.835796
5065,34.835796
5066,34.835796
5067,34.835796
5068,34.835796
5069,34.825806
5070,34.825806
5071,34.825806
5072,33.988441
5073,33.988441
5074,33.998791
5075,33.998791
5076,33.998791
5077,33.998791
5078,27.612234
5079,27.612234
5080,27.612234
5081,27.612234
5082,27.612234
5083,27.612234
5084,27.612234
5085,27.612234
5086,27.612234
5087,27.612234
5088,27.612234
5089,27.612234
5090,27.612234
5091,27.612234
5092,27.612234
5093,27.612234
5094,27.612234
5095,27.612234
5096,27.612234
5097,27.612234
5098,27.612234
5099,27.612234
5100,27.612234
5101,27.612234
5102,27.612234
5103,27.612234
5104,27.612234
5105,27.612234
5106,27.612234
5107,27.612234
5108,27.612234
5109,27.612234
5110,27.612234
5111,27.612234
5112,27.612234
5113,27.612234
5114,27.612234
5115,27.612234
5116,27.612234
5117,27.612234
5118,30.357641
5119,30.357641
5120,30.357641
5121,30.357641
5122,30.357641
5123,30.357641
5124,30.357641
5125,30.357641
5126,30.357641
5127,30.357641
5128,30.357641
5129,30.357641
5130,30.357641
5131,30.357641
5132,27.612234
5133,27.612234
5134,30.357641
5135,30.357641
5136,30.357641
5137,30.357641
5138,30.357641
5139,30.357641
5140,30.357641
5141,30.357641
5142,30.357641
5143,30.357641
5144,30.357641
5145,30.357641
5146,27.612234
5147,27.612234
5148,27.612234
5149,27.612234
5150,27.612234
5151,27.612234
5152,27.612234
5153,27.612234
5154,30.357641
5155,30.357641
5156,27.612234
5157,27.612234
5158,27.612234
5159,27.612234
5160,27.612234
5161,27.612234
5162,27.612234
5163,27.612234
5164,27.612234
5165,27.612234
5166,34.052441
5167,33.973724
5168,27.611797
5169,27.611797
5170,27.611797
5171,27.611797
5172,27.611797
5173,27.611797
5174,27.611797
5175,27.611797
5176,27.611797
5177,27.611547
5178,34.284454
5179,34.284454
5180,34.284454
5181,34.296719
5182,34.293827
5183,34.293827
5184,34.296719
5185,34.293827
5186,34.296719
5187,34.296719
5188,34.293827
5189,34.293827
5190,34.293827
5191,34.293827
5192,34.296719
5193,34.296719
5194,34.296719
5195,34.296719
5196,34.296719
5197,34.296719
5198,34.296719
5199,34.296719
5200,34.285805
5201,34.285805
5202,34.286777
5203,34.286777
5204,34.284454
5205,34.818092
5206,34.818092
5207,34.818092
5208,34.818092
5209,34.818092
5210,34.818092
5211,34.818092
5212,34.818092
5213,34.818092
5214,34.804153
5215,34.804153
5216,34.804153
5217,34.804153
5218,34.804153
5219,34.804153
5220,34.804153
5221,34.804153
5222,34.804153
5223,34.804153
5224,34.804153
5225,34.804153
5226,34.804153
5227,34.804153
5228,34.804153
5229,34.804153
5230,34.804153
5231,34.804153
5232,34.8144
5233,33.425327
5234,33.413239
5235,33.413239
5236,33.413239
5237,33.425327
5238,33.425327
5239,33.425327
5240,33.425327
5241,33.425327
5242,33.417332
5243,33.417332
5244,33.417332
5245,33.417332
5246,33.425327
5247,33.425327
5248,33.425327
5249,33.425327
5250,33.425327
5251,33.413239
5252,33.413239
5253,33.413239
5254,33.413239
5255,33.413239
5256,33.413239
5257,33.413239
5258,33.413239
5259,33.425327
5260,33.425327
5261,33.417332
5262,33.413239
5263,33.413239
5264,33.413239
5265,33.417332
5266,33.417332
5267,33.425327
5268,33.425327
5269,33.425327
5270,33.417332
5271,33.413239
5272,33.425327
5273,33.427166
5274,33.425327
5275,33.425327
5276,33.425327
5277,33.425327
5278,33.413239
5279,33.413239
5280,33.413239
5281,33.413239
5282,33.413239
5283,33.413239
5284,33.413239
5285,33.413239
5286,33.413239
5287,33.425327
5288,33.413239
5289,33.413239
5290,33.413239
5291,33.425327
5292,33.425327
5293,33.425327
5294,33.425327
5295,33.413239
5296,33.413239
5297,33.413239
5298,33.417332
5299,33.417332
5300,33.417332
5301,33.427166
5302,33.427166
5303,33.427166
5304,33.427166
5305,33.427166
5306,33.417332
5307,33.417332
5308,33.417332
5309,33.417332
5310,33.417332
5311,33.417332
5312,33.427166
5313,33.427166
5314,33.417332
5315,33.417332
5316,33.417332
5317,33.417332
5318,33.417332
5319,33.417332
5320,33.417332
5321,33.417332
5322,33.415752
5323,33.415363
5324,33.415363
5325,33.415363
5326,33.415752
5327,33.415363
5328,33.415363
5329,33.415752
5330,33.415363
5331,33.415363
5332,33.415363
5333,33.415363
5334,33.415363
5335,33.415363
5336,33.415363
5337,33.415752
5338,33.415363
5339,33.415752
5340,33.415363
5341,33.415363
5342,33.415363
5343,33.415363
5344,33.415752
5345,33.415363
5346,33.415752
5347,33.415752
5348,33.415752
5349,33.415752
5350,33.415363
5351,33.415752
5352,33.415363
5353,33.423336
5354,33.423336
5355,33.422985
5356,33.422985
5357,33.422985
5358,33.422985
5359,33.423336
5360,33.422985
5361,33.422985
5362,33.422985
5363,33.422985
5364,33.422985
5365,33.422985
5366,33.423336
5367,33.422985
5368,33.422985
5369,33.422985
5370,33.422985
5371,33.422985
5372,33.423336
5373,33.422985
5374,33.422985
5375,33.422985
5376,33.411098
5377,33.411098
5378,33.408398
5379,33.408398
5380,33.408398
5381,33.411098
5382,33.411098
5383,33.411098
5384,33.411098
5385,33.411098
5386,33.411098
5387,33.411098
5388,33.411098
5389,33.411098
5390,33.413731
5391,33.413731
5392,33.413731
5393,33.413731
5394,33.411098
5395,33.411098
5396,33.411098
5397,33.411098
5398,33.411098
5399,33.411098
5400,33.411098
5401,33.411098
5402,33.411098
5403,33.411098
5404,33.411098
5405,33.411098
5406,33.411098
5407,33.411098
5408,33.411098
5409,33.411098
5410,33.411098
5411,33.411098
5412,33.411098
5413,33.411098
5414,33.411098
5415,33.411098
5416,33.411098
5417,33.411098
5418,33.411098
5419,33.411098
5420,33.411098
5421,33.411098
5422,33.411098
5423,33.411098
5424,33.411098
5425,33.411098
5426,33.411098
5427,33.827148
5428,33.860847
5429,33.893143
5430,33.893143
5431,34.12904
5432,34.137848
5433,34.137848
5434,34.124046
5435,34.124046
5436,34.124046
5437,34.124046
5438,34.124046
5439,34.124046
5440,34.137848
5441,34.137848
5442,34.137848
5443,NA
5444,NA
5445,34.086872
5446,34.005123
5447,34.005123
5448,34.004215
5449,34.004215
5450,34.004215
5451,34.004215
5452,34.004215
5453,34.005123
5454,34.086872
5455,34.086872
5456,34.086872
5457,34.086872
5458,34.086872
5459,34.086872
5460,33.935127
5461,33.935127
5462,34.004215
5463,34.004215
5464,34.004215
5465,34.005123
5466,33.935127
5467,33.935127
5468,34.005123
5469,34.086872
5470,34.004215
5471,34.004215
5472,34.004215
5473,34.004215
5474,34.004215
5475,34.005123
5476,34.005123
5477,34.005123
5478,34.004215
5479,34.005123
5480,34.004215
5481,34.004215
5482,34.004215
5483,34.004215
5484,34.005123
5485,34.005123
5486,34.005123
5487,34.005123
5488,34.086872
5489,34.004215
5490,34.086872
5491,34.086872
5492,34.005123
5493,34.005123
5494,34.004215
5495,34.004215
5496,34.005123
5497,34.001659
5498,33.916874
5499,33.916874
5500,33.916874
5501,34.688263
5502,34.688263
5503,34.688263
5504,34.690102
5505,34.690102
5506,34.666157
5507,34.666157
5508,34.666157
5509,34.666157
5510,34.666157
5511,34.666157
5512,34.666157
5513,34.666157
5514,34.666157
5515,34.666157
5516,34.666157
5517,34.28738
5518,34.284454
5519,34.284454
5520,34.284454
5521,34.283913
5522,34.283913
5523,34.283913
5524,34.283913
5525,34.283913
5526,34.284454
5527,34.284454
5528,34.909492
5529,34.909492
5530,34.909492
5531,34.909492
5532,34.907795
5533,34.909492
5534,34.907795
5535,34.909492
5536,34.909492
5537,34.909492
5538,34.909492
5539,34.909492
5540,34.909492
5541,34.909492
5542,34.909492
5543,34.909492
5544,34.909492
5545,34.909492
5546,34.909492
5547,34.909492
5548,34.909492
5549,34.909492
5550,34.909492
5551,34.909492
5552,34.909492
5553,34.909492
5554,34.907795
5555,34.909492
5556,34.909492
5557,34.909492
5558,34.909492
5559,34.909492
5560,34.909492
5561,34.909492
5562,34.909492
5563,34.909492
5564,34.907795
5565,34.909492
5566,34.907795
5567,34.909492
5568,34.909492
5569,34.909492
5570,34.909492
5571,33.627625
5572,33.627625
5573,33.627625
5574,33.691311
5575,33.691311
5576,33.691311
5577,33.691311
5578,33.691311
5579,33.691311
5580,33.684547
5581,33.684547
5582,33.684547
5583,33.684547
5584,33.684547
5585,33.662472
5586,33.662472
5587,33.654591
5588,33.654591
5589,33.654591
5590,33.654591
5591,33.654591
5592,33.654591
5593,33.654591
5594,33.654591
5595,33.694149
5596,33.694149
5597,33.694149
5598,33.694149
5599,33.694149
5600,33.694149
5601,33.694149
5602,33.694149
5603,33.694149
5604,33.694149
5605,33.694149
5606,33.694149
5607,33.998158
5608,33.998158
5609,33.998158
5610,33.998158
5611,33.998158
5612,33.998158
5613,33.998158
5614,33.998158
5615,33.998158
5616,33.998158
5617,33.654266
5618,33.654266
5619,33.636436
5620,33.636436
5621,33.636436
5622,33.646603
5623,33.636436
5624,33.636436
5625,33.636436
5626,33.636436
5627,33.616741
5628,33.616741
5629,33.611019
5630,33.611019
5631,33.611019
5632,33.611019
5633,33.611019
5634,33.611019
5635,33.611019
5636,33.611019
5637,33.611019
5638,33.611019
5639,33.611019
5640,33.611019
5641,33.611019
5642,33.611019
5643,33.611019
5644,33.611019
5645,33.611019
5646,33.611019
5647,33.611019
5648,33.611019
5649,33.611019
5650,33.611019
5651,33.611019
5652,33.611019
5653,33.611019
5654,33.611019
5655,33.611019
5656,33.611019
5657,33.611019
5658,33.611019
5659,33.611019
5660,33.611019
5661,33.611019
5662,33.611019
5663,33.611019
5664,33.611019
5665,33.611019
5666,33.611019
5667,33.611019
5668,33.611019
5669,33.611019
5670,33.611019
5671,33.611019
5672,33.611019
5673,33.611019
5674,33.611019
5675,33.611019
5676,33.611019
5677,33.611019
5678,33.611019
5679,33.611019
5680,33.611019
5681,33.611019
5682,33.611019
5683,33.611019
5684,33.611019
5685,33.611019
5686,33.611019
5687,33.611019
5688,33.611019
5689,33.611019
5690,33.550358
5691,33.550358
5692,33.550358
5693,33.550358
5694,33.550358
5695,33.550358
5696,33.550358
5697,33.550358
5698,33.550358
5699,33.550358
5700,33.550358
5701,33.550358
5702,33.550358
5703,33.550358
5704,33.550358
5705,33.550358
5706,33.550358
5707,33.550358
5708,33.550358
5709,33.550358
5710,33.550358
5711,33.56142
5712,33.56142
5713,33.550358
5714,33.550358
5715,33.550358
5716,33.56142
5717,33.56142
5718,33.56142
5719,33.56142
5720,33.550358
5721,33.550358
5722,33.550358
5723,33.550358
5724,33.56142
5725,33.56142
5726,33.56142
5727,33.56142
5728,33.56142
5729,33.550358
5730,33.550358
5731,33.550358
5732,33.550358
5733,33.550358
5734,33.56142
5735,33.56142
5736,33.56142
5737,33.56142
5738,33.56142
5739,33.56142
5740,33.56142
5741,33.56142
5742,33.56142
5743,33.56142
5744,33.56142
5745,33.56142
5746,33.56142
5747,33.56142
5748,33.56142
5749,33.56142
5750,33.56142
5751,33.56142
5752,33.56142
5753,33.56142
5754,33.56142
5755,33.56142
5756,33.56142
5757,33.56142
5758,33.56142
5759,33.56142
5760,33.56142
5761,33.56142
5762,33.56142
5763,33.56142
5764,33.56142
5765,33.56142
5766,33.56142
5767,33.56142
5768,33.56142
5769,33.56142
5770,33.56142
5771,33.56142
5772,33.510075
5773,33.510075
5774,33.510075
5775,33.510075
5776,33.510075
5777,33.510075
5778,33.510075
5779,33.510075
5780,33.510075
5781,33.510075
5782,33.510075
5783,33.510075
5784,33.510075
5785,33.510075
5786,33.510075
5787,33.510075
5788,33.510075
5789,33.510075
5790,33.510075
5791,33.510075
5792,33.510075
5793,33.510075
5794,33.510075
5795,33.510075
5796,33.510075
5797,33.510075
5798,33.510075
5799,33.510075
5800,33.510075
5801,33.510075
5802,33.510075
5803,33.510075
5804,33.510075
5805,33.510075
5806,33.510075
5807,33.510075
5808,33.510075
5809,33.510075
5810,33.510075
5811,33.510075
5812,33.510075
5813,33.510075
5814,33.510075
5815,33.510075
5816,33.494507
5817,33.494507
5818,33.494507
5819,33.494507
5820,33.494507
5821,33.494507
5822,33.494507
5823,33.494507
5824,33.494507
5825,33.494507
5826,33.494507
5827,33.494507
5828,33.494507
5829,33.494507
5830,33.494507
5831,33.494507
5832,33.494507
5833,33.494507
5834,33.494507
5835,33.494507
5836,33.494507
5837,33.494507
5838,33.494507
5839,33.494507
5840,33.494507
5841,33.494507
5842,33.494507
5843,33.494507
5844,33.494507
5845,33.494507
5846,33.494507
5847,33.494507
5848,33.494507
5849,33.494507
5850,33.494507
5851,33.494507
5852,33.494507
5853,33.494507
5854,33.494507
5855,33.494507
5856,33.494507
5857,33.494507
5858,33.494507
5859,33.494507
5860,33.494507
5861,33.494507
5862,33.494507
5863,33.494507
5864,33.494507
5865,33.494507
5866,33.494507
5867,33.494507
5868,33.494507
5869,33.494507
5870,33.494507
5871,33.494507
5872,33.494507
5873,33.494507
5874,33.494507
5875,33.494507
5876,33.494507
5877,33.494507
5878,33.494507
5879,33.518307
5880,33.518307
5881,33.518307
5882,33.580647
5883,33.518307
5884,33.518307
5885,33.518307
5886,33.518307
5887,33.518307
5888,33.518307
5889,33.518307
5890,33.580647
5891,33.518307
5892,33.580647
5893,33.518307
5894,33.518307
5895,33.518307
5896,33.580647
5897,33.580647
5898,33.518307
5899,33.518307
5900,33.518307
5901,33.518307
5902,33.518307
5903,33.518307
5904,33.518307
5905,33.518307
5906,33.518307
5907,33.518307
5908,33.518307
5909,33.580647
5910,33.580647
5911,33.580647
5912,33.580647
5913,33.580647
5914,33.580647
5915,33.580647
5916,33.580647
5917,33.518307
5918,33.580647
5919,33.518307
5920,33.518307
5921,33.518307
5922,33.518307
5923,33.518307
5924,33.518307
5925,33.518307
5926,33.580647
5927,33.518307
5928,33.518307
5929,33.518307
5930,33.518307
5931,33.580647
5932,33.518307
5933,33.518307
5934,33.518307
5935,33.518307
5936,33.518307
5937,33.477001
5938,33.477001
5939,33.452404
5940,33.452084
5941,33.452084
5942,33.452084
5943,33.452084
5944,33.936092
5945,33.949795
5946,33.936092
5947,33.936092
5948,33.936092
5949,33.949795
5950,33.936092
5951,33.949795
5952,33.936092
5953,33.949795
5954,33.936092
5955,33.949795
5956,33.949795
5957,33.949795
5958,33.936092
5959,33.949795
5960,34.187836
5961,34.187836
5962,34.187836
5963,34.187836
5964,34.187836
5965,34.187836
5966,34.187836
5967,34.187836
5968,34.187836
5969,34.187836
5970,34.187836
5971,34.187836
5972,34.187836
5973,34.187836
5974,34.187836
5975,34.187836
5976,34.187836
5977,34.187836
5978,34.187836
5979,34.187836
5980,34.187836
5981,34.187836
5982,34.187836
5983,34.187836
5984,34.187836
5985,34.187836
5986,34.187836
5987,34.187836
5988,34.187836
5989,34.187836
5990,34.187836
5991,34.187836
5992,33.936092
5993,33.936092
5994,33.936092
5995,33.936092
5996,33.936092
5997,33.936092
5998,33.936092
5999,33.936092
6000,33.949795
6001,33.949795
6002,33.949795
6003,33.949795
6004,33.949795
6005,33.949795
6006,33.949795
6007,33.949795
6008,33.936092
6009,33.936092
6010,33.936092
6011,33.936092
6012,33.946949
6013,33.87125
6014,33.946949
6015,33.946949
6016,33.946949
6017,33.87125
6018,33.946949
6019,33.946949
6020,33.946949
6021,33.946949
6022,33.946949
6023,33.946949
6024,33.946949
6025,33.87125
6026,33.87125
6027,33.87125
6028,33.946949
6029,33.946949
6030,33.946949
6031,33.946949
6032,33.946949
6033,33.946949
6034,33.946949
6035,33.946949
6036,34.345512
6037,34.345512
6038,34.363239
6039,34.363239
6040,34.363239
6041,34.363239
6042,34.363239
6043,34.363239
6044,34.363239
6045,34.363239
6046,34.363239
6047,34.363239
6048,34.363239
6049,34.363239
6050,34.363239
6051,34.363239
6052,34.363239
6053,34.363239
6054,34.396976
6055,34.396976
6056,34.396976
6057,34.383461
6058,34.383461
6059,34.396976
6060,34.383461
6061,34.396976
6062,34.396976
6063,34.508434
6064,34.371288
6065,34.371288
6066,34.371288
6067,34.343853
6068,34.338123
6069,34.336082
6070,34.415684
6071,34.396976
6072,34.396976
6073,34.657085
6074,34.657085
6075,34.657085
6076,34.657085
6077,34.657085
6078,34.674068
6079,34.674068
6080,34.508434
6081,34.508434
6082,34.508434
6083,34.508434
6084,34.508434
6085,34.508434
6086,34.508434
6087,34.500359
6088,34.508434
6089,34.508434
6090,34.500359
6091,34.508434
6092,34.508434
6093,34.508434
6094,34.508434
6095,34.508434
6096,34.508434
6097,34.508434
6098,34.508434
6099,34.500359
6100,34.500359
6101,34.508434
6102,34.674068
6103,34.508434
6104,34.554771
6105,34.554771
6106,34.554771
6107,34.527187
6108,34.554771
6109,34.554771
6110,34.554771
6111,34.554771
6112,34.527187
6113,34.527187
6114,34.554771
6115,34.554771
6116,34.554771
6117,34.554771
6118,34.554771
6119,34.554771
6120,34.554771
6121,34.554771
6122,34.554771
6123,34.554771
6124,34.554771
6125,34.554771
6126,34.396946
6127,34.396946
6128,34.396946
6129,34.396946
6130,34.396946
6131,34.396946
6132,34.396946
6133,34.396946
6134,34.396221
6135,34.388939
6136,34.388939
6137,34.388939
6138,34.388939
6139,34.388939
6140,34.396946
6141,34.396946
6142,34.396946
6143,34.396946
6144,34.522087
6145,34.522087
6146,34.522087
6147,34.522087
6148,34.522087
6149,34.522087
6150,34.522087
6151,34.396946
6152,34.522087
6153,34.396946
6154,34.396946
6155,34.396946
6156,34.396946
6157,34.396946
6158,34.522087
6159,34.396946
6160,34.522087
6161,34.522087
6162,34.396946
6163,34.396946
6164,34.522087
6165,34.522087
6166,34.522087
6167,34.522087
6168,34.430305
6169,34.430305
6170,34.430305
6171,34.430305
6172,34.430305
6173,34.430305
6174,34.430305
6175,34.430305
6176,34.527187
6177,34.554771
6178,34.336082
6179,34.336082
6180,34.336082
6181,34.349136
6182,34.349136
6183,34.349136
6184,34.345512
6185,34.310345
6186,34.310345
6187,34.310345
6188,34.310345
6189,34.310345
6190,34.310345
6191,34.310345
6192,34.310345
6193,34.310345
6194,34.310345
6195,34.310345
6196,34.310345
6197,34.303818
6198,34.303818
6199,34.303818
6200,34.303818
6201,34.303818
6202,34.310345
6203,34.309643
6204,34.310345
6205,34.310345
6206,34.310345
6207,34.310345
6208,34.310345
6209,34.310345
6210,34.310345
6211,34.310345
6212,34.310345
6213,34.347534
6214,34.347534
6215,34.347534
6216,34.347534
6217,34.347534
6218,34.349472
6219,34.349472
6220,34.358192
6221,34.358192
6222,34.350739
6223,34.347534
6224,34.347534
6225,34.347534
6226,34.347534
6227,34.350739
6228,34.347534
6229,34.347534
6230,34.347534
6231,34.347534
6232,34.347534
6233,34.347534
6234,34.347534
6235,34.347534
6236,34.347534
6237,34.349472
6238,34.349472
6239,34.358192
6240,34.349472
6241,34.358192
6242,34.358192
6243,34.358192
6244,34.358192
6245,34.358192
6246,34.358192
6247,34.358192
6248,34.358192
6249,34.358192
6250,34.349472
6251,34.358192
6252,34.358192
6253,34.358192
6254,34.349472
6255,34.371204
6256,34.371204
6257,34.371204
6258,34.371204
6259,34.379021
6260,34.379021
6261,34.379021
6262,34.379021
6263,34.379021
6264,34.379021
6265,34.379021
6266,34.379021
6267,34.371204
6268,34.371204
6269,34.379021
6270,34.393505
6271,34.393505
6272,34.393505
6273,34.372566
6274,34.390289
6275,34.372566
6276,34.390289
6277,34.372566
6278,34.372566
6279,34.390289
6280,34.372566
6281,34.390289
6282,34.372566
6283,34.372566
6284,34.372566
6285,34.390289
6286,34.372566
6287,34.372566
6288,34.372566
6289,34.390289
6290,34.390289
6291,34.372566
6292,34.372566
6293,34.372566
6294,34.372566
6295,34.390289
6296,34.372566
6297,34.372566
6298,34.390289
6299,34.372566
6300,34.372566
6301,34.372566
6302,34.379021
6303,34.303818
6304,33.711628
6305,33.711628
6306,33.711628
6307,33.711628
6308,33.711628
6309,33.729725
6310,33.729725
6311,33.762669
6312,33.762669
6313,33.762669
6314,33.762669
6315,33.762669
6316,33.762669
6317,33.762669
6318,34.054924
6319,34.054924
6320,34.054924
6321,34.054924
6322,34.054924
6323,34.054924
6324,34.054924
6325,34.054924
6326,34.054924
6327,33.746376
6328,33.746376
6329,33.746376
6330,33.746376
6331,33.746376
6332,33.746376
6333,33.746376
6334,33.746376
6335,33.746376
6336,33.746376
6337,33.746376
6338,33.775009
6339,33.775009
6340,33.775009
6341,33.775009
6342,33.775009
6343,33.734219
6344,33.734219
6345,33.734219
6346,33.734219
6347,33.734219
6348,33.734219
6349,33.734219
6350,33.734219
6351,33.734219
6352,33.734219
6353,34.037529
6354,34.037529
6355,34.037529
6356,34.037529
6357,34.037529
6358,34.037529
6359,34.037529
6360,34.037529
6361,34.037529
6362,34.037529
6363,34.037529
6364,34.037529
6365,34.037529
6366,34.561321
6367,34.561321
6368,34.561321
6369,34.561321
6370,34.561321
6371,34.561321
6372,34.561321
6373,34.561321
6374,34.554779
6375,34.554779
6376,34.525116
6377,34.525116
6378,34.525116
6379,34.525116
6380,34.525116
6381,34.525116
6382,34.525116
6383,34.525116
6384,34.525116
6385,34.525116
6386,34.525116
6387,34.525116
6388,34.525116
6389,34.525116
6390,34.525116
6391,34.525116
6392,34.525116
6393,34.525116
6394,34.525116
6395,34.525116
6396,34.525116
6397,34.525116
6398,34.525116
6399,34.525116
6400,34.525116
6401,34.525116
6402,34.525116
6403,34.529057
6404,34.529057
6405,34.529057
6406,34.525116
6407,34.592201
6408,34.592201
6409,34.592201
6410,34.529057
6411,34.529057
6412,34.529057
6413,34.529057
6414,34.529057
6415,34.529057
6416,34.544685
6417,34.544685
6418,34.593616
6419,34.593616
6420,34.593616
6421,34.593616
6422,34.593616
6423,34.593616
6424,34.593616
6425,34.593616
6426,34.584797
6427,34.584797
6428,34.584797
6429,34.584797
6430,34.634251
6431,34.634251
6432,34.584797
6433,34.584797
6434,34.584797
6435,34.584797
6436,34.634251
6437,34.634251
6438,34.634251
6439,34.634251
6440,34.634251
6441,34.634251
6442,34.584797
6443,34.584797
6444,34.584797
6445,34.705151
6446,34.655182
6447,34.655182
6448,34.646477
6449,34.646477
6450,34.646477
6451,34.634251
6452,34.634251
6453,34.634251
6454,34.634251
6455,34.634251
6456,34.634251
6457,34.634251
6458,34.634251
6459,34.634251
6460,34.634251
6461,34.634251
6462,34.634251
6463,34.634251
6464,34.634251
6465,34.634251
6466,34.627632
6467,34.627632
6468,34.131546
6469,34.131546
6470,34.131546
6471,34.131546
6472,34.080116
6473,34.080116
6474,34.080116
6475,34.080116
6476,34.080116
6477,34.080116
6478,34.160519
6479,34.160519
6480,34.12912
6481,34.12912
6482,34.12912
6483,34.12912
6484,34.232487
6485,34.232487
6486,34.232487
6487,34.232487
6488,34.232487
6489,34.232487
6490,34.080116
6491,34.080116
6492,34.080116
6493,34.080116
6494,34.105019
6495,34.105019
6496,34.105019
6497,34.062786
6498,34.062786
6499,34.260654
6500,34.260654
6501,34.260654
6502,34.167465
6503,34.232224
6504,34.232224
6505,34.232224
6506,34.232224
6507,34.232224
6508,34.232224
6509,34.232224
6510,34.232224
6511,33.5392
6512,33.596062
6513,33.596062
6514,33.596062
6515,33.596062
6516,33.596062
6517,33.596062
6518,33.596062
6519,33.596062
6520,33.596062
6521,33.596062
6522,33.596062
6523,33.583176
6524,33.583176
6525,33.583176
6526,33.596062
6527,33.596062
6528,33.596062
6529,33.596062
6530,33.596062
6531,33.612518
6532,33.612518
6533,33.612518
6534,33.612518
6535,33.612518
6536,33.568741
6537,33.568741
6538,33.568741
6539,33.568741
6540,33.568741
6541,33.568741
6542,33.568741
6543,33.583176
6544,33.583176
6545,33.583176
6546,33.583176
6547,33.583176
6548,33.583176
6549,33.52956
6550,33.52956
6551,33.52956
6552,33.508949
6553,33.508949
6554,33.540073
6555,33.535828
6556,33.535828
6557,33.535828
6558,33.535828
6559,33.535828
6560,33.535828
6561,33.535828
6562,33.535828
6563,33.535828
6564,33.535828
6565,33.535828
6566,33.535828
6567,33.535828
6568,33.535828
6569,33.535828
6570,33.562508
6571,33.562508
6572,33.562508
6573,33.562508
6574,33.562508
6575,33.562508
6576,33.562508
6577,33.562508
6578,33.562508
6579,33.562508
6580,33.562508
6581,33.562508
6582,33.562508
6583,33.562508
6584,33.562508
6585,33.603207
6586,33.603207
6587,33.58923
6588,33.58923
6589,33.58923
6590,33.627243
6591,33.627243
6592,33.627243
6593,33.627243
6594,33.627243
6595,33.627243
6596,33.682396
6597,33.682396
6598,33.682396
6599,33.682396
6600,33.682396
6601,33.682396
6602,33.682396
6603,33.682396
6604,33.682396
6605,33.682396
6606,33.682396
6607,33.682396
6608,33.826748
6609,33.826748
6610,33.826748
6611,33.826748
6612,33.826748
6613,33.826748
6614,33.826748
6615,33.826748
6616,33.826748
6617,33.60685
6618,33.60685
6619,33.568741
6620,33.54797
6621,33.54797
6622,33.54797
6623,33.54797
6624,33.54797
6625,33.54797
6626,33.54797
6627,33.54797
6628,33.54797
6629,33.54797
6630,33.589291
6631,33.598274
6632,33.598274
6633,33.598274
6634,33.623997
6635,33.623997
6636,33.623997
6637,33.623997
6638,33.623997
6639,33.606667
6640,33.606667
6641,33.606667
6642,33.606667
6643,33.581917
6644,33.581917
6645,33.581917
6646,33.51767
6647,33.51767
6648,33.51767
6649,33.51767
6650,33.51767
6651,33.540073
6652,33.5392
6653,33.5392
6654,33.5392
6655,33.5392
6656,33.5392
6657,33.5392
6658,33.5392
6659,33.5392
6660,33.5392
6661,33.515347
6662,33.515347
6663,33.515347
6664,33.515347
6665,32.658287
6666,32.658287
6667,32.658287
6668,32.658287
6669,32.658287
6670,32.717808
6671,32.717808
6672,32.658287
6673,32.717808
6674,32.658287
6675,32.717808
6676,32.717808
6677,32.717808
6678,32.717808
6679,32.717808
6680,32.658287
6681,32.717808
6682,32.658287
6683,32.658287
6684,32.717808
6685,32.717808
6686,32.658287
6687,32.658287
6688,32.658287
6689,32.717808
6690,32.72644
6691,32.72644
6692,32.717808
6693,32.717808
6694,32.717808
6695,32.717808
6696,32.717808
6697,32.717808
6698,33.421566
6699,33.421566
6700,33.421566
6701,33.421566
6702,33.421566
6703,33.421566
6704,33.421566
6705,33.4272
6706,33.4272
6707,33.4272
6708,33.4272
6709,33.4272
6710,33.4272
6711,33.4272
6712,33.4272
6713,33.429375
6714,33.429375
6715,33.47216
6716,33.47216
6717,33.47216
6718,33.47216
6719,33.47216
6720,33.429375
6721,33.429375
6722,33.429375
6723,33.428986
6724,33.428986
6725,33.428986
6726,33.432549
6727,33.432549
6728,33.432549
6729,33.432549
6730,33.432549
6731,33.432549
6732,33.432549
6733,33.432549
6734,33.432549
6735,33.535915
6736,33.535915
6737,33.535915
6738,33.535915
6739,33.535915
6740,33.513424
6741,33.513424
6742,33.513424
6743,33.513424
6744,33.513424
6745,33.496201
6746,33.496201
6747,33.496201
6748,33.496201
6749,33.496201
6750,33.496201
6751,33.496201
6752,33.484413
6753,33.484413
6754,33.484413
6755,33.484413
6756,33.484413
6757,33.463837
6758,34.843338
6759,34.843338
6760,34.843338
6761,34.824436
6762,34.82777
6763,34.824436
6764,34.824436
6765,34.78363
6766,34.78363
6767,34.78363
6768,34.78363
6769,34.78363
6770,34.716686
6771,34.716686
6772,34.760921
6773,34.716686
6774,34.716686
6775,34.716686
6776,34.716686
6777,34.716686
6778,34.716686
6779,34.716686
6780,34.716686
6781,34.705151
6782,34.705151
6783,34.705151
6784,34.705151
6785,34.870079
6786,34.838654
6787,34.838654
6788,34.838654
6789,34.838654
6790,34.838654
6791,34.838654
6792,34.870079
6793,34.870079
6794,34.870079
6795,34.870079
6796,34.870079
6797,34.870079
6798,34.870079
6799,34.870079
6800,34.863098
6801,34.863098
6802,34.863098
6803,34.863098
6804,34.863098
6805,34.863098
6806,34.863098
6807,34.863758
6808,34.863758
6809,34.863758
6810,34.863758
6811,34.863758
6812,34.863758
6813,34.863758
6814,34.863758
6815,34.863758
6816,34.863758
6817,34.863758
6818,34.863758
6819,34.85693
6820,34.85693
6821,34.85693
6822,34.85693
6823,34.85693
6824,34.85693
6825,34.859417
6826,34.859417
6827,34.859417
6828,34.859417
6829,34.859417
6830,34.859417
6831,34.859417
6832,34.859417
6833,34.859417
6834,34.859417
6835,34.859417
6836,34.859417
6837,34.859417
6838,34.859417
6839,34.859417
6840,34.8522
6841,34.8522
6842,34.21413
6843,34.21413
6844,34.21413
6845,34.25161
6846,34.25161
6847,34.202213
6848,34.21413
6849,34.221073
6850,34.202213
6851,34.240688
6852,34.25161
6853,34.25161
6854,34.193298
6855,34.21413
6856,34.193298
6857,34.193298
6858,34.193298
6859,34.193298
6860,34.21413
6861,34.07272
6862,34.07272
6863,34.063511
6864,34.052238
6865,34.052238
6866,34.052238
6867,34.052238
6868,34.052238
6869,34.052238
6870,34.065399
6871,34.065399
6872,34.063511
6873,34.052238
6874,34.065399
6875,34.07272
6876,34.065399
6877,34.063511
6878,34.063511
6879,34.052238
6880,34.063511
6881,34.07272
6882,34.07272
6883,34.349918
6884,34.122902
6885,34.07272
6886,34.063511
6887,34.052238
6888,34.052238
6889,34.065399
6890,34.07272
6891,34.063511
6892,34.052238
6893,34.052238
6894,34.063511
6895,34.07272
6896,34.07272
6897,34.063511
6898,34.052238
6899,34.07272
6900,34.07272
6901,34.07272
6902,34.065399
6903,34.065399
6904,34.063511
6905,34.052238
6906,34.063511
6907,34.07272
6908,34.063511
6909,34.081295
6910,34.053566
6911,34.053566
6912,34.038086
6913,34.004765
6914,34.004765
6915,34.004765
6916,34.004765
6917,34.004765
6918,34.011536
6919,34.020298
6920,34.03915
6921,34.004765
6922,34.011536
6923,34.011536
6924,34.020298
6925,34.03915
6926,34.053566
6927,34.053566
6928,34.038086
6929,34.03915
6930,34.03915
6931,34.03915
6932,34.081295
6933,34.038086
6934,34.03915
6935,34.011536
6936,34.038086
6937,34.03915
6938,34.053566
6939,34.03915
6940,34.03915
6941,34.053566
6942,34.028553
6943,34.038086
6944,34.03915
6945,34.03915
6946,34.028553
6947,34.053566
6948,34.125278
6949,34.278774
6950,34.053566
6951,34.053566
6952,34.053566
6953,34.053566
6954,34.038086
6955,34.125278
6956,34.053566
6957,34.081295
6958,34.278774
6959,34.053566
6960,34.011536
6961,34.125278
6962,34.053566
6963,34.255924
6964,34.263157
6965,34.279186
6966,34.263157
6967,34.279274
6968,34.211205
6969,34.213604
6970,34.255924
6971,34.255924
6972,34.213604
6973,34.213604
6974,34.213604
6975,34.211205
6976,34.213604
6977,34.213604
6978,34.482998
6979,34.641182
6980,34.463177
6981,34.442833
6982,34.442833
6983,34.442833
6984,34.442833
6985,34.442833
6986,34.442833
6987,34.442833
6988,34.442833
6989,34.442833
6990,34.442833
6991,34.50489
6992,34.50489
6993,34.50489
6994,34.50489
6995,34.50489
6996,34.50489
6997,34.50489
6998,34.50489
6999,34.50489
7000,34.50489
7001,34.50489
7002,34.50489
7003,34.50489
7004,34.50489
7005,34.50489
7006,34.50489
7007,34.50489
7008,34.50489
7009,34.50489
7010,34.50489
7011,34.50489
7012,34.545071
7013,34.482998
7014,34.482998
7015,34.482998
7016,34.482998
7017,34.482998
7018,34.482998
7019,34.482998
7020,34.482998
7021,34.482998
7022,34.482998
7023,34.482998
7024,34.482998
7025,34.482998
7026,34.482998
7027,34.482998
7028,34.482998
7029,34.482998
7030,34.482998
7031,34.482998
7032,34.482998
7033,34.482998
7034,34.482998
7035,34.463177
7036,34.463177
7037,34.463177
7038,34.463177
7039,34.463177
7040,34.463177
7041,34.463177
7042,34.463177
7043,34.463177
7044,34.463177
7045,34.463177
7046,34.425274
7047,34.425274
7048,34.425274
7049,34.425274
7050,34.425274
7051,34.425274
7052,34.425274
7053,34.425274
7054,34.425274
7055,34.425274
7056,34.425274
7057,34.425274
7058,34.425274
7059,34.425274
7060,34.425274
7061,34.425274
7062,34.425274
7063,34.425274
7064,34.425274
7065,34.425274
7066,34.400337
7067,34.400337
7068,34.400337
7069,34.400337
7070,34.400337
7071,34.400337
7072,34.400337
7073,34.400337
7074,34.400337
7075,34.400337
7076,34.400337
7077,34.400337
7078,34.400337
7079,34.400337
7080,34.425274
7081,34.425274
7082,34.425274
7083,34.425274
7084,34.425274
7085,34.425274
7086,34.425274
7087,34.442833
7088,34.442833
7089,34.442833
7090,34.442833
7091,34.442833
7092,34.442833
7093,34.442833
7094,34.442833
7095,34.442833
7096,34.442833
7097,34.442833
7098,34.442833
7099,34.442833
7100,34.442833
7101,34.442833
7102,34.442833
7103,34.442833
7104,34.442833
7105,34.442833
7106,34.442833
7107,34.442833
7108,34.425274
7109,34.425274
7110,34.463177
7111,34.463177
7112,34.463177
7113,34.463177
7114,34.463177
7115,34.463177
7116,34.463177
7117,34.463177
7118,34.463177
7119,34.463177
7120,34.463177
7121,34.463177
7122,34.463177
7123,34.463177
7124,34.463177
7125,34.463177
7126,34.463177
7127,34.463177
7128,34.463177
7129,34.463177
7130,34.482998
7131,34.482998
7132,34.482998
7133,34.482998
7134,34.482998
7135,34.545071
7136,34.545071
7137,34.545071
7138,34.545071
7139,34.545071
7140,34.545071
7141,34.545071
7142,34.545071
7143,34.545071
7144,34.545071
7145,34.545071
7146,34.425274
7147,34.425274
7148,34.425274
7149,34.425274
7150,34.425274
7151,34.425274
7152,34.425274
7153,34.400337
7154,34.400337
7155,34.400337
7156,34.400337
7157,34.400337
7158,34.400337
7159,34.400337
7160,34.400337
7161,34.400337
7162,34.400337
7163,34.425274
7164,34.425274
7165,34.425274
7166,34.425274
7167,34.425274
7168,34.425274
7169,34.400337
7170,34.400337
7171,34.400337
7172,34.400337
7173,34.442833
7174,34.442833
7175,34.442833
7176,34.442833
7177,34.442833
7178,34.442833
7179,34.442833
7180,34.641182
7181,34.641182
7182,34.641182
7183,34.641182
7184,34.641182
7185,34.641182
7186,34.641182
7187,29.547628
7188,29.725563
7189,29.547628
7190,29.725563
7191,29.725563
7192,29.725563
7193,29.725563
7194,29.725563
7195,29.725563
7196,29.725563
7197,29.725563
7198,29.725563
7199,29.725563
7200,29.725563
7201,29.725563
7202,29.725563
7203,29.725563
7204,29.547628
7205,29.725563
7206,29.725563
7207,29.547628
7208,29.725563
7209,29.547628
7210,29.725563
7211,29.547628
7212,29.547628
7213,29.547628
7214,29.725563
7215,29.547628
7216,29.725563
7217,29.725563
7218,29.725563
7219,29.725563
7220,29.547628
7221,29.725563
7222,29.547628
7223,29.725563
7224,29.725563
7225,29.725563
7226,29.725563
7227,29.725563
7228,29.725563
7229,29.725563
7230,29.725563
7231,29.725563
7232,29.725563
7233,29.725563
7234,29.725563
7235,29.725563
7236,29.725563
7237,29.725563
7238,29.725563
7239,29.725563
7240,29.725563
7241,29.725563
7242,29.725563
7243,29.725563
7244,29.725563
7245,29.725563
7246,29.725563
7247,29.725563
7248,29.725563
7249,29.725563
7250,29.725563
7251,29.725563
7252,29.725563
7253,29.725563
7254,29.725563
7255,29.725563
7256,27.620647
7257,27.620647
7258,27.620647
7259,27.620647
7260,27.620647
7261,27.620647
7262,27.620647
7263,27.620647
7264,27.620647
7265,27.620647
7266,27.620647
7267,27.620647
7268,27.620647
7269,27.620647
7270,27.620647
7271,27.620647
7272,27.620647
7273,27.623259
7274,27.623259
7275,27.623259
7276,27.623259
7277,27.623259
7278,27.623259
7279,27.623259
7280,27.623259
7281,27.623259
7282,27.623259
7283,27.620647
7284,27.620647
7285,27.620647
7286,27.623259
7287,27.623259
7288,27.623259
7289,27.623259
7290,27.623259
7291,27.623259
7292,27.623259
7293,27.623259
7294,27.623259
7295,27.623259
7296,27.623259
7297,27.620647
7298,27.620647
7299,27.620647
7300,33.893143
7301,33.893143
7302,33.893143
7303,33.893143
7304,33.893143
7305,33.893143
7306,33.893143
7307,34.042587
7308,34.042587
7309,34.1875
7310,34.1875
7311,34.1875
7312,34.177162
7313,34.161446
7314,34.059311
7315,34.134201
7316,34.1875
7317,34.134201
7318,34.059311
7319,34.1875
7320,34.140072
7321,34.1875
7322,34.177162
7323,34.134201
7324,34.134201
7325,34.217491
7326,34.250801
7327,34.069252
7328,34.250801
7329,34.217491
7330,34.161446
7331,34.119572
7332,34.217491
7333,34.250801
7334,34.371815
7335,34.161446
7336,34.119572
7337,34.069252
7338,34.069252
7339,34.161446
7340,34.217491
7341,34.250801
7342,34.250801
7343,34.217491
7344,34.217491
7345,34.069252
7346,34.250801
7347,34.217491
7348,34.217491
7349,34.217491
7350,34.217491
7351,34.252502
7352,34.161446
7353,34.134201
7354,34.134201
7355,34.134201
7356,34.134201
7357,34.1875
7358,34.1875
7359,34.1875
7360,34.1875
7361,34.1875
7362,34.1875
7363,34.1875
7364,34.1875
7365,34.250801
7366,34.250801
7367,34.250801
7368,34.250801
7369,34.250801
7370,34.250801
7371,34.250801
7372,34.250801
7373,34.250801
7374,34.250801
7375,34.250801
7376,34.250801
7377,34.250801
7378,34.250801
7379,34.250801
7380,34.250801
7381,34.250801
7382,34.250801
7383,34.250801
7384,34.250801
7385,33.929813
7386,33.929813
7387,33.929813
7388,33.699608
7389,33.591953
7390,33.591953
7391,33.591953
7392,33.591953
7393,33.591953
7394,33.510891
7395,33.531033
7396,33.531033
7397,33.510891
7398,33.531033
7399,33.531033
7400,33.531033
7401,33.531033
7402,33.531033
7403,33.531033
7404,33.531033
7405,33.531033
7406,33.531033
7407,33.531033
7408,33.531033
7409,33.531033
7410,33.531033
7411,33.531033
7412,33.531033
7413,33.531033
7414,33.531033
7415,33.531033
7416,33.531033
7417,33.493767
7418,33.493767
7419,33.479954
7420,33.479954
7421,33.479954
7422,33.479954
7423,33.479954
7424,33.479954
7425,33.479954
7426,33.479954
7427,33.479954
7428,33.461136
7429,33.446507
7430,33.446507
7431,33.446507
7432,33.459064
7433,33.461136
7434,33.461136
7435,33.461136
7436,34.259777
7437,34.259777
7438,34.259777
7439,34.237823
7440,34.215546
7441,34.203831
7442,34.203831
7443,34.203831
7444,34.244659
7445,34.203831
7446,34.203831
7447,34.18578
7448,34.244659
7449,34.244659
7450,34.244659
7451,34.244659
7452,34.244659
7453,34.237427
7454,34.237427
7455,34.244659
7456,34.237427
7457,34.259777
7458,34.259777
7459,34.237823
7460,34.259777
7461,34.259777
7462,34.237823
7463,34.203831
7464,34.215546
7465,34.237427
7466,34.244659
7467,34.244659
7468,34.244659
7469,34.237823
7470,34.261818
7471,34.259777
7472,34.259777
7473,34.244659
7474,34.244659
7475,34.244659
7476,34.228611
7477,33.427868
7478,33.427868
7479,33.427868
7480,33.427868
7481,33.427868
7482,33.427868
7483,33.427868
7484,33.427868
7485,33.427868
7486,34.508118
7487,34.508118
7488,34.508118
7489,34.495686
7490,34.508118
7491,34.508118
7492,34.508118
7493,34.495686
7494,34.495686
7495,34.504585
7496,34.531574
7497,34.531574
7498,34.393845
7499,34.416672
7500,34.454941
7501,34.422195
7502,34.454941
7503,34.454941
7504,34.454941
7505,34.422195
7506,34.465572
7507,34.454941
7508,34.465572
7509,34.393845
7510,34.465572
7511,34.437347
7512,34.437347
7513,34.465572
7514,34.465572
7515,34.472431
7516,34.437347
7517,34.437347
7518,34.472431
7519,34.437347
7520,34.472431
7521,34.472431
7522,34.472431
7523,34.472431
7524,34.081295
7525,34.09874
7526,34.069759
7527,34.09874
7528,34.09874
7529,34.135933
7530,34.135933
7531,34.153103
7532,34.153103
7533,34.153103
7534,34.135933
7535,34.153103
7536,34.153103
7537,34.153103
7538,34.146645
7539,34.146645
7540,34.146645
7541,34.146645
7542,34.146645
7543,34.13081
7544,34.13081
7545,34.13081
7546,34.13081
7547,34.13081
7548,34.13081
7549,34.13081
7550,34.13081
7551,34.13081
7552,34.13081
7553,34.13081
7554,34.13081
7555,34.104469
7556,34.226955
7557,34.226955
7558,34.226955
7559,34.226955
7560,34.226955
7561,34.24947
7562,34.218925
7563,34.218925
7564,34.268162
7565,34.24947
7566,34.226955
7567,34.226955
7568,34.228611
7569,34.244751
7570,34.169636
7571,34.169636
7572,34.171082
7573,34.171082
7574,34.171082
7575,34.203602
7576,34.193298
7577,34.193298
7578,34.193298
7579,34.193298
7580,34.21413
7581,34.21413
7582,34.21413
7583,34.193298
7584,34.171082
7585,34.171082
7586,34.171082
7587,34.171082
7588,34.171082
7589,34.158905
7590,34.13081
7591,34.158905
7592,34.158905
7593,34.158905
7594,34.158905
7595,34.158905
7596,34.158905
7597,34.158905
7598,34.158905
7599,34.158905
7600,34.146004
7601,34.146004
7602,34.146004
7603,34.146004
7604,34.146004
7605,34.146004
7606,34.146004
7607,34.146004
7608,34.146004
7609,34.121986
7610,34.121986
7611,34.121986
7612,34.121986
7613,34.09523
7614,34.080132
7615,34.086872
7616,34.09523
7617,34.004215
7618,34.004215
7619,34.09523
7620,34.09523
7621,34.09523
7622,34.09523
7623,34.09523
7624,34.080132
7625,34.080082
7626,34.080082
7627,34.09523
7628,34.086872
7629,34.09523
7630,34.09523
7631,34.09523
7632,34.09523
7633,34.086872
7634,34.09523
7635,34.09523
7636,34.09523
7637,34.143505
7638,34.09523
7639,34.148643
7640,34.153751
7641,34.153751
7642,34.086872
7643,34.09523
7644,34.09523
7645,34.153751
7646,34.143505
7647,34.09523
7648,34.09523
7649,34.09523
7650,34.0826
7651,34.153751
7652,34.09523
7653,34.09523
7654,34.09523
7655,34.0826
7656,34.086872
7657,34.004215
7658,34.148643
7659,34.148643
7660,34.153751
7661,34.09523
7662,34.09523
7663,34.148643
7664,34.09523
7665,34.153751
7666,34.143505
7667,34.153751
7668,34.153751
7669,34.148643
7670,34.153751
7671,34.148643
7672,34.153751
7673,34.148643
7674,34.086872
7675,34.086872
7676,34.086872
7677,34.086872
7678,34.080132
7679,34.086872
7680,34.086872
7681,34.080082
7682,34.080132
7683,34.086872
7684,34.080082
7685,34.09523
7686,34.080082
7687,34.09523
7688,34.09523
7689,34.086872
7690,34.086872
7691,34.086872
7692,34.080132
7693,34.09523
7694,34.09523
7695,34.080132
7696,34.080082
7697,34.153751
7698,34.148643
7699,34.153751
7700,34.153751
7701,34.153751
7702,34.09523
7703,34.0826
7704,34.09523
7705,34.09523
7706,34.09523
7707,34.09523
7708,34.086872
7709,34.086872
7710,34.086872
7711,34.09523
7712,34.09523
7713,34.09523
7714,34.09523
7715,34.19717
7716,34.148643
7717,34.148643
7718,34.192841
7719,34.192841
7720,34.153751
7721,34.148643
7722,34.148643
7723,34.153751
7724,34.192841
7725,34.153751
7726,34.153751
7727,34.401756
7728,34.148643
7729,34.19717
7730,34.242378
7731,34.242378
7732,34.357903
7733,34.357903
7734,34.357903
7735,34.357903
7736,34.192841
7737,34.175465
7738,34.175465
7739,34.197361
7740,34.197361
7741,34.197361
7742,34.197361
7743,34.175465
7744,34.197361
7745,34.197361
7746,34.197361
7747,34.175465
7748,34.197361
7749,34.197361
7750,34.197361
7751,34.197361
7752,34.192841
7753,34.175465
7754,34.175465
7755,34.175465
7756,34.175465
7757,34.197361
7758,34.132446
7759,34.132446
7760,34.132446
7761,34.127071
7762,34.127071
7763,34.127071
7764,34.171505
7765,34.132446
7766,34.132446
7767,34.132446
7768,34.132446
7769,34.132446
7770,34.132446
7771,34.132446
7772,34.132446
7773,34.132446
7774,34.132446
7775,34.132446
7776,34.132446
7777,34.132446
7778,34.132446
7779,34.127071
7780,34.175465
7781,34.175465
7782,34.175465
7783,34.175465
7784,34.175465
7785,34.175465
7786,34.175465
7787,34.175465
7788,34.171505
7789,34.175465
7790,34.175465
7791,34.175465
7792,34.132446
7793,34.148643
7794,34.148643
7795,34.132446
7796,34.148643
7797,34.132446
7798,34.132446
7799,34.132446
7800,34.132446
7801,34.132446
7802,34.132446
7803,34.132446
7804,34.132446
7805,34.126881
7806,34.132446
7807,34.132446
7808,34.132446
7809,34.132446
7810,34.132446
7811,34.132446
7812,34.126881
7813,34.132446
7814,34.132446
7815,34.132446
7816,34.132446
7817,34.126881
7818,34.132446
7819,34.197361
7820,34.175465
7821,34.175465
7822,34.175465
7823,34.175465
7824,34.175465
7825,34.175465
7826,34.132446
7827,34.132446
7828,34.132446
7829,34.132446
7830,34.127071
7831,34.127071
7832,34.175465
7833,34.175465
7834,34.175465
7835,34.197361
7836,34.197361
7837,34.197361
7838,34.197361
7839,34.197361
7840,34.175465
7841,34.175465
7842,34.197361
7843,34.197361
7844,34.197361
7845,34.175465
7846,34.197361
7847,34.197361
7848,34.192841
7849,34.197361
7850,34.197361
7851,34.171505
7852,34.175465
7853,34.132446
7854,34.132446
7855,34.132446
7856,34.132446
7857,34.127071
7858,34.357903
7859,34.357903
7860,34.197361
7861,34.192841
7862,34.192841
7863,34.192841
7864,34.192841
7865,34.192841
7866,34.192841
7867,34.19717
7868,34.19717
7869,34.19717
7870,34.19717
7871,34.19717
7872,34.19717
7873,34.19717
7874,34.192841
7875,34.192841
7876,34.19717
7877,34.19717
7878,34.19717
7879,34.19717
7880,34.19717
7881,34.19717
7882,34.19717
7883,34.153751
7884,34.153751
7885,34.153751
7886,34.153751
7887,34.132446
7888,34.175465
7889,34.175465
7890,34.175465
7891,34.175465
7892,34.175465
7893,34.175465
7894,34.175465
7895,34.175465
7896,34.175465
7897,34.175465
7898,34.197361
7899,34.197361
7900,34.175465
7901,34.175465
7902,34.175465
7903,34.175465
7904,34.175465
7905,34.175465
7906,34.175465
7907,34.175465
7908,34.315762
7909,34.315762
7910,34.315762
7911,34.315762
7912,34.315762
7913,34.315762
7914,34.315762
7915,34.355
7916,34.320293
7917,34.324295
7918,34.355
7919,34.355
7920,34.324295
7921,34.324295
7922,34.324295
7923,34.324295
7924,34.324295
7925,34.324295
7926,34.324295
7927,34.324295
7928,34.324295
7929,34.324295
7930,34.324295
7931,34.324295
7932,34.324295
7933,34.324295
7934,34.324295
7935,34.324295
7936,34.324295
7937,34.324295
7938,34.324295
7939,34.324295
7940,34.324295
7941,34.324295
7942,34.324295
7943,34.324295
7944,34.324295
7945,34.324295
7946,34.324295
7947,34.324295
7948,34.324295
7949,34.324295
7950,34.324295
7951,34.324295
7952,34.324295
7953,34.324295
7954,34.324295
7955,34.324295
7956,34.324295
7957,34.324295
7958,34.324295
7959,34.324295
7960,34.324295
7961,34.324295
7962,34.324295
7963,34.324295
7964,34.324295
7965,34.324295
7966,34.324295
7967,34.324295
7968,34.324295
7969,34.324295
7970,34.324295
7971,34.324295
7972,34.324295
7973,34.324295
7974,34.324295
7975,34.324295
7976,34.324295
7977,34.324295
7978,34.324295
7979,34.324295
7980,34.320293
7981,34.320293
7982,34.320293
7983,34.320293
7984,34.320293
7985,34.320293
7986,34.320293
7987,34.320293
7988,34.320293
7989,34.320293
7990,34.320293
7991,34.320293
7992,34.320293
7993,34.320293
7994,34.320293
7995,34.320293
7996,34.320293
7997,34.320293
7998,34.320293
7999,34.320293
8000,34.320293
8001,34.320293
8002,34.320293
8003,34.320293
8004,34.320293
8005,34.320293
8006,34.320293
8007,34.320293
8008,34.320293
8009,34.320293
8010,34.320293
8011,34.320293
8012,34.324295
8013,34.324295
8014,34.324295
8015,34.324295
8016,34.324295
8017,34.324295
8018,34.324295
8019,34.324295
8020,34.324295
8021,34.30748
8022,34.30748
8023,34.30748
8024,34.30748
8025,34.315762
8026,34.315762
8027,34.315762
8028,34.315762
8029,34.315762
8030,34.315762
8031,34.315762
8032,34.315762
8033,34.315762
8034,34.315762
8035,34.315762
8036,34.315762
8037,34.315762
8038,34.315762
8039,34.315762
8040,34.315762
8041,34.315762
8042,34.315762
8043,34.315762
8044,34.315762
8045,34.324295
8046,34.324295
8047,34.324295
8048,34.30748
8049,34.324295
8050,34.324295
8051,34.355
8052,34.30748
8053,34.324295
8054,34.324295
8055,34.324295
8056,34.324295
8057,34.324295
8058,34.324295
8059,34.324295
8060,34.324295
8061,34.324295
8062,34.324295
8063,34.324295
8064,34.324295
8065,34.324295
8066,34.324295
8067,34.324295
8068,34.324295
8069,34.841881
8070,34.841881
8071,34.841881
8072,34.841881
8073,34.841881
8074,34.841881
8075,34.841881
8076,34.841881
8077,34.841881
8078,34.841881
8079,34.841881
8080,34.841881
8081,34.841881
8082,34.841881
8083,34.841881
8084,34.841881
8085,34.841881
8086,34.841881
8087,34.841881
8088,34.842731
8089,34.842731
8090,34.842731
8091,34.842731
8092,34.841881
8093,34.841881
8094,34.841881
8095,34.841881
8096,34.841881
8097,34.841881
8098,34.841881
8099,34.841881
8100,34.841881
8101,34.841881
8102,34.841881
8103,34.841881
8104,34.841881
8105,34.809376
8106,34.809376
8107,34.809376
8108,34.809376
8109,34.809376
8110,34.809376
8111,34.809376
8112,34.809376
8113,34.841881
8114,34.841881
8115,34.892494
8116,34.892494
8117,34.892494
8118,34.892494
8119,34.892494
8120,34.892494
8121,34.892494
8122,34.905537
8123,34.905537
8124,34.905537
8125,34.905537
8126,34.905537
8127,34.905537
8128,34.905537
8129,34.905537
8130,34.905537
8131,34.905537
8132,34.905537
8133,34.905537
8134,34.905537
8135,34.905537
8136,34.905537
8137,34.905537
8138,34.905537
8139,34.886326
8140,34.886326
8141,34.886326
8142,34.886326
8143,34.886326
8144,34.886326
8145,34.886326
8146,34.886326
8147,34.886326
8148,34.886326
8149,34.886326
8150,34.886326
8151,34.886326
8152,34.87672
8153,34.87672
8154,34.886326
8155,34.886326
8156,34.886326
8157,34.886326
8158,34.886326
8159,34.886326
8160,34.886326
8161,34.886326
8162,34.886326
8163,34.886326
8164,34.886326
8165,34.886326
8166,34.886326
8167,34.886326
8168,34.886326
8169,34.887066
8170,34.887066
8171,34.887066
8172,34.887066
8173,34.887066
8174,34.887066
8175,34.887066
8176,34.887066
8177,34.853893
8178,34.853893
8179,34.852657
8180,34.852657
8181,34.853893
8182,34.853893
8183,34.853893
8184,34.852657
8185,34.852657
8186,34.853893
8187,34.852657
8188,34.852657
8189,34.852657
8190,34.852657
8191,34.852657
8192,34.813076
8193,34.813076
8194,34.813076
8195,34.813076
8196,34.813076
8197,34.813076
8198,34.823444
8199,34.823444
8200,34.788445
8201,34.788445
8202,34.788445
8203,34.788445
8204,34.788445
8205,34.751793
8206,34.737377
8207,34.737377
8208,34.737377
8209,34.737377
8210,34.694557
8211,34.694557
8212,34.694557
8213,34.694557
8214,34.694557
8215,34.706558
8216,34.706558
8217,34.706558
8218,34.706558
8219,34.706558
8220,34.861652
8221,34.861652
8222,34.861652
8223,34.861652
8224,34.861652
8225,34.82888
8226,34.82888
8227,34.82888
8228,34.82888
8229,34.82888
8230,34.82888
8231,34.861652
8232,34.861652
8233,34.861652
8234,34.861652
8235,34.861652
8236,34.861652
8237,34.861652
8238,34.861652
8239,34.861652
8240,34.861652
8241,34.861652
8242,34.861652
8243,34.861652
8244,34.861652
8245,34.861652
8246,34.861652
8247,34.861652
8248,34.861652
8249,34.861652
8250,34.861652
8251,34.861652
8252,34.861652
8253,34.861652
8254,34.861652
8255,34.861652
8256,34.861652
8257,34.861652
8258,34.861652
8259,34.861652
8260,34.861652
8261,34.861652
8262,34.861652
8263,34.861652
8264,34.861652
8265,34.861652
8266,34.861652
8267,34.861652
8268,34.861652
8269,34.861652
8270,34.861652
8271,34.861652
8272,34.861652
8273,34.861652
8274,34.861652
8275,34.861652
8276,34.861652
8277,34.861652
8278,34.861652
8279,34.861652
8280,34.861652
8281,34.861652
8282,34.775028
8283,34.775028
8284,34.775028
8285,34.775028
8286,34.775028
8287,34.775028
8288,34.753159
8289,34.753159
8290,34.753159
8291,34.753159
8292,34.753159
8293,34.753159
8294,34.753159
8295,34.73188
8296,34.73188
8297,34.73188
8298,34.73188
8299,34.73188
8300,34.73188
8301,34.73188
8302,34.73188
8303,34.73188
8304,34.753159
8305,34.753159
8306,34.753159
8307,34.753159
8308,34.753159
8309,34.753159
8310,34.753159
8311,34.753159
8312,34.753159
8313,34.753159
8314,34.753159
8315,34.753159
8316,34.753159
8317,34.753159
8318,34.753159
8319,34.73188
8320,34.73188
8321,34.73188
8322,34.73188
8323,34.73188
8324,34.73188
8325,34.73188
8326,34.73188
8327,34.73188
8328,34.73188
8329,34.73188
8330,34.73188
8331,34.73188
8332,34.73188
8333,34.753159
8334,34.753159
8335,34.753159
8336,34.753159
8337,34.73188
8338,34.73188
8339,34.753159
8340,34.753159
8341,34.753159
8342,34.753159
8343,34.753159
8344,34.753159
8345,34.753159
8346,34.753159
8347,34.753159
8348,34.753159
8349,34.906647
8350,34.906647
8351,34.906647
8352,34.906647
8353,34.906647
8354,34.906647
8355,34.906647
8356,34.906647
8357,34.906647
8358,34.906647
8359,34.906647
8360,34.906647
8361,34.906647
8362,34.906647
8363,34.906647
8364,34.906647
8365,34.906647
8366,34.906647
8367,34.906647
8368,34.906647
8369,34.906647
8370,34.906647
8371,34.906647
8372,34.906647
8373,34.906647
8374,34.918556
8375,34.918556
8376,34.918556
8377,34.918556
8378,34.918556
8379,34.918556
8380,34.918556
8381,34.918556
8382,34.903843
8383,34.903843
8384,34.903843
8385,34.903843
8386,34.903843
8387,34.841881
8388,34.82888
8389,34.841881
8390,34.809376
8391,34.809376
8392,34.809376
8393,34.809376
8394,34.809376
8395,34.809376
8396,34.809376
8397,34.809376
8398,34.841881
8399,34.841881
8400,34.82888
8401,34.861652
8402,34.861652
8403,34.861652
8404,34.73188
8405,34.73188
8406,34.73188
8407,34.753159
8408,34.753159
8409,34.753159
8410,34.809376
8411,34.809376
8412,34.809376
8413,34.861652
8414,34.861652
8415,34.861652
8416,34.861652
8417,34.861652
8418,34.861652
8419,34.73188
8420,34.73188
8421,34.753159
8422,34.861652
8423,34.841881
8424,34.841881
8425,34.809376
8426,34.809376
8427,34.809376
8428,34.809376
8429,34.694557
8430,34.694557
8431,34.694557
8432,34.694557
8433,34.706558
8434,34.706558
8435,34.82888
8436,34.82888
8437,34.861652
8438,34.861652
8439,34.861652
8440,34.861652
8441,34.73188
8442,34.73188
8443,34.73188
8444,34.73188
8445,34.73188
8446,34.73188
8447,34.73188
8448,34.73188
8449,34.73188
8450,34.73188
8451,34.73188
8452,34.753159
8453,34.753159
8454,34.753159
8455,34.753159
8456,34.753159
8457,34.753159
8458,34.753159
8459,34.753159
8460,34.753159
8461,34.753159
8462,34.82888
8463,34.82888
8464,34.82888
8465,34.535412
8466,34.535412
8467,34.535412
8468,34.531506
8469,34.531574
8470,34.531574
8471,34.531574
8472,34.531574
8473,34.535412
8474,34.531574
8475,34.535412
8476,34.531574
8477,34.535412
8478,34.525234
8479,34.525234
8480,34.533672
8481,34.533672
8482,34.531506
8483,34.531506
8484,34.531506
8485,34.529099
8486,34.531506
8487,34.531506
8488,34.531506
8489,34.529099
8490,34.529099
8491,34.529099
8492,34.529099
8493,34.531506
8494,34.53027
8495,34.53027
8496,34.53027
8497,33.452679
8498,33.452679
8499,33.452679
8500,33.853451
8501,33.452679
8502,33.452679
8503,33.452679
8504,33.853451
8505,33.452679
8506,33.853451
8507,33.853451
8508,33.853451
8509,33.853451
8510,33.452679
8511,33.452679
8512,33.452679
8513,33.452679
8514,33.452679
8515,33.452679
8516,33.853451
8517,33.452679
8518,33.452679
8519,33.452679
8520,33.452679
8521,33.452679
8522,33.853451
8523,33.452679
8524,33.853451
8525,33.853451
8526,33.853451
8527,33.853451
8528,33.853451
8529,33.452679
8530,33.452679
8531,33.853451
8532,33.452679
8533,33.452679
8534,33.452679
8535,33.452679
8536,33.452679
8537,33.452679
8538,33.452679
8539,33.853451
8540,33.436993
8541,33.436993
8542,33.439407
8543,33.439407
8544,33.439407
8545,33.439407
8546,33.436993
8547,33.439407
8548,33.439407
8549,33.439407
8550,33.439407
8551,33.439407
8552,33.436993
8553,33.436993
8554,33.436993
8555,33.436993
8556,33.436993
8557,33.436993
8558,33.436993
8559,33.436993
8560,33.436993
8561,33.436993
8562,33.436993
8563,33.436993
8564,33.439407
8565,33.436993
8566,33.436993
8567,33.436993
8568,33.436993
8569,33.436993
8570,33.436993
8571,33.436993
8572,33.436993
8573,33.436993
8574,33.436993
8575,33.439407
8576,33.439407
8577,33.436993
8578,33.436993
8579,33.436993
8580,33.436993
8581,33.436993
8582,33.436993
8583,33.444588
8584,33.444588
8585,33.444588
8586,33.444588
8587,33.444588
8588,33.444588
8589,33.444588
8590,33.444588
8591,33.444588
8592,33.444588
8593,33.444588
8594,33.444588
8595,33.489475
8596,33.489475
8597,33.444588
8598,33.444588
8599,33.444588
8600,33.444588
8601,33.489475
8602,33.489475
8603,33.489475
8604,33.444588
8605,33.489475
8606,33.489475
8607,33.489475
8608,33.489475
8609,33.444588
8610,33.444588
8611,33.444588
8612,33.444588
8613,33.444588
8614,33.444588
8615,33.489475
8616,33.444588
8617,33.444588
8618,33.444588
8619,33.444588
8620,33.444588
8621,33.444588
8622,33.444588
8623,33.444588
8624,33.444588
8625,33.444588
8626,33.444588
8627,33.444588
8628,33.444588
8629,33.444588
8630,33.444588
8631,33.444588
8632,33.444588
8633,33.444588
8634,33.444588
8635,33.444588
8636,33.444588
8637,33.472061
8638,33.472061
8639,33.472061
8640,33.472061
8641,33.472061
8642,33.472061
8643,33.472061
8644,33.472061
8645,33.472061
8646,33.472061
8647,33.472061
8648,33.472061
8649,33.472061
8650,33.472061
8651,33.472061
8652,33.472061
8653,33.472061
8654,33.472061
8655,33.472061
8656,33.472061
8657,33.472061
8658,33.472061
8659,33.472061
8660,33.472061
8661,33.472061
8662,33.472061
8663,33.472061
8664,33.472061
8665,33.472061
8666,33.472061
8667,33.472061
8668,33.472061
8669,33.472061
8670,33.472061
8671,33.472061
8672,33.472061
8673,33.472061
8674,33.472061
8675,33.472061
8676,33.472061
8677,33.472061
8678,33.472061
8679,33.472061
8680,33.472061
8681,33.472061
8682,33.472061
8683,33.472061
8684,33.472061
8685,33.472061
8686,33.472061
8687,33.472061
8688,33.472061
8689,33.472061
8690,33.472061
8691,33.472061
8692,33.472061
8693,33.472061
8694,33.472061
8695,33.472061
8696,33.472061
8697,33.472061
8698,33.454498
8699,33.454498
8700,33.454498
8701,33.454498
8702,33.454498
8703,33.454498
8704,33.454498
8705,33.454498
8706,33.454498
8707,33.454498
8708,33.454498
8709,33.454498
8710,33.454498
8711,33.454498
8712,33.454498
8713,33.454498
8714,33.454498
8715,33.454498
8716,33.454498
8717,33.454498
8718,33.454498
8719,33.454498
8720,33.454498
8721,33.454498
8722,33.454498
8723,33.454498
8724,33.454498
8725,33.454498
8726,33.454498
8727,33.454498
8728,33.454498
8729,33.454498
8730,33.454498
8731,33.454498
8732,33.454498
8733,33.454498
8734,33.454498
8735,33.454498
8736,33.454498
8737,33.454498
8738,33.454498
8739,33.454498
8740,33.454498
8741,33.454498
8742,33.454498
8743,33.454498
8744,33.454498
8745,33.454498
8746,33.454498
8747,33.454498
8748,33.454498
8749,33.454498
8750,33.454498
8751,33.454498
8752,33.454498
8753,33.454498
8754,33.454498
8755,33.724869
8756,33.737057
8757,33.737057
8758,33.811974
8759,33.811974
8760,33.811974
8761,33.796478
8762,33.811974
8763,33.796478
8764,33.811974
8765,33.811974
8766,33.811974
8767,33.811974
8768,33.796478
8769,33.811974
8770,33.811974
8771,33.811974
8772,33.811974
8773,33.811974
8774,33.796478
8775,33.724869
8776,33.737057
8777,33.737057
8778,33.737057
8779,33.811974
8780,33.796478
8781,33.811974
8782,33.811974
8783,33.796478
8784,33.811974
8785,33.796478
8786,33.796478
8787,33.811974
8788,33.811974
8789,33.796478
8790,33.796478
8791,33.811974
8792,33.811974
8793,33.796478
8794,33.737057
8795,33.724869
8796,33.796478
8797,33.811974
8798,33.811974
8799,33.811974
8800,33.811974
8801,33.657093
8802,33.657093
8803,33.657093
8804,33.657093
8805,33.657093
8806,33.657093
8807,33.657093
8808,33.657093
8809,33.657093
8810,33.657093
8811,33.657093
8812,33.657093
8813,33.657093
8814,33.657093
8815,33.657093
8816,33.657093
8817,33.657093
8818,33.657093
8819,33.657093
8820,33.657093
8821,33.657093
8822,33.657093
8823,33.657093
8824,33.657093
8825,33.803638
8826,33.803638
8827,33.803638
8828,33.803638
8829,33.803638
8830,33.801052
8831,33.803638
8832,33.803638
8833,33.801052
8834,33.801052
8835,33.803638
8836,33.801052
8837,33.803638
8838,33.803638
8839,33.803638
8840,33.803638
8841,33.803638
8842,33.803638
8843,33.803638
8844,33.803638
8845,33.803638
8846,33.803638
8847,33.803638
8848,33.801052
8849,33.801052
8850,33.803638
8851,33.803638
8852,33.803638
8853,33.803638
8854,33.801052
8855,33.803638
8856,33.803638
8857,33.671417
8858,33.671417
8859,33.671417
8860,33.671417
8861,33.671417
8862,33.671417
8863,33.671417
8864,33.737057
8865,33.671417
8866,33.671417
8867,33.671417
8868,33.671417
8869,33.671417
8870,33.671417
8871,33.671417
8872,33.671417
8873,33.671417
8874,33.671417
8875,33.671417
8876,33.671417
8877,33.737057
8878,33.737057
8879,33.671417
8880,33.671417
8881,33.671417
8882,33.671417
8883,33.671417
8884,33.671417
8885,33.671417
8886,33.671417
8887,33.671417
8888,33.671417
8889,33.671417
8890,33.671417
8891,33.671417
8892,33.671417
8893,33.671417
8894,33.671417
8895,33.671417
8896,33.671417
8897,33.671417
8898,33.737057
8899,34.136761
8900,34.136761
8901,34.158176
8902,34.158176
8903,34.158176
8904,34.158176
8905,34.158176
8906,34.158176
8907,34.158176
8908,34.158176
8909,34.11792
8910,34.11792
8911,34.11792
8912,34.11792
8913,34.11792
8914,34.11792
8915,34.11792
8916,34.11792
8917,34.11792
8918,34.11792
8919,34.11792
8920,34.11792
8921,34.11792
8922,34.11792
8923,34.11792
8924,34.11792
8925,34.100132
8926,34.100132
8927,34.100132
8928,34.100132
8929,34.100132
8930,34.100132
8931,34.100132
8932,34.131546
8933,34.131546
8934,34.131546
8935,34.131546
8936,34.131546
8937,34.172344
8938,34.172344
8939,34.172344
8940,34.172344
8941,34.172344
8942,34.172344
8943,34.167065
8944,34.167065
8945,34.172344
8946,34.172344
8947,34.172344
8948,34.172344
8949,34.172344
8950,34.172344
8951,34.172344
8952,34.172344
8953,34.172344
8954,34.172344
8955,34.172344
8956,34.172344
8957,34.172344
8958,34.172344
8959,34.172344
8960,34.172344
8961,34.172344
8962,34.172344
8963,34.172344
8964,34.172344
8965,34.167065
8966,34.167065
8967,34.167065
8968,34.167065
8969,34.167065
8970,34.167065
8971,34.167065
8972,34.207359
8973,34.207359
8974,34.207359
8975,34.207359
8976,34.207359
8977,34.207359
8978,34.207359
8979,34.287102
8980,34.287102
8981,34.287102
8982,34.287102
8983,34.287102
8984,34.287102
8985,34.287102
8986,34.287102
8987,34.287102
8988,34.287102
8989,34.432968
8990,34.432968
8991,34.259613
8992,34.245846
8993,34.245846
8994,34.245846
8995,34.245846
8996,34.245846
8997,34.263184
8998,34.263184
8999,34.263184
9000,34.263184
9001,34.263184
9002,34.263184
9003,34.223301
9004,34.223301
9005,34.223301
9006,34.223301
9007,34.223301
9008,34.223301
9009,34.223301
9010,34.182297
9011,34.182297
9012,34.182297
9013,34.182297
9014,34.191345
9015,34.191345
9016,34.191345
9017,34.138401
9018,34.138401
9019,34.138401
9020,34.138401
9021,34.138401
9022,34.138401
9023,34.134857
9024,34.134857
9025,34.134857
9026,34.134857
9027,34.134857
9028,34.134857
9029,34.145496
9030,34.145496
9031,34.145496
9032,34.145496
9033,34.210571
9034,34.367378
9035,34.367378
9036,34.367378
9037,34.375851
9038,34.322308
9039,34.322308
9040,34.322308
9041,34.259613
9042,34.259613
9043,34.259613
9044,34.259613
9045,34.259613
9046,34.259613
9047,34.259613
9048,34.259613
9049,34.315239
9050,34.315239
9051,34.386673
9052,34.386673
9053,34.386673
9054,34.386673
9055,34.386673
9056,34.461304
9057,34.461304
9058,34.461304
9059,34.461304
9060,34.461304
9061,34.461304
9062,34.461304
9063,34.313499
9064,34.313499
9065,34.313499
9066,34.313499
9067,34.313499
9068,34.313499
9069,34.313499
9070,34.313499
9071,34.313499
9072,34.313499
9073,34.313499
9074,34.313499
9075,34.313499
9076,34.42461
9077,34.42461
9078,34.42461
9079,34.42461
9080,34.259613
9081,34.259613
9082,34.259613
9083,34.259613
9084,NA
9085,34.259613
9086,34.159821
9087,34.159821
9088,34.159821
9089,34.159821
9090,34.159821
9091,34.159821
9092,34.181332
9093,34.181332
9094,34.424145
9095,34.424145
9096,34.136761
9097,34.136761
9098,34.136761
9099,34.136761
9100,34.136761
9101,34.136761
9102,34.136761
9103,34.136761
9104,34.216412
9105,34.216412
9106,34.216412
9107,34.216412
9108,34.268127
9109,34.268127
9110,34.268127
9111,34.268127
9112,34.268127
9113,34.268127
9114,34.268127
9115,34.268127
9116,34.268127
9117,34.268127
9118,34.268127
9119,34.268127
9120,34.268127
9121,34.268127
9122,34.244545
9123,34.244545
9124,34.268127
9125,34.268127
9126,34.268127
9127,34.244545
9128,34.244545
9129,34.244545
9130,34.244545
9131,34.244545
9132,34.244545
9133,34.3606
9134,34.3606
9135,34.3606
9136,34.416958
9137,34.262863
9138,34.262863
9139,34.262863
9140,34.262863
9141,34.262863
9142,34.262863
9143,34.262863
9144,34.262863
9145,30.439919
9146,30.672461
9147,30.672461
9148,30.672461
9149,30.672461
9150,30.439919
9151,30.672461
9152,30.439919
9153,30.672461
9154,30.672461
9155,30.672461
9156,30.672461
9157,30.439919
9158,30.672461
9159,30.672461
9160,30.672461
9161,30.672461
9162,30.672461
9163,30.672461
9164,30.672461
9165,30.439919
9166,30.439919
9167,30.439919
9168,30.439919
9169,30.672461
9170,30.672461
9171,30.672461
9172,30.672461
9173,30.672461
9174,30.672461
9175,30.672461
9176,30.672461
9177,30.672461
9178,30.672461
9179,30.672461
9180,30.672461
9181,30.439919
9182,30.439919
9183,30.439919
9184,30.439919
9185,30.439919
9186,30.439919
9187,30.439919
9188,30.439919
9189,30.439919
9190,30.439919
9191,30.439919
9192,30.439919
9193,30.439919
9194,30.439919
9195,30.439919
9196,30.439919
9197,30.439919
9198,30.439919
9199,30.439919
9200,30.439919
9201,30.439919
9202,30.672461
9203,30.439919
9204,30.439919
9205,30.439919
9206,30.439919
9207,30.439919
9208,30.439919
9209,30.439919
9210,30.439919
9211,30.439919
9212,30.439919
9213,30.439919
9214,30.439919
9215,30.439919
9216,30.439919
9217,30.672461
9218,29.547628
9219,29.547628
9220,29.547628
9221,29.547628
9222,29.547628
9223,29.547628
9224,29.547628
9225,29.547628
9226,31.462872
9227,29.547628
9228,29.547628
9229,31.462872
9230,31.462872
9231,29.547628
9232,29.547628
9233,29.547628
9234,29.547628
9235,29.547628
9236,29.547628
9237,29.547628
9238,29.547628
9239,29.547628
9240,29.547628
9241,29.547628
9242,29.547628
9243,32.966137
9244,32.966137
9245,32.966137
9246,32.966137
9247,32.966137
9248,32.966137
9249,32.966137
9250,32.966137
9251,32.966137
9252,32.966137
9253,32.963802
9254,32.963802
9255,32.963802
9256,32.963802
9257,32.963802
9258,32.963802
9259,32.963802
9260,32.963802
9261,32.963802
9262,31.600306
9263,31.600306
9264,31.600306
9265,31.600306
9266,31.600306
9267,31.600306
9268,31.600306
9269,31.600306
9270,31.600306
9271,31.600306
9272,31.600306
9273,31.600306
9274,31.47736
9275,31.47736
9276,31.600306
9277,31.47736
9278,31.47736
9279,31.47736
9280,31.47736
9281,31.47736
9282,31.47736
9283,31.47736
9284,31.47736
9285,31.47736
9286,31.600306
9287,31.47736
9288,31.47736
9289,31.47736
9290,31.47736
9291,31.47736
9292,31.600306
9293,31.47736
9294,31.47736
9295,31.600306
9296,31.47736
9297,31.47736
9298,31.600306
9299,31.600306
9300,31.600306
9301,31.600306
9302,31.600306
9303,31.47736
9304,31.600306
9305,31.47736
9306,31.47736
9307,31.47736
9308,31.600306
9309,31.600306
9310,31.47736
9311,31.600306
9312,31.47736
9313,31.600306
9314,31.47736
9315,31.600306
9316,31.600306
9317,31.600306
9318,31.47736
9319,31.47736
9320,31.47736
9321,31.47736
9322,31.47736
9323,31.600306
9324,31.47736
9325,31.47736
9326,31.47736
9327,31.47736
9328,31.47736
9329,31.47736
9330,31.600306
9331,31.600306
9332,31.47736
9333,31.600306
9334,31.47736
9335,31.47736
9336,31.600306
9337,31.600306
9338,31.47736
9339,31.600306
9340,31.47736
9341,31.47736
9342,31.47736
9343,31.47736
9344,31.600306
9345,31.600306
9346,31.600306
9347,31.600306
9348,31.47736
9349,31.600306
9350,31.600306
9351,31.600306
9352,31.47736
9353,31.47736
9354,32.148808
9355,32.148808
9356,32.148808
9357,32.148808
9358,32.148808
9359,32.148808
9360,32.148808
9361,32.148808
9362,32.232388
9363,32.148808
9364,32.148808
9365,32.232388
9366,32.148808
9367,32.148808
9368,32.148808
9369,32.148808
9370,32.232388
9371,32.148808
9372,32.232388
9373,32.148808
9374,32.148808
9375,32.148808
9376,32.148808
9377,32.148808
9378,32.148808
9379,32.148808
9380,32.148808
9381,32.148808
9382,32.148808
9383,32.148808
9384,32.148808
9385,32.148808
9386,32.148808
9387,32.148808
9388,32.148808
9389,32.148808
9390,32.148808
9391,32.148808
9392,32.148808
9393,32.148808
9394,32.148808
9395,32.148808
9396,32.148808
9397,34.038445
9398,33.96072
9399,33.96072
9400,33.96072
9401,33.96072
9402,33.96072
9403,33.96072
9404,33.96072
9405,33.96072
9406,33.96072
9407,34.038445
9408,33.96072
9409,33.96072
9410,33.96072
9411,33.96072
9412,33.96072
9413,33.96072
9414,33.96072
9415,33.96072
9416,33.96072
9417,33.96072
9418,33.96072
9419,34.119045
9420,34.119045
9421,34.119045
9422,34.119045
9423,34.119045
9424,34.119045
9425,34.119045
9426,34.119045
9427,34.119045
9428,34.119045
9429,34.119045
9430,34.119045
9431,34.119045
9432,34.119045
9433,34.119045
9434,34.119045
9435,34.119045
9436,34.260529
9437,34.260529
9438,34.260529
9439,34.260529
9440,34.260529
9441,34.260529
9442,34.260529
9443,34.260529
9444,34.260529
9445,34.260529
9446,34.260529
9447,34.260529
9448,34.260529
9449,34.870777
9450,34.877586
9451,34.877586
9452,34.877586
9453,34.870777
9454,34.870777
9455,34.877586
9456,34.870777
9457,34.877586
9458,34.875996
9459,34.877586
9460,34.850704
9461,34.877586
9462,34.877586
9463,34.871902
9464,34.870777
9465,34.877586
9466,34.877586
9467,34.875996
9468,34.877586
9469,34.877586
9470,34.877586
9471,34.877586
9472,34.877586
9473,34.877586
9474,34.875996
9475,34.877586
9476,34.877586
9477,34.870777
9478,34.870777
9479,34.875996
9480,34.870777
9481,34.877586
9482,34.875996
9483,34.870777
9484,34.870777
9485,34.870777
9486,34.877586
9487,34.877586
9488,34.877586
9489,34.875996
9490,34.875996
9491,34.850704
9492,34.871902
9493,34.877586
9494,34.875996
9495,34.877586
9496,34.875996
9497,34.875996
9498,34.877586
9499,34.877586
9500,34.877586
9501,34.877586
9502,34.850704
9503,34.875996
9504,34.875996
9505,34.850704
9506,34.850704
9507,34.850704
9508,34.850704
9509,34.850704
9510,34.875996
9511,34.875996
9512,34.850704
9513,34.849495
9514,34.877586
9515,34.850704
9516,34.850704
9517,34.850704
9518,34.875996
9519,34.850704
9520,34.875996
9521,34.850704
9522,34.877586
9523,34.850704
9524,34.870777
9525,34.870777
9526,34.870777
9527,34.870777
9528,34.870777
9529,34.850704
9530,34.850704
9531,34.850704
9532,34.870777
9533,34.870777
9534,34.869461
9535,34.870777
9536,34.870777
9537,34.870777
9538,34.870777
9539,34.870777
9540,34.870777
9541,34.850704
9542,34.850704
9543,34.850704
9544,34.849495
9545,34.870777
9546,34.870777
9547,34.870777
9548,34.850704
9549,34.850704
9550,34.850704
9551,34.850704
9552,34.850704
9553,34.850704
9554,34.850704
9555,34.850704
9556,34.850704
9557,34.850704
9558,34.850704
9559,34.850704
9560,34.850704
9561,34.850704
9562,34.850704
9563,34.850704
9564,34.850704
9565,34.877586
9566,34.850704
9567,34.870777
9568,34.870777
9569,34.870777
9570,34.870777
9571,34.877586
9572,34.870777
9573,34.870777
9574,34.870777
9575,34.870777
9576,34.870777
9577,34.870777
9578,34.870777
9579,34.870777
9580,34.870777
9581,34.870777
9582,34.850704
9583,34.870777
9584,34.870777
9585,34.850704
9586,34.850704
9587,34.850704
9588,34.850704
9589,34.850704
9590,34.445892
9591,34.445892
9592,34.445892
9593,34.445892
9594,34.445892
9595,34.445892
9596,34.445892
9597,34.445892
9598,34.445892
9599,34.445892
9600,34.445892
9601,34.445892
9602,34.445892
9603,34.445892
9604,34.445892
9605,34.407322
9606,34.407322
9607,34.407322
9608,34.407322
9609,34.407322
9610,34.445892
9611,34.407322
9612,34.489353
9613,34.489353
9614,34.489353
9615,34.321659
9616,34.321659
9617,34.321659
9618,34.321659
9619,34.321659
9620,34.321659
9621,34.321659
9622,34.321659
9623,34.321659
9624,34.321659
9625,34.321659
9626,34.321659
9627,34.321659
9628,34.315861
9629,34.321659
9630,34.321659
9631,34.321659
9632,34.407322
9633,34.321659
9634,34.321659
9635,34.445892
9636,34.445892
9637,34.445892
9638,34.407322
9639,34.321659
9640,34.407322
9641,34.407322
9642,34.407322
9643,34.407322
9644,34.321659
9645,34.407322
9646,34.407322
9647,34.407322
9648,34.445892
9649,34.445892
9650,34.445892
9651,34.445892
9652,34.407322
9653,34.407322
9654,34.407322
9655,34.407322
9656,34.407322
9657,34.407322
9658,34.407322
9659,34.445892
9660,34.445892
9661,34.445892
9662,34.445892
9663,34.321659
9664,34.321659
9665,34.321659
9666,34.321659
9667,34.315861
9668,34.315861
9669,34.321659
9670,34.321659
9671,34.321659
9672,34.315861
9673,34.407322
9674,34.445892
9675,34.321659
9676,34.321659
9677,34.321659
9678,34.321659
9679,34.321659
9680,34.321659
9681,34.315861
9682,34.315861
9683,34.321659
9684,34.321659
9685,34.321659
9686,34.321659
9687,34.321659
9688,34.321659
9689,34.321659
9690,34.512894
9691,34.321659
9692,34.407322
9693,34.407322
9694,34.407322
9695,34.407322
9696,34.407322
9697,34.407322
9698,34.407322
9699,34.407322
9700,34.407322
9701,34.407322
9702,34.407322
9703,34.407322
9704,34.489353
9705,34.407322
9706,34.407322
9707,34.445892
9708,34.489353
9709,34.489353
9710,34.626225
9711,34.626225
9712,34.626225
9713,34.626225
9714,34.626225
9715,34.626225
9716,34.626225
9717,34.626225
9718,34.626225
9719,34.626225
9720,34.626225
9721,34.626225
9722,34.626225
9723,34.626225
9724,34.626225
9725,34.626225
9726,34.626225
9727,34.626225
9728,34.626225
9729,34.626225
9730,34.626225
9731,34.626225
9732,34.626225
9733,34.626225
9734,34.626225
9735,34.626225
9736,34.626225
9737,34.626225
9738,34.626225
9739,34.626225
9740,34.626225
9741,34.626225
9742,34.626225
9743,34.626225
9744,34.626225
9745,34.626225
9746,34.626225
9747,34.626225
9748,34.626225
9749,34.626225
9750,34.626225
9751,34.626225
9752,34.626225
9753,34.626225
9754,33.405102
9755,33.403915
9756,33.403915
9757,33.403915
9758,33.403915
9759,33.403915
9760,33.403915
9761,33.403915
9762,33.403915
9763,33.403915
9764,33.403915
9765,33.403915
9766,33.403915
9767,33.403915
9768,33.403915
9769,33.403915
9770,33.403915
9771,33.405102
9772,33.405102
9773,33.405102
9774,33.405102
9775,33.405102
9776,33.405102
9777,33.403915
9778,33.403915
9779,33.403915
9780,33.403915
9781,33.403915
9782,33.403915
9783,33.403915
9784,33.403915
9785,33.403915
9786,33.405102
9787,33.403915
9788,33.405102
9789,33.405102
9790,33.405102
9791,33.405102
9792,33.405102
9793,33.405102
9794,33.405102
9795,33.405102
9796,33.405102
9797,33.405102
9798,33.405102
9799,33.405102
9800,33.405102
9801,33.405102
9802,33.405102
9803,33.405102
9804,33.405102
9805,33.405102
9806,33.405102
9807,33.405102
9808,33.405102
9809,33.405102
9810,33.405102
9811,33.405102
9812,33.405102
9813,33.405102
9814,33.405102
9815,33.405102
9816,33.403915
9817,33.405102
9818,33.403915
9819,33.403915
9820,33.403915
9821,33.403915
9822,33.403915
9823,33.403915
9824,33.403915
9825,33.403915
9826,33.403915
9827,33.403915
9828,33.403915
9829,33.403915
9830,33.405102
9831,33.405102
9832,33.405102
9833,33.405102
9834,33.403915
9835,33.424068
9836,33.424068
9837,33.424068
9838,33.42733
9839,33.424068
9840,33.424068
9841,33.424068
9842,33.424068
9843,33.424068
9844,33.424068
9845,33.424068
9846,33.424068
9847,33.424068
9848,33.42733
9849,33.424068
9850,33.424068
9851,33.42733
9852,33.424068
9853,33.424068
9854,33.42733
9855,33.42733
9856,33.42733
9857,33.424068
9858,33.424068
9859,33.424068
9860,33.424068
9861,33.424068
9862,33.424068
9863,33.424068
9864,33.424068
9865,33.424068
9866,33.424068
9867,33.424068
9868,33.424068
9869,33.424068
9870,33.424068
9871,33.424068
9872,35.204308
9873,33.424068
9874,34.020298
9875,34.020298
9876,34.0028
9877,34.0028
9878,34.0028
9879,34.0028
9880,34.0028
9881,34.011536
9882,34.020298
9883,34.0028
9884,34.0028
9885,34.011536
9886,34.011536
9887,34.020298
9888,34.020298
9889,34.0028
9890,34.011536
9891,34.020298
9892,34.0028
9893,34.020298
9894,34.0028
9895,34.020298
9896,34.245144
9897,34.245144
9898,34.245144
9899,34.465137
9900,34.465137
9901,34.415371
9902,34.415371
9903,34.415371
9904,34.415371
9905,34.415371
9906,34.401791
9907,34.38385
9908,34.38385
9909,34.38385
9910,34.38385
9911,34.38385
9912,34.38385
9913,34.47842
9914,34.47842
9915,34.47842
9916,34.47842
9917,34.47842
9918,34.47842
9919,34.47842
9920,34.47842
9921,34.465137
9922,34.274387
9923,34.274387
9924,34.274387
9925,34.274387
9926,34.274387
9927,34.274387
9928,34.274387
9929,34.274387
9930,34.274387
9931,34.274387
9932,34.274387
9933,34.274387
9934,34.274387
9935,34.274387
9936,34.18795
9937,34.23904
9938,34.23904
9939,34.23904
9940,34.23904
9941,34.23904
9942,34.23904
9943,33.758289
9944,33.758289
9945,33.758289
9946,33.758289
9947,33.758289
9948,33.758289
9949,33.758289
9950,33.758289
9951,33.758289
9952,33.758289
9953,33.758289
9954,33.758289
9955,33.758289
9956,33.758289
9957,33.758289
9958,33.758289
9959,33.758289
9960,33.758289
9961,33.758289
9962,33.758289
9963,33.758289
9964,33.758289
9965,33.758289
9966,33.758289
9967,33.758289
9968,33.758289
9969,33.758289
9970,33.758289
9971,33.758289
9972,33.735226
9973,33.735226
9974,33.735226
9975,33.735226
9976,33.735226
9977,33.735226
9978,33.735226
9979,33.735226
9980,33.758289
9981,33.758289
9982,33.758289
9983,33.758289
9984,33.758289
9985,33.758289
9986,33.758289
9987,33.758289
9988,33.758289
9989,33.758289
9990,33.652828
9991,33.652828
9992,33.652828
9993,33.646881
9994,33.652828
9995,33.652828
9996,33.663322
9997,33.652828
9998,33.663322
9999,33.663322
10000,33.663322
10001,33.663322
10002,33.652828
10003,33.663322
10004,33.663322
10005,33.652828
10006,33.652828
10007,33.652828
10008,33.663322
10009,33.652828
10010,33.652828
10011,33.652828
10012,33.646881
10013,33.646881
10014,33.646881
10015,33.646881
10016,33.646881
10017,33.646881
10018,33.623528
10019,33.623528
10020,33.593643
10021,33.593643
10022,33.61467
10023,33.582775
10024,33.593643
10025,33.602684
10026,33.602684
10027,33.593643
10028,33.623528
10029,33.62627
10030,33.62627
10031,33.62627
10032,33.623528
10033,33.62627
10034,33.62627
10035,33.62627
10036,33.62627
10037,33.593643
10038,33.593643
10039,33.593643
10040,33.593643
10041,33.593643
10042,33.593643
10043,33.593643
10044,33.593643
10045,33.593643
10046,33.593643
10047,33.593643
10048,33.5942
10049,33.5942
10050,33.5942
10051,33.5942
10052,33.5942
10053,33.5942
10054,33.5942
10055,33.5942
10056,33.5942
10057,33.5942
10058,33.593643
10059,33.593643
10060,33.593643
10061,33.593643
10062,33.593643
10063,33.593643
10064,33.593643
10065,33.5942
10066,33.5942
10067,33.5942
10068,33.576706
10069,33.576706
10070,33.576706
10071,33.576706
10072,33.576706
10073,33.590775
10074,33.590775
10075,33.590775
10076,33.623528
10077,33.623528
10078,33.623528
10079,33.623528
10080,33.623528
10081,33.623528
10082,33.623528
10083,33.623528
10084,33.623528
10085,33.62627
10086,33.62627
10087,33.62627
10088,33.62627
10089,33.62627
10090,33.593643
10091,33.593643
10092,33.593643
10093,33.593643
10094,33.593643
10095,33.593643
10096,33.593643
10097,33.593643
10098,33.593643
10099,33.593643
10100,33.5942
10101,33.5942
10102,33.5942
10103,33.593643
10104,33.593643
10105,33.593643
10106,33.593643
10107,33.593643
10108,33.5942
10109,33.576706
10110,33.576706
10111,33.623528
10112,33.623528
10113,33.62627
10114,33.62627
10115,33.62627
10116,33.62627
10117,33.62627
10118,33.62627
10119,33.593643
10120,33.593643
10121,33.593643
10122,33.5942
10123,33.5942
10124,33.5942
10125,33.5942
10126,33.593643
10127,33.623528
10128,33.593643
10129,33.61467
10130,33.602684
10131,33.602684
10132,33.602684
10133,33.61467
10134,33.602684
10135,33.602684
10136,33.602684
10137,33.602684
10138,33.61467
10139,33.602684
10140,33.602684
10141,33.602684
10142,33.602684
10143,33.602684
10144,33.584
10145,33.584
10146,33.584
10147,33.584
10148,33.584
10149,33.584
10150,33.584
10151,33.584
10152,33.584
10153,33.584
10154,33.584
10155,33.584
10156,33.584
10157,33.584
10158,33.584
10159,33.584
10160,33.584
10161,33.584
10162,33.584
10163,33.584
10164,33.584
10165,33.584
10166,33.584
10167,33.584
10168,33.584
10169,33.584
10170,33.584
10171,33.584
10172,33.584
10173,33.584
10174,33.584
10175,33.584
10176,33.584
10177,33.584
10178,33.584
10179,33.584
10180,33.62627
10181,33.62627
10182,33.62627
10183,33.62627
10184,33.62627
10185,33.62627
10186,33.62627
10187,33.62627
10188,33.62627
10189,33.62627
10190,33.62627
10191,33.62627
10192,33.62627
10193,33.62627
10194,33.62627
10195,33.62627
10196,33.62627
10197,33.62627
10198,33.62627
10199,33.62627
10200,33.62627
10201,33.62627
10202,33.62627
10203,33.62627
10204,33.62627
10205,33.62627
10206,33.62627
10207,33.62627
10208,33.62627
10209,33.62627
10210,33.62627
10211,33.62627
10212,33.62627
10213,33.62627
10214,33.617062
10215,33.592262
10216,33.592262
10217,33.581955
10218,33.62751
10219,33.62751
10220,33.62751
10221,33.62751
10222,33.617062
10223,33.617062
10224,33.617062
10225,33.617062
10226,33.617062
10227,33.617062
10228,33.633877
10229,33.592262
10230,33.741409
10231,33.741409
10232,33.741409
10233,33.741409
10234,33.741409
10235,33.741409
10236,33.741409
10237,33.741409
10238,33.741409
10239,33.741409
10240,33.741409
10241,33.741409
10242,33.741409
10243,33.741409
10244,33.741409
10245,33.741409
10246,33.741409
10247,33.741409
10248,33.741409
10249,33.741409
10250,33.741409
10251,33.741409
10252,33.741409
10253,33.741409
10254,33.741409
10255,33.741409
10256,33.741409
10257,33.741409
10258,33.741409
10259,33.741409
10260,33.741409
10261,33.741409
10262,33.741409
10263,33.780537
10264,33.780537
10265,33.780537
10266,33.780537
10267,33.780537
10268,33.780537
10269,33.780537
10270,33.780537
10271,33.780537
10272,33.780537
10273,33.780537
10274,33.780537
10275,33.780537
10276,33.780537
10277,33.780537
10278,33.780537
10279,33.780537
10280,33.780537
10281,33.780537
10282,33.780537
10283,33.780537
10284,33.780537
10285,33.780537
10286,33.780537
10287,33.780537
10288,33.780537
10289,33.780537
10290,33.780537
10291,33.780537
10292,33.780537
10293,33.780537
10294,33.780537
10295,33.780537
10296,33.780537
10297,33.780537
10298,33.780537
10299,33.780537
10300,33.780537
10301,33.780537
10302,33.780537
10303,33.780537
10304,33.780537
10305,33.780537
10306,33.780537
10307,33.780537
10308,33.780537
10309,33.780537
10310,33.780537
10311,33.780537
10312,33.780537
10313,33.780537
10314,33.780537
10315,33.780537
10316,33.780537
10317,33.780537
10318,33.780537
10319,33.780537
10320,33.780537
10321,33.780537
10322,33.780537
10323,33.780537
10324,33.780537
10325,33.780537
10326,33.780537
10327,33.780537
10328,33.780537
10329,33.607784
10330,33.607784
10331,33.607784
10332,33.607784
10333,33.607784
10334,33.607784
10335,33.606606
10336,33.606606
10337,33.606606
10338,33.606606
10339,33.606606
10340,33.606606
10341,33.606606
10342,33.606606
10343,33.606606
10344,33.606606
10345,33.606606
10346,33.606606
10347,33.606606
10348,33.606606
10349,33.606606
10350,33.606606
10351,33.606606
10352,33.606606
10353,33.606606
10354,33.606606
10355,33.606606
10356,33.606606
10357,33.606606
10358,33.606606
10359,33.606606
10360,33.606606
10361,33.606606
10362,33.607784
10363,33.60416
10364,33.60416
10365,33.60416
10366,33.60416
10367,33.60416
10368,33.60416
10369,33.60416
10370,33.60416
10371,33.60416
10372,33.60416
10373,33.60416
10374,33.60416
10375,33.60416
10376,33.60416
10377,33.60416
10378,33.60416
10379,33.60416
10380,33.60416
10381,33.60416
10382,33.60416
10383,33.60416
10384,33.60416
10385,33.60416
10386,33.60416
10387,33.60416
10388,33.60416
10389,33.60416
10390,33.60416
10391,33.60416
10392,33.60416
10393,33.60416
10394,33.60416
10395,33.60416
10396,33.589325
10397,33.589325
10398,33.589325
10399,33.589325
10400,33.589325
10401,33.589325
10402,33.589325
10403,33.589325
10404,33.589325
10405,33.589325
10406,33.589325
10407,33.589325
10408,33.589325
10409,33.589325
10410,33.589325
10411,33.589325
10412,33.589325
10413,33.559818
10414,33.559818
10415,33.589325
10416,33.589325
10417,33.589325
10418,33.589325
10419,33.589325
10420,33.589325
10421,33.589325
10422,33.589325
10423,33.559818
10424,33.559818
10425,33.559818
10426,33.590645
10427,33.590645
10428,33.590645
10429,33.590645
10430,33.588451
10431,33.588451
10432,33.61858
10433,33.667282
10434,33.671688
10435,33.646343
10436,33.646343
10437,33.646343
10438,33.646343
10439,33.646343
10440,33.646343
10441,33.646343
10442,33.646343
10443,33.646343
10444,33.646343
10445,33.646343
10446,33.646343
10447,33.646343
10448,33.646343
10449,33.646343
10450,33.646343
10451,33.646343
10452,33.646343
10453,33.646343
10454,33.646343
10455,33.646343
10456,33.646343
10457,33.646343
10458,33.646343
10459,33.646343
10460,33.646343
10461,33.646343
10462,33.646343
10463,33.646343
10464,33.646343
10465,33.646343
10466,33.646343
10467,33.646343
10468,33.646343
10469,33.646343
10470,33.646343
10471,33.642151
10472,33.642151
10473,33.642151
10474,33.642151
10475,33.642151
10476,33.658806
10477,33.642151
10478,33.642151
10479,33.642151
10480,33.642151
10481,33.658806
10482,33.658806
10483,33.658806
10484,33.658806
10485,33.642151
10486,33.658806
10487,33.642151
10488,33.658806
10489,33.642151
10490,33.658806
10491,33.642151
10492,33.642151
10493,33.642151
10494,33.642151
10495,33.658806
10496,33.642151
10497,33.658806
10498,33.658806
10499,33.642151
10500,33.658806
10501,33.658806
10502,33.642151
10503,33.642151
10504,33.642151
10505,33.658806
10506,33.642151
10507,33.642151
10508,33.642151
10509,33.642151
10510,33.658806
10511,33.642151
10512,33.642151
10513,33.642151
10514,33.575066
10515,33.570156
10516,33.570156
10517,33.576706
10518,33.576706
10519,33.576706
10520,33.570156
10521,33.576706
10522,33.673519
10523,33.689335
10524,33.689335
10525,33.689335
10526,33.689335
10527,33.689335
10528,33.689335
10529,33.689335
10530,33.689335
10531,33.689335
10532,33.689335
10533,33.689335
10534,33.668774
10535,33.668774
10536,33.668774
10537,33.668774
10538,33.668774
10539,33.668774
10540,33.668774
10541,33.668774
10542,33.668774
10543,33.668774
10544,33.668774
10545,33.668774
10546,33.668774
10547,33.668774
10548,33.668774
10549,33.668774
10550,33.668774
10551,33.668774
10552,33.668774
10553,33.668774
10554,33.668774
10555,33.668774
10556,33.668774
10557,33.668774
10558,33.668774
10559,33.668774
10560,33.668774
10561,33.668774
10562,33.668774
10563,33.668774
10564,33.668774
10565,33.668774
10566,33.668774
10567,33.668774
10568,33.668774
10569,33.668774
10570,33.668774
10571,33.668774
10572,33.668774
10573,33.653835
10574,33.653835
10575,33.653835
10576,33.653835
10577,33.653835
10578,33.653835
10579,33.653835
10580,33.653835
10581,33.653835
10582,33.653835
10583,33.653835
10584,33.653835
10585,33.653835
10586,33.653835
10587,33.653835
10588,33.653835
10589,33.653835
10590,33.653835
10591,33.653835
10592,33.653835
10593,33.653835
10594,33.653835
10595,33.641785
10596,33.641785
10597,33.632202
10598,33.641785
10599,33.641785
10600,33.641785
10601,33.641785
10602,33.641785
10603,33.632202
10604,33.641655
10605,33.653835
10606,33.653835
10607,33.641785
10608,33.641785
10609,33.641655
10610,33.632202
10611,33.632202
10612,33.632202
10613,33.632202
10614,33.632202
10615,33.632202
10616,33.632202
10617,33.632202
10618,33.623528
10619,33.623528
10620,33.623528
10621,33.632202
10622,33.61467
10623,33.61467
10624,33.61467
10625,33.61467
10626,33.61467
10627,33.61467
10628,33.61467
10629,33.61467
10630,33.61467
10631,33.61467
10632,33.641785
10633,33.641785
10634,33.641785
10635,33.641785
10636,33.641785
10637,33.641785
10638,33.641785
10639,33.623528
10640,33.61467
10641,33.61467
10642,33.61467
10643,33.61467
10644,33.61467
10645,33.61467
10646,33.641785
10647,33.641785
10648,33.623528
10649,33.61467
10650,33.61467
10651,33.61467
10652,33.623528
10653,33.61467
10654,33.641785
10655,33.641785
10656,33.632202
10657,33.632202
10658,33.632202
10659,33.632202
10660,33.632202
10661,33.632202
10662,33.632202
10663,33.632202
10664,33.632202
10665,33.632202
10666,33.632202
10667,33.632202
10668,33.632202
10669,33.632202
10670,33.632202
10671,33.632202
10672,33.632202
10673,33.632202
10674,33.632202
10675,33.632202
10676,33.632202
10677,33.632202
10678,33.641785
10679,33.640625
10680,33.640625
10681,33.641785
10682,33.640625
10683,33.673519
10684,33.673519
10685,33.673519
10686,33.673519
10687,33.673519
10688,33.673519
10689,33.633877
10690,33.633877
10691,33.633877
10692,33.633877
10693,33.633877
10694,33.633877
10695,33.673519
10696,33.673519
10697,33.673519
10698,33.673519
10699,33.673519
10700,33.673519
10701,33.673519
10702,33.673519
10703,33.673519
10704,33.673519
10705,33.673519
10706,33.673519
10707,33.673519
10708,33.673519
10709,33.673519
10710,33.673519
10711,33.673519
10712,33.673519
10713,33.673519
10714,33.673519
10715,33.673519
10716,33.673519
10717,33.673519
10718,33.633877
10719,33.640625
10720,33.640625
10721,33.633877
10722,33.849113
10723,33.449257
10724,33.449257
10725,33.449257
10726,33.449257
10727,33.449257
10728,33.449257
10729,33.449257
10730,33.449257
10731,33.449257
10732,33.449257
10733,33.849113
10734,33.872326
10735,33.872326
10736,33.872326
10737,33.872326
10738,33.849113
10739,33.872326
10740,33.872326
10741,33.872326
10742,33.449257
10743,33.449257
10744,33.849113
10745,33.849113
10746,33.849113
10747,33.849113
10748,33.849113
10749,33.849113
10750,33.849113
10751,33.872326
10752,33.505589
10753,33.449257
10754,33.449257
10755,33.449257
10756,33.449257
10757,33.505589
10758,33.505589
10759,33.505589
10760,33.449257
10761,33.449257
10762,33.61301
10763,33.61301
10764,33.61301
10765,33.61301
10766,33.61301
10767,33.61301
10768,33.61301
10769,33.61301
10770,33.61301
10771,33.61301
10772,33.61301
10773,33.61301
10774,33.61301
10775,33.61301
10776,33.61301
10777,33.61301
10778,33.61301
10779,33.61301
10780,33.61301
10781,33.61301
10782,33.61301
10783,33.61301
10784,33.61301
10785,33.61301
10786,33.61301
10787,33.61301
10788,33.61301
10789,33.61301
10790,33.61301
10791,33.61301
10792,33.61301
10793,33.61301
10794,33.61301
10795,33.61301
10796,33.61301
10797,33.61301
10798,33.61301
10799,33.61301
10800,33.61301
10801,33.61301
10802,33.61301
10803,33.61301
10804,33.61301
10805,33.61301
10806,33.61301
10807,33.61301
10808,33.61301
10809,33.61301
10810,33.683006
10811,33.683006
10812,33.683006
10813,33.683006
10814,33.683006
10815,33.683006
10816,33.683006
10817,33.683006
10818,33.683006
10819,33.683006
10820,33.683006
10821,33.683006
10822,33.683006
10823,33.683006
10824,33.683006
10825,33.683006
10826,33.683006
10827,33.683006
10828,33.683006
10829,33.683006
10830,33.683006
10831,33.683006
10832,33.683006
10833,33.683006
10834,33.683006
10835,33.683006
10836,33.683006
10837,33.683006
10838,33.683006
10839,33.683006
10840,33.683006
10841,33.683006
10842,33.683006
10843,33.683006
10844,33.683006
10845,33.683006
10846,33.683006
10847,33.683006
10848,33.683006
10849,33.683006
10850,33.683006
10851,33.683006
10852,33.683006
10853,33.683006
10854,33.683006
10855,33.683006
10856,33.683006
10857,33.683006
10858,33.683006
10859,33.683006
10860,33.683006
10861,33.683006
10862,33.683006
10863,33.683006
10864,33.683006
10865,33.683006
10866,33.683006
10867,33.683006
10868,33.683006
10869,33.683006
10870,33.683006
10871,33.683006
10872,33.683006
10873,33.683006
10874,33.683006
10875,33.683006
10876,33.683006
10877,33.652828
10878,33.683006
10879,33.683006
10880,33.683006
10881,33.683006
10882,33.683006
10883,33.683006
10884,33.683006
10885,33.683006
10886,33.683006
10887,33.683006
10888,33.683006
10889,33.683006
10890,33.688255
10891,33.688255
10892,33.688255
10893,33.683006
10894,33.683006
10895,33.688255
10896,33.688255
10897,33.688255
10898,33.689335
10899,33.689335
10900,33.689335
10901,33.728001
10902,33.728001
10903,33.728001
10904,33.728001
10905,33.728001
10906,33.728001
10907,33.728001
10908,33.728001
10909,33.728001
10910,33.728001
10911,33.728001
10912,33.689335
10913,33.689335
10914,33.689335
10915,33.689335
10916,33.689335
10917,33.689335
10918,33.689335
10919,33.689335
10920,33.689335
10921,33.689335
10922,33.689335
10923,33.689335
10924,33.689335
10925,33.689335
10926,33.689335
10927,33.728001
10928,33.728001
10929,33.728001
10930,33.728001
10931,33.728001
10932,33.728001
10933,33.728001
10934,33.728001
10935,33.728001
10936,33.728001
10937,33.728001
10938,33.728001
10939,33.728001
10940,33.728001
10941,33.728001
10942,33.728001
10943,33.728001
10944,33.728001
10945,33.728001
10946,33.728001
10947,33.728001
10948,33.728001
10949,33.728001
10950,33.728001
10951,33.710976
10952,33.710976
10953,33.710976
10954,34.3009
10955,34.3009
10956,33.523495
10957,33.523495
10958,33.523495
10959,34.3009
10960,33.523495
10961,33.523495
10962,34.3009
10963,34.3009
10964,33.523495
10965,33.523495
10966,33.523495
10967,33.523495
10968,33.523495
10969,33.523495
10970,33.523495
10971,33.523495
10972,33.523495
10973,33.491096
10974,33.508953
10975,33.508953
10976,33.508953
10977,33.508953
10978,33.508953
10979,33.508953
10980,33.508953
10981,33.508953
10982,33.508953
10983,33.508953
10984,33.508953
10985,33.508953
10986,33.508953
10987,33.508953
10988,33.508953
10989,33.508953
10990,33.508953
10991,33.523495
10992,33.523495
10993,33.523495
10994,33.523495
10995,33.523495
10996,33.523495
10997,33.523495
10998,33.523495
10999,33.523495
11000,33.523495
11001,33.523495
11002,33.523495
11003,33.523495
11004,33.523495
11005,33.523495
11006,33.523495
11007,33.523495
11008,33.523495
11009,33.523495
11010,33.523495
11011,33.523495
11012,33.523495
11013,33.523495
11014,33.523495
11015,33.491096
11016,33.491096
11017,33.491096
11018,33.491096
11019,33.491096
11020,33.491096
11021,33.491096
11022,33.491096
11023,33.491096
11024,33.491096
11025,33.491096
11026,33.491096
11027,33.491096
11028,33.491096
11029,33.491096
11030,33.491096
11031,33.491096
11032,33.491096
11033,33.491096
11034,33.491096
11035,33.508953
11036,33.491096
11037,33.508953
11038,33.491096
11039,33.491096
11040,33.491096
11041,33.508953
11042,33.508953
11043,33.508953
11044,33.508953
11045,33.508953
11046,33.508953
11047,33.472046
11048,33.491096
11049,33.491096
11050,33.491096
11051,33.491096
11052,33.491096
11053,33.492229
11054,33.492229
11055,33.492229
11056,33.491096
11057,33.491096
11058,33.492229
11059,33.492229
11060,33.492229
11061,33.491096
11062,33.492229
11063,33.480907
11064,33.480907
11065,33.480907
11066,33.480907
11067,33.492229
11068,33.480907
11069,33.492229
11070,33.555626
11071,33.555626
11072,33.555626
11073,33.555626
11074,33.555626
11075,33.555626
11076,33.555626
11077,33.555626
11078,33.555626
11079,33.555626
11080,33.555626
11081,33.555626
11082,33.555626
11083,33.555626
11084,33.555626
11085,33.555626
11086,33.555626
11087,33.555626
11088,33.555626
11089,33.555626
11090,33.555626
11091,33.555626
11092,33.555626
11093,33.555626
11094,33.555626
11095,33.555626
11096,33.555626
11097,33.555626
11098,33.555626
11099,33.555626
11100,33.555626
11101,33.555626
11102,33.555626
11103,33.555626
11104,33.555626
11105,33.555626
11106,33.555626
11107,33.555626
11108,33.555626
11109,33.555626
11110,33.555626
11111,33.555626
11112,33.555626
11113,33.555626
11114,33.555626
11115,33.555626
11116,NA
11117,33.555626
11118,33.590645
11119,33.696323
11120,33.696323
11121,33.656128
11122,33.696323
11123,33.696323
11124,33.696323
11125,33.696323
11126,33.696323
11127,33.696323
11128,33.696323
11129,33.696323
11130,33.696323
11131,33.696323
11132,33.696323
11133,33.696323
11134,33.696323
11135,33.696323
11136,33.696323
11137,33.696323
11138,33.696323
11139,33.696323
11140,33.696323
11141,33.696323
11142,33.696323
11143,33.696323
11144,33.696323
11145,33.696323
11146,33.696323
11147,33.696323
11148,33.696323
11149,33.696323
11150,33.849113
11151,33.849113
11152,33.849113
11153,33.849113
11154,33.849113
11155,33.849113
11156,27.658808
11157,27.658808
11158,27.658808
11159,27.658808
11160,27.658808
11161,27.658808
11162,27.658808
11163,27.658808
11164,27.658808
11165,27.658808
11166,27.658808
11167,27.658808
11168,27.658808
11169,27.658808
11170,27.670351
11171,27.658808
11172,27.670351
11173,27.670351
11174,27.670351
11175,27.670351
11176,27.658808
11177,27.670351
11178,27.670351
11179,27.670351
11180,27.658808
11181,27.670351
11182,27.670351
11183,27.670351
11184,27.658808
11185,27.670351
11186,27.64053
11187,27.64053
11188,27.64053
11189,27.64053
11190,27.622377
11191,27.64053
11192,27.64053
11193,27.622377
11194,27.622377
11195,27.64053
11196,27.622377
11197,27.64053
11198,27.64053
11199,27.622377
11200,27.64053
11201,27.622377
11202,27.622377
11203,27.64053
11204,27.64053
11205,27.64053
11206,27.64053
11207,27.64053
11208,27.64053
11209,27.64053
11210,27.622377
11211,27.64053
11212,27.64053
11213,27.64053
11214,27.64053
11215,27.64053
11216,27.622377
11217,27.622377
11218,27.648819
11219,27.648819
11220,27.622377
11221,27.648819
11222,27.648819
11223,27.648819
11224,27.642601
11225,27.648819
11226,27.648819
11227,27.648819
11228,27.648819
11229,27.648819
11230,27.648819
11231,27.642601
11232,27.648819
11233,27.648819
11234,27.648819
11235,27.648819
11236,27.642601
11237,27.648819
11238,27.642601
11239,27.648819
11240,27.648819
11241,27.648819
11242,27.648819
11243,27.648819
11244,27.648819
11245,27.648819
11246,27.648819
11247,27.648819
11248,27.648819
11249,27.648819
11250,27.648819
11251,27.648819
11252,27.648819
11253,27.648819
11254,27.648819
11255,27.648819
11256,27.648819
11257,27.648819
11258,27.658808
11259,27.658808
11260,27.658808
11261,27.658808
11262,27.658808
11263,27.658808
11264,27.658808
11265,27.658808
11266,27.658808
11267,27.658808
11268,27.658808
11269,27.658808
11270,27.658808
11271,27.658808
11272,27.658808
11273,27.658808
11274,27.658808
11275,27.658808
11276,27.658808
11277,27.658808
11278,27.658808
11279,27.658808
11280,27.670351
11281,27.658808
11282,27.658808
11283,27.658808
11284,27.658808
11285,27.658808
11286,27.658808
11287,27.658808
11288,27.658808
11289,27.658808
11290,27.670351
11291,27.658808
11292,27.658808
11293,27.658808
11294,27.658808
11295,27.658808
11296,27.658808
11297,27.658808
11298,27.658808
11299,27.658808
11300,27.658808
11301,27.658808
11302,27.658808
11303,27.658808
11304,27.658808
11305,27.738361
11306,27.738361
11307,27.738361
11308,27.738361
11309,27.738361
11310,27.738361
11311,27.738361
11312,27.738361
11313,27.738361
11314,27.738361
11315,27.738361
11316,27.738361
11317,27.738361
11318,27.738361
11319,27.738361
11320,27.738361
11321,27.738361
11322,27.738361
11323,27.738361
11324,27.738361
11325,27.738361
11326,27.738361
11327,27.738361
11328,27.700537
11329,27.700537
11330,27.700537
11331,27.700537
11332,27.738361
11333,27.738361
11334,27.700537
11335,27.738361
11336,27.738361
11337,27.738361
11338,27.700537
11339,27.738361
11340,27.700537
11341,27.738361
11342,27.700537
11343,27.738361
11344,27.700537
11345,27.700537
11346,27.700537
11347,27.700537
11348,27.700537
11349,27.700537
11350,27.700537
11351,27.700537
11352,27.700537
11353,27.700537
11354,27.700537
11355,27.700537
11356,27.700537
11357,27.700537
11358,27.700537
11359,27.700537
11360,27.700537
11361,27.700537
11362,27.700537
11363,27.700537
11364,27.700537
11365,27.700537
11366,27.700537
11367,27.700537
11368,27.700537
11369,27.700537
11370,27.700537
11371,27.700537
11372,27.700537
11373,27.700537
11374,27.700537
11375,27.700537
11376,27.700537
11377,27.700537
11378,27.700537
11379,27.700537
11380,27.700537
11381,27.700537
11382,27.700537
11383,27.700537
11384,27.700537
11385,27.700537
11386,NA
11387,NA
11388,NA
11389,NA
11390,NA
11391,NA
11392,NA
11393,NA
11394,NA
11395,NA
11396,NA
11397,NA
11398,NA
11399,NA
11400,NA
11401,NA
11402,NA
11403,NA
11404,NA
11405,NA
11406,NA
11407,NA
11408,NA
11409,NA
11410,NA
11411,NA
11412,NA
11413,NA
11414,NA
11415,NA
11416,NA
11417,NA
11418,NA
11419,NA
11420,NA
11421,34.010487
11422,34.005093
11423,34.005093
11424,33.999008
11425,33.999008
11426,33.999008
11427,33.999008
11428,33.999008
11429,33.999008
11430,33.999008
11431,33.999008
11432,33.999008
11433,33.999008
11434,33.999008
11435,33.999008
11436,33.999008
11437,33.999008
11438,33.999008
11439,33.999008
11440,33.999008
11441,33.999008
11442,33.999008
11443,33.999008
11444,33.999008
11445,33.999008
11446,33.999008
11447,33.999008
11448,NA
11449,NA
11450,NA
11451,NA
11452,NA
11453,NA
11454,NA
11455,34.003773
11456,34.003773
11457,34.003773
11458,34.005093
11459,34.005093
11460,34.005093
11461,34.008423
11462,34.008423
11463,34.008423
11464,34.010487
11465,34.010487
11466,34.010487
11467,34.010487
11468,34.010487
11469,34.010487
11470,34.010487
11471,34.010487
11472,34.010487
11473,NA
11474,NA
11475,NA
11476,NA
11477,NA
11478,NA
11479,NA
11480,NA
11481,NA
11482,NA
11483,NA
11484,NA
11485,NA
11486,33.994022
11487,33.994022
11488,33.994022
11489,33.994022
11490,33.994022
11491,33.994022
11492,33.994022
11493,33.994022
11494,33.994022
11495,33.994022
11496,33.994022
11497,33.994022
11498,33.994022
11499,33.994022
11500,33.994022
11501,33.994022
11502,33.994022
11503,33.994022
11504,33.994022
11505,33.994022
11506,33.994022
11507,33.994022
11508,33.994022
11509,33.994022
11510,33.994022
11511,33.994022
11512,33.994022
11513,33.994022
11514,33.994022
11515,33.994022
11516,33.994022
11517,33.994022
11518,33.994022
11519,33.994022
11520,33.994022
11521,33.994022
11522,33.994022
11523,33.994022
11524,33.994022
11525,33.994022
11526,33.994022
11527,33.994022
11528,33.994022
11529,33.994022
11530,33.994022
11531,33.994022
11532,33.994022
11533,33.994022
11534,33.994022
11535,33.994022
11536,33.994022
11537,33.994022
11538,33.994022
11539,33.994022
11540,33.994022
11541,33.994022
11542,33.994022
11543,33.994022
11544,33.994022
11545,33.994022
11546,33.994022
11547,33.994022
11548,33.994022
11549,33.994022
11550,33.994022
11551,33.994022
11552,33.994022
11553,33.994022
11554,33.994022
11555,33.994022
11556,33.994022
11557,33.994022
11558,33.994022
11559,33.994022
11560,33.994022
11561,33.994022
11562,33.994022
11563,33.994022
11564,34.003613
11565,34.003613
11566,34.003613
11567,34.003613
11568,34.003613
11569,34.003613
11570,34.003613
11571,34.003613
11572,34.003613
11573,34.003613
11574,34.003613
11575,34.003613
11576,34.003613
11577,34.003613
11578,34.003613
11579,34.003613
11580,34.003613
11581,34.003613
11582,34.003613
11583,34.003613
11584,34.003613
11585,34.003613
11586,34.003613
11587,34.003613
11588,34.003613
11589,34.003613
11590,34.003613
11591,34.003613
11592,34.003613
11593,34.003613
11594,34.003613
11595,34.010632
11596,34.010632
11597,34.001728
11598,34.001728
11599,34.001728
11600,34.001728
11601,34.001728
11602,34.001728
11603,34.001728
11604,34.001728
11605,34.001728
11606,34.001728
11607,34.001728
11608,34.001728
11609,34.001728
11610,34.001728
11611,34.001728
11612,34.001728
11613,34.001728
11614,34.001728
11615,34.001728
11616,34.010632
11617,34.010632
11618,34.010632
11619,34.002911
11620,34.002911
11621,34.002911
11622,34.002911
11623,34.002911
11624,34.002911
11625,34.002911
11626,34.002911
11627,34.002911
11628,34.002911
11629,34.002911
11630,34.002911
11631,34.002911
11632,34.002911
11633,34.002911
11634,34.002911
11635,34.002911
11636,34.002911
11637,34.002911
11638,34.002911
11639,34.002911
11640,34.002911
11641,34.002911
11642,34.002911
11643,34.002911
11644,34.002911
11645,34.002911
11646,34.002911
11647,34.002911
11648,34.002911
11649,34.002911
11650,34.002911
11651,34.002911
11652,34.002911
11653,34.002911
11654,34.002911
11655,34.002911
11656,34.002911
11657,34.002911
11658,34.003613
11659,34.003613
11660,34.003613
11661,34.003613
11662,34.003613
11663,34.002911
11664,34.002911
11665,34.003613
11666,34.003613
11667,34.003613
11668,34.003613
11669,34.003613
11670,34.003613
11671,34.003613
11672,34.003613
11673,34.003613
11674,34.005592
11675,34.005592
11676,34.005592
11677,34.005592
11678,34.005592
11679,33.997723
11680,33.997723
11681,33.997723
11682,33.997723
11683,33.997723
11684,33.997723
11685,33.997723
11686,33.997723
11687,33.997723
11688,33.997723
11689,33.997723
11690,33.997723
11691,33.997723
11692,33.997723
11693,33.997723
11694,33.997723
11695,33.997723
11696,33.997723
11697,33.997723
11698,33.997723
11699,33.997723
11700,33.997723
11701,33.997723
11702,33.997723
11703,33.997723
11704,33.997723
11705,33.997723
11706,33.997723
11707,33.997723
11708,33.997723
11709,33.997723
11710,33.995686
11711,33.995686
11712,33.995686
11713,33.995686
11714,33.995686
11715,33.995686
11716,33.995686
11717,33.995686
11718,33.995686
11719,33.995686
11720,33.995686
11721,33.995686
11722,33.995686
11723,33.995686
11724,33.995686
11725,33.995686
11726,33.995686
11727,33.995686
11728,33.995686
11729,33.995686
11730,33.995686
11731,33.995686
11732,33.995686
11733,33.995686
11734,33.995686
11735,33.995686
11736,33.995686
11737,33.995686
11738,33.995686
11739,33.995686
11740,33.995686
11741,33.995686
11742,33.995686
11743,33.995686
11744,33.995686
11745,33.995686
11746,33.995686
11747,33.995686
11748,33.995686
11749,33.995686
11750,33.995686
11751,33.995686
11752,33.995686
11753,33.995686
11754,33.995686
11755,NA
11756,NA
11757,33.995686
11758,33.995686
11759,33.995686
11760,33.995686
11761,33.995686
11762,33.995686
11763,33.995686
11764,33.995686
11765,34.004204
11766,34.004204
11767,34.004204
11768,34.004204
11769,34.003613
11770,34.003613
11771,34.002911
11772,34.002911
11773,34.002911
11774,34.002911
11775,34.002911
11776,34.002911
11777,34.014809
11778,34.014809
11779,34.014809
11780,34.014809
11781,34.014809
11782,34.014809
11783,34.014809
11784,34.014809
11785,34.021019
11786,34.021019
11787,34.019356
11788,34.019356
11789,34.019356
11790,34.019356
11791,34.00901
11792,34.00901
11793,34.00901
11794,34.00901
11795,34.007786
11796,34.007786
11797,34.007786
11798,34.007786
11799,34.007786
11800,34.007786
11801,34.007786
11802,34.007786
11803,34.007786
11804,34.007786
11805,34.007786
11806,34.007786
11807,34.007786
11808,34.019356
11809,34.019356
11810,34.00901
11811,34.03043
11812,34.024796
11813,34.024796
11814,34.024796
11815,34.024796
11816,34.024796
11817,34.024796
11818,34.024231
11819,34.024231
11820,34.024231
11821,34.024231
11822,34.024231
11823,34.024231
11824,34.024231
11825,34.024231
11826,34.026417
11827,34.026417
11828,34.026417
11829,34.026417
11830,34.026417
11831,34.024231
11832,34.024231
11833,34.024231
11834,34.024231
11835,34.024231
11836,34.024231
11837,34.024231
11838,34.024231
11839,34.026417
11840,34.026417
11841,34.026417
11842,34.026417
11843,34.026863
11844,34.026863
11845,34.026863
11846,34.026863
11847,34.026863
11848,34.026417
11849,34.026417
11850,34.026417
11851,34.026863
11852,34.026863
11853,34.026863
11854,34.026863
11855,34.026863
11856,34.026863
11857,34.026863
11858,34.026863
11859,34.015293
11860,34.015293
11861,34.015293
11862,34.049492
11863,34.024796
11864,34.057903
11865,34.057903
11866,34.057903
11867,34.063766
11868,34.057903
11869,34.057903
11870,34.057903
11871,34.057903
11872,34.057903
11873,34.057903
11874,34.057903
11875,34.057903
11876,34.063766
11877,34.063766
11878,34.057903
11879,34.057903
11880,34.057903
11881,34.034813
11882,34.034813
11883,34.034813
11884,34.034813
11885,34.057903
11886,34.057903
11887,34.034813
11888,34.034813
11889,NA
11890,NA
11891,NA
11892,27.588739
11893,27.588316
11894,27.58839
11895,27.58839
11896,27.589355
11897,27.588598
11898,NA
11899,33.424286
11900,33.152302
11901,29.725563
11902,33.422985
11903,33.417332
11904,33.43668
11905,33.541958
11906,33.472046
11907,33.667282
11908,33.728001
11909,31.874035
11910,32.531712
11911,32.717808
11912,33.213291
11913,33.346416
11914,27.930113
11915,29.725563
11916,NA
11917,30.439919
11918,31.313343
11919,31.47736
11920,28.511471
11921,27.565861
11922,27.622276
11923,33.72263
11924,27.700537
11925,NA
11926,32.1017
11927,32.200443
11928,27.648819
11929,33.275017
11930,33.275017
11931,27.619167
11932,32.58905
11933,33.152302
11934,32.588745
11935,32.58905
11936,32.58905
11937,33.152302
11938,33.152302
11939,33.940048
11940,33.940048
11941,33.940048
11942,33.940048
11943,32.966137
11944,27.618538
11945,27.619139
11946,30.377644
11947,30.147963
11948,30.377644
11949,32.588745
11950,32.531712
11951,32.58905
11952,32.58905
11953,32.588745
11954,32.588745
11955,32.588745
11956,32.588745
11957,32.588745
11958,32.832073
11959,32.832073
11960,32.832073
11961,32.832073
11962,32.832073
11963,32.832073
11964,32.832073
11965,32.832073
11966,32.832073
11967,32.832073
11968,32.832073
11969,32.832073
11970,32.832073
11971,32.832073
11972,32.832073
11973,32.832073
11974,32.832073
11975,32.832073
11976,32.832073
11977,32.832073
11978,32.832073
11979,32.832073
11980,32.58905
11981,32.58905
11982,32.58905
11983,32.58905
11984,32.58905
11985,27.930113
11986,27.930113
11987,27.930113
11988,27.7118
11989,27.736908
11990,27.736908
11991,27.877441
11992,27.877441
11993,27.930113
11994,30.377644
11995,31.600306
11996,31.600306
11997,NA
11998,31.735468
11999,31.735468
12000,31.600306
12001,31.600306
12002,31.600306
12003,31.600306
12004,29.547628
12005,29.547628
12006,29.547628
12007,29.725563
12008,29.547628
12009,29.547628
12010,29.547628
12011,29.314339
12012,28.674952
12013,28.674952
12014,28.674952
12015,28.674952
12016,28.511471
12017,28.511471
12018,28.511471
12019,27.571941
12020,27.55851
12021,27.64053
12022,27.64053
12023,27.64053
12024,27.64053
12025,27.64053
12026,27.611797
12027,27.611547
12028,27.611547
12029,27.611547
12030,27.611547
12031,27.611547
12032,27.611547
12033,32.507065
12034,32.832073
12035,27.930113
12036,27.930113
12037,27.736908
12038,31.735468
12039,29.314339
12040,29.547628
12041,29.314339
12042,28.674952
12043,27.563227
12044,27.563227
12045,27.571941
12046,27.55851
12047,27.738361
12048,27.738361
12049,27.738361
12050,27.64053
12051,32.58905
12052,27.930113
12053,27.736908
12054,30.377644
12055,29.314339
12056,28.674952
12057,28.674952
12058,27.565861
12059,27.565861
12060,27.565861
12061,27.738361
12062,27.738361
12063,27.736908
12064,33.418865
12065,33.523495
12066,33.457745
12067,33.457745
12068,33.656128
12069,33.656128
12070,33.656128
12071,33.656128
12072,33.656128
12073,33.59647
12074,33.59647
12075,33.59647
12076,33.59647
12077,33.59647
12078,33.614174
12079,33.653835
12080,33.641785
12081,33.61858
12082,33.614174
12083,33.614174
12084,33.614174
12085,33.602684
12086,33.633877
12087,33.602684
12088,32.832073
12089,32.832073
12090,32.780399
12091,32.780399
12092,32.832073
12093,32.832073
12094,32.832073
12095,31.313343
12096,27.64053
12097,33.426762
12098,33.426762
12099,33.457745
12100,33.457745
12101,33.656128
12102,33.62751
12103,33.62751
12104,33.632202
12105,33.61858
12106,33.623528
12107,33.633877
12108,33.641785
12109,33.614174
12110,33.614174
12111,33.602684
12112,33.640625
12113,33.640625
12114,33.62751
12115,33.62751
12116,33.61467
12117,33.640625
12118,27.648819
12119,33.387009
12120,33.387009
12121,33.387009
12122,33.387009
12123,33.391167
12124,33.391167
12125,33.391167
12126,33.391167
12127,33.391167
12128,33.387009
12129,33.391167
12130,33.418865
12131,33.426762
12132,33.426762
12133,33.523495
12134,33.458267
12135,33.457745
12136,33.696323
12137,33.656128
12138,33.696323
12139,33.696323
12140,33.59647
12141,33.59647
12142,33.61858
12143,33.61467
12144,33.602684
12145,33.418865
12146,33.426762
12147,33.523495
12148,33.523495
12149,33.523495
12150,33.467857
12151,33.656128
12152,33.656128
12153,33.632202
12154,33.61858
12155,33.614174
12156,33.590645
12157,33.590645
12158,33.602684
12159,33.418865
12160,33.426762
12161,33.523495
12162,33.523495
12163,33.523495
12164,33.523495
12165,33.541958
12166,33.523495
12167,33.523495
12168,33.457745
12169,33.656128
12170,33.696323
12171,33.656128
12172,33.653835
12173,33.641655
12174,33.641655
12175,33.61026
12176,33.646881
12177,33.61026
12178,33.622868
12179,33.590645
12180,33.602684
12181,33.985229
12182,33.995686
12183,33.985229
12184,33.999073
12185,33.999073
12186,33.988529
12187,34.088696
12188,34.088696
12189,34.003773
12190,34.002033
12191,34.002033
12192,34.003597
12193,33.508511
12194,33.491814
12195,33.485157
12196,33.491814
12197,33.426762
12198,33.440029
12199,33.439274
12200,33.62751
12201,33.586365
12202,33.641785
12203,33.590775
12204,33.640625
12205,33.640625
12206,33.62751
12207,32.780399
12208,30.672461
12209,33.986607
12210,33.995686
12211,33.985229
12212,33.986607
12213,NA
12214,34.161366
12215,34.185432
12216,34.161366
12217,34.1786
12218,34.1786
12219,NA
12220,34.093296
12221,34.093296
12222,NA
12223,NA
12224,NA
12225,33.434772
12226,33.403915
12227,33.403915
12228,33.401363
12229,33.401363
12230,33.399811
12231,33.399811
12232,33.418865
12233,33.426762
12234,33.426762
12235,33.426762
12236,33.440029
12237,33.440029
12238,33.439274
12239,33.439274
12240,33.59647
12241,33.62751
12242,33.62751
12243,33.586365
12244,33.59647
12245,33.59647
12246,33.59647
12247,33.590775
12248,33.590775
12249,33.590775
12250,33.602684
12251,33.602684
12252,33.61467
12253,33.590775
12254,33.576706
12255,33.576706
12256,33.633877
12257,33.633877
12258,33.633877
12259,32.1017
12260,32.387688
12261,32.443226
12262,32.443226
12263,32.507065
12264,33.995686
12265,33.988441
12266,34.104469
12267,34.185432
12268,34.161366
12269,34.1786
12270,34.1786
12271,34.088696
12272,34.093296
12273,34.093296
12274,33.803638
12275,33.803638
12276,33.800144
12277,33.436863
12278,33.436863
12279,33.434772
12280,33.484264
12281,33.393703
12282,33.393703
12283,33.395382
12284,33.395382
12285,33.426762
12286,33.426762
12287,33.426762
12288,33.426762
12289,33.426762
12290,33.426762
12291,33.439274
12292,33.439274
12293,33.59647
12294,33.59647
12295,33.61467
12296,33.61467
12297,33.590775
12298,33.602684
12299,33.602684
12300,33.590775
12301,33.576706
12302,32.1017
12303,32.909504
12304,33.015987
12305,NA
12306,33.995686
12307,34.104469
12308,34.13081
12309,34.1786
12310,34.161366
12311,34.1786
12312,34.161366
12313,34.148876
12314,34.1786
12315,34.1786
12316,34.1786
12317,34.1786
12318,33.868011
12319,33.803638
12320,33.434772
12321,33.452404
12322,33.452404
12323,33.484264
12324,33.484264
12325,33.452084
12326,NA
12327,33.484264
12328,33.42498
12329,33.393703
12330,33.403915
12331,33.395382
12332,33.426762
12333,33.446381
12334,33.439274
12335,33.633877
12336,33.346416
12337,NA
12338,NA
12339,34.093296
12340,34.121986
12341,34.121986
12342,34.185432
12343,34.185432
12344,33.87125
12345,33.868011
12346,33.868011
12347,33.881584
12348,33.868011
12349,33.87125
12350,33.87125
12351,33.881584
12352,33.868011
12353,33.881584
12354,33.868011
12355,33.800144
12356,33.800144
12357,33.421879
12358,33.436863
12359,33.436863
12360,33.42498
12361,33.436863
12362,33.42659
12363,33.42498
12364,33.42498
12365,33.42498
12366,33.485386
12367,33.485386
12368,NA
12369,33.42498
12370,33.393696
12371,33.393703
12372,33.401569
12373,33.426762
12374,33.418865
12375,33.418865
12376,33.418865
12377,33.426762
12378,33.426762
12379,33.505589
12380,33.505589
12381,32.966137
12382,31.47736
12383,33.426105
12384,33.426105
12385,33.468418
12386,33.484623
12387,33.461327
12388,33.443638
12389,33.451553
12390,33.451553
12391,33.450226
12392,33.466599
12393,33.466599
12394,33.466599
12395,33.465111
12396,33.466599
12397,33.465111
12398,33.461327
12399,33.484623
12400,33.486492
12401,33.475574
12402,33.488789
12403,33.488789
12404,33.504025
12405,33.461327
12406,33.523659
12407,33.523659
12408,33.523659
12409,33.523659
12410,33.62751
12411,32.588745
12412,32.507065
12413,32.507065
12414,32.588745
12415,32.531712
12416,32.58905
12417,32.58905
12418,32.58905
12419,32.58905
12420,32.531712
12421,32.531712
12422,32.531712
12423,32.58905
12424,32.58905
12425,32.58905
12426,32.58905
12427,33.015987
12428,32.966137
12429,32.909504
12430,32.909504
12431,32.909504
12432,32.909504
12433,27.872362
12434,27.930113
12435,28.069372
12436,28.069372
12437,28.069372
12438,27.930113
12439,27.700537
12440,27.700537
12441,27.700537
12442,27.700537
12443,27.700537
12444,27.700537
12445,27.738361
12446,33.418865
12447,33.418343
12448,33.418343
12449,33.466599
12450,33.506413
12451,33.506413
12452,33.490524
12453,33.490524
12454,33.486492
12455,33.486492
12456,33.523659
12457,33.59647
12458,33.576706
12459,33.633877
12460,33.640625
12461,27.700537
12462,27.59046
12463,27.612177
12464,27.639793
12465,27.622276
12466,33.152302
12467,33.426105
12468,33.418865
12469,33.418343
12470,33.418343
12471,33.4953
12472,33.486492
12473,33.503498
12474,33.641785
12475,33.641785
12476,31.313343
12477,31.313343
12478,27.601124
12479,27.604376
12480,27.597845
12481,27.618071
12482,27.600479
12483,33.418865
12484,33.418865
12485,33.418343
12486,33.418343
12487,33.506413
12488,33.506413
12489,33.4953
12490,33.503498
12491,33.506413
12492,33.015987
12493,33.418865
12494,33.418865
12495,33.425411
12496,33.506413
12497,33.4953
12498,33.503498
12499,33.4953
12500,31.313343
12501,31.313343
12502,NA
12503,33.405102
12504,33.393703
12505,33.418865
12506,33.468418
12507,33.450226
12508,33.466599
12509,33.488789
12510,33.504025
12511,33.490524
12512,33.439274
12513,33.59647
12514,33.602684
12515,33.590775
12516,32.58905
12517,32.832073
12518,27.872362
12519,27.872362
12520,27.930113
12521,27.930113
12522,30.672461
12523,30.672461
12524,31.066891
12525,31.066891
12526,27.64053
12527,27.611797
12528,27.611797
12529,27.611547
12530,27.611547
12531,33.418865
12532,33.426105
12533,33.451553
12534,33.484623
12535,33.504025
12536,33.490524
12537,33.439274
12538,33.536644
12539,33.59647
12540,33.602684
12541,33.602684
12542,33.61467
12543,27.571941
12544,27.571941
12545,27.571941
12546,27.64053
12547,27.611797
12548,27.611797
12549,27.611547
12550,33.418343
12551,33.426105
12552,33.418343
12553,33.486492
12554,33.484623
12555,33.475574
12556,33.490524
12557,33.490524
12558,33.490524
12559,33.490524
12560,33.59647
12561,33.602684
12562,33.576706
12563,33.576706
12564,32.832073
12565,27.55851
12566,27.55851
12567,27.64053
12568,33.633877
12569,31.066891
12570,27.571941
12571,33.421879
12572,33.421879
12573,33.403915
12574,33.418865
12575,33.418865
12576,33.426762
12577,33.59647
12578,33.61467
12579,33.436863
12580,33.421879
12581,33.418343
12582,33.426762
12583,33.62751
12584,33.641785
12585,32.1017
12586,32.1017
12587,32.507065
12588,27.7118
12589,31.313343
12590,28.511471
12591,27.571941
12592,31.313343
12593,27.604376
12594,27.738361
12595,27.610123
12596,27.596437
12597,34.009605
12598,34.009605
12599,34.009605
12600,34.009605
12601,34.009605
12602,34.009605
12603,34.009605
12604,34.006569
12605,34.006569
12606,34.006569
12607,34.006569
12608,34.006569
12609,34.006569
12610,34.006569
12611,34.006569
12612,34.006569
12613,34.006569
12614,34.006569
12615,34.006569
12616,34.006569
12617,34.006569
12618,34.006569
12619,34.006569
12620,34.006569
12621,34.006569
12622,34.006569
12623,34.006569
12624,NA
12625,NA
12626,NA
12627,NA
12628,NA
12629,NA
12630,NA
12631,NA
12632,NA
12633,NA
12634,NA
12635,NA
12636,NA
12637,NA
12638,NA
12639,NA
12640,34.006569
12641,34.006569
12642,34.009605
12643,34.169636
12644,34.169636
12645,34.169636
12646,34.169636
12647,34.169636
12648,34.194111
12649,34.194111
12650,34.202213
12651,34.202213
12652,34.202213
12653,34.186539
12654,34.202213
12655,34.202213
12656,34.202213
12657,34.218925
12658,34.194111
12659,34.194111
12660,34.194111
12661,34.194111
12662,34.194111
12663,34.194111
12664,34.194111
12665,34.194111
12666,34.39782
12667,34.188099
12668,34.188099
12669,34.188099
12670,34.188099
12671,34.188099
12672,34.17355
12673,34.17355
12674,34.17355
12675,34.17355
12676,34.17355
12677,34.17355
12678,34.17355
12679,34.158428
12680,34.158428
12681,34.158428
12682,34.158428
12683,34.158428
12684,34.158428
12685,34.158428
12686,34.138077
12687,34.146004
12688,34.121986
12689,34.116417
12690,34.116417
12691,34.116417
12692,34.100224
12693,34.085567
12694,34.020401
12695,34.03828
12696,34.03828
12697,34.03828
12698,34.03828
12699,34.03828
12700,34.03828
12701,34.03828
12702,34.03828
12703,34.03828
12704,34.03828
12705,34.03828
12706,34.03828
12707,34.03828
12708,34.03828
12709,34.03828
12710,34.03828
12711,34.048382
12712,34.048382
12713,34.062763
12714,34.062763
12715,34.093296
12716,34.093296
12717,34.093296
12718,34.093296
12719,34.093296
12720,34.093296
12721,NA
12722,NA
12723,NA
12724,NA
12725,NA
12726,NA
12727,NA
12728,NA
12729,NA
12730,NA
12731,NA
12732,NA
12733,NA
12734,33.508511
12735,33.508511
12736,33.508511
12737,33.508511
12738,33.508511
12739,33.508511
12740,33.410675
12741,33.491814
12742,33.491814
12743,33.491814
12744,33.491814
12745,33.491814
12746,33.491814
12747,33.491814
12748,33.491814
12749,33.491814
12750,33.491814
12751,33.485157
12752,33.485157
12753,33.485157
12754,33.485157
12755,33.485386
12756,33.485386
12757,33.485386
12758,33.452404
12759,33.452404
12760,33.452404
12761,33.452404
12762,33.452404
12763,33.452404
12764,33.452404
12765,33.452404
12766,33.452404
12767,33.452404
12768,33.452404
12769,33.452404
12770,33.452404
12771,33.452404
12772,33.452404
12773,33.452404
12774,33.452404
12775,33.452404
12776,33.452404
12777,33.452404
12778,33.452404
12779,33.422462
12780,33.422462
12781,33.422462
12782,33.422462
12783,33.422462
12784,33.422462
12785,33.422462
12786,33.422462
12787,33.422462
12788,33.422462
12789,33.422462
12790,33.422462
12791,33.427372
12792,33.410511
12793,33.410511
12794,33.410511
12795,33.409935
12796,33.427372
12797,33.427372
12798,33.427372
12799,33.427372
12800,33.427372
12801,33.427372
12802,33.427372
12803,33.427372
12804,33.427372
12805,33.427372
12806,33.409935
12807,33.409935
12808,33.409935
12809,33.409935
12810,33.409935
12811,33.409935
12812,33.409935
12813,33.414112
12814,33.414112
12815,33.414112
12816,33.739136
12817,33.739136
12818,33.739136
12819,33.739136
12820,33.739136
12821,33.739136
12822,33.739136
12823,33.739136
12824,33.757904
12825,33.757904
12826,33.757904
12827,33.757904
12828,33.757904
12829,33.757904
12830,33.757904
12831,33.757904
12832,33.757904
12833,33.757904
12834,33.757904
12835,33.757904
12836,33.757904
12837,33.723236
12838,33.723236
12839,33.723236
12840,33.723236
12841,33.723236
12842,33.723236
12843,33.723236
12844,33.723236
12845,33.739136
12846,33.739136
12847,33.739136
12848,33.739136
12849,33.739136
12850,33.739136
12851,33.739136
12852,33.739136
12853,33.739136
12854,33.739136
12855,33.739136
12856,33.739136
12857,33.739136
12858,33.739136
12859,33.420963
12860,33.414112
12861,33.414112
12862,33.414112
12863,33.414112
12864,33.414112
12865,33.420963
12866,33.420963
12867,33.420963
12868,33.420963
12869,33.420963
12870,33.420963
12871,33.486492
12872,33.486492
12873,33.486492
12874,33.486492
12875,33.486492
12876,33.486492
12877,33.486492
12878,33.486492
12879,33.486492
12880,33.486492
12881,33.486492
12882,33.504025
12883,33.504025
12884,33.504025
12885,33.504025
12886,33.504025
12887,33.504025
12888,33.504025
12889,33.504025
12890,33.504025
12891,33.504025
12892,33.488789
12893,33.488789
12894,33.488789
12895,33.488789
12896,33.488789
12897,33.488789
12898,33.488789
12899,33.488789
12900,33.488789
12901,33.488789
12902,33.488789
12903,33.488789
12904,33.61467
12905,33.61467
12906,33.61467
12907,33.61467
12908,33.61467
12909,33.61467
12910,33.641785
12911,33.641785
12912,33.623528
12913,33.623528
12914,33.623528
12915,33.623528
12916,33.623528
12917,33.623528
12918,33.623528
12919,33.623528
12920,33.623528
12921,33.623528
12922,33.623528
12923,33.623528
12924,33.623528
12925,33.62627
12926,33.62627
12927,33.62627
12928,33.62627
12929,33.62627
12930,33.62627
12931,33.593643
12932,33.593643
12933,33.593643
12934,33.593643
12935,33.593643
12936,33.593643
12937,33.593643
12938,33.593643
12939,33.593643
12940,33.590775
12941,33.590775
12942,33.602684
12943,33.576706
12944,33.5942
12945,33.5942
12946,33.5942
12947,33.5942
12948,33.5942
12949,33.5942
12950,33.5942
12951,33.5942
12952,33.5942
12953,33.5942
12954,33.5942
12955,33.5942
12956,33.5942
12957,33.593643
12958,33.5942
12959,33.5942
12960,33.5942
12961,33.5942
12962,34.009605
12963,34.009605
12964,34.006569
12965,34.006569
12966,34.006569
12967,34.006569
12968,34.009605
12969,34.009605
12970,34.009605
12971,34.169636
12972,34.169636
12973,34.202213
12974,34.202213
12975,34.202213
12976,34.202213
12977,34.186539
12978,34.194111
12979,34.194111
12980,34.17355
12981,34.17355
12982,34.020401
12983,34.03828
12984,34.03828
12985,34.03828
12986,34.048382
12987,34.048382
12988,34.062763
12989,34.062763
12990,34.062763
12991,34.062763
12992,NA
12993,NA
12994,33.410675
12995,33.491814
12996,33.485386
12997,33.485386
12998,33.452404
12999,33.452404
13000,33.422462
13001,33.422462
13002,33.427372
13003,33.427372
13004,33.410511
13005,33.410511
13006,33.410511
13007,33.409935
13008,33.409935
13009,33.420963
13010,33.486492
13011,33.504025
13012,33.488789
13013,33.488789
13014,33.623528
13015,33.623528
13016,33.623528
13017,33.593643
13018,34.009605
13019,34.009605
13020,34.009605
13021,34.009605
13022,34.006569
13023,34.006569
13024,34.169636
13025,34.169636
13026,34.169636
13027,34.202213
13028,34.202213
13029,34.202213
13030,34.202213
13031,34.186539
13032,34.186539
13033,34.186539
13034,34.188099
13035,34.188099
13036,34.188099
13037,34.17355
13038,34.121986
13039,34.121986
13040,34.121986
13041,34.116417
13042,34.100224
13043,34.020401
13044,34.03828
13045,34.03828
13046,34.03828
13047,34.03828
13048,34.048382
13049,34.048382
13050,34.048382
13051,34.048382
13052,34.048382
13053,34.048382
13054,34.048382
13055,34.048382
13056,34.062763
13057,34.062763
13058,33.485386
13059,33.452404
13060,33.491814
13061,33.410675
13062,33.410675
13063,33.427372
13064,33.410511
13065,33.410511
13066,33.410511
13067,33.409935
13068,33.427372
13069,33.427372
13070,33.427372
13071,33.427372
13072,33.409935
13073,33.414112
13074,33.739136
13075,33.420963
13076,33.420963
13077,33.420963
13078,33.420963
13079,33.420963
13080,33.504025
13081,33.504025
13082,33.488789
13083,33.488789
13084,33.488789
13085,33.488789
13086,33.488789
13087,33.61467
13088,33.61467
13089,33.61467
13090,33.623528
13091,33.623528
13092,33.5942
13093,34.009605
13094,34.009605
13095,34.009605
13096,34.009605
13097,34.009605
13098,34.169636
13099,34.169636
13100,34.169636
13101,34.169636
13102,34.202213
13103,34.202213
13104,34.202213
13105,34.186539
13106,34.202213
13107,34.218925
13108,34.194111
13109,34.194111
13110,34.39782
13111,34.188099
13112,34.17355
13113,34.17355
13114,34.17355
13115,34.17355
13116,34.138077
13117,34.116417
13118,34.116417
13119,34.020401
13120,34.03828
13121,34.03828
13122,34.048382
13123,34.048382
13124,34.093296
13125,33.422462
13126,33.410675
13127,33.410511
13128,33.410511
13129,33.414112
13130,33.486492
13131,33.486492
13132,33.486492
13133,33.488789
13134,34.009605
13135,34.169636
13136,34.169636
13137,34.169636
13138,34.169636
13139,34.186539
13140,34.194111
13141,34.194111
13142,34.194111
13143,34.194111
13144,34.194111
13145,34.194111
13146,34.194111
13147,34.194111
13148,34.39782
13149,34.188099
13150,34.17355
13151,34.17355
13152,34.17355
13153,34.17355
13154,34.158428
13155,34.158428
13156,34.158428
13157,34.158428
13158,34.138077
13159,34.146004
13160,34.121986
13161,34.121986
13162,34.085567
13163,34.093296
13164,34.093296
13165,34.093296
13166,34.870777
13167,34.909492
13168,34.909492
13169,34.841129
13170,34.909492
13171,34.909492
13172,34.877586
13173,34.877586
13174,34.836884
13175,34.877586
13176,34.841129
13177,34.907795
13178,34.870777
13179,34.870777
13180,34.841129
13181,34.877586
13182,34.870777
13183,34.909492
13184,34.877586
13185,34.875996
13186,34.907795
13187,34.877586
13188,34.850704
13189,34.841129
13190,34.909492
13191,34.909492
13192,34.877586
13193,34.877586
13194,34.909492
13195,34.909492
13196,34.909492
13197,34.909492
13198,34.871902
13199,34.836884
13200,34.909492
13201,34.870777
13202,34.836884
13203,34.909492
13204,34.877586
13205,34.877586
13206,34.836884
13207,34.836884
13208,34.875996
13209,34.877586
13210,34.909492
13211,34.909492
13212,34.877586
13213,34.909492
13214,34.877586
13215,34.877586
13216,34.909492
13217,34.909492
13218,34.909492
13219,34.877586
13220,34.877586
13221,34.836884
13222,34.909492
13223,34.875996
13224,34.877586
13225,34.836884
13226,34.909492
13227,34.877586
13228,34.909492
13229,34.841129
13230,34.836884
13231,34.836884
13232,34.870777
13233,34.874287
13234,34.870777
13235,34.836884
13236,34.841129
13237,34.875996
13238,34.836884
13239,34.909492
13240,34.909492
13241,34.874287
13242,34.870777
13243,34.877586
13244,34.841129
13245,34.841129
13246,34.841129
13247,34.875996
13248,34.841129
13249,34.870777
13250,34.836884
13251,34.836884
13252,34.874287
13253,34.836884
13254,34.870777
13255,34.870777
13256,34.907795
13257,34.877586
13258,34.841129
13259,34.841129
13260,34.841129
13261,34.841129
13262,34.909492
13263,34.836884
13264,34.841129
13265,34.909492
13266,34.836884
13267,34.877586
13268,34.841129
13269,34.874287
13270,34.909492
13271,34.841129
13272,34.874287
13273,34.877586
13274,34.909492
13275,34.875996
13276,34.874287
13277,34.875996
13278,34.836884
13279,34.850704
13280,34.871902
13281,34.877586
13282,34.841129
13283,34.838284
13284,34.909492
13285,34.838284
13286,34.838284
13287,34.838284
13288,34.875996
13289,34.877586
13290,34.841129
13291,34.838284
13292,34.875996
13293,34.838284
13294,34.909492
13295,34.841129
13296,34.841129
13297,34.875996
13298,34.841129
13299,34.909492
13300,34.909492
13301,34.909492
13302,34.841129
13303,34.907795
13304,34.877586
13305,34.877586
13306,34.909492
13307,34.877586
13308,34.838284
13309,34.841129
13310,34.877586
13311,34.850704
13312,34.907795
13313,34.875996
13314,34.842518
13315,34.875996
13316,34.838284
13317,34.874287
13318,34.909492
13319,34.841129
13320,34.841129
13321,34.841129
13322,34.841129
13323,34.909492
13324,34.909492
13325,34.909492
13326,34.850704
13327,34.850704
13328,34.850704
13329,34.836884
13330,34.850704
13331,34.850704
13332,34.875996
13333,34.875996
13334,34.836884
13335,34.850704
13336,34.849495
13337,34.877586
13338,34.841129
13339,34.836884
13340,34.850704
13341,34.841129
13342,34.841129
13343,34.836884
13344,34.841129
13345,34.836884
13346,34.841129
13347,34.836884
13348,34.836884
13349,34.850704
13350,34.850704
13351,34.875996
13352,34.850704
13353,34.875996
13354,34.836884
13355,34.841129
13356,34.841129
13357,34.836884
13358,34.836884
13359,34.836884
13360,34.836884
13361,34.841129
13362,34.836884
13363,34.836884
13364,34.850704
13365,34.836884
13366,34.836884
13367,34.838284
13368,34.836884
13369,34.877586
13370,34.850704
13371,34.836884
13372,34.870777
13373,34.870777
13374,34.870777
13375,34.870777
13376,34.870777
13377,34.850704
13378,34.850704
13379,34.850704
13380,34.870777
13381,34.870777
13382,34.869461
13383,34.870777
13384,34.870777
13385,34.870777
13386,34.870777
13387,34.870777
13388,34.870777
13389,34.850704
13390,34.850704
13391,34.841129
13392,34.850704
13393,34.849495
13394,34.870777
13395,34.870777
13396,34.870777
13397,34.850704
13398,34.850704
13399,34.850704
13400,34.850704
13401,34.850704
13402,34.850704
13403,34.850704
13404,34.850704
13405,34.850704
13406,34.850704
13407,34.850704
13408,34.850704
13409,34.850704
13410,34.850704
13411,34.850704
13412,34.841129
13413,34.850704
13414,34.850704
13415,34.877586
13416,34.841129
13417,34.841129
13418,34.850704
13419,34.870777
13420,34.841129
13421,34.870777
13422,34.870777
13423,34.870777
13424,34.877586
13425,34.870777
13426,34.870777
13427,34.870777
13428,34.870777
13429,34.870777
13430,34.870777
13431,34.870777
13432,34.870777
13433,34.870777
13434,34.870777
13435,34.850704
13436,34.870777
13437,34.870777
13438,34.850704
13439,34.841129
13440,34.850704
13441,34.850704
13442,34.850704
13443,34.841129
13444,34.841129
13445,34.850704
13446,34.403816
13447,34.004215
13448,34.004215
13449,34.011559
13450,34.011559
13451,34.011559
13452,34.004215
13453,34.004215
13454,34.011559
13455,34.011559
13456,34.011559
13457,34.011559
13458,34.011559
13459,34.011559
13460,34.011559
13461,34.011559
13462,34.004215
13463,34.004215
13464,34.004215
13465,34.094452
13466,34.094452
13467,34.094452
13468,34.094452
13469,34.094452
13470,34.094452
13471,34.094452
13472,34.094452
13473,34.094452
13474,34.094452
13475,34.094452
13476,34.094452
13477,34.094452
13478,34.094452
13479,34.094452
13480,34.094452
13481,34.094452
13482,34.094452
13483,34.094452
13484,34.094452
13485,34.094452
13486,34.094452
13487,34.094452
13488,34.094452
13489,34.0826
13490,34.094452
13491,34.0826
13492,34.0826
13493,34.094452
13494,34.0826
13495,34.0826
13496,34.094452
13497,34.094452
13498,34.094452
13499,34.094452
13500,34.0826
13501,34.0826
13502,34.094452
13503,34.094452
13504,34.094452
13505,34.094452
13506,34.094452
13507,34.094452
13508,34.094452
13509,34.094452
13510,34.10194
13511,34.094452
13512,34.10194
13513,34.10194
13514,34.10194
13515,34.094452
13516,34.094452
13517,34.10194
13518,34.10194
13519,34.10194
13520,34.10194
13521,34.10194
13522,34.10194
13523,34.10194
13524,34.10194
13525,34.10194
13526,34.10194
13527,34.10194
13528,34.10194
13529,34.10194
13530,34.094452
13531,34.10194
13532,34.10194
13533,34.10194
13534,34.10194
13535,34.10194
13536,34.10194
13537,34.094452
13538,34.10194
13539,34.10194
13540,34.10194
13541,34.094452
13542,34.10194
13543,34.10194
13544,34.094452
13545,34.10194
13546,34.10194
13547,34.10194
13548,34.10194
13549,34.10194
13550,34.10194
13551,34.10194
13552,34.10194
13553,34.094452
13554,34.10194
13555,34.094452
13556,34.094452
13557,34.01366
13558,34.01366
13559,34.01366
13560,34.01366
13561,34.01366
13562,34.01366
13563,34.01366
13564,34.01366
13565,34.01366
13566,34.01366
13567,34.01366
13568,34.01366
13569,34.01366
13570,34.01366
13571,34.01366
13572,34.01366
13573,34.01366
13574,34.01366
13575,34.01366
13576,34.01366
13577,34.01366
13578,34.01366
13579,34.01366
13580,34.01366
13581,34.01366
13582,34.01366
13583,34.01366
13584,34.01366
13585,34.01366
13586,34.01366
13587,34.01366
13588,34.01366
13589,34.01366
13590,34.01366
13591,34.01366
13592,34.01366
13593,34.01366
13594,34.01366
13595,34.01366
13596,34.01366
13597,34.01366
13598,34.01366
13599,34.01366
13600,34.01366
13601,34.01366
13602,34.012917
13603,34.012917
13604,34.012917
13605,34.012917
13606,34.012917
13607,34.012917
13608,34.012917
13609,34.012917
13610,34.012917
13611,34.012917
13612,34.012917
13613,34.012917
13614,34.012917
13615,34.012917
13616,34.012917
13617,34.012917
13618,34.012917
13619,34.012917
13620,34.012917
13621,34.012917
13622,34.012917
13623,34.012917
13624,34.012917
13625,34.012917
13626,34.012917
13627,34.012917
13628,34.012917
13629,34.012917
13630,34.012917
13631,34.012917
13632,34.012917
13633,34.012917
13634,34.012917
13635,34.012917
13636,34.012917
13637,34.012917
13638,34.012917
13639,34.012917
13640,34.012917
13641,34.012917
13642,34.012917
13643,34.012917
13644,34.012917
13645,34.012917
13646,33.946949
13647,33.87125
13648,33.946949
13649,33.946949
13650,33.946949
13651,33.946949
13652,33.946949
13653,33.946949
13654,33.87125
13655,33.946949
13656,33.946949
13657,33.946949
13658,33.946949
13659,33.946949
13660,33.946949
13661,33.946949
13662,33.946949
13663,33.946949
13664,33.946949
13665,33.946949
13666,33.946949
13667,33.946949
13668,33.87125
13669,33.87125
13670,33.87125
13671,33.946949
13672,33.946949
13673,33.946949
13674,33.946949
13675,33.946949
13676,33.946949
13677,33.946949
13678,33.946949
13679,33.946949
13680,33.946949
13681,33.946949
13682,33.946949
13683,33.946949
13684,33.946949
13685,33.936092
13686,33.949795
13687,33.949795
13688,33.936092
13689,33.949795
13690,33.949795
13691,33.936092
13692,33.936092
13693,33.936092
13694,33.936092
13695,33.949795
13696,33.936092
13697,33.936092
13698,33.936092
13699,33.936092
13700,33.936092
13701,33.936092
13702,33.936092
13703,33.936092
13704,33.936092
13705,33.949795
13706,33.936092
13707,33.949795
13708,33.936092
13709,33.949795
13710,33.949795
13711,33.949795
13712,33.949795
13713,33.949795
13714,33.949795
13715,33.949795
13716,33.949795
13717,33.936092
13718,33.936092
13719,33.949795
13720,33.949795
13721,33.949795
13722,33.949795
13723,33.936092
13724,33.936092
13725,33.936092
13726,33.949795
13727,33.936092
13728,33.936092
13729,33.936092
13730,33.949795
13731,34.187836
13732,34.187836
13733,34.187836
13734,34.187836
13735,34.187836
13736,34.187836
13737,34.187836
13738,34.187836
13739,34.187836
13740,34.187836
13741,34.187836
13742,34.187836
13743,34.187836
13744,34.187836
13745,34.187836
13746,34.187836
13747,34.187836
13748,34.187836
13749,34.187836
13750,34.187836
13751,34.187836
13752,34.187836
13753,34.187836
13754,34.187836
13755,34.187836
13756,34.187836
13757,34.187836
13758,34.187836
13759,34.187836
13760,34.187836
13761,34.187836
13762,34.187836
13763,34.187836
13764,34.187836
13765,34.187836
13766,34.187836
13767,34.187836
13768,34.187836
13769,34.187836
13770,34.187836
13771,34.187836
13772,33.801052
13773,33.803638
13774,33.803638
13775,33.803638
13776,33.803638
13777,33.803638
13778,33.801052
13779,33.803638
13780,33.803638
13781,33.801052
13782,33.803638
13783,33.803638
13784,33.801052
13785,33.801052
13786,33.803638
13787,33.801052
13788,33.803638
13789,33.803638
13790,33.803638
13791,33.803638
13792,33.803638
13793,33.803638
13794,33.803638
13795,33.803638
13796,33.803638
13797,33.803638
13798,33.801052
13799,33.803638
13800,33.803638
13801,33.803638
13802,33.803638
13803,33.803638
13804,33.803638
13805,33.803638
13806,33.803638
13807,33.803638
13808,33.801052
13809,33.801052
13810,33.803638
13811,33.803638
13812,33.803638
13813,33.803638
13814,33.803638
13815,33.803638
13816,33.803638
13817,33.801052
13818,33.803638
13819,33.803638
13820,33.803638
13821,33.724869
13822,33.737057
13823,33.737057
13824,33.737057
13825,33.811974
13826,33.811974
13827,33.811974
13828,33.796478
13829,33.811974
13830,33.796478
13831,33.796478
13832,33.811974
13833,33.811974
13834,33.811974
13835,33.811974
13836,33.796478
13837,33.811974
13838,33.811974
13839,33.811974
13840,33.811974
13841,33.811974
13842,33.796478
13843,33.724869
13844,33.737057
13845,33.737057
13846,33.737057
13847,33.811974
13848,33.796478
13849,33.811974
13850,33.811974
13851,33.796478
13852,33.811974
13853,33.796478
13854,33.796478
13855,33.811974
13856,33.811974
13857,33.796478
13858,33.796478
13859,33.811974
13860,33.811974
13861,33.796478
13862,33.737057
13863,33.724869
13864,33.796478
13865,33.811974
13866,33.811974
13867,33.811974
13868,33.811974
13869,33.811974
13870,33.811974
13871,33.671417
13872,33.671417
13873,33.671417
13874,33.671417
13875,33.671417
13876,33.671417
13877,33.671417
13878,33.671417
13879,33.737057
13880,33.671417
13881,33.671417
13882,33.671417
13883,33.671417
13884,33.671417
13885,33.671417
13886,33.671417
13887,33.671417
13888,33.671417
13889,33.671417
13890,33.671417
13891,33.671417
13892,33.671417
13893,33.671417
13894,33.671417
13895,33.671417
13896,33.737057
13897,33.737057
13898,33.671417
13899,33.671417
13900,33.671417
13901,33.671417
13902,33.671417
13903,33.671417
13904,33.671417
13905,33.671417
13906,33.671417
13907,33.671417
13908,33.671417
13909,33.671417
13910,33.671417
13911,33.671417
13912,33.671417
13913,33.671417
13914,33.671417
13915,33.671417
13916,33.671417
13917,33.737057
13918,33.657093
13919,33.657093
13920,33.657093
13921,33.657093
13922,33.657093
13923,33.657093
13924,33.657093
13925,33.657093
13926,33.657093
13927,33.657093
13928,33.657093
13929,33.657093
13930,33.657093
13931,33.657093
13932,33.657093
13933,33.657093
13934,33.657093
13935,33.657093
13936,33.657093
13937,33.657093
13938,33.657093
13939,33.657093
13940,33.657093
13941,33.657093
13942,33.657093
13943,33.657093
13944,33.657093
13945,33.657093
13946,33.657093
13947,33.657093
13948,33.657093
13949,33.657093
13950,33.657093
13951,33.657093
13952,33.657093
13953,33.657093
13954,33.657093
13955,33.657093
13956,33.657093
13957,33.657093
13958,33.657093
13959,33.657093
13960,33.657093
13961,33.657093
13962,33.657093
13963,33.657093
13964,33.657093
13965,33.657093
13966,34.465572
13967,34.465572
13968,34.393845
13969,34.472431
13970,34.437347
13971,34.437347
13972,34.393845
13973,34.472431
13974,34.437347
13975,34.472431
13976,34.472431
13977,34.416672
13978,34.437347
13979,34.437347
13980,34.255924
13981,34.255924
13982,34.255924
13983,34.504616
13984,34.467461
13985,34.467461
13986,34.474609
13987,34.447903
13988,34.474609
13989,34.43174
13990,34.535412
13991,34.535412
13992,34.535412
13993,34.531506
13994,34.529099
13995,34.529099
13996,34.529099
13997,34.529099
13998,34.529099
13999,34.529099
14000,34.529099
14001,34.531506
14002,34.530643
14003,34.530643
14004,34.465572
14005,34.422195
14006,34.454941
14007,34.454941
14008,34.454941
14009,34.422195
14010,34.465572
14011,34.454941
14012,34.465572
14013,34.393845
14014,34.465572
14015,34.422195
14016,34.472431
14017,34.508118
14018,34.437347
14019,34.437347
14020,34.508118
14021,34.472431
14022,34.416672
14023,34.495686
14024,34.472431
14025,34.472431
14026,34.508118
14027,34.472431
14028,34.495686
14029,34.437347
14030,34.437347
14031,34.508118
14032,34.495686
14033,34.508118
14034,34.472431
14035,34.495686
14036,34.495686
14037,34.504585
14038,34.531574
14039,34.531574
14040,34.531574
14041,34.531574
14042,34.535412
14043,34.531574
14044,34.531574
14045,34.531574
14046,34.531574
14047,34.535412
14048,34.531574
14049,34.531574
14050,34.535412
14051,34.525234
14052,34.535412
14053,34.533672
14054,34.533672
14055,34.531506
14056,34.531506
14057,34.529099
14058,34.531506
14059,34.529099
14060,34.531506
14061,34.531506
14062,34.531506
14063,34.533672
14064,34.531506
14065,34.531506
14066,34.53027
14067,34.53027
14068,34.51012
14069,34.51012
14070,34.517548
14071,34.519157
14072,34.517548
14073,34.517548
14074,34.504616
14075,34.504616
14076,34.504616
14077,34.504616
14078,34.504616
14079,34.508724
14080,34.504616
14081,34.504616
14082,34.504616
14083,34.467461
14084,34.504616
14085,34.504616
14086,34.474609
14087,34.474609
14088,34.414955
14089,34.474609
14090,34.447903
14091,34.447903
14092,34.43174
14093,34.43174
14094,34.43174
14095,34.411121
14096,34.43174
14097,34.263157
14098,34.279186
14099,34.263157
14100,34.213604
14101,34.279274
14102,34.211205
14103,34.213604
14104,34.255924
14105,34.255924
14106,34.213604
14107,34.279274
14108,34.213604
14109,34.213604
14110,34.211205
14111,34.211205
14112,34.213604
14113,34.213604
14114,34.467461
14115,34.909492
14116,34.909492
14117,34.909492
14118,34.909492
14119,34.909492
14120,34.909492
14121,34.909492
14122,34.909492
14123,34.909492
14124,34.909492
14125,34.909492
14126,34.909492
14127,34.909492
14128,34.909492
14129,34.909492
14130,34.909492
14131,34.909492
14132,34.907795
14133,34.909492
14134,34.909492
14135,34.909492
14136,34.909492
14137,34.907795
14138,34.909492
14139,34.909492
14140,34.907795
14141,34.907795
14142,34.909492
14143,34.909492
14144,34.909492
14145,34.909492
14146,34.909492
14147,34.909492
14148,34.909492
14149,34.909492
14150,34.909492
14151,34.909492
14152,34.907795
14153,34.900208
14154,34.900208
14155,34.900208
14156,34.900208
14157,34.900208
14158,34.900208
14159,34.900208
14160,34.900208
14161,34.900208
14162,34.900208
14163,34.89703
14164,34.900208
14165,34.900208
14166,34.89703
14167,34.900208
14168,34.89703
14169,34.89703
14170,34.900208
14171,34.89703
14172,34.900208
14173,34.900208
14174,34.89703
14175,34.89703
14176,34.900208
14177,34.89703
14178,34.89703
14179,34.900208
14180,34.900208
14181,34.89703
14182,34.900208
14183,34.900208
14184,34.900208
14185,34.900208
14186,34.89703
14187,34.89703
14188,34.89703
14189,34.89703
14190,34.89703
14191,34.89703
14192,34.89703
14193,34.89703
14194,34.89703
14195,34.89703
14196,34.89703
14197,34.874287
14198,34.874287
14199,34.874287
14200,34.874287
14201,34.874287
14202,34.874287
14203,34.874287
14204,34.874287
14205,34.874287
14206,34.871902
14207,34.874287
14208,34.874287
14209,34.874287
14210,34.874287
14211,34.874287
14212,34.874287
14213,34.874287
14214,34.874287
14215,34.874287
14216,34.874287
14217,34.874287
14218,34.874287
14219,34.874287
14220,34.874287
14221,34.874287
14222,34.874287
14223,34.874287
14224,34.874287
14225,34.874287
14226,34.874287
14227,34.874287
14228,34.874287
14229,34.874287
14230,34.874287
14231,34.874287
14232,34.874287
14233,34.874287
14234,34.874287
14235,34.874287
14236,34.874287
14237,34.874287
14238,34.870777
14239,34.870777
14240,34.870777
14241,34.870777
14242,34.870777
14243,34.870777
14244,34.870777
14245,34.870777
14246,34.870777
14247,34.870777
14248,34.870777
14249,34.870777
14250,34.870777
14251,34.870777
14252,34.870777
14253,34.870777
14254,34.870777
14255,34.870777
14256,34.870777
14257,34.870777
14258,34.870777
14259,34.870777
14260,34.870777
14261,34.870777
14262,34.870777
14263,34.870777
14264,34.870777
14265,34.870777
14266,34.870777
14267,34.870777
14268,34.870777
14269,34.870777
14270,34.870777
14271,34.870777
14272,34.869461
14273,34.870777
14274,34.870777
14275,34.870777
14276,34.870777
14277,34.870777
14278,34.870777
14279,34.870777
14280,34.877586
14281,34.877586
14282,34.877586
14283,34.877586
14284,34.877586
14285,34.877586
14286,34.877586
14287,34.877586
14288,34.877586
14289,34.877586
14290,34.875996
14291,34.877586
14292,34.875996
14293,34.877586
14294,34.875996
14295,34.875996
14296,34.877586
14297,34.877586
14298,34.877586
14299,34.877586
14300,34.875996
14301,34.875996
14302,34.875996
14303,34.877586
14304,34.875996
14305,34.877586
14306,34.875996
14307,34.877586
14308,34.877586
14309,34.877586
14310,34.877586
14311,34.875996
14312,34.877586
14313,34.877586
14314,34.875996
14315,34.877586
14316,34.877586
14317,34.875996
14318,34.877586
14319,34.875996
14320,34.875996
14321,34.877586
14322,34.875996
14323,34.877586
14324,34.877586
14325,34.877586
14326,34.850704
14327,34.850704
14328,34.850704
14329,34.850704
14330,34.850704
14331,34.850704
14332,34.850704
14333,34.850704
14334,34.850704
14335,34.850704
14336,34.850704
14337,34.850704
14338,34.850704
14339,34.850704
14340,34.850704
14341,34.850704
14342,34.850704
14343,34.850704
14344,34.850704
14345,34.850704
14346,34.850704
14347,34.850704
14348,34.850704
14349,34.850704
14350,34.850704
14351,34.850704
14352,34.850704
14353,34.850704
14354,34.850704
14355,34.850704
14356,34.850704
14357,34.850704
14358,34.850704
14359,34.850704
14360,34.850704
14361,34.850704
14362,34.850704
14363,34.850704
14364,34.850704
14365,34.850704
14366,34.850704
14367,34.849495
14368,34.850704
14369,34.849495
14370,34.850704
14371,34.841129
14372,34.841129
14373,34.841129
14374,34.841129
14375,34.841129
14376,34.841129
14377,34.841129
14378,34.841129
14379,34.841129
14380,34.841129
14381,34.841129
14382,34.841129
14383,34.841129
14384,34.841129
14385,34.841129
14386,34.841129
14387,34.841129
14388,34.841129
14389,34.841129
14390,34.841129
14391,34.841129
14392,34.842518
14393,34.841129
14394,34.841129
14395,34.841129
14396,34.841129
14397,34.841129
14398,34.841129
14399,34.841129
14400,34.841129
14401,34.841129
14402,34.841129
14403,34.841129
14404,34.841129
14405,34.841129
14406,34.841129
14407,34.841129
14408,34.841129
14409,34.841129
14410,34.841129
14411,34.841129
14412,34.841129
14413,34.841129
14414,34.836884
14415,34.836884
14416,34.838284
14417,34.836884
14418,34.838284
14419,34.836884
14420,34.836884
14421,34.836884
14422,34.838284
14423,34.836884
14424,34.838284
14425,34.836884
14426,34.838284
14427,34.838284
14428,34.836884
14429,34.836884
14430,34.836884
14431,34.836884
14432,34.838284
14433,34.836884
14434,34.836884
14435,34.836884
14436,34.836884
14437,34.836884
14438,34.836884
14439,34.836884
14440,34.836884
14441,34.836884
14442,34.838284
14443,34.836884
14444,34.836884
14445,34.836884
14446,34.836884
14447,34.836884
14448,34.836884
14449,34.838284
14450,34.836884
14451,34.836884
14452,34.836884
14453,34.836884
14454,34.836884
14455,34.836884
14456,34.826439
14457,34.827454
14458,34.826439
14459,34.827454
14460,34.826439
14461,34.827454
14462,34.827454
14463,34.826439
14464,34.826439
14465,34.827454
14466,34.827454
14467,34.826439
14468,34.826439
14469,34.826439
14470,34.827454
14471,34.827454
14472,34.826439
14473,34.826439
14474,34.826439
14475,34.827454
14476,34.826439
14477,34.827454
14478,34.826439
14479,34.826439
14480,34.827454
14481,34.827454
14482,34.827454
14483,34.826439
14484,34.827454
14485,34.826439
14486,34.826439
14487,34.827454
14488,34.826439
14489,34.826439
14490,34.826439
14491,34.826439
14492,34.827454
14493,34.826439
14494,34.827454
14495,34.826439
14496,34.826439
14497,34.827454
14498,34.826439
14499,34.827454
14500,34.826439
14501,34.826439
14502,34.826439
14503,34.826439
14504,34.826439
14505,34.827454
14506,34.820271
14507,34.820271
14508,34.820271
14509,34.820271
14510,34.820271
14511,34.820271
14512,34.820271
14513,34.820271
14514,34.820271
14515,34.820271
14516,34.820271
14517,34.820271
14518,34.820271
14519,34.820271
14520,34.820271
14521,34.820271
14522,34.820271
14523,34.820271
14524,34.820271
14525,34.820271
14526,34.820271
14527,34.820271
14528,34.820271
14529,34.820271
14530,34.820271
14531,34.820271
14532,34.820271
14533,34.820271
14534,34.820271
14535,34.820271
14536,34.820271
14537,34.820271
14538,34.820271
14539,34.820271
14540,34.820271
14541,34.820271
14542,34.820271
14543,34.820271
14544,34.820271
14545,34.820271
14546,34.820271
14547,34.820271
14548,34.820271
14549,34.820271
14550,34.81868
14551,34.81868
14552,34.81868
14553,34.81868
14554,34.81868
14555,34.820271
14556,34.81868
14557,34.81868
14558,34.81868
14559,34.81868
14560,34.81868
14561,34.81868
14562,34.81868
14563,34.81868
14564,34.81868
14565,34.81868
14566,34.81868
14567,34.81868
14568,34.81868
14569,34.81868
14570,34.81868
14571,34.81868
14572,34.81868
14573,34.81868
14574,34.81868
14575,34.81868
14576,34.81868
14577,34.81868
14578,34.81868
14579,34.81868
14580,34.81868
14581,34.81868
14582,34.81868
14583,34.81868
14584,34.81868
14585,34.81868
14586,34.81868
14587,34.818928
14588,34.818928
14589,34.818928
14590,34.818928
14591,34.818928
14592,34.818928
14593,34.818928
14594,34.818928
14595,34.818928
14596,34.806011
14597,34.806011
14598,34.806011
14599,34.806011
14600,34.806011
14601,34.806011
14602,34.801826
14603,34.806011
14604,34.806011
14605,34.806011
14606,34.801826
14607,34.806011
14608,34.806011
14609,34.806011
14610,34.806011
14611,34.806011
14612,34.806011
14613,34.801826
14614,34.806011
14615,34.806011
14616,34.806011
14617,34.806011
14618,34.806011
14619,34.801826
14620,34.806011
14621,34.806011
14622,34.806011
14623,34.801826
14624,34.806011
14625,34.801826
14626,34.801826
14627,34.806011
14628,34.806011
14629,34.801826
14630,34.806011
14631,34.806011
14632,34.801826
14633,34.806011
14634,34.801826
14635,34.801826
14636,34.801826
14637,34.806011
14638,34.801826
14639,34.801826
14640,34.806011
14641,34.801826
14642,34.806011
14643,34.801826
14644,34.801826
14645,34.812469
14646,34.536163
14647,34.536163
14648,34.536163
14649,34.536163
14650,34.536163
14651,34.536163
14652,34.536163
14653,34.536163
14654,34.536163
14655,34.536163
14656,34.536163
14657,34.536163
14658,34.536163
14659,34.536163
14660,34.536163
14661,34.536163
14662,34.536163
14663,34.536163
14664,34.536163
14665,34.536163
14666,34.536163
14667,34.536163
14668,34.536163
14669,34.536163
14670,34.515732
14671,34.536163
14672,34.536163
14673,34.536163
14674,34.536163
14675,34.515732
14676,34.536163
14677,34.536163
14678,34.536163
14679,34.515732
14680,34.536163
14681,34.515732
14682,34.536163
14683,34.536163
14684,34.536163
14685,34.549541
14686,34.515732
14687,34.549541
14688,34.536163
14689,34.549541
14690,34.515732
14691,34.549541
14692,34.549541
14693,34.549541
14694,34.549541
14695,34.549541
14696,34.005123
14697,34.005123
14698,34.004215
14699,34.004215
14700,34.004215
14701,34.004215
14702,34.004215
14703,34.005123
14704,34.004215
14705,34.004215
14706,34.004215
14707,34.09523
14708,34.086872
14709,34.086872
14710,34.09523
14711,34.086872
14712,34.086872
14713,34.09523
14714,34.09523
14715,34.09523
14716,34.086872
14717,34.086872
14718,34.09523
14719,33.935127
14720,33.935127
14721,34.004215
14722,34.004215
14723,34.004215
14724,34.004215
14725,34.004215
14726,34.004215
14727,34.004215
14728,34.004215
14729,34.004215
14730,34.004215
14731,34.004215
14732,34.005123
14733,34.005123
14734,34.005123
14735,34.005123
14736,34.005123
14737,34.005123
14738,34.09523
14739,34.09523
14740,34.09523
14741,34.09523
14742,34.09523
14743,33.935127
14744,33.935127
14745,34.005123
14746,34.005123
14747,34.004215
14748,34.004215
14749,34.005123
14750,34.005123
14751,34.086872
14752,34.0826
14753,34.153751
14754,34.401756
14755,34.19717
14756,34.0826
14757,34.09523
14758,34.09523
14759,34.148643
14760,34.153751
14761,34.148643
14762,34.086872
14763,34.086872
14764,34.09523
14765,34.086872
14766,34.148643
14767,34.148643
14768,34.09523
14769,34.09523
14770,34.09523
14771,34.143505
14772,34.153751
14773,34.153751
14774,34.19717
14775,34.09523
14776,34.09523
14777,34.09523
14778,34.148643
14779,34.153751
14780,34.153751
14781,34.192841
14782,34.09523
14783,34.086872
14784,34.09523
14785,34.09523
14786,34.086872
14787,34.148643
14788,34.148643
14789,34.192841
14790,34.153751
14791,34.143505
14792,34.153751
14793,34.09523
14794,34.09523
14795,34.09523
14796,34.192841
14797,34.153751
14798,34.086872
14799,34.09523
14800,34.086872
14801,34.148643
14802,34.148643
14803,34.038925
14804,34.038925
14805,34.038925
14806,34.038925
14807,34.040314
14808,34.040314
14809,34.040314
14810,34.080132
14811,34.038925
14812,34.038925
14813,34.080132
14814,34.080082
14815,34.080082
14816,34.147289
14817,34.147289
14818,34.147289
14819,34.147289
14820,34.120564
14821,34.147289
14822,34.147289
14823,34.147289
14824,34.153065
14825,34.153065
14826,34.136604
14827,34.147289
14828,34.215546
14829,34.259777
14830,34.259777
14831,34.259777
14832,34.237823
14833,34.215546
14834,34.203831
14835,34.203831
14836,34.203831
14837,34.244659
14838,34.244659
14839,34.203831
14840,34.185432
14841,34.203831
14842,34.203831
14843,34.18578
14844,34.244659
14845,34.244659
14846,34.259777
14847,34.259777
14848,34.237823
14849,34.237823
14850,34.261818
14851,34.244659
14852,34.244659
14853,34.244659
14854,34.244659
14855,34.244659
14856,34.259777
14857,34.259777
14858,34.203831
14859,34.185432
14860,34.203831
14861,34.228611
14862,34.237427
14863,34.244659
14864,34.237427
14865,34.259777
14866,34.237823
14867,34.244659
14868,34.244659
14869,34.259777
14870,34.185432
14871,34.203831
14872,34.237427
14873,34.244659
14874,34.237427
14875,34.226955
14876,34.226955
14877,34.226955
14878,34.226955
14879,34.226955
14880,34.24947
14881,34.24947
14882,34.228611
14883,34.218925
14884,34.226955
14885,34.226955
14886,34.244751
14887,34.218925
14888,34.069759
14889,34.081295
14890,34.125278
14891,34.081295
14892,34.03915
14893,34.053566
14894,34.053566
14895,34.053566
14896,34.038086
14897,34.03915
14898,34.03915
14899,34.081295
14900,34.03915
14901,34.03915
14902,34.028553
14903,34.09874
14904,34.09874
14905,34.053566
14906,34.278774
14907,34.125278
14908,34.278774
14909,34.053566
14910,34.053566
14911,34.053566
14912,34.053566
14913,34.053566
14914,34.03915
14915,34.03915
14916,34.03915
14917,34.03915
14918,34.03915
14919,34.028553
14920,34.09874
14921,34.053566
14922,34.038086
14923,34.081295
14924,34.125278
14925,34.053566
14926,34.053566
14927,34.038086
14928,34.038086
14929,34.03915
14930,34.053566
14931,34.053566
14932,34.038086
14933,34.038086
14934,33.988441
14935,33.988441
14936,34.020298
14937,34.020298
14938,34.0028
14939,34.0028
14940,34.0028
14941,34.0028
14942,34.0028
14943,34.0028
14944,34.0028
14945,34.0028
14946,34.011536
14947,34.020298
14948,34.020298
14949,34.004765
14950,34.004765
14951,34.004765
14952,34.004765
14953,34.004765
14954,34.011536
14955,34.020298
14956,33.99332
14957,33.995731
14958,34.0028
14959,34.0028
14960,34.0028
14961,34.0028
14962,34.0028
14963,34.0028
14964,34.0028
14965,34.0028
14966,34.0028
14967,34.011536
14968,34.011536
14969,34.020298
14970,34.020298
14971,34.020298
14972,34.020298
14973,34.004765
14974,34.011536
14975,34.011536
14976,34.011536
14977,34.020298
14978,33.998791
14979,33.998791
14980,33.998791
14981,33.998791
14982,34.0028
14983,34.0028
14984,34.0028
14985,34.0028
14986,34.011536
14987,34.011536
14988,34.063511
14989,34.07272
14990,34.07272
14991,34.07272
14992,34.07272
14993,34.07272
14994,34.063511
14995,34.063511
14996,34.063511
14997,34.052238
14998,34.052238
14999,34.052238
15000,34.052238
15001,34.052238
15002,34.052238
15003,34.052238
15004,34.065399
15005,34.065399
15006,34.065399
15007,34.063511
15008,34.07272
15009,34.07272
15010,34.065399
15011,34.07272
15012,34.07272
15013,34.063511
15014,34.349918
15015,34.122902
15016,34.052238
15017,34.052238
15018,34.065399
15019,34.07272
15020,34.065399
15021,34.065399
15022,34.07272
15023,34.07272
15024,34.07272
15025,34.063511
15026,34.063511
15027,34.063511
15028,34.063511
15029,34.052238
15030,34.052238
15031,34.052238
15032,34.063511
15033,34.063511
15034,34.274582
15035,34.274582
15036,34.274582
15037,34.274582
15038,34.263184
15039,34.263184
15040,34.263184
15041,34.263184
15042,34.263184
15043,34.263184
15044,34.263184
15045,34.263184
15046,34.263184
15047,34.263184
15048,34.245846
15049,34.245846
15050,34.245846
15051,34.245846
15052,34.245846
15053,34.245846
15054,34.245846
15055,34.245846
15056,34.245846
15057,34.261852
15058,34.261852
15059,34.182297
15060,34.191345
15061,34.191345
15062,34.191345
15063,34.191345
15064,34.191345
15065,34.191345
15066,34.191345
15067,34.191345
15068,34.191345
15069,34.189655
15070,34.189655
15071,34.189655
15072,34.189655
15073,34.189655
15074,34.189655
15075,34.189655
15076,34.189655
15077,34.189655
15078,34.189655
15079,34.189655
15080,34.189655
15081,34.189655
15082,34.189655
15083,34.189655
15084,34.189655
15085,34.189655
15086,34.189655
15087,34.189655
15088,34.204739
15089,34.204739
15090,34.204739
15091,34.204739
15092,34.204739
15093,34.204739
15094,34.204739
15095,34.204739
15096,34.204739
15097,34.204739
15098,34.204739
15099,34.204739
15100,34.204739
15101,34.204739
15102,34.204739
15103,34.204739
15104,34.204739
15105,34.189655
15106,34.189655
15107,34.189655
15108,34.189655
15109,34.189655
15110,34.189655
15111,34.189655
15112,34.189655
15113,34.189655
15114,34.189655
15115,34.189655
15116,34.189655
15117,34.204739
15118,34.204739
15119,34.204739
15120,34.204739
15121,34.204739
15122,34.204739
15123,34.204739
15124,34.189655
15125,34.189655
15126,34.189655
15127,34.204739
15128,34.204739
15129,34.204739
15130,34.204739
15131,34.204739
15132,34.204739
15133,34.204739
15134,34.204739
15135,34.204739
15136,34.204739
15137,34.204739
15138,34.204739
15139,34.204739
15140,34.204739
15141,34.204739
15142,34.204739
15143,34.204739
15144,34.204739
15145,34.204739
15146,34.204739
15147,34.204739
15148,34.204739
15149,34.204739
15150,34.204739
15151,34.204739
15152,34.259613
15153,34.259613
15154,34.259613
15155,34.259613
15156,NA
15157,NA
15158,NA
15159,NA
15160,NA
15161,NA
15162,NA
15163,NA
15164,NA
15165,NA
15166,NA
15167,NA
15168,NA
15169,NA
15170,NA
15171,NA
15172,NA
15173,NA
15174,NA
15175,NA
15176,NA
15177,NA
15178,NA
15179,NA
15180,NA
15181,NA
15182,NA
15183,NA
15184,NA
15185,NA
15186,NA
15187,NA
15188,NA
15189,NA
15190,NA
15191,NA
15192,NA
15193,NA
15194,NA
15195,NA
15196,NA
15197,NA
15198,NA
15199,NA
15200,NA
15201,NA
15202,NA
15203,NA
15204,NA
15205,NA
15206,NA
15207,NA
15208,NA
15209,NA
15210,NA
15211,NA
15212,NA
15213,NA
15214,NA
15215,NA
15216,NA
15217,NA
15218,NA
15219,NA
15220,34.259613
15221,34.259613
15222,34.259613
15223,34.204739
15224,34.204739
15225,34.204739
15226,34.204739
15227,34.204739
15228,34.204739
15229,34.204739
15230,34.204739
15231,34.204739
15232,34.259613
15233,34.204739
15234,34.204739
15235,34.259613
15236,34.259613
15237,34.259613
15238,34.259613
15239,34.259613
15240,34.259613
15241,34.259613
15242,34.259613
15243,34.259613
15244,34.259613
15245,34.259613
15246,34.259613
15247,34.259613
15248,34.259613
15249,34.259613
15250,34.259613
15251,34.259613
15252,34.204739
15253,34.204739
15254,34.259613
15255,34.259613
15256,34.25988
15257,34.25988
15258,34.274582
15259,34.232613
15260,34.230404
15261,34.213863
15262,34.213863
15263,34.263184
15264,34.25486
15265,34.25486
15266,34.25486
15267,34.25486
15268,34.25486
15269,34.251755
15270,34.251755
15271,34.251755
15272,34.251755
15273,34.251755
15274,34.324234
15275,34.251755
15276,34.251755
15277,34.251755
15278,34.251755
15279,34.251755
15280,34.251755
15281,34.317047
15282,34.317047
15283,34.324234
15284,34.263184
15285,34.263184
15286,34.191345
15287,34.138401
15288,34.138401
15289,34.261852
15290,34.261852
15291,34.261852
15292,34.261852
15293,34.261852
15294,34.261852
15295,34.261852
15296,34.261852
15297,34.261852
15298,34.261852
15299,34.261852
15300,34.261852
15301,34.261852
15302,34.261852
15303,34.261852
15304,34.182297
15305,34.182297
15306,34.182297
15307,34.191345
15308,34.191345
15309,34.191345
15310,34.134857
15311,34.134857
15312,34.145496
15313,34.159821
15314,34.159821
15315,34.159821
15316,34.159821
15317,34.159821
15318,34.159821
15319,34.181332
15320,34.210571
15321,34.210571
15322,34.259613
15323,34.259613
15324,34.259613
15325,34.259613
15326,34.259613
15327,34.259613
15328,34.259613
15329,34.259613
15330,34.259613
15331,34.259613
15332,34.259613
15333,34.259613
15334,34.191841
15335,34.191841
15336,34.191841
15337,34.191841
15338,34.19722
15339,34.19722
15340,34.19722
15341,34.19722
15342,34.191841
15343,34.191841
15344,34.191841
15345,34.136761
15346,34.136761
15347,34.136761
15348,34.136761
15349,34.158176
15350,34.158176
15351,34.158176
15352,34.158176
15353,34.11792
15354,34.11792
15355,34.11792
15356,34.11792
15357,34.11792
15358,34.11792
15359,34.11792
15360,34.100132
15361,34.080116
15362,34.080116
15363,34.080116
15364,34.12912
15365,34.12912
15366,34.232487
15367,34.080116
15368,34.105019
15369,34.105019
15370,34.105019
15371,34.062786
15372,34.062786
15373,34.062786
15374,34.167465
15375,34.232224
15376,34.191841
15377,34.191841
15378,34.191841
15379,34.191841
15380,34.191841
15381,34.191841
15382,34.191841
15383,34.191841
15384,34.191841
15385,34.191841
15386,34.191841
15387,34.191841
15388,34.191841
15389,34.191841
15390,34.191841
15391,34.191841
15392,34.191841
15393,34.231586
15394,34.231586
15395,34.231586
15396,34.231586
15397,34.231586
15398,34.231586
15399,34.231586
15400,34.231586
15401,34.231586
15402,34.231586
15403,34.231586
15404,34.231586
15405,34.231586
15406,34.231586
15407,34.231586
15408,34.231586
15409,34.231586
15410,34.231586
15411,34.231586
15412,34.231586
15413,34.231586
15414,34.231586
15415,34.231586
15416,34.231586
15417,34.771587
15418,34.771587
15419,34.771587
15420,34.771587
15421,34.771587
15422,34.771587
15423,34.778297
15424,34.778297
15425,34.778297
15426,34.778297
15427,34.778297
15428,34.778297
15429,34.778297
15430,34.778297
15431,34.778297
15432,34.778297
15433,34.778297
15434,34.750343
15435,34.750343
15436,34.750343
15437,34.750343
15438,34.750343
15439,34.750343
15440,34.761391
15441,34.761391
15442,34.761391
15443,34.761391
15444,34.761391
15445,34.761391
15446,34.761391
15447,34.761391
15448,34.761391
15449,34.761391
15450,34.761391
15451,34.761391
15452,34.761391
15453,34.761391
15454,34.761391
15455,34.761391
15456,34.761391
15457,34.761391
15458,34.761391
15459,NA
15460,NA
15461,34.851871
15462,34.851871
15463,34.851871
15464,34.851871
15465,34.851871
15466,34.851871
15467,34.851871
15468,34.851871
15469,34.851871
15470,34.851871
15471,34.843204
15472,34.835796
15473,34.835796
15474,34.825806
15475,34.825806
15476,34.825806
15477,34.825806
15478,34.838654
15479,34.838654
15480,34.838654
15481,34.838654
15482,34.838654
15483,34.838654
15484,34.838654
15485,34.838654
15486,34.838654
15487,34.838654
15488,34.838654
15489,34.838654
15490,34.844604
15491,34.844604
15492,34.844604
15493,34.84811
15494,34.844604
15495,34.84811
15496,34.84811
15497,34.84811
15498,34.84811
15499,34.84811
15500,34.84811
15501,34.84811
15502,34.84811
15503,34.84811
15504,34.851871
15505,34.851871
15506,34.851871
15507,34.851871
15508,34.851871
15509,34.851871
15510,34.851871
15511,34.851871
15512,34.851871
15513,34.851871
15514,34.851871
15515,34.851871
15516,34.851871
15517,34.850445
15518,34.850445
15519,34.850445
15520,34.850445
15521,34.850445
15522,34.850445
15523,34.850445
15524,34.850445
15525,34.850445
15526,34.850445
15527,34.850445
15528,34.850445
15529,34.850445
15530,34.850445
15531,34.850445
15532,34.851871
15533,34.851871
15534,34.851871
15535,34.851871
15536,34.851871
15537,34.851871
15538,34.851871
15539,34.851871
15540,34.851871
15541,34.851871
15542,34.851871
15543,34.851871
15544,34.851871
15545,34.851871
15546,34.851871
15547,34.851871
15548,34.851871
15549,34.851871
15550,34.851871
15551,34.851871
15552,34.851871
15553,34.851871
15554,34.851871
15555,34.851871
15556,34.851871
15557,34.851871
15558,34.851871
15559,34.851871
15560,34.851871
15561,34.851871
15562,34.851871
15563,34.851871
15564,34.851871
15565,34.851871
15566,34.851871
15567,34.851871
15568,34.851871
15569,34.851871
15570,34.851871
15571,34.851871
15572,34.561321
15573,34.561321
15574,34.561321
15575,34.561321
15576,34.561321
15577,34.561321
15578,34.561321
15579,34.561321
15580,34.561321
15581,34.561321
15582,34.561321
15583,34.561321
15584,34.561321
15585,34.561321
15586,34.561321
15587,34.554779
15588,34.530842
15589,34.131546
15590,34.167065
15591,34.207359
15592,34.207359
15593,34.207359
15594,34.207359
15595,34.207359
15596,34.207359
15597,34.287102
15598,34.268127
15599,34.307556
15600,34.307556
15601,34.307556
15602,34.307556
15603,34.317413
15604,34.317413
15605,34.317413
15606,34.317413
15607,34.317413
15608,34.317413
15609,34.324234
15610,34.324234
15611,34.324234
15612,34.324234
15613,NA
15614,NA
15615,NA
15616,NA
15617,NA
15618,NA
15619,34.259613
15620,34.259613
15621,34.525116
15622,34.593616
15623,34.593616
15624,34.593616
15625,34.593616
15626,34.584797
15627,34.824436
15628,34.78363
15629,34.78363
15630,34.716686
15631,34.760921
15632,34.760921
15633,34.760921
15634,34.760921
15635,34.716686
15636,34.716686
15637,34.716686
15638,34.655182
15639,34.655182
15640,34.634251
15641,34.386673
15642,34.313499
15643,34.268127
15644,34.268127
15645,34.244545
15646,34.416958
15647,34.416958
15648,34.416958
15649,NA
15650,34.259613
15651,34.870079
15652,34.863098
15653,34.863758
15654,34.85693
15655,34.85693
15656,34.85693
15657,34.85693
15658,34.859417
15659,34.859417
15660,34.859417
15661,33.421566
15662,33.421566
15663,33.421566
15664,33.421566
15665,33.421566
15666,33.428986
15667,33.427868
15668,33.427868
15669,33.427868
15670,33.427868
15671,33.427868
15672,33.427868
15673,33.427868
15674,33.421566
15675,33.421566
15676,33.421566
15677,33.421566
15678,33.421566
15679,33.4272
15680,33.4272
15681,33.4272
15682,33.4272
15683,33.4272
15684,33.4272
15685,33.4272
15686,33.4272
15687,33.4272
15688,33.4272
15689,33.4272
15690,33.4272
15691,33.4272
15692,33.4272
15693,33.4272
15694,33.4272
15695,33.4272
15696,33.4272
15697,33.4272
15698,33.4272
15699,33.4272
15700,33.4272
15701,33.4272
15702,33.4272
15703,33.4272
15704,33.4272
15705,33.429375
15706,33.429375
15707,33.429375
15708,33.429375
15709,33.429375
15710,33.47216
15711,33.47216
15712,33.47216
15713,33.47216
15714,33.47216
15715,33.47216
15716,33.429375
15717,33.429375
15718,33.428986
15719,33.428986
15720,33.505875
15721,33.505875
15722,33.505875
15723,33.505875
15724,33.505875
15725,33.496704
15726,33.496704
15727,33.496704
15728,33.496704
15729,33.496704
15730,33.496704
15731,33.496704
15732,33.496704
15733,33.496704
15734,33.496704
15735,33.496704
15736,33.496704
15737,33.496704
15738,33.496704
15739,33.496704
15740,33.496704
15741,33.496704
15742,33.496704
15743,33.496704
15744,33.496704
15745,33.496704
15746,33.496704
15747,33.496704
15748,33.496704
15749,33.496704
15750,33.496704
15751,33.496704
15752,33.496704
15753,33.496704
15754,33.496704
15755,33.496704
15756,33.496704
15757,33.496704
15758,33.496704
15759,33.496704
15760,33.496704
15761,33.496704
15762,33.496704
15763,33.496704
15764,33.496704
15765,33.496704
15766,33.496704
15767,33.496704
15768,33.496704
15769,33.496704
15770,33.496704
15771,33.481125
15772,33.481125
15773,33.468758
15774,33.468758
15775,33.468758
15776,33.468758
15777,33.461956
15778,33.461956
15779,33.461956
15780,33.461956
15781,33.461956
15782,33.461956
15783,33.461956
15784,33.461956
15785,33.461956
15786,33.461956
15787,33.461956
15788,33.461956
15789,33.461956
15790,33.461956
15791,33.461956
15792,33.461956
15793,33.461956
15794,33.461956
15795,33.461956
15796,33.461956
15797,33.461956
15798,33.457603
15799,33.461956
15800,33.461956
15801,33.461956
15802,33.461956
15803,33.4496
15804,33.4496
15805,33.4496
15806,33.4496
15807,33.4496
15808,33.4496
15809,33.4496
15810,33.4496
15811,33.4496
15812,33.4496
15813,33.4496
15814,33.436916
15815,33.433353
15816,33.433353
15817,33.433353
15818,33.433353
15819,33.433353
15820,33.433353
15821,33.433353
15822,33.433353
15823,33.443314
15824,33.443314
15825,33.443314
15826,33.443314
15827,33.443314
15828,33.443314
15829,33.443314
15830,33.443314
15831,33.442314
15832,33.442314
15833,33.442314
15834,33.442314
15835,33.442314
15836,33.442314
15837,33.442314
15838,33.442314
15839,33.442314
15840,33.442314
15841,33.442314
15842,33.432549
15843,33.432549
15844,33.432549
15845,33.432549
15846,33.432549
15847,33.432549
15848,33.432549
15849,33.432549
15850,33.432549
15851,33.432549
15852,33.432549
15853,33.432549
15854,33.432549
15855,33.432549
15856,33.432549
15857,33.436916
15858,33.436916
15859,33.436916
15860,33.436916
15861,33.436916
15862,33.436916
15863,33.508949
15864,33.535828
15865,33.562508
15866,33.562508
15867,33.562508
15868,33.562508
15869,33.58923
15870,33.682396
15871,33.826748
15872,33.60685
15873,33.60685
15874,33.60685
15875,33.880745
15876,33.880745
15877,33.535915
15878,33.484413
15879,33.484413
15880,33.484413
15881,33.484413
15882,33.484413
15883,33.463837
15884,33.463837
15885,33.470921
15886,33.470921
15887,33.470921
15888,33.470921
15889,33.470921
15890,33.470921
15891,33.470921
15892,33.470921
15893,33.47081
15894,33.47081
15895,33.47081
15896,33.47081
15897,33.492802
15898,33.559883
15899,33.596062
15900,33.583176
15901,33.583176
15902,33.583176
15903,33.583176
15904,33.583176
15905,33.583176
15906,33.583176
15907,33.583176
15908,33.583176
15909,33.583176
15910,33.583176
15911,33.583176
15912,33.596062
15913,33.596062
15914,33.596062
15915,33.596062
15916,33.596062
15917,33.612518
15918,33.568741
15919,33.568741
15920,33.568741
15921,33.568741
15922,33.583176
15923,33.54797
15924,33.54797
15925,33.54797
15926,33.54797
15927,33.54797
15928,33.54797
15929,33.522144
15930,33.522144
15931,33.522144
15932,33.52956
15933,33.52956
15934,33.52956
15935,33.52956
15936,33.52956
15937,33.52956
15938,33.52956
15939,33.52956
15940,33.589291
15941,33.589291
15942,33.589291
15943,33.589291
15944,33.589291
15945,33.623997
15946,33.606667
15947,33.581917
15948,33.581917
15949,33.581917
15950,33.581917
15951,33.566158
15952,33.566158
15953,33.566158
15954,33.566158
15955,33.566158
15956,33.566158
15957,33.566158
15958,33.566158
15959,33.51767
15960,33.51767
15961,33.51767
15962,33.51767
15963,33.51767
15964,33.51767
15965,33.540073
15966,33.540073
15967,33.540073
15968,33.540073
15969,33.540073
15970,33.540073
15971,33.540073
15972,33.540073
15973,33.540073
15974,33.540073
15975,33.540073
15976,33.508949
15977,33.559883
15978,33.559883
15979,33.559883
15980,33.559883
15981,33.559883
15982,33.559883
15983,33.559883
15984,33.559883
15985,33.559883
15986,33.559883
15987,33.5392
15988,33.5392
15989,33.527992
15990,33.527992
15991,33.527992
15992,33.527992
15993,33.527992
15994,33.527992
15995,33.527992
15996,33.527992
15997,33.527992
15998,33.527992
15999,33.527992
16000,33.515347
16001,33.515347
16002,33.515347
16003,33.515347
16004,33.515347
16005,33.515347
16006,33.515347
16007,33.515347
16008,33.515347
16009,33.515347
16010,33.515347
16011,33.515347
16012,33.515347
16013,33.515347
16014,33.515347
16015,33.515347
16016,33.515347
16017,33.515347
16018,33.515347
16019,33.515347
16020,33.515347
16021,33.477818
16022,33.477818
16023,33.477818
16024,33.477818
16025,33.477818
16026,33.477818
16027,33.492802
16028,33.492802
16029,33.492802
16030,33.559689
16031,33.711628
16032,33.711628
16033,33.711628
16034,33.729725
16035,33.729725
16036,33.729725
16037,34.054924
16038,33.746376
16039,33.746376
16040,33.746376
16041,33.746376
16042,33.746376
16043,33.746376
16044,33.746376
16045,33.746376
16046,33.746376
16047,33.746376
16048,33.746376
16049,33.746376
16050,33.746376
16051,33.746376
16052,33.729725
16053,33.729725
16054,33.729725
16055,33.729725
16056,33.746376
16057,33.734219
16058,33.734219
16059,33.734219
16060,34.037529
16061,33.627625
16062,33.627625
16063,33.627625
16064,33.627625
16065,33.627625
16066,33.627625
16067,33.627625
16068,33.627625
16069,33.627625
16070,33.627625
16071,33.627625
16072,33.627625
16073,33.627625
16074,33.627625
16075,33.627625
16076,33.627625
16077,33.627625
16078,33.627625
16079,33.627625
16080,33.627625
16081,33.627625
16082,33.627625
16083,33.636265
16084,33.636265
16085,33.636265
16086,33.636265
16087,33.636265
16088,33.636265
16089,33.636265
16090,33.636265
16091,33.645901
16092,33.645901
16093,33.645901
16094,33.645901
16095,33.657017
16096,33.657017
16097,33.691311
16098,33.691311
16099,33.684547
16100,33.684547
16101,33.684547
16102,33.684547
16103,33.662472
16104,33.662472
16105,33.654591
16106,33.654591
16107,33.654591
16108,33.654591
16109,33.654591
16110,33.654591
16111,33.654591
16112,33.694149
16113,33.694149
16114,33.694149
16115,33.694149
16116,33.998158
16117,33.998158
16118,33.654266
16119,33.654266
16120,33.654266
16121,33.654266
16122,33.654266
16123,33.654266
16124,33.654266
16125,33.654266
16126,33.654266
16127,33.636436
16128,33.636436
16129,33.636436
16130,33.636436
16131,33.636436
16132,33.636436
16133,33.599121
16134,33.599121
16135,33.599121
16136,33.599121
16137,33.599121
16138,33.599121
16139,33.599121
16140,33.599121
16141,33.599121
16142,33.599121
16143,33.599121
16144,33.599121
16145,33.599121
16146,33.604046
16147,33.604046
16148,33.604046
16149,33.616741
16150,33.616741
16151,33.616741
16152,33.616741
16153,33.616741
16154,33.595261
16155,33.595261
16156,33.595261
16157,33.595261
16158,33.595261
16159,33.595261
16160,33.595261
16161,33.595261
16162,33.595261
16163,33.600742
16164,33.600742
16165,33.600742
16166,33.600742
16167,33.600742
16168,33.600742
16169,33.600742
16170,33.600742
16171,33.600742
16172,33.600742
16173,33.600742
16174,33.600742
16175,33.600742
16176,33.600742
16177,33.593422
16178,33.593422
16179,33.593422
16180,33.593422
16181,33.593422
16182,33.593422
16183,33.593422
16184,33.593422
16185,33.593422
16186,33.593422
16187,33.593422
16188,33.593422
16189,33.574646
16190,33.574646
16191,33.566177
16192,33.566177
16193,33.566177
16194,33.566177
16195,33.566177
16196,33.566177
16197,33.566177
16198,33.566177
16199,33.566177
16200,33.554623
16201,33.554623
16202,33.55624
16203,33.55624
16204,33.55624
16205,33.55624
16206,33.615124
16207,33.615124
16208,33.615124
16209,33.615124
16210,33.615124
16211,33.615124
16212,33.615124
16213,33.610676
16214,33.610676
16215,33.610676
16216,33.610676
16217,33.610676
16218,33.610676
16219,33.610676
16220,33.610676
16221,33.610676
16222,33.610676
16223,33.610676
16224,33.610676
16225,33.598831
16226,33.598831
16227,33.598831
16228,33.589638
16229,33.567322
16230,33.56181
16231,33.56181
16232,33.56181
16233,33.56181
16234,33.56181
16235,33.56181
16236,33.56181
16237,33.56181
16238,33.56181
16239,33.56181
16240,33.56181
16241,33.56181
16242,33.56181
16243,33.56181
16244,33.56181
16245,33.56181
16246,33.56181
16247,33.573357
16248,33.573357
16249,33.573357
16250,33.573357
16251,33.573357
16252,33.573357
16253,33.573357
16254,33.573357
16255,33.573357
16256,33.573357
16257,33.573357
16258,33.572544
16259,33.572544
16260,33.572544
16261,33.572544
16262,33.572544
16263,33.572544
16264,33.572544
16265,33.58054
16266,33.58054
16267,33.58054
16268,33.58054
16269,33.58054
16270,33.58054
16271,33.58054
16272,33.58054
16273,33.58054
16274,33.631023
16275,33.613747
16276,33.613747
16277,33.613747
16278,33.613747
16279,33.613747
16280,33.631023
16281,33.631023
16282,33.631023
16283,33.631023
16284,33.631023
16285,33.631023
16286,33.631023
16287,33.613747
16288,33.613747
16289,33.613747
16290,33.631023
16291,33.631023
16292,33.631023
16293,33.631023
16294,33.631023
16295,33.631023
16296,33.613747
16297,33.613747
16298,33.613747
16299,33.613747
16300,33.613747
16301,33.613747
16302,33.613747
16303,33.655731
16304,33.655731
16305,33.655731
16306,33.655731
16307,33.655731
16308,33.594002
16309,33.594002
16310,33.594002
16311,33.594002
16312,33.594002
16313,33.594002
16314,33.594002
16315,33.594002
16316,33.594002
16317,33.594002
16318,33.594002
16319,33.594002
16320,33.594002
16321,33.594002
16322,33.594002
16323,33.594002
16324,33.594002
16325,33.594002
16326,33.594002
16327,33.594002
16328,33.594002
16329,33.594002
16330,33.594002
16331,33.594002
16332,33.594002
16333,33.594002
16334,33.594002
16335,33.628563
16336,33.603333
16337,33.603333
16338,33.603333
16339,33.603333
16340,33.603333
16341,33.603333
16342,33.603333
16343,33.610695
16344,33.610695
16345,33.610695
16346,33.610695
16347,33.610695
16348,33.610695
16349,33.610695
16350,33.62085
16351,33.62085
16352,33.62085
16353,33.62085
16354,33.62085
16355,33.62085
16356,33.62085
16357,33.62085
16358,33.62085
16359,33.62085
16360,33.642246
16361,33.642246
16362,33.642246
16363,33.674744
16364,33.674744
16365,33.628563
16366,33.628563
16367,33.628563
16368,33.65395
16369,33.65395
16370,33.65395
16371,33.614418
16372,33.614418
16373,33.614418
16374,33.614418
16375,33.614418
16376,33.614418
16377,33.614418
16378,33.614418
16379,33.599136
16380,33.599136
16381,33.599136
16382,33.599136
16383,33.599136
16384,33.599136
16385,33.599136
16386,33.610695
16387,33.610695
16388,33.610695
16389,33.610695
16390,33.610695
16391,33.610695
16392,33.610695
16393,33.610695
16394,33.610695
16395,33.610695
16396,33.610695
16397,33.610695
16398,33.610695
16399,33.610695
16400,33.610695
16401,33.610695
16402,33.610695
16403,33.610695
16404,33.610695
16405,33.610695
16406,33.610695
16407,33.610695
16408,33.610695
16409,33.610695
16410,33.610695
16411,33.610695
16412,33.610695
16413,33.610695
16414,33.610695
16415,33.610695
16416,33.610695
16417,33.610695
16418,33.610695
16419,33.610695
16420,33.610695
16421,33.610695
16422,33.610695
16423,33.610695
16424,33.610695
16425,33.610695
16426,33.610695
16427,33.610695
16428,33.610695
16429,33.610695
16430,33.610695
16431,33.610695
16432,33.610695
16433,33.610695
16434,33.610695
16435,33.610695
16436,33.610695
16437,33.610695
16438,33.610695
16439,33.610695
16440,33.610695
16441,33.610695
16442,33.610695
16443,33.610695
16444,33.610695
16445,33.610695
16446,33.610695
16447,33.610695
16448,33.610695
16449,33.610695
16450,33.610695
16451,33.610695
16452,33.610695
16453,33.610695
16454,33.610695
16455,33.610695
16456,33.610695
16457,33.610695
16458,33.610695
16459,33.610695
16460,33.610695
16461,33.610695
16462,33.610695
16463,33.610695
16464,33.610695
16465,33.610695
16466,33.610695
16467,33.610695
16468,33.610695
16469,33.610695
16470,33.610695
16471,33.610695
16472,33.610695
16473,33.610695
16474,33.610695
16475,33.610695
16476,33.610695
16477,33.610695
16478,33.610695
16479,33.610695
16480,33.610695
16481,33.610695
16482,33.610695
16483,33.610695
16484,33.610695
16485,33.610695
16486,33.610695
16487,33.610695
16488,33.610695
16489,33.610695
16490,33.610695
16491,33.610695
16492,33.610695
16493,33.610695
16494,33.610695
16495,33.610695
16496,33.610695
16497,33.610695
16498,33.610695
16499,33.610695
16500,33.610695
16501,33.610695
16502,33.610695
16503,33.610695
16504,33.610695
16505,33.610695
16506,33.610695
16507,33.610695
16508,33.610695
16509,33.610695
16510,33.610695
16511,33.610695
16512,33.610695
16513,33.610695
16514,33.610695
16515,33.610695
16516,33.610695
16517,33.610695
16518,33.610695
16519,33.610695
16520,33.610695
16521,33.610695
16522,33.610695
16523,33.610695
16524,33.610695
16525,33.610695
16526,33.610695
16527,33.610695
16528,33.610695
16529,33.610695
16530,33.610695
16531,33.610695
16532,33.610695
16533,33.610695
16534,33.610695
16535,33.610695
16536,33.610695
16537,33.610695
16538,33.610695
16539,33.610695
16540,33.610695
16541,33.610695
16542,33.610695
16543,33.610695
16544,33.610695
16545,33.610695
16546,33.610695
16547,33.610695
16548,33.610695
16549,33.610695
16550,33.610695
16551,33.610695
16552,33.610695
16553,33.610695
16554,33.610695
16555,33.610695
16556,33.610695
16557,33.610695
16558,33.610695
16559,33.610695
16560,33.610695
16561,33.610695
16562,33.610695
16563,33.610695
16564,33.610695
16565,33.610695
16566,33.610695
16567,33.610695
16568,33.610695
16569,33.610695
16570,33.610695
16571,33.610695
16572,33.610695
16573,33.610695
16574,33.610695
16575,33.610695
16576,33.610695
16577,33.610695
16578,33.610695
16579,33.610695
16580,33.610695
16581,33.610695
16582,33.610695
16583,33.610695
16584,33.610695
16585,33.610695
16586,33.610695
16587,33.610695
16588,33.610695
16589,33.610695
16590,33.610695
16591,33.610695
16592,33.610695
16593,33.610695
16594,33.610695
16595,33.610695
16596,33.610695
16597,33.610695
16598,33.610695
16599,33.610695
16600,33.610695
16601,33.610695
16602,33.610695
16603,33.610695
16604,33.610695
16605,33.610695
16606,33.610695
16607,33.610695
16608,33.610695
16609,33.610695
16610,33.610695
16611,33.610695
16612,33.610695
16613,33.610695
16614,33.610695
16615,33.610695
16616,33.610695
16617,33.610695
16618,33.610695
16619,33.610695
16620,33.610695
16621,33.610695
16622,33.610695
16623,33.610695
16624,33.610695
16625,33.610695
16626,33.610695
16627,33.610695
16628,33.610695
16629,33.610695
16630,33.610695
16631,33.610695
16632,33.610695
16633,33.610695
16634,33.610695
16635,33.610695
16636,33.610695
16637,33.610695
16638,33.610695
16639,33.610695
16640,33.610695
16641,33.610695
16642,33.610695
16643,33.610695
16644,33.610695
16645,33.610695
16646,33.610695
16647,34.468983
16648,34.468983
16649,34.468983
16650,34.468983
16651,34.468983
16652,34.468983
16653,34.468983
16654,34.468983
16655,34.468983
16656,34.468983
16657,NA
16658,NA
16659,NA
16660,NA
16661,NA
16662,34.468983
16663,34.468983
16664,34.468983
16665,NA
16666,NA
16667,NA
16668,NA
16669,NA
16670,NA
16671,34.468983
16672,34.468983
16673,34.468983
16674,34.480949
16675,34.480949
16676,34.465137
16677,34.465137
16678,34.465137
16679,34.465137
16680,34.465137
16681,34.465137
16682,34.465137
16683,34.465137
16684,34.465137
16685,34.465137
16686,34.465137
16687,34.465137
16688,34.505886
16689,34.505886
16690,34.505886
16691,34.505886
16692,34.505886
16693,34.505886
16694,34.505886
16695,34.505886
16696,34.505886
16697,34.505886
16698,34.505886
16699,34.486248
16700,34.486248
16701,34.486248
16702,34.486248
16703,34.486248
16704,34.486248
16705,34.486248
16706,34.486248
16707,NA
16708,NA
16709,NA
16710,NA
16711,NA
16712,NA
16713,NA
16714,NA
16715,NA
16716,NA
16717,NA
16718,NA
16719,NA
16720,NA
16721,NA
16722,NA
16723,NA
16724,NA
16725,NA
16726,NA
16727,NA
16728,NA
16729,NA
16730,NA
16731,NA
16732,NA
16733,NA
16734,NA
16735,NA
16736,NA
16737,NA
16738,NA
16739,NA
16740,NA
16741,NA
16742,NA
16743,NA
16744,34.459015
16745,34.459015
16746,34.465137
16747,34.465137
16748,34.465137
16749,34.465137
16750,34.465137
16751,34.465137
16752,34.465137
16753,34.465137
16754,34.465137
16755,34.465137
16756,34.465137
16757,34.465137
16758,34.465137
16759,34.465137
16760,34.465137
16761,34.465137
16762,34.465137
16763,34.465137
16764,34.465137
16765,34.465137
16766,34.465137
16767,34.465137
16768,34.465137
16769,34.465137
16770,34.465137
16771,34.465137
16772,34.465137
16773,34.465137
16774,34.465137
16775,34.465137
16776,34.465137
16777,34.465137
16778,34.465137
16779,34.465137
16780,34.465137
16781,34.465137
16782,34.465137
16783,34.465137
16784,34.465137
16785,34.465137
16786,34.465137
16787,34.465137
16788,34.465137
16789,34.465137
16790,34.465137
16791,34.465137
16792,34.465137
16793,34.465137
16794,34.465137
16795,34.465137
16796,34.465137
16797,34.465137
16798,34.465137
16799,34.465137
16800,34.465137
16801,34.465137
16802,34.465137
16803,34.465137
16804,34.465137
16805,34.465137
16806,34.465137
16807,34.465137
16808,34.465137
16809,34.465137
16810,34.457695
16811,34.457695
16812,34.457695
16813,34.457695
16814,34.467861
16815,34.467861
16816,34.467861
16817,34.467861
16818,34.467861
16819,34.467861
16820,34.467861
16821,34.480949
16822,34.480949
16823,34.480949
16824,34.504269
16825,34.504269
16826,34.504269
16827,34.504269
16828,34.504269
16829,34.504269
16830,34.504269
16831,34.504269
16832,34.504269
16833,34.504269
16834,34.519855
16835,34.519855
16836,34.519855
16837,34.519855
16838,34.494404
16839,34.494404
16840,34.494404
16841,34.494404
16842,34.494404
16843,34.494404
16844,34.494404
16845,34.494404
16846,34.494404
16847,34.494404
16848,34.494404
16849,34.494404
16850,34.494404
16851,34.471661
16852,34.471661
16853,34.471661
16854,34.471661
16855,34.471661
16856,34.471661
16857,34.471661
16858,34.471661
16859,34.471661
16860,34.471661
16861,34.471661
16862,34.471661
16863,34.471661
16864,34.490009
16865,34.490009
16866,34.490009
16867,34.490009
16868,34.490009
16869,34.490009
16870,34.490009
16871,34.490009
16872,34.494404
16873,34.494404
16874,34.494404
16875,34.494404
16876,34.494404
16877,34.494404
16878,34.494404
16879,34.494404
16880,34.494404
16881,34.494404
16882,34.494404
16883,34.494404
16884,34.494404
16885,34.494404
16886,34.494404
16887,34.494404
16888,34.494404
16889,34.494404
16890,34.494404
16891,34.494404
16892,34.494404
16893,34.510468
16894,34.495251
16895,34.495251
16896,34.495251
16897,34.495251
16898,34.495251
16899,34.495251
16900,34.495251
16901,34.495251
16902,34.474609
16903,34.474609
16904,34.474609
16905,34.474609
16906,34.474609
16907,34.474609
16908,34.474609
16909,34.474609
16910,34.474609
16911,34.474609
16912,34.474609
16913,34.474609
16914,34.474609
16915,34.474609
16916,34.474609
16917,34.474609
16918,34.474609
16919,34.474609
16920,34.474609
16921,34.474609
16922,34.474609
16923,34.474609
16924,34.474609
16925,34.474609
16926,34.474609
16927,34.474609
16928,34.474609
16929,34.474609
16930,34.474609
16931,34.474609
16932,34.474609
16933,34.474609
16934,34.474609
16935,34.474609
16936,34.474609
16937,34.474609
16938,34.474609
16939,34.474609
16940,34.474609
16941,34.474609
16942,34.474609
16943,34.474609
16944,34.474609
16945,34.474609
16946,34.474609
16947,34.447903
16948,34.447903
16949,34.447903
16950,34.447903
16951,34.447903
16952,34.447903
16953,34.447903
16954,34.447903
16955,34.447903
16956,34.447903
16957,34.447903
16958,34.447903
16959,34.447903
16960,34.447903
16961,34.447903
16962,34.447903
16963,34.447903
16964,34.447903
16965,34.447903
16966,34.447903
16967,34.447903
16968,34.447903
16969,34.447903
16970,34.43174
16971,34.43174
16972,34.43174
16973,34.43174
16974,34.43174
16975,34.43174
16976,34.43174
16977,34.43174
16978,34.43174
16979,34.43174
16980,34.43174
16981,34.43174
16982,34.43174
16983,34.43174
16984,34.43174
16985,34.43174
16986,34.43174
16987,34.43174
16988,34.43174
16989,34.43174
16990,34.43174
16991,34.43174
16992,34.43174
16993,34.43174
16994,34.43174
16995,34.43174
16996,34.43174
16997,34.43174
16998,34.43174
16999,34.43174
17000,34.43174
17001,34.43174
17002,34.43174
17003,34.43174
17004,34.43174
17005,34.43174
17006,34.448429
17007,34.448429
17008,34.448429
17009,34.448429
17010,34.448429
17011,34.448429
17012,34.43174
17013,34.43174
17014,34.43174
17015,34.43174
17016,34.43174
17017,34.43174
17018,34.43174
17019,34.43174
17020,34.43174
17021,34.43174
17022,34.43174
17023,34.43174
17024,34.43174
17025,34.43174
17026,34.43174
17027,34.43174
17028,34.43174
17029,34.448429
17030,34.448429
17031,34.448429
17032,34.448429
17033,34.448429
17034,34.448429
17035,34.448429
17036,34.448429
17037,34.448429
17038,34.448429
17039,34.448429
17040,34.448429
17041,34.448429
17042,34.448429
17043,34.448429
17044,34.448429
17045,34.448429
17046,34.471661
17047,34.471661
17048,34.471661
17049,34.471661
17050,34.471661
17051,34.471661
17052,34.471661
17053,34.471661
17054,34.471661
17055,34.471661
17056,34.471661
17057,34.471661
17058,34.471661
17059,34.495071
17060,34.495071
17061,34.495071
17062,34.495071
17063,34.495071
17064,34.495071
17065,34.495071
17066,34.495071
17067,34.495071
17068,34.495071
17069,34.495071
17070,34.495071
17071,34.495071
17072,34.495071
17073,34.495071
17074,34.495071
17075,34.495071
17076,34.495071
17077,34.495071
17078,34.490009
17079,34.490009
17080,34.471661
17081,34.471661
17082,34.471661
17083,34.471661
17084,34.471661
17085,34.471661
17086,34.471661
17087,34.471661
17088,34.471661
17089,34.471661
17090,34.471661
17091,34.471661
17092,34.471661
17093,34.471661
17094,34.471661
17095,34.471661
17096,34.495251
17097,34.495251
17098,34.495251
17099,34.495251
17100,34.495251
17101,34.495251
17102,34.495251
17103,34.495251
17104,34.495251
17105,34.495251
17106,34.495251
17107,34.495251
17108,34.495251
17109,34.495251
17110,34.495251
17111,34.495251
17112,34.495251
17113,34.495251
17114,34.495251
17115,34.495251
17116,34.495071
17117,34.495071
17118,34.495071
17119,34.495071
17120,34.495071
17121,34.495071
17122,34.495071
17123,34.068638
17124,34.068638
17125,34.068638
17126,34.068638
17127,34.068638
17128,34.068638
17129,34.068638
17130,34.068638
17131,34.068638
17132,34.068638
17133,34.068638
17134,34.068638
17135,34.068638
17136,34.068638
17137,34.068638
17138,34.068638
17139,34.068638
17140,34.068638
17141,34.068638
17142,34.068638
17143,34.068638
17144,34.068638
17145,34.068638
17146,34.068638
17147,34.068638
17148,34.068638
17149,34.068638
17150,34.068638
17151,34.068638
17152,34.068638
17153,34.068638
17154,34.068638
17155,34.068638
17156,34.068638
17157,34.068638
17158,34.068638
17159,34.068638
17160,34.068638
17161,34.068638
17162,34.068638
17163,34.068638
17164,34.068638
17165,34.068638
17166,34.068638
17167,34.068638
17168,34.068638
17169,34.068638
17170,34.068638
17171,34.068638
17172,34.068638
17173,34.068638
17174,34.068638
17175,34.068638
17176,34.068638
17177,34.068638
17178,34.068638
17179,34.068638
17180,34.068638
17181,34.068638
17182,34.068638
17183,34.068638
17184,34.068638
17185,34.068638
17186,34.068638
17187,34.068638
17188,34.068638
17189,34.068638
17190,34.068638
17191,33.973724
17192,33.973724
17193,33.973724
17194,33.973724
17195,33.973724
17196,33.973724
17197,33.973724
17198,33.973724
17199,33.973724
17200,33.973724
17201,33.973724
17202,33.973724
17203,33.973724
17204,33.973724
17205,33.973724
17206,33.973724
17207,33.973724
17208,33.973724
17209,33.973724
17210,33.973724
17211,33.973724
17212,33.973724
17213,33.973724
17214,33.973724
17215,33.973724
17216,33.973724
17217,33.973724
17218,33.973724
17219,33.973724
17220,33.973724
17221,33.943455
17222,33.943455
17223,33.943455
17224,33.943455
17225,33.943455
17226,33.943455
17227,33.943455
17228,33.943455
17229,33.943455
17230,33.943455
17231,33.953285
17232,33.953285
17233,33.953285
17234,33.953285
17235,33.953285
17236,33.953285
17237,33.953285
17238,33.953285
17239,33.953285
17240,33.953285
17241,34.318947
17242,34.318947
17243,34.318947
17244,34.318947
17245,34.318947
17246,34.318947
17247,34.318947
17248,34.318947
17249,34.318947
17250,34.318947
17251,34.318947
17252,34.318947
17253,34.318947
17254,34.318947
17255,34.318947
17256,34.318947
17257,34.318947
17258,34.318947
17259,34.318947
17260,34.318947
17261,34.318947
17262,34.318947
17263,34.318947
17264,34.318947
17265,34.318947
17266,34.318947
17267,34.318947
17268,34.318947
17269,34.318947
17270,34.318947
17271,34.318947
17272,34.318947
17273,34.318947
17274,34.318947
17275,34.318947
17276,34.318947
17277,34.318947
17278,34.318947
17279,34.318947
17280,34.318947
17281,34.318947
17282,34.318947
17283,34.318947
17284,34.318947
17285,34.318947
17286,34.318947
17287,34.318947
17288,34.318947
17289,34.318947
17290,34.318947
17291,34.318947
17292,34.318947
17293,34.318947
17294,34.318947
17295,34.318947
17296,34.318947
17297,34.318947
17298,34.318947
17299,34.318947
17300,34.318947
17301,34.318947
17302,34.318947
17303,34.318947
17304,34.318947
17305,34.318947
17306,34.318947
17307,34.318947
17308,34.318947
17309,34.318947
17310,34.318947
17311,34.318947
17312,34.318947
17313,34.318947
17314,34.318947
17315,34.318947
17316,34.318947
17317,34.318947
17318,34.318947
17319,34.318947
17320,34.318947
17321,34.318947
17322,34.318947
17323,34.318947
17324,34.318947
17325,34.318947
17326,34.318947
17327,34.318947
17328,34.318947
17329,34.318947
17330,34.318947
17331,34.318947
17332,34.318947
17333,34.318947
17334,34.318947
17335,34.318947
17336,34.318947
17337,34.31213
17338,34.31213
17339,34.31213
17340,34.31213
17341,34.31213
17342,34.31213
17343,34.31213
17344,34.31213
17345,34.31213
17346,34.31213
17347,34.31213
17348,34.31213
17349,34.31213
17350,34.390373
17351,34.368477
17352,34.368477
17353,34.368477
17354,34.368477
17355,34.31213
17356,34.31213
17357,34.31213
17358,34.31213
17359,34.31213
17360,34.31213
17361,34.31213
17362,34.31213
17363,34.31213
17364,34.31213
17365,34.31213
17366,34.31213
17367,34.31213
17368,34.31213
17369,34.31213
17370,34.31213
17371,34.31213
17372,34.31213
17373,34.31213
17374,34.31213
17375,34.31213
17376,34.31213
17377,34.31213
17378,34.31213
17379,34.31213
17380,34.31213
17381,34.303371
17382,34.303371
17383,34.303371
17384,34.303371
17385,34.303371
17386,34.303371
17387,34.303371
17388,34.303371
17389,34.303371
17390,34.303371
17391,NA
17392,33.939342
17393,33.939342
17394,33.939342
17395,33.939342
17396,33.939342
17397,33.939342
17398,33.939342
17399,33.939342
17400,33.939342
17401,NA
17402,NA
17403,NA
17404,NA
17405,NA
17406,NA
17407,NA
17408,NA
17409,NA
17410,NA
17411,NA
17412,NA
17413,NA
17414,NA
17415,NA
17416,NA
17417,NA
17418,NA
17419,NA
17420,NA
17421,NA
17422,NA
17423,NA
17424,NA
17425,NA
17426,NA
17427,NA
17428,NA
17429,NA
17430,NA
17431,NA
17432,NA
17433,NA
17434,NA
17435,NA
17436,NA
17437,NA
17438,NA
17439,NA
17440,NA
17441,NA
17442,NA
17443,NA
17444,NA
17445,NA
17446,NA
17447,NA
17448,NA
17449,NA
17450,NA
17451,NA
17452,NA
17453,NA
17454,NA
17455,NA
17456,NA
17457,NA
17458,NA
17459,NA
17460,33.939342
17461,33.939342
17462,33.939342
17463,33.939342
17464,33.939342
17465,33.939342
17466,33.939342
17467,33.939342
17468,33.939342
17469,NA
17470,NA
17471,NA
17472,NA
17473,NA
17474,33.939342
17475,33.939342
17476,33.939342
17477,33.939342
17478,33.939342
17479,33.939342
17480,33.939342
17481,33.939342
17482,33.939342
17483,33.939342
17484,NA
17485,NA
17486,33.939342
17487,33.939342
17488,33.939342
17489,33.939342
17490,NA
17491,NA
17492,NA
17493,NA
17494,NA
17495,NA
17496,NA
17497,NA
17498,NA
17499,NA
17500,NA
17501,NA
17502,NA
17503,NA
17504,NA
17505,NA
17506,NA
17507,NA
17508,NA
17509,NA
17510,NA
17511,NA
17512,33.898937
17513,NA
17514,NA
17515,NA
17516,NA
17517,NA
17518,NA
17519,NA
17520,33.921932
17521,33.921932
17522,33.921932
17523,33.921932
17524,33.921932
17525,33.922077
17526,33.922077
17527,33.922077
17528,33.922077
17529,33.922077
17530,33.922077
17531,33.922077
17532,33.922077
17533,33.922077
17534,33.922077
17535,33.922077
17536,33.922077
17537,33.922077
17538,33.922077
17539,33.922077
17540,33.922077
17541,33.922077
17542,33.922077
17543,33.922077
17544,33.922077
17545,33.922077
17546,33.922077
17547,33.922077
17548,33.922077
17549,33.922077
17550,33.922077
17551,33.922077
17552,33.922077
17553,33.922077
17554,33.922077
17555,33.922077
17556,33.922077
17557,33.922077
17558,33.922077
17559,33.973724
17560,33.973724
17561,33.973724
17562,33.884689
17563,33.884689
17564,33.884689
17565,33.884689
17566,33.884689
17567,33.884689
17568,33.884689
17569,33.884689
17570,33.884689
17571,33.884689
17572,33.884689
17573,33.906147
17574,33.906147
17575,33.906147
17576,33.906147
17577,33.906147
17578,33.906147
17579,33.906147
17580,33.906147
17581,33.906147
17582,33.906147
17583,33.906147
17584,33.906147
17585,33.906147
17586,33.906147
17587,33.906147
17588,33.906147
17589,33.906147
17590,33.906147
17591,33.906147
17592,33.906147
17593,33.906147
17594,33.906147
17595,33.906147
17596,33.906147
17597,33.906147
17598,33.906147
17599,33.906147
17600,33.906147
17601,33.906147
17602,33.906147
17603,33.906147
17604,33.906147
17605,33.827148
17606,33.827148
17607,33.827148
17608,33.827148
17609,33.827148
17610,33.827148
17611,33.827148
17612,33.827148
17613,33.854347
17614,33.854347
17615,33.854347
17616,33.854347
17617,33.854347
17618,33.860847
17619,33.860847
17620,33.860847
17621,33.860847
17622,33.860847
17623,33.860847
17624,33.860847
17625,33.860847
17626,33.860847
17627,33.893143
17628,33.893143
17629,33.893143
17630,33.893143
17631,33.893143
17632,33.893143
17633,33.893143
17634,33.893143
17635,33.893143
17636,33.893143
17637,33.893143
17638,33.893143
17639,33.893143
17640,33.893143
17641,34.042587
17642,34.042587
17643,34.099407
17644,34.099407
17645,34.060688
17646,34.060688
17647,34.060688
17648,34.060688
17649,34.060688
17650,34.060688
17651,34.060688
17652,34.060688
17653,34.060688
17654,34.060688
17655,34.060688
17656,34.060688
17657,34.060688
17658,34.060688
17659,34.060688
17660,34.060688
17661,34.052441
17662,34.052441
17663,34.052441
17664,34.052441
17665,34.052441
17666,34.052441
17667,34.052441
17668,34.052441
17669,33.973724
17670,33.973724
17671,33.973724
17672,33.921932
17673,33.921932
17674,33.921932
17675,33.921932
17676,33.921932
17677,33.921932
17678,33.921932
17679,33.921932
17680,33.921932
17681,33.921932
17682,33.921932
17683,33.921932
17684,33.921932
17685,33.921932
17686,33.921932
17687,33.921932
17688,33.921932
17689,33.921932
17690,33.921932
17691,33.921932
17692,33.921932
17693,33.921932
17694,33.921932
17695,33.921932
17696,33.921932
17697,33.921932
17698,33.921932
17699,33.921932
17700,33.921932
17701,33.921932
17702,33.921932
17703,33.921932
17704,33.921932
17705,33.921932
17706,33.921932
17707,33.921932
17708,33.921932
17709,33.921932
17710,33.921932
17711,33.921932
17712,33.921932
17713,33.921932
17714,33.921932
17715,33.921932
17716,33.921932
17717,33.921932
17718,33.921932
17719,33.922077
17720,33.922077
17721,33.922077
17722,33.922077
17723,33.922077
17724,33.922077
17725,33.922077
17726,33.922077
17727,33.922077
17728,33.922077
17729,33.922077
17730,33.922077
17731,33.922077
17732,33.922077
17733,33.922077
17734,33.922077
17735,33.922077
17736,33.922077
17737,33.922077
17738,34.415371
17739,34.415371
17740,34.415371
17741,34.415371
17742,34.415371
17743,34.415371
17744,34.415371
17745,34.415371
17746,34.415371
17747,34.415371
17748,34.415371
17749,34.415371
17750,34.415371
17751,34.415371
17752,34.415371
17753,34.415371
17754,34.415371
17755,34.415371
17756,34.415371
17757,34.415371
17758,34.415371
17759,34.415371
17760,34.415371
17761,34.415371
17762,34.415371
17763,34.415371
17764,34.415371
17765,34.401791
17766,34.401791
17767,34.401791
17768,34.401791
17769,34.401791
17770,34.38385
17771,34.38385
17772,34.38385
17773,34.38385
17774,34.38385
17775,34.38385
17776,34.38385
17777,34.38385
17778,34.38385
17779,34.18795
17780,34.18795
17781,34.18795
17782,34.18795
17783,34.18795
17784,34.18795
17785,34.18795
17786,34.18795
17787,27.588577
17788,33.574646
17789,33.574646
17790,33.578712
17791,33.586964
17792,33.580956
17793,33.580956
17794,33.580956
17795,33.580956
17796,33.574646
17797,33.574646
17798,33.574646
17799,33.574646
17800,33.57085
17801,33.57085
17802,33.57085
17803,33.57085
17804,33.57085
17805,33.57085
17806,33.57085
17807,33.57085
17808,33.57085
17809,33.56073
17810,33.56073
17811,33.56073
17812,33.56073
17813,33.56073
17814,33.56073
17815,33.56073
17816,33.56073
17817,33.56073
17818,33.604046
17819,33.604046
17820,33.604046
17821,33.604046
17822,33.604046
17823,33.604046
17824,33.604046
17825,33.604046
17826,33.604046
17827,33.604046
17828,33.604046
17829,33.604046
17830,33.604046
17831,33.604046
17832,33.604046
17833,33.604046
17834,33.604046
17835,33.604046
17836,33.604046
17837,33.604046
17838,33.604046
17839,33.604046
17840,33.604046
17841,33.604046
17842,33.604046
17843,33.604046
17844,33.604046
17845,33.604046
17846,33.604046
17847,33.604046
17848,33.604046
17849,33.604046
17850,33.604046
17851,33.604046
17852,33.604046
17853,33.604046
17854,33.604046
17855,33.604046
17856,33.604046
17857,33.604046
17858,33.604046
17859,33.604046
17860,33.604046
17861,33.604046
17862,33.604046
17863,33.604046
17864,33.604046
17865,33.604046
17866,33.604046
17867,33.604046
17868,33.604046
17869,33.604046
17870,33.604046
17871,33.604046
17872,33.604046
17873,33.604046
17874,33.604046
17875,33.604046
17876,33.604046
17877,33.604046
17878,33.604046
17879,33.604046
17880,33.604046
17881,33.604046
17882,33.604046
17883,33.604046
17884,33.604046
17885,33.604046
17886,33.604046
17887,33.623409
17888,33.623409
17889,33.623409
17890,33.623409
17891,33.623409
17892,33.623409
17893,33.623409
17894,33.623409
17895,33.623409
17896,33.623409
17897,33.623409
17898,33.623409
17899,33.623409
17900,33.623409
17901,33.623409
17902,33.623409
17903,33.623409
17904,33.623409
17905,33.623409
17906,33.623409
17907,33.623409
17908,33.623409
17909,33.623409
17910,33.623409
17911,33.623409
17912,33.623409
17913,33.600742
17914,33.600742
17915,33.600742
17916,33.600742
17917,33.600742
17918,33.623409
17919,33.600742
17920,33.600742
17921,33.600742
17922,33.600742
17923,33.600742
17924,33.600742
17925,33.600742
17926,33.600742
17927,33.600742
17928,33.600742
17929,33.600742
17930,33.600742
17931,33.600742
17932,33.600742
17933,33.600742
17934,33.600742
17935,33.600742
17936,33.600742
17937,33.600742
17938,33.623409
17939,33.623409
17940,33.623409
17941,33.623409
17942,33.623409
17943,33.623409
17944,33.623409
17945,33.623409
17946,33.623409
17947,33.623409
17948,33.623409
17949,33.623409
17950,33.623409
17951,33.623409
17952,33.623409
17953,33.623409
17954,33.623409
17955,33.623409
17956,33.623409
17957,33.623409
17958,33.623409
17959,33.623409
17960,33.623409
17961,33.623409
17962,33.623409
17963,33.623409
17964,33.623409
17965,33.623409
17966,33.623409
17967,33.629646
17968,33.629646
17969,33.629646
17970,33.629646
17971,33.629646
17972,33.629646
17973,33.629646
17974,33.629646
17975,33.629646
17976,33.629646
17977,33.629646
17978,33.629646
17979,33.629646
17980,33.629646
17981,33.629646
17982,33.629646
17983,33.629646
17984,33.629646
17985,33.629646
17986,33.629646
17987,33.629646
17988,33.629646
17989,33.629646
17990,33.629646
17991,33.629646
17992,33.629646
17993,33.629646
17994,33.629646
17995,33.629646
17996,33.629646
17997,33.629646
17998,33.629646
17999,33.629646
18000,33.629646
18001,33.629646
18002,33.629646
18003,33.629646
18004,NA
18005,NA
18006,NA
18007,NA
18008,NA
18009,NA
18010,NA
18011,NA
18012,NA
18013,NA
18014,NA
18015,NA
18016,NA
18017,NA
18018,NA
18019,NA
18020,NA
18021,NA
18022,NA
18023,NA
18024,NA
18025,NA
18026,NA
18027,NA
18028,NA
18029,NA
18030,NA
18031,NA
18032,NA
18033,NA
18034,NA
18035,NA
18036,NA
18037,NA
18038,NA
18039,NA
18040,NA
18041,NA
18042,NA
18043,NA
18044,NA
18045,NA
18046,NA
18047,NA
18048,NA
18049,NA
18050,33.869152
18051,33.869152
18052,33.869152
18053,33.869152
18054,33.869152
18055,33.823391
18056,33.823391
18057,33.823391
18058,33.823391
18059,33.823391
18060,33.823391
18061,33.823391
18062,33.823391
18063,33.823391
18064,33.823391
18065,33.823391
18066,33.823391
18067,33.823391
18068,33.823391
18069,33.823391
18070,33.823391
18071,33.823391
18072,33.823391
18073,33.823391
18074,33.823391
18075,33.823391
18076,33.823391
18077,33.823391
18078,33.823391
18079,33.823391
18080,33.823391
18081,33.823391
18082,33.823391
18083,33.823391
18084,33.823391
18085,33.795547
18086,33.795547
18087,33.795547
18088,33.795547
18089,33.795547
18090,33.795547
18091,33.795547
18092,33.795547
18093,34.147343
18094,34.147343
18095,34.147343
18096,34.147343
18097,34.147343
18098,34.147343
18099,34.147343
18100,34.147343
18101,34.147343
18102,34.147343
18103,34.147343
18104,34.147343
18105,34.147343
18106,34.147343
18107,34.147343
18108,34.147343
18109,34.147343
18110,34.147343
18111,34.147343
18112,34.147343
18113,34.147343
18114,34.147343
18115,34.147343
18116,34.147343
18117,34.147343
18118,34.147343
18119,34.147343
18120,34.147343
18121,34.147343
18122,34.147343
18123,34.147343
18124,34.147343
18125,34.145359
18126,34.145359
18127,34.145359
18128,34.145359
18129,34.145359
18130,34.145359
18131,34.145359
18132,34.145359
18133,34.145359
18134,34.145359
18135,34.145359
18136,34.145359
18137,34.145359
18138,34.145359
18139,34.034824
18140,34.054737
18141,34.054737
18142,34.054737
18143,34.054737
18144,34.054737
18145,34.054737
18146,34.054737
18147,34.054737
18148,34.054737
18149,34.054737
18150,34.054737
18151,34.054737
18152,34.054737
18153,34.054737
18154,34.054737
18155,34.054737
18156,34.054737
18157,34.034824
18158,34.034824
18159,34.451153
18160,34.451153
18161,34.451153
18162,34.451153
18163,34.451153
18164,34.451153
18165,34.451153
18166,34.451153
18167,34.451153
18168,34.451153
18169,34.451153
18170,34.451153
18171,34.451153
18172,34.451153
18173,34.451153
18174,34.451153
18175,34.451153
18176,34.451153
18177,34.451153
18178,34.451153
18179,34.451153
18180,34.451153
18181,34.451153
18182,34.451153
18183,34.451153
18184,34.451153
18185,34.451153
18186,34.451153
18187,34.451153
18188,34.451153
18189,34.261681
18190,34.261681
18191,34.261681
18192,34.261681
18193,34.231842
18194,34.231842
18195,34.231842
18196,34.231842
18197,34.231842
18198,34.231842
18199,34.231842
18200,34.231842
18201,34.231842
18202,34.231842
18203,34.231842
18204,34.231842
18205,34.231842
18206,34.231842
18207,34.261681
18208,34.231842
18209,34.231842
18210,34.231842
18211,34.231842
18212,34.231842
18213,34.231842
18214,34.231842
18215,34.231842
18216,34.231842
18217,34.231842
18218,34.231842
18219,34.261681
18220,34.261681
18221,34.261681
18222,34.261681
18223,34.261681
18224,34.231842
18225,34.231842
18226,34.231842
18227,34.231842
18228,34.231842
18229,34.753426
18230,34.761726
18231,34.761726
18232,34.760658
18233,34.760658
18234,34.755852
18235,34.593746
18236,34.687901
18237,34.593746
18238,34.568989
18239,34.568989
18240,34.495079
18241,34.495079
18242,34.495079
18243,34.495079
18244,34.495079
18245,34.495079
18246,34.495079
18247,34.495079
18248,34.495079
18249,34.495079
18250,34.495079
18251,34.495079
18252,34.568989
18253,34.568989
18254,34.568989
18255,34.568989
18256,34.568989
18257,34.568989
18258,34.668041
18259,34.668041
18260,34.668041
18261,34.668041
18262,34.668041
18263,34.67458
18264,34.67458
18265,34.67458
18266,34.668041
18267,34.668041
18268,34.668041
18269,34.668041
18270,34.67458
18271,34.67458
18272,34.67458
18273,34.67458
18274,34.668041
18275,34.668041
18276,34.668041
18277,34.668041
18278,34.668041
18279,34.668041
18280,34.668041
18281,34.67458
18282,34.67458
18283,34.67458
18284,34.67458
18285,34.67458
18286,34.67458
18287,34.67458
18288,34.67458
18289,34.67458
18290,34.67458
18291,34.67458
18292,34.67458
18293,34.67458
18294,34.67458
18295,34.67458
18296,34.67458
18297,34.67458
18298,34.67458
18299,34.67458
18300,34.67458
18301,34.67458
18302,34.668041
18303,34.668041
18304,34.590603
18305,34.590603
18306,34.590603
18307,34.590603
18308,34.590603
18309,34.590603
18310,34.590603
18311,34.590603
18312,34.590603
18313,34.590603
18314,34.618187
18315,34.618187
18316,34.618187
18317,34.618187
18318,34.618187
18319,34.618187
18320,34.618187
18321,34.618187
18322,34.618187
18323,34.618187
18324,34.618187
18325,34.618187
18326,34.618187
18327,34.618187
18328,34.618187
18329,34.618187
18330,34.590603
18331,34.590603
18332,34.590603
18333,34.590603
18334,34.590603
18335,34.590603
18336,34.590603
18337,34.590603
18338,34.590603
18339,34.590603
18340,34.590603
18341,34.590603
18342,34.590603
