"ID","Year_HGU","Meantemp","Maxtemp","Buffer"
1,2017,9.18903160095215,13.8967561721802,"0km"
2,2017,9.18903160095215,13.8967561721802,"0km"
3,2017,9.18903160095215,13.8967561721802,"0km"
4,2017,9.18903160095215,13.8967561721802,"0km"
5,2017,9.18903160095215,13.8967561721802,"0km"
6,2017,9.18903160095215,13.8967561721802,"0km"
7,2017,9.18903160095215,13.8967561721802,"0km"
8,2017,9.5637378692627,14.179479598999,"0km"
9,2017,9.18903160095215,13.8967561721802,"0km"
10,2017,9.5637378692627,14.179479598999,"0km"
11,2017,9.5637378692627,14.179479598999,"0km"
12,2017,9.5637378692627,14.179479598999,"0km"
13,2017,8.7098913192749,12.3813285827637,"0km"
14,2017,9.5637378692627,14.179479598999,"0km"
15,2017,9.18903160095215,13.8967561721802,"0km"
16,2017,9.18903160095215,13.8967561721802,"0km"
17,2017,9.18903160095215,13.8967561721802,"0km"
18,2017,9.18903160095215,13.8967561721802,"0km"
19,2017,9.5637378692627,14.179479598999,"0km"
20,2017,9.5637378692627,14.179479598999,"0km"
21,2017,9.18903160095215,13.8967561721802,"0km"
22,2017,9.83022594451904,15.1104164123535,"0km"
23,2017,9.83022594451904,15.1104164123535,"0km"
24,2017,9.83022594451904,15.1104164123535,"0km"
25,2017,9.9742120107015,15.5432904561361,"10km"
26,2017,9.83022594451904,15.1104164123535,"10km"
27,2017,9.83148307800293,14.9809196472168,"15km"
28,2017,9.9742120107015,15.5432904561361,"15km"
29,2017,9.9742120107015,15.5432904561361,"15km"
30,2017,9.83022594451904,15.1104164123535,"0km"
31,2017,9.83022594451904,15.1104164123535,"0km"
32,2017,9.83022594451904,15.1104164123535,"0km"
33,2017,9.83022594451904,15.1104164123535,"0km"
34,2017,9.87127304077148,15.2492141723633,"10km"
35,2017,9.87127304077148,15.2492141723633,"10km"
36,2017,9.83022594451904,15.1104164123535,"0km"
37,2017,9.87127304077148,15.2492141723633,"10km"
38,2017,9.87127304077148,15.2492141723633,"10km"
39,2017,9.18903160095215,13.8967561721802,"0km"
40,2017,9.83022594451904,15.1104164123535,"0km"
41,2017,9.83022594451904,15.1104164123535,"0km"
42,2017,9.83022594451904,15.1104164123535,"0km"
43,2017,9.83022594451904,15.1104164123535,"0km"
44,2017,9.83022594451904,15.1104164123535,"0km"
45,2017,9.83022594451904,15.1104164123535,"0km"
46,2017,9.87127304077148,15.2492141723633,"10km"
47,2017,9.83022594451904,15.1104164123535,"0km"
48,2017,9.83022594451904,15.1104164123535,"0km"
49,2017,9.83022594451904,15.1104164123535,"0km"
50,2017,9.83022594451904,15.1104164123535,"0km"
51,2017,9.83022594451904,15.1104164123535,"0km"
52,2017,9.83022594451904,15.1104164123535,"0km"
53,2017,9.62382888793945,14.6436660289764,"10km"
54,2017,9.83022594451904,15.1104164123535,"0km"
55,2017,9.83022594451904,15.1104164123535,"0km"
56,2017,9.87127304077148,15.2492141723633,"10km"
57,2017,9.83022594451904,15.1104164123535,"0km"
58,2017,9.83022594451904,15.1104164123535,"0km"
59,2017,9.83022594451904,15.1104164123535,"0km"
60,2017,9.5637378692627,14.179479598999,"0km"
61,2017,9.5637378692627,14.179479598999,"0km"
62,2017,7.82998132705688,8.65465259552002,"0km"
63,2017,7.82998132705688,8.65465259552002,"0km"
64,2017,7.82998132705688,8.65465259552002,"0km"
65,2017,7.82998132705688,8.65465259552002,"0km"
66,2017,7.82998132705688,8.65465259552002,"0km"
67,2017,7.82998132705688,8.65465259552002,"0km"
68,2017,7.82998132705688,8.65465259552002,"0km"
69,2017,7.82998132705688,8.65465259552002,"0km"
70,2017,7.82998132705688,8.65465259552002,"0km"
71,2017,7.82998132705688,8.65465259552002,"0km"
72,2012,NA,NA,"15km"
73,2012,6.59642314910889,12.409893989563,"0km"
74,2012,6.59642314910889,12.409893989563,"0km"
75,2012,6.59642314910889,12.409893989563,"0km"
76,2012,6.59642314910889,12.409893989563,"0km"
77,2012,6.59642314910889,12.409893989563,"0km"
78,2012,6.59642314910889,12.409893989563,"0km"
79,2017,6.86376523971558,9.73793792724609,"0km"
80,2017,6.86376523971558,9.73793792724609,"0km"
81,2017,6.86376523971558,9.73793792724609,"0km"
82,2017,6.86376523971558,9.73793792724609,"0km"
83,2017,6.86376523971558,9.73793792724609,"0km"
84,2017,6.86376523971558,9.73793792724609,"0km"
85,2017,6.86376523971558,9.73793792724609,"0km"
86,2017,6.86376523971558,9.73793792724609,"0km"
87,2017,6.86376523971558,9.73793792724609,"0km"
88,2017,6.86376523971558,9.73793792724609,"0km"
89,2017,6.86376523971558,9.73793792724609,"0km"
90,2017,6.86376523971558,9.73793792724609,"0km"
91,2017,6.86376523971558,9.73793792724609,"0km"
92,2017,6.86376523971558,9.73793792724609,"0km"
93,2017,6.86376523971558,9.73793792724609,"0km"
94,2017,6.86376523971558,9.73793792724609,"0km"
95,2017,6.86376523971558,9.73793792724609,"0km"
96,2017,6.86376523971558,9.73793792724609,"0km"
97,2017,6.86376523971558,9.73793792724609,"0km"
98,2017,6.86376523971558,9.73793792724609,"0km"
99,2017,6.86376523971558,9.73793792724609,"0km"
100,2017,6.86376523971558,9.73793792724609,"0km"
101,2017,6.86376523971558,9.73793792724609,"0km"
102,2017,6.86376523971558,9.73793792724609,"0km"
103,2017,6.86376523971558,9.73793792724609,"0km"
104,2017,6.86376523971558,9.73793792724609,"0km"
105,2017,6.86376523971558,9.73793792724609,"0km"
106,2017,6.86376523971558,9.73793792724609,"0km"
107,2017,6.86376523971558,9.73793792724609,"0km"
108,2017,6.86376523971558,9.73793792724609,"0km"
109,2017,6.86376523971558,9.73793792724609,"0km"
110,2016,5.93862724304199,10.3400068283081,"10km"
111,2016,5.93862724304199,10.3400068283081,"10km"
112,2016,5.93862724304199,10.3400068283081,"10km"
113,2016,5.93862724304199,10.3400068283081,"10km"
114,2016,5.93862724304199,10.3400068283081,"10km"
115,2016,5.93862724304199,10.3400068283081,"10km"
116,2016,5.93862724304199,10.3400068283081,"10km"
117,2016,5.93862724304199,10.3400068283081,"10km"
118,2016,5.93862724304199,10.3400068283081,"10km"
119,2016,5.93862724304199,10.3400068283081,"10km"
120,2016,5.93862724304199,10.3400068283081,"10km"
121,2016,5.93862724304199,10.3400068283081,"10km"
122,2016,5.93862724304199,10.3400068283081,"10km"
123,2016,5.93862724304199,10.3400068283081,"10km"
124,2016,5.93862724304199,10.3400068283081,"10km"
125,2016,5.93862724304199,10.3400068283081,"10km"
126,2016,5.93862724304199,10.3400068283081,"10km"
127,2016,5.93862724304199,10.3400068283081,"10km"
128,2016,5.93862724304199,10.3400068283081,"10km"
129,2016,5.93862724304199,10.3400068283081,"10km"
130,2016,5.93862724304199,10.3400068283081,"10km"
131,2016,5.93862724304199,10.3400068283081,"10km"
132,2016,5.93862724304199,10.3400068283081,"10km"
133,2016,5.93862724304199,10.3400068283081,"10km"
134,2016,5.93862724304199,10.3400068283081,"10km"
135,2016,6.54452133178711,10.5836664835612,"10km"
136,2016,6.43238615989685,10.7029328346252,"10km"
137,2016,6.43238615989685,10.7029328346252,"10km"
138,2016,6.43238615989685,10.7029328346252,"10km"
139,2016,6.43238615989685,10.7029328346252,"10km"
140,2016,6.43238615989685,10.7029328346252,"10km"
141,2016,5.93422238032023,10.5775629679362,"10km"
142,2016,5.93422238032023,10.5775629679362,"10km"
143,2016,5.93422238032023,10.5775629679362,"10km"
144,2016,5.93422238032023,10.5775629679362,"10km"
145,2016,5.95792713165283,10.5023164749146,"10km"
146,2016,5.95792713165283,10.5023164749146,"10km"
147,2016,5.95792713165283,10.5023164749146,"10km"
148,2016,5.95792713165283,10.5023164749146,"10km"
149,2016,5.95792713165283,10.5023164749146,"10km"
150,2016,5.88654232025146,10.562914053599,"10km"
151,2016,5.88654232025146,10.562914053599,"10km"
152,2016,5.81093788146973,10.4242382049561,"0km"
153,2016,5.81093788146973,10.4242382049561,"0km"
154,2016,5.88654232025146,10.562914053599,"10km"
155,2016,5.88654232025146,10.562914053599,"10km"
156,2016,5.88654232025146,10.562914053599,"10km"
157,2016,5.81093788146973,10.4242382049561,"0km"
158,2016,5.81093788146973,10.4242382049561,"0km"
159,2016,5.81093788146973,10.4242382049561,"0km"
160,2016,5.81093788146973,10.4242382049561,"0km"
161,2016,5.81093788146973,10.4242382049561,"0km"
162,2016,5.83173620700836,10.5599231719971,"10km"
163,2016,6.52977085113525,9.60023784637451,"0km"
164,2016,6.52977085113525,9.60023784637451,"0km"
165,2016,6.52977085113525,9.60023784637451,"0km"
166,2016,6.52977085113525,9.60023784637451,"0km"
167,2016,6.52977085113525,9.60023784637451,"0km"
168,2016,6.52977085113525,9.60023784637451,"0km"
169,2016,6.52977085113525,9.60023784637451,"0km"
170,2016,6.52977085113525,9.60023784637451,"0km"
171,2016,6.52977085113525,9.60023784637451,"0km"
172,2016,6.52977085113525,9.60023784637451,"0km"
173,2016,6.52977085113525,9.60023784637451,"0km"
174,2016,6.52977085113525,9.60023784637451,"0km"
175,2016,6.52977085113525,9.60023784637451,"0km"
176,2016,6.52977085113525,9.60023784637451,"0km"
177,2016,6.52977085113525,9.60023784637451,"0km"
178,2016,6.52977085113525,9.60023784637451,"0km"
179,2016,6.52977085113525,9.60023784637451,"0km"
180,2016,6.52977085113525,9.60023784637451,"0km"
181,2016,6.52977085113525,9.60023784637451,"0km"
182,2016,6.52977085113525,9.60023784637451,"0km"
183,2016,6.52977085113525,9.60023784637451,"0km"
184,2016,6.52977085113525,9.60023784637451,"0km"
185,2016,6.52977085113525,9.60023784637451,"0km"
186,2016,6.52977085113525,9.60023784637451,"0km"
187,2016,6.52977085113525,9.60023784637451,"0km"
188,2016,6.52977085113525,9.60023784637451,"0km"
189,2016,6.52977085113525,9.60023784637451,"0km"
190,2016,6.40693378448486,10.3172093629837,"10km"
191,2016,6.40693378448486,10.3172093629837,"10km"
192,2016,6.40693378448486,10.3172093629837,"10km"
193,2016,6.40693378448486,10.3172093629837,"10km"
194,2016,6.40693378448486,10.3172093629837,"10km"
195,2016,6.40693378448486,10.3172093629837,"10km"
196,2016,6.52977085113525,9.60023784637451,"0km"
197,2016,6.40693378448486,10.3172093629837,"10km"
198,2016,6.52977085113525,9.60023784637451,"0km"
199,2016,5.86745834350586,11.2409133911133,"0km"
200,2016,5.86745834350586,11.2409133911133,"0km"
201,2016,5.86745834350586,11.2409133911133,"0km"
202,2016,5.86745834350586,11.2409133911133,"0km"
203,2016,5.86745834350586,11.2409133911133,"0km"
204,2016,5.86745834350586,11.2409133911133,"0km"
205,2016,5.86745834350586,11.2409133911133,"0km"
206,2016,5.86745834350586,11.2409133911133,"0km"
207,2016,5.86745834350586,11.2409133911133,"0km"
208,2016,5.86745834350586,11.2409133911133,"0km"
209,2016,5.86745834350586,11.2409133911133,"0km"
210,2016,5.86745834350586,11.2409133911133,"0km"
211,2016,5.86745834350586,11.2409133911133,"0km"
212,2016,5.79818105697632,10.8702964782715,"0km"
213,2016,5.79818105697632,10.8702964782715,"0km"
214,2016,5.79818105697632,10.8702964782715,"0km"
215,2016,5.79818105697632,10.8702964782715,"0km"
216,2016,5.79818105697632,10.8702964782715,"0km"
217,2016,5.98688724305895,10.5733309851752,"10km"
218,2016,5.98688724305895,10.5733309851752,"10km"
219,2016,5.98688724305895,10.5733309851752,"10km"
220,2016,5.98688724305895,10.5733309851752,"10km"
221,2016,5.98688724305895,10.5733309851752,"10km"
222,2016,6.24539947509766,10.2916650772095,"0km"
223,2016,6.24539947509766,10.2916650772095,"0km"
224,2016,6.24539947509766,10.2916650772095,"0km"
225,2016,6.24539947509766,10.2916650772095,"0km"
226,2016,6.24539947509766,10.2916650772095,"0km"
227,2016,6.24539947509766,10.2916650772095,"0km"
228,2016,6.24539947509766,10.2916650772095,"0km"
229,2016,6.24539947509766,10.2916650772095,"0km"
230,2016,6.24539947509766,10.2916650772095,"0km"
231,2016,6.24539947509766,10.2916650772095,"0km"
232,2016,6.24539947509766,10.2916650772095,"0km"
233,2016,6.24539947509766,10.2916650772095,"0km"
234,2016,6.24539947509766,10.2916650772095,"0km"
235,2016,6.24539947509766,10.2916650772095,"0km"
236,2016,6.24539947509766,10.2916650772095,"0km"
237,2016,6.24539947509766,10.2916650772095,"0km"
238,2016,6.24539947509766,10.2916650772095,"0km"
239,2016,6.24539947509766,10.2916650772095,"0km"
240,2016,6.24539947509766,10.2916650772095,"0km"
241,2016,6.24539947509766,10.2916650772095,"0km"
242,2016,6.24539947509766,10.2916650772095,"0km"
243,2016,6.24539947509766,10.2916650772095,"0km"
244,2016,6.24539947509766,10.2916650772095,"0km"
245,2016,6.24539947509766,10.2916650772095,"0km"
246,2016,6.24539947509766,10.2916650772095,"0km"
247,2016,6.24539947509766,10.2916650772095,"0km"
248,2016,6.24539947509766,10.2916650772095,"0km"
249,2016,6.50529500416347,10.7383516856602,"10km"
250,2016,6.50529500416347,10.7383516856602,"10km"
251,2016,6.50529500416347,10.7383516856602,"10km"
252,2016,6.50529500416347,10.7383516856602,"10km"
253,2016,6.47543772061666,10.6379893620809,"10km"
254,2016,6.47543772061666,10.6379893620809,"10km"
255,2016,6.47543772061666,10.6379893620809,"10km"
256,2016,6.46871634892055,10.5570193699428,"10km"
257,2016,6.46871634892055,10.5570193699428,"10km"
258,2016,6.46871634892055,10.5570193699428,"10km"
259,2016,6.46871634892055,10.5570193699428,"10km"
260,2016,6.46871634892055,10.5570193699428,"10km"
261,2016,6.29807424545288,10.3033847808838,"0km"
262,2016,6.29807424545288,10.3033847808838,"0km"
263,2016,6.29807424545288,10.3033847808838,"0km"
264,2016,6.29807424545288,10.3033847808838,"0km"
265,2016,6.29807424545288,10.3033847808838,"0km"
266,2016,6.29807424545288,10.3033847808838,"0km"
267,2016,6.29807424545288,10.3033847808838,"0km"
268,2016,6.29807424545288,10.3033847808838,"0km"
269,2016,6.29807424545288,10.3033847808838,"0km"
270,2016,6.29807424545288,10.3033847808838,"0km"
271,2016,6.29807424545288,10.3033847808838,"0km"
272,2016,6.29807424545288,10.3033847808838,"0km"
273,2016,6.29807424545288,10.3033847808838,"0km"
274,2016,6.29807424545288,10.3033847808838,"0km"
275,2016,6.29807424545288,10.3033847808838,"0km"
276,2016,6.29807424545288,10.3033847808838,"0km"
277,2016,6.29807424545288,10.3033847808838,"0km"
278,2016,6.29807424545288,10.3033847808838,"0km"
279,2016,6.29807424545288,10.3033847808838,"0km"
280,2016,6.29807424545288,10.3033847808838,"0km"
281,2016,6.29807424545288,10.3033847808838,"0km"
282,2016,6.29807424545288,10.3033847808838,"0km"
283,2016,6.29807424545288,10.3033847808838,"0km"
284,2016,6.29807424545288,10.3033847808838,"0km"
285,2016,6.48015534877777,10.1188085079193,"10km"
286,2016,6.48015534877777,10.1188085079193,"10km"
287,2016,6.48015534877777,10.1188085079193,"10km"
288,2016,6.48015534877777,10.1188085079193,"10km"
289,2016,6.48015534877777,10.1188085079193,"10km"
290,2016,6.48015534877777,10.1188085079193,"10km"
291,2016,7.14355897903442,10.0397043228149,"0km"
292,2016,7.17059850692749,10.0470294952393,"0km"
293,2016,7.17059850692749,10.0470294952393,"0km"
294,2016,7.17059850692749,10.0470294952393,"0km"
295,2016,7.17059850692749,10.0470294952393,"0km"
296,2016,7.17059850692749,10.0470294952393,"0km"
297,2016,7.17059850692749,10.0470294952393,"0km"
298,2016,7.17059850692749,10.0470294952393,"0km"
299,2016,7.17059850692749,10.0470294952393,"0km"
300,2016,7.17059850692749,10.0470294952393,"0km"
301,2016,7.17059850692749,10.0470294952393,"0km"
302,2016,7.17059850692749,10.0470294952393,"0km"
303,2016,7.17059850692749,10.0470294952393,"0km"
304,2016,7.14355897903442,10.0397043228149,"0km"
305,2016,7.14355897903442,10.0397043228149,"0km"
306,2016,7.14355897903442,10.0397043228149,"0km"
307,2016,7.14355897903442,10.0397043228149,"0km"
308,2016,7.14355897903442,10.0397043228149,"0km"
309,2016,7.14355897903442,10.0397043228149,"0km"
310,2016,7.14355897903442,10.0397043228149,"0km"
311,2016,7.14355897903442,10.0397043228149,"0km"
312,2016,7.28516483306885,10.8959321975708,"0km"
313,2016,7.28516483306885,10.8959321975708,"0km"
314,2016,7.28516483306885,10.8959321975708,"0km"
315,2016,7.28516483306885,10.8959321975708,"0km"
316,2016,7.28516483306885,10.8959321975708,"0km"
317,2016,7.28516483306885,10.8959321975708,"0km"
318,2016,6.96716213226318,9.44569206237793,"0km"
319,2016,7.07141351699829,9.88515853881836,"0km"
320,2016,7.07141351699829,9.88515853881836,"0km"
321,2016,7.1811580657959,10.2396621704102,"0km"
322,2016,6.5680410861969,10.9086276690165,"10km"
323,2016,6.5680410861969,10.9086276690165,"10km"
324,2016,6.5680410861969,10.9086276690165,"10km"
325,2016,6.5680410861969,10.9086276690165,"10km"
326,2016,6.5680410861969,10.9086276690165,"10km"
327,2016,6.68443870544434,11.3405256271362,"0km"
328,2016,6.68443870544434,11.3405256271362,"0km"
329,2016,6.68443870544434,11.3405256271362,"0km"
330,2016,6.68443870544434,11.3405256271362,"0km"
331,2016,6.68443870544434,11.3405256271362,"0km"
332,2016,6.68443870544434,11.3405256271362,"0km"
333,2016,6.68443870544434,11.3405256271362,"0km"
334,2016,6.7224645614624,11.5653858184814,"0km"
335,2016,6.7224645614624,11.5653858184814,"0km"
336,2016,6.7224645614624,11.5653858184814,"0km"
337,2016,6.7224645614624,11.5653858184814,"0km"
338,2016,6.7224645614624,11.5653858184814,"0km"
339,2016,6.7224645614624,11.5653858184814,"0km"
340,2016,6.7224645614624,11.5653858184814,"0km"
341,2016,6.7224645614624,11.5653858184814,"0km"
342,2016,6.7224645614624,11.5653858184814,"0km"
343,2016,6.7224645614624,11.5653858184814,"0km"
344,2016,6.7224645614624,11.5653858184814,"0km"
345,2016,6.7224645614624,11.5653858184814,"0km"
346,2016,6.7224645614624,11.5653858184814,"0km"
347,2016,7.02720731496811,10.8554643392563,"10km"
348,2016,6.98931858274672,10.7268999947442,"10km"
349,2016,6.98931858274672,10.7268999947442,"10km"
350,2016,6.98931858274672,10.7268999947442,"10km"
351,2016,6.98931858274672,10.7268999947442,"10km"
352,2016,6.98931858274672,10.7268999947442,"10km"
353,2016,6.98931858274672,10.7268999947442,"10km"
354,2016,6.9893970489502,10.6206374849592,"10km"
355,2016,6.9893970489502,10.6206374849592,"10km"
356,2016,6.98931858274672,10.7268999947442,"10km"
357,2016,6.98931858274672,10.7268999947442,"10km"
358,2016,6.98931858274672,10.7268999947442,"10km"
359,2016,6.98931858274672,10.7268999947442,"10km"
360,2016,7.30805397033691,10.630786895752,"0km"
361,2016,7.30805397033691,10.630786895752,"0km"
362,2016,7.05460108651055,10.8469395107693,"10km"
363,2016,7.05460108651055,10.8469395107693,"10km"
364,2016,7.05460108651055,10.8469395107693,"10km"
365,2016,7.05460108651055,10.8469395107693,"10km"
366,2016,7.05460108651055,10.8469395107693,"10km"
367,2016,7.05460108651055,10.8469395107693,"10km"
368,2016,7.05460108651055,10.8469395107693,"10km"
369,2016,7.05460108651055,10.8469395107693,"10km"
370,2016,7.05460108651055,10.8469395107693,"10km"
371,2016,7.05460108651055,10.8469395107693,"10km"
372,2016,7.28516483306885,10.8959321975708,"0km"
373,2016,7.28516483306885,10.8959321975708,"0km"
374,2016,7.28516483306885,10.8959321975708,"0km"
375,2016,7.28516483306885,10.8959321975708,"0km"
376,2016,7.28516483306885,10.8959321975708,"0km"
377,2016,7.28516483306885,10.8959321975708,"0km"
378,2016,7.28516483306885,10.8959321975708,"0km"
379,2016,7.28516483306885,10.8959321975708,"0km"
380,2016,7.28516483306885,10.8959321975708,"0km"
381,2016,7.28516483306885,10.8959321975708,"0km"
382,2016,7.28516483306885,10.8959321975708,"0km"
383,2016,7.28516483306885,10.8959321975708,"0km"
384,2016,7.28516483306885,10.8959321975708,"0km"
385,2016,7.28516483306885,10.8959321975708,"0km"
386,2016,6.97875928878784,9.5628833770752,"0km"
387,2016,6.97875928878784,9.5628833770752,"0km"
388,2016,6.97875928878784,9.5628833770752,"0km"
389,2016,6.97875928878784,9.5628833770752,"0km"
390,2016,6.97875928878784,9.5628833770752,"0km"
391,2016,6.97875928878784,9.5628833770752,"0km"
392,2016,6.97875928878784,9.5628833770752,"0km"
393,2016,6.97875928878784,9.5628833770752,"0km"
394,2016,6.97875928878784,9.5628833770752,"0km"
395,2016,6.97875928878784,9.5628833770752,"0km"
396,2016,6.97875928878784,9.5628833770752,"0km"
397,2016,6.97875928878784,9.5628833770752,"0km"
398,2016,6.97875928878784,9.5628833770752,"0km"
399,2016,6.97875928878784,9.5628833770752,"0km"
400,2016,6.97875928878784,9.5628833770752,"0km"
401,2016,6.97875928878784,9.5628833770752,"0km"
402,2016,6.97875928878784,9.5628833770752,"0km"
403,2016,6.97875928878784,9.5628833770752,"0km"
404,2016,6.54557937383652,10.1254920959473,"10km"
405,2016,6.54557937383652,10.1254920959473,"10km"
406,2016,6.54557937383652,10.1254920959473,"10km"
407,2016,6.29807424545288,10.3033847808838,"0km"
408,2016,6.29807424545288,10.3033847808838,"0km"
409,2016,6.29807424545288,10.3033847808838,"0km"
410,2016,5.99291974306107,10.6024965047836,"10km"
411,2016,5.99291974306107,10.6024965047836,"10km"
412,2016,5.99291974306107,10.6024965047836,"10km"
413,2016,6.24539947509766,10.2916650772095,"0km"
414,2016,6.24539947509766,10.2916650772095,"0km"
415,2016,6.24539947509766,10.2916650772095,"0km"
416,2016,5.81093788146973,10.4242382049561,"10km"
417,2016,6.17661046981812,10.1839962005615,"10km"
418,2016,6.17661046981812,10.1839962005615,"10km"
419,2016,6.17661046981812,10.1839962005615,"10km"
420,2016,6.17661046981812,10.1839962005615,"10km"
421,2016,6.17661046981812,10.1839962005615,"10km"
422,2016,6.17661046981812,10.1839962005615,"10km"
423,2016,6.17661046981812,10.1839962005615,"10km"
424,2016,6.17661046981812,10.1839962005615,"10km"
425,2016,6.17661046981812,10.1839962005615,"10km"
426,2016,6.17661046981812,10.1839962005615,"10km"
427,2016,6.17661046981812,10.1839962005615,"10km"
428,2016,6.17661046981812,10.1839962005615,"10km"
429,2016,6.17661046981812,10.1839962005615,"10km"
430,2016,6.17661046981812,10.1839962005615,"10km"
431,2016,6.17661046981812,10.1839962005615,"10km"
432,2016,6.17661046981812,10.1839962005615,"10km"
433,2016,6.17661046981812,10.1839962005615,"10km"
434,2016,6.17661046981812,10.1839962005615,"10km"
435,2016,6.17661046981812,10.1839962005615,"10km"
436,2016,6.17661046981812,10.1839962005615,"10km"
437,2016,6.17661046981812,10.1839962005615,"10km"
438,2016,6.17661046981812,10.1839962005615,"10km"
439,2016,6.17661046981812,10.1839962005615,"10km"
440,2016,6.17661046981812,10.1839962005615,"10km"
441,2016,6.17661046981812,10.1839962005615,"10km"
442,2016,6.17661046981812,10.1839962005615,"10km"
443,2016,6.17661046981812,10.1839962005615,"10km"
444,2016,6.17661046981812,10.1839962005615,"10km"
445,2016,6.17661046981812,10.1839962005615,"10km"
446,2016,6.17661046981812,10.1839962005615,"10km"
447,2016,6.17661046981812,10.1839962005615,"10km"
448,2016,6.17661046981812,10.1839962005615,"10km"
449,2016,6.17661046981812,10.1839962005615,"10km"
450,2016,6.17661046981812,10.1839962005615,"10km"
451,2016,5.93485164642334,10.5436263765608,"15km"
452,2016,5.93485164642334,10.5436263765608,"15km"
453,2016,5.93485164642334,10.5436263765608,"15km"
454,2016,5.93485164642334,10.5436263765608,"15km"
455,2016,5.93485164642334,10.5436263765608,"15km"
456,2016,5.93485164642334,10.5436263765608,"15km"
457,2016,5.93485164642334,10.5436263765608,"15km"
458,2016,5.93485164642334,10.5436263765608,"15km"
459,2016,5.93485164642334,10.5436263765608,"15km"
460,2016,5.93485164642334,10.5436263765608,"15km"
461,2016,5.93485164642334,10.5436263765608,"15km"
462,2016,5.93485164642334,10.5436263765608,"15km"
463,2016,5.81093788146973,10.4242382049561,"10km"
464,2016,5.81093788146973,10.4242382049561,"10km"
465,2016,5.81093788146973,10.4242382049561,"10km"
466,2016,5.81093788146973,10.4242382049561,"10km"
467,2016,5.81093788146973,10.4242382049561,"10km"
468,2016,5.81093788146973,10.4242382049561,"10km"
469,2016,5.81093788146973,10.4242382049561,"10km"
470,2016,5.81093788146973,10.4242382049561,"10km"
471,2016,5.87478256225586,10.3821225166321,"10km"
472,2016,5.87478256225586,10.3821225166321,"10km"
473,2016,5.87478256225586,10.3821225166321,"10km"
474,2016,5.87478256225586,10.3821225166321,"10km"
475,2016,5.87478256225586,10.3821225166321,"10km"
476,2016,5.84292125701904,10.4564654032389,"10km"
477,2016,5.84292125701904,10.4564654032389,"10km"
478,2016,5.84292125701904,10.4564654032389,"10km"
479,2016,5.84292125701904,10.4564654032389,"10km"
480,2016,5.84292125701904,10.4564654032389,"10km"
481,2016,6.76879167556763,10.3451337814331,"0km"
482,2016,6.76879167556763,10.3451337814331,"0km"
483,2016,6.76879167556763,10.3451337814331,"0km"
484,2016,6.76879167556763,10.3451337814331,"0km"
485,2016,6.76879167556763,10.3451337814331,"0km"
486,2016,6.76879167556763,10.3451337814331,"0km"
487,2016,6.76879167556763,10.3451337814331,"0km"
488,2016,6.76879167556763,10.3451337814331,"0km"
489,2016,6.76879167556763,10.3451337814331,"0km"
490,2016,6.76879167556763,10.3451337814331,"0km"
491,2016,6.76879167556763,10.3451337814331,"0km"
492,2016,6.76879167556763,10.3451337814331,"0km"
493,2016,6.76879167556763,10.3451337814331,"0km"
494,2016,6.76879167556763,10.3451337814331,"0km"
495,2016,6.76879167556763,10.3451337814331,"0km"
496,2016,6.76879167556763,10.3451337814331,"0km"
497,2016,6.76879167556763,10.3451337814331,"0km"
498,2016,6.76879167556763,10.3451337814331,"0km"
499,2016,7.17059850692749,10.0470294952393,"0km"
500,2016,7.14355897903442,10.0397043228149,"0km"
501,2016,7.14355897903442,10.0397043228149,"0km"
502,2016,7.14355897903442,10.0397043228149,"0km"
503,2016,7.17059850692749,10.0470294952393,"0km"
504,2016,7.17059850692749,10.0470294952393,"0km"
505,2016,7.23499250411987,9.95693874359131,"0km"
506,2016,7.17059850692749,10.0470294952393,"0km"
507,2016,7.17059850692749,10.0470294952393,"0km"
508,2016,7.17059850692749,10.0470294952393,"0km"
509,2016,7.17059850692749,10.0470294952393,"0km"
510,2016,7.17059850692749,10.0470294952393,"0km"
511,2016,7.17059850692749,10.0470294952393,"0km"
512,2016,7.17059850692749,10.0470294952393,"0km"
513,2016,7.17059850692749,10.0470294952393,"0km"
514,2016,7.17059850692749,10.0470294952393,"0km"
515,2016,7.17059850692749,10.0470294952393,"0km"
516,2016,7.17059850692749,10.0470294952393,"0km"
517,2016,7.17059850692749,10.0470294952393,"0km"
518,2016,7.17059850692749,10.0470294952393,"0km"
519,2016,7.14355897903442,10.0397043228149,"0km"
520,2016,7.14355897903442,10.0397043228149,"0km"
521,2016,6.96716213226318,9.44569206237793,"0km"
522,2016,7.23499250411987,9.95693874359131,"0km"
523,2016,7.23499250411987,9.95693874359131,"0km"
524,2016,7.1811580657959,10.2396621704102,"0km"
525,2016,7.23499250411987,9.95693874359131,"0km"
526,2016,7.17059850692749,10.0470294952393,"0km"
527,2016,7.1811580657959,10.2396621704102,"0km"
528,2016,7.1811580657959,10.2396621704102,"0km"
529,2016,7.1811580657959,10.2396621704102,"0km"
530,2016,7.23499250411987,9.95693874359131,"0km"
531,2016,7.23499250411987,9.95693874359131,"0km"
532,2016,7.23499250411987,9.95693874359131,"0km"
533,2016,6.54557937383652,10.1254920959473,"10km"
534,2004,8.34885692596436,11.3449201583862,"0km"
535,2004,8.34885692596436,11.3449201583862,"0km"
536,2004,8.34885692596436,11.3449201583862,"0km"
537,2004,8.34885692596436,11.3449201583862,"0km"
538,2004,8.34885692596436,11.3449201583862,"0km"
539,2004,8.34885692596436,11.3449201583862,"0km"
540,2004,8.34885692596436,11.3449201583862,"0km"
541,2004,8.34885692596436,11.3449201583862,"0km"
542,2004,8.34885692596436,11.3449201583862,"0km"
543,2004,8.34885692596436,11.3449201583862,"0km"
544,2004,8.34885692596436,11.3449201583862,"0km"
545,2004,8.34885692596436,11.3449201583862,"0km"
546,2004,8.34885692596436,11.3449201583862,"0km"
547,2004,8.34885692596436,11.3449201583862,"0km"
548,2004,8.34885692596436,11.3449201583862,"0km"
549,2004,8.34885692596436,11.3449201583862,"0km"
550,2004,8.34885692596436,11.3449201583862,"0km"
551,2004,8.34885692596436,11.3449201583862,"0km"
552,2004,8.34885692596436,11.3449201583862,"0km"
553,2004,7.98098707199097,9.93935966491699,"0km"
554,2004,7.98098707199097,9.93935966491699,"0km"
555,2004,7.98098707199097,9.93935966491699,"0km"
556,2004,8.34885692596436,11.3449201583862,"0km"
557,2004,8.34885692596436,11.3449201583862,"0km"
558,2004,8.34885692596436,11.3449201583862,"0km"
559,2004,8.34885692596436,11.3449201583862,"0km"
560,2004,8.34885692596436,11.3449201583862,"0km"
561,2004,8.34885692596436,11.3449201583862,"0km"
562,2004,8.34885692596436,11.3449201583862,"0km"
563,2004,7.98098707199097,9.93935966491699,"0km"
564,2004,7.98098707199097,9.93935966491699,"0km"
565,2004,7.98098707199097,9.93935966491699,"0km"
566,2004,7.98098707199097,9.93935966491699,"0km"
567,2016,6.42501907348633,10.391131401062,"10km"
568,2016,6.42501907348633,10.391131401062,"10km"
569,2016,6.42764568328857,10.5142064094543,"10km"
570,2016,6.42501907348633,10.391131401062,"10km"
571,2016,6.42501907348633,10.391131401062,"10km"
572,2016,6.42764568328857,10.5142064094543,"10km"
573,2016,6.42764568328857,10.5142064094543,"10km"
574,2016,7.26483964920044,10.5634021759033,"0km"
575,2016,7.18463706970215,9.65590381622314,"0km"
576,2016,7.18463706970215,9.65590381622314,"0km"
577,2016,7.18463706970215,9.65590381622314,"0km"
578,2016,7.18463706970215,9.65590381622314,"0km"
579,2016,7.18463706970215,9.65590381622314,"0km"
580,2016,7.18463706970215,9.65590381622314,"0km"
581,2016,7.18463706970215,9.65590381622314,"0km"
582,2016,7.18463706970215,9.65590381622314,"0km"
583,2016,7.18463706970215,9.65590381622314,"0km"
584,2016,7.18463706970215,9.65590381622314,"0km"
585,2016,7.18463706970215,9.65590381622314,"0km"
586,2016,7.18463706970215,9.65590381622314,"0km"
587,2016,7.14923572540283,9.65297412872314,"0km"
588,2016,7.14923572540283,9.65297412872314,"0km"
589,2016,7.14923572540283,9.65297412872314,"0km"
590,2016,7.14923572540283,9.65297412872314,"0km"
591,2016,7.14923572540283,9.65297412872314,"0km"
592,2016,7.18463706970215,9.65590381622314,"0km"
593,2016,7.14923572540283,9.65297412872314,"0km"
594,2016,7.14923572540283,9.65297412872314,"0km"
595,2016,7.14923572540283,9.65297412872314,"0km"
596,2016,7.14923572540283,9.65297412872314,"0km"
597,2016,7.18463706970215,9.65590381622314,"0km"
598,2016,7.18463706970215,9.65590381622314,"0km"
599,2016,7.18463706970215,9.65590381622314,"0km"
600,2016,7.18463706970215,9.65590381622314,"0km"
601,2016,7.18463706970215,9.65590381622314,"0km"
602,2016,7.18463706970215,9.65590381622314,"0km"
603,2016,7.18463706970215,9.65590381622314,"0km"
604,2016,7.18463706970215,9.65590381622314,"0km"
605,2016,7.18463706970215,9.65590381622314,"0km"
606,2016,7.26483964920044,10.5634021759033,"0km"
607,2016,7.14923572540283,9.65297412872314,"0km"
608,2016,7.18463706970215,9.65590381622314,"0km"
609,2016,7.14923572540283,9.65297412872314,"0km"
610,2016,7.18463706970215,9.65590381622314,"0km"
611,2016,7.18463706970215,9.65590381622314,"0km"
612,2016,7.18463706970215,9.65590381622314,"0km"
613,2016,7.18463706970215,9.65590381622314,"0km"
614,2016,7.18463706970215,9.65590381622314,"0km"
615,2016,7.18463706970215,9.65590381622314,"0km"
616,2016,7.18463706970215,9.65590381622314,"0km"
617,2016,7.18463706970215,9.65590381622314,"0km"
618,2016,7.18463706970215,9.65590381622314,"0km"
619,2016,7.14923572540283,9.65297412872314,"0km"
620,2016,7.18463706970215,9.65590381622314,"0km"
621,2016,7.18463706970215,9.65590381622314,"0km"
622,2016,7.18463706970215,9.65590381622314,"0km"
623,2016,7.18463706970215,9.65590381622314,"0km"
624,2016,7.14923572540283,9.65297412872314,"0km"
625,2016,7.18463706970215,9.65590381622314,"0km"
626,2016,7.18463706970215,9.65590381622314,"0km"
627,2016,7.18463706970215,9.65590381622314,"0km"
628,2016,7.18463706970215,9.65590381622314,"0km"
629,2016,7.18463706970215,9.65590381622314,"0km"
630,2016,7.18463706970215,9.65590381622314,"0km"
631,2016,7.18463706970215,9.65590381622314,"0km"
632,2016,7.18463706970215,9.65590381622314,"0km"
633,2016,7.18463706970215,9.65590381622314,"0km"
634,2016,7.18463706970215,9.65590381622314,"0km"
635,2016,7.18463706970215,9.65590381622314,"0km"
636,2016,7.18463706970215,9.65590381622314,"0km"
637,2016,6.10208463668823,9.10657024383545,"0km"
638,2016,6.7224645614624,8.4429759979248,"0km"
639,2016,6.10208463668823,9.10657024383545,"0km"
640,2016,6.10208463668823,9.10657024383545,"0km"
641,2016,6.10208463668823,9.10657024383545,"0km"
642,2016,6.7224645614624,8.4429759979248,"0km"
643,2016,6.7224645614624,8.4429759979248,"0km"
644,2016,6.7224645614624,8.4429759979248,"0km"
645,2016,6.7224645614624,8.4429759979248,"0km"
646,2016,6.7224645614624,8.4429759979248,"0km"
647,2016,6.7224645614624,8.4429759979248,"0km"
648,2016,6.10190153121948,8.94982719421387,"0km"
649,2016,6.7224645614624,8.4429759979248,"0km"
650,2016,6.7224645614624,8.4429759979248,"0km"
651,2016,6.72862958908081,8.52427768707275,"0km"
652,2016,6.10190153121948,8.94982719421387,"0km"
653,2016,6.7224645614624,8.4429759979248,"0km"
654,2016,6.10208463668823,9.10657024383545,"0km"
655,2016,6.10208463668823,9.10657024383545,"0km"
656,2016,6.10190153121948,8.94982719421387,"0km"
657,2016,6.10208463668823,9.10657024383545,"0km"
658,2016,6.7224645614624,8.4429759979248,"0km"
659,2016,6.72862958908081,8.52427768707275,"0km"
660,2016,6.7224645614624,8.4429759979248,"0km"
661,2016,6.10190153121948,8.94982719421387,"0km"
662,2016,6.10208463668823,9.10657024383545,"0km"
663,2016,6.10208463668823,9.10657024383545,"0km"
664,2016,6.10190153121948,8.94982719421387,"0km"
665,2016,6.7224645614624,8.4429759979248,"0km"
666,2016,6.10208463668823,9.10657024383545,"0km"
667,2016,6.7224645614624,8.4429759979248,"0km"
668,2016,6.10190153121948,8.94982719421387,"0km"
669,2016,6.10208463668823,9.10657024383545,"0km"
670,2016,6.72862958908081,8.52427768707275,"0km"
671,2016,6.10208463668823,9.10657024383545,"0km"
672,2016,6.72862958908081,8.52427768707275,"0km"
673,2016,6.72862958908081,8.52427768707275,"0km"
674,2016,6.72862958908081,8.52427768707275,"0km"
675,2016,6.72862958908081,8.52427768707275,"0km"
676,2016,6.10208463668823,9.10657024383545,"0km"
677,2016,6.72862958908081,8.52427768707275,"0km"
678,2016,6.72862958908081,8.52427768707275,"0km"
679,2016,6.10190153121948,8.94982719421387,"0km"
680,2016,6.10208463668823,9.10657024383545,"0km"
681,2016,6.10190153121948,8.94982719421387,"0km"
682,2016,6.10190153121948,8.94982719421387,"0km"
683,2016,6.72862958908081,8.52427768707275,"0km"
684,2016,6.10208463668823,9.10657024383545,"0km"
685,2016,6.10190153121948,8.94982719421387,"0km"
686,2016,6.72862958908081,8.52427768707275,"0km"
687,2016,6.10190153121948,8.94982719421387,"0km"
688,2016,6.10208463668823,9.10657024383545,"0km"
689,2016,6.10208463668823,9.10657024383545,"0km"
690,2016,6.10208463668823,9.10657024383545,"0km"
691,2016,6.7224645614624,8.4429759979248,"0km"
692,2016,6.7224645614624,8.4429759979248,"0km"
693,2016,6.10190153121948,8.94982719421387,"0km"
694,2016,6.72862958908081,8.52427768707275,"0km"
695,2016,6.10190153121948,8.94982719421387,"0km"
696,2016,6.10190153121948,8.94982719421387,"0km"
697,2016,6.7224645614624,8.4429759979248,"0km"
698,2016,6.10190153121948,8.94982719421387,"0km"
699,2016,6.7224645614624,8.4429759979248,"0km"
700,2016,6.10208463668823,9.10657024383545,"0km"
701,2016,6.7224645614624,8.4429759979248,"0km"
702,2016,6.7224645614624,8.4429759979248,"0km"
703,2016,6.7224645614624,8.4429759979248,"0km"
704,2016,6.10208463668823,9.10657024383545,"0km"
705,2016,6.10208463668823,9.10657024383545,"0km"
706,2016,6.7224645614624,8.4429759979248,"0km"
707,2016,6.7224645614624,8.4429759979248,"0km"
708,2016,6.7224645614624,8.4429759979248,"0km"
709,2016,6.72862958908081,8.52427768707275,"0km"
710,2016,6.10208463668823,9.10657024383545,"0km"
711,2016,6.72862958908081,8.52427768707275,"0km"
712,2016,6.7224645614624,8.4429759979248,"0km"
713,2016,6.72862958908081,8.52427768707275,"0km"
714,2016,6.72862958908081,8.52427768707275,"0km"
715,2016,6.72862958908081,8.52427768707275,"0km"
716,2016,6.7224645614624,8.4429759979248,"0km"
717,2016,6.7224645614624,8.4429759979248,"0km"
718,2016,6.10208463668823,9.10657024383545,"0km"
719,2016,6.10208463668823,9.10657024383545,"0km"
720,2016,6.10208463668823,9.10657024383545,"0km"
721,2016,6.10208463668823,9.10657024383545,"0km"
722,2016,6.10208463668823,9.10657024383545,"0km"
723,2016,6.10208463668823,9.10657024383545,"0km"
724,2016,6.10208463668823,9.10657024383545,"0km"
725,2016,6.10208463668823,9.10657024383545,"0km"
726,2017,6.23861069149441,9.23548062642415,"10km"
727,2017,6.29270315170288,9.22742366790771,"0km"
728,2017,6.23861069149441,9.23548062642415,"10km"
729,2017,6.23861069149441,9.23548062642415,"10km"
730,2017,6.29270315170288,9.22742366790771,"0km"
731,2017,6.81658363342285,9.48377895355225,"0km"
732,2017,7.20984506607056,10.2850732803345,"0km"
733,2017,7.20984506607056,10.2850732803345,"0km"
734,2017,7.20984506607056,10.2850732803345,"0km"
735,2017,7.20984506607056,10.2850732803345,"0km"
736,2017,7.20984506607056,10.2850732803345,"0km"
737,2017,7.20984506607056,10.2850732803345,"0km"
738,2017,7.20984506607056,10.2850732803345,"0km"
739,2017,7.20984506607056,10.2850732803345,"0km"
740,2017,7.20984506607056,10.2850732803345,"0km"
741,2017,7.20984506607056,10.2850732803345,"0km"
742,2017,7.20984506607056,10.2850732803345,"0km"
743,2017,6.93682670593262,9.76577091217041,"0km"
744,2017,6.93682670593262,9.76577091217041,"0km"
745,2017,6.81658363342285,9.48377895355225,"0km"
746,2017,6.93682670593262,9.76577091217041,"0km"
747,2017,7.20984506607056,10.2850732803345,"0km"
748,2017,6.81658363342285,9.48377895355225,"0km"
749,2017,6.81658363342285,9.48377895355225,"0km"
750,2017,6.93682670593262,9.76577091217041,"0km"
751,2017,6.93682670593262,9.76577091217041,"0km"
752,2017,6.93682670593262,9.76577091217041,"0km"
753,2017,7.20984506607056,10.2850732803345,"0km"
754,2017,7.20984506607056,10.2850732803345,"0km"
755,2017,7.20984506607056,10.2850732803345,"0km"
756,2017,6.87316513061523,10.0763263702393,"0km"
757,2017,6.87316513061523,10.0763263702393,"0km"
758,2017,NA,NA,"15km"
759,2017,6.81658363342285,9.48377895355225,"0km"
760,2017,6.81658363342285,9.48377895355225,"0km"
761,2017,6.81658363342285,9.48377895355225,"0km"
762,2017,6.81658363342285,9.48377895355225,"0km"
763,2017,6.81658363342285,9.48377895355225,"0km"
764,2017,6.81658363342285,9.48377895355225,"0km"
765,2017,6.81658363342285,9.48377895355225,"0km"
766,2017,6.81658363342285,9.48377895355225,"0km"
767,2017,6.81658363342285,9.48377895355225,"0km"
768,2017,6.81658363342285,9.48377895355225,"0km"
769,2017,6.81658363342285,9.48377895355225,"0km"
770,2017,6.81658363342285,9.48377895355225,"0km"
771,2017,6.81658363342285,9.48377895355225,"0km"
772,2017,6.81658363342285,9.48377895355225,"0km"
773,2017,6.81658363342285,9.48377895355225,"0km"
774,2017,6.81658363342285,9.48377895355225,"0km"
775,2017,6.81658363342285,9.48377895355225,"0km"
776,2017,6.81658363342285,9.48377895355225,"0km"
777,2017,6.81658363342285,9.48377895355225,"0km"
778,2017,6.81658363342285,9.48377895355225,"0km"
779,2017,6.81658363342285,9.48377895355225,"0km"
780,2017,6.81658363342285,9.48377895355225,"0km"
781,2017,6.81658363342285,9.48377895355225,"0km"
782,2017,6.81658363342285,9.48377895355225,"0km"
783,2017,6.81658363342285,9.48377895355225,"0km"
784,2017,6.81658363342285,9.48377895355225,"0km"
785,2017,6.81658363342285,9.48377895355225,"0km"
786,2017,6.81658363342285,9.48377895355225,"0km"
787,2017,6.81658363342285,9.48377895355225,"0km"
788,2017,6.81658363342285,9.48377895355225,"0km"
789,2017,6.81658363342285,9.48377895355225,"0km"
790,2017,6.81658363342285,9.48377895355225,"0km"
791,2017,6.81658363342285,9.48377895355225,"0km"
792,2017,6.81658363342285,9.48377895355225,"0km"
793,2017,6.81658363342285,9.48377895355225,"0km"
794,2017,6.81658363342285,9.48377895355225,"0km"
795,2017,6.81658363342285,9.48377895355225,"0km"
796,2017,6.81658363342285,9.48377895355225,"0km"
797,2017,7.20984506607056,10.2850732803345,"0km"
798,2017,7.20984506607056,10.2850732803345,"0km"
799,2017,7.20984506607056,10.2850732803345,"0km"
800,2017,7.20984506607056,10.2850732803345,"0km"
801,2017,7.20984506607056,10.2850732803345,"0km"
802,2017,7.20984506607056,10.2850732803345,"0km"
803,2017,7.20984506607056,10.2850732803345,"0km"
804,2017,7.20984506607056,10.2850732803345,"0km"
805,2017,7.20984506607056,10.2850732803345,"0km"
806,2017,7.20984506607056,10.2850732803345,"0km"
807,2017,6.77288103103638,8.71324825286865,"0km"
808,2017,6.77288103103638,8.71324825286865,"0km"
809,2017,6.77288103103638,8.71324825286865,"0km"
810,2017,6.77288103103638,8.71324825286865,"0km"
811,2017,6.77288103103638,8.71324825286865,"0km"
812,2017,6.77288103103638,8.71324825286865,"0km"
813,2017,6.77288103103638,8.71324825286865,"0km"
814,2017,7.14435243606567,10.7311315536499,"0km"
815,2017,7.14435243606567,10.7311315536499,"0km"
816,2017,6.87316513061523,10.0763263702393,"0km"
817,2017,6.87316513061523,10.0763263702393,"0km"
818,2017,6.87316513061523,10.0763263702393,"0km"
819,2017,6.87316513061523,10.0763263702393,"0km"
820,2017,6.87316513061523,10.0763263702393,"0km"
821,2017,6.87316513061523,10.0763263702393,"0km"
822,2017,6.87316513061523,10.0763263702393,"0km"
823,2017,6.87316513061523,10.0763263702393,"0km"
824,2017,6.87316513061523,10.0763263702393,"0km"
825,2017,6.87316513061523,10.0763263702393,"0km"
826,2017,6.87316513061523,10.0763263702393,"0km"
827,2017,6.87316513061523,10.0763263702393,"0km"
828,2017,6.87316513061523,10.0763263702393,"0km"
829,2017,6.87316513061523,10.0763263702393,"0km"
830,2017,6.83434534072876,9.23914337158203,"0km"
831,2017,6.87316513061523,10.0763263702393,"0km"
832,2017,6.87316513061523,10.0763263702393,"0km"
833,2017,6.87316513061523,10.0763263702393,"0km"
834,2017,6.87316513061523,10.0763263702393,"0km"
835,2017,6.87316513061523,10.0763263702393,"0km"
836,2017,6.87316513061523,10.0763263702393,"0km"
837,2017,6.87316513061523,10.0763263702393,"0km"
838,2017,6.87316513061523,10.0763263702393,"0km"
839,2017,6.87316513061523,10.0763263702393,"0km"
840,2017,6.87316513061523,10.0763263702393,"0km"
841,2017,6.87316513061523,10.0763263702393,"0km"
842,2017,6.89776277542114,10.2030401229858,"0km"
843,2017,6.89776277542114,10.2030401229858,"0km"
844,2017,6.89776277542114,10.2030401229858,"0km"
845,2017,6.93432426452637,9.35413646697998,"0km"
846,2017,6.93432426452637,9.35413646697998,"0km"
847,2017,6.93432426452637,9.35413646697998,"0km"
848,2017,6.93432426452637,9.35413646697998,"0km"
849,2017,6.93432426452637,9.35413646697998,"0km"
850,2017,6.93432426452637,9.35413646697998,"0km"
851,2017,6.93432426452637,9.35413646697998,"0km"
852,2017,6.93432426452637,9.35413646697998,"0km"
853,2017,6.93432426452637,9.35413646697998,"0km"
854,2017,6.93432426452637,9.35413646697998,"0km"
855,2017,6.93432426452637,9.35413646697998,"0km"
856,2017,6.93432426452637,9.35413646697998,"0km"
857,2017,6.93432426452637,9.35413646697998,"0km"
858,2017,6.93432426452637,9.35413646697998,"0km"
859,2017,6.93432426452637,9.35413646697998,"0km"
860,2017,6.93432426452637,9.35413646697998,"0km"
861,2017,6.93432426452637,9.35413646697998,"0km"
862,2017,6.93432426452637,9.35413646697998,"0km"
863,2017,6.93432426452637,9.35413646697998,"0km"
864,2017,6.93432426452637,9.35413646697998,"0km"
865,2017,6.93432426452637,9.35413646697998,"0km"
866,2017,6.93432426452637,9.35413646697998,"0km"
867,2017,6.93432426452637,9.35413646697998,"0km"
868,2017,6.93432426452637,9.35413646697998,"0km"
869,2017,6.93432426452637,9.35413646697998,"0km"
870,2017,6.93432426452637,9.35413646697998,"0km"
871,2017,6.93432426452637,9.35413646697998,"0km"
872,2017,6.93432426452637,9.35413646697998,"0km"
873,2017,6.93432426452637,9.35413646697998,"0km"
874,2017,6.93432426452637,9.35413646697998,"0km"
875,2017,6.93432426452637,9.35413646697998,"0km"
876,2017,6.93432426452637,9.35413646697998,"0km"
877,2017,6.93432426452637,9.35413646697998,"0km"
878,2017,6.93432426452637,9.35413646697998,"0km"
879,2017,6.93432426452637,9.35413646697998,"0km"
880,2017,6.93432426452637,9.35413646697998,"0km"
881,2017,6.93432426452637,9.35413646697998,"0km"
882,2017,6.89776277542114,10.2030401229858,"0km"
883,2017,6.93432426452637,9.35413646697998,"0km"
884,2017,6.89776277542114,10.2030401229858,"0km"
885,2017,6.89776277542114,10.2030401229858,"0km"
886,2017,7.07312250137329,10.7867975234985,"0km"
887,2017,7.07312250137329,10.7867975234985,"0km"
888,2017,7.07312250137329,10.7867975234985,"0km"
889,2017,7.07312250137329,10.7867975234985,"0km"
890,2017,7.07312250137329,10.7867975234985,"0km"
891,2017,7.07312250137329,10.7867975234985,"0km"
892,2017,7.07312250137329,10.7867975234985,"0km"
893,2017,7.07312250137329,10.7867975234985,"0km"
894,2017,7.07312250137329,10.7867975234985,"0km"
895,2017,7.07312250137329,10.7867975234985,"0km"
896,2017,7.07312250137329,10.7867975234985,"0km"
897,2017,7.07312250137329,10.7867975234985,"0km"
898,2017,7.07312250137329,10.7867975234985,"0km"
899,2017,7.07312250137329,10.7867975234985,"0km"
900,2017,7.07312250137329,10.7867975234985,"0km"
901,2017,7.07312250137329,10.7867975234985,"0km"
902,2017,7.07312250137329,10.7867975234985,"0km"
903,2017,7.07312250137329,10.7867975234985,"0km"
904,2017,7.07312250137329,10.7867975234985,"0km"
905,2017,7.07312250137329,10.7867975234985,"0km"
906,2017,7.07312250137329,10.7867975234985,"0km"
907,2017,7.07312250137329,10.7867975234985,"0km"
908,2017,7.07312250137329,10.7867975234985,"0km"
909,2017,7.07312250137329,10.7867975234985,"0km"
910,2017,7.07312250137329,10.7867975234985,"0km"
911,2017,7.07312250137329,10.7867975234985,"0km"
912,2017,7.07312250137329,10.7867975234985,"0km"
913,2017,7.07312250137329,10.7867975234985,"0km"
914,2017,7.07312250137329,10.7867975234985,"0km"
915,2017,7.07312250137329,10.7867975234985,"0km"
916,2017,7.07312250137329,10.7867975234985,"0km"
917,2017,7.07312250137329,10.7867975234985,"0km"
918,2017,7.07312250137329,10.7867975234985,"0km"
919,2017,7.07312250137329,10.7867975234985,"0km"
920,2017,7.07312250137329,10.7867975234985,"0km"
921,2017,7.07312250137329,10.7867975234985,"0km"
922,2017,7.07312250137329,10.7867975234985,"0km"
923,2017,7.07312250137329,10.7867975234985,"0km"
924,2017,7.07312250137329,10.7867975234985,"0km"
925,2017,7.07312250137329,10.7867975234985,"0km"
926,2017,7.07312250137329,10.7867975234985,"0km"
927,2017,7.07312250137329,10.7867975234985,"0km"
928,2017,7.07312250137329,10.7867975234985,"0km"
929,2017,7.07312250137329,10.7867975234985,"0km"
930,2017,7.07312250137329,10.7867975234985,"0km"
931,2017,7.07312250137329,10.7867975234985,"0km"
932,2017,6.93682670593262,9.76577091217041,"0km"
933,2017,6.93682670593262,9.76577091217041,"0km"
934,2017,6.93682670593262,9.76577091217041,"0km"
935,2017,6.93682670593262,9.76577091217041,"0km"
936,2017,6.93682670593262,9.76577091217041,"0km"
937,2017,6.93682670593262,9.76577091217041,"0km"
938,2017,6.93682670593262,9.76577091217041,"0km"
939,2017,6.77288103103638,8.71324825286865,"0km"
940,2017,6.93682670593262,9.76577091217041,"0km"
941,2017,6.93682670593262,9.76577091217041,"0km"
942,2017,6.93682670593262,9.76577091217041,"0km"
943,2017,6.93682670593262,9.76577091217041,"0km"
944,2017,6.93682670593262,9.76577091217041,"0km"
945,2017,6.93682670593262,9.76577091217041,"0km"
946,2017,6.93682670593262,9.76577091217041,"0km"
947,2017,6.93682670593262,9.76577091217041,"0km"
948,2017,6.77288103103638,8.71324825286865,"0km"
949,2017,6.77288103103638,8.71324825286865,"0km"
950,2017,6.77288103103638,8.71324825286865,"0km"
951,2017,6.77288103103638,8.71324825286865,"0km"
952,2017,6.77288103103638,8.71324825286865,"0km"
953,2017,6.81658363342285,9.48377895355225,"0km"
954,2017,6.81658363342285,9.48377895355225,"0km"
955,2017,6.81658363342285,9.48377895355225,"0km"
956,2017,7.14435243606567,10.7311315536499,"0km"
957,2017,6.87316513061523,10.0763263702393,"0km"
958,2017,6.87316513061523,10.0763263702393,"0km"
959,2017,6.87316513061523,10.0763263702393,"0km"
960,2017,6.87316513061523,10.0763263702393,"0km"
961,2017,7.07312250137329,10.7867975234985,"0km"
962,2017,7.07312250137329,10.7867975234985,"0km"
963,2017,6.93682670593262,9.76577091217041,"0km"
964,2017,6.77288103103638,8.71324825286865,"0km"
965,2017,6.77288103103638,8.71324825286865,"0km"
966,2017,6.77288103103638,8.71324825286865,"0km"
967,2017,6.81658363342285,9.48377895355225,"0km"
968,2017,6.81658363342285,9.48377895355225,"0km"
969,2017,7.20984506607056,10.2850732803345,"0km"
970,2017,7.20984506607056,10.2850732803345,"0km"
971,2017,7.20984506607056,10.2850732803345,"0km"
972,2017,7.20984506607056,10.2850732803345,"0km"
973,2017,7.14435243606567,10.7311315536499,"0km"
974,2017,7.14435243606567,10.7311315536499,"0km"
975,2017,7.14435243606567,10.7311315536499,"0km"
976,2017,6.87316513061523,10.0763263702393,"0km"
977,2017,6.87316513061523,10.0763263702393,"0km"
978,2017,6.87316513061523,10.0763263702393,"0km"
979,2017,6.87316513061523,10.0763263702393,"0km"
980,2017,6.87316513061523,10.0763263702393,"0km"
981,2017,6.87316513061523,10.0763263702393,"0km"
982,2017,6.87316513061523,10.0763263702393,"0km"
983,2017,6.83434534072876,9.23914337158203,"0km"
984,2017,6.83434534072876,9.23914337158203,"0km"
985,2017,6.83434534072876,9.23914337158203,"0km"
986,2017,6.83434534072876,9.23914337158203,"0km"
987,2017,6.87316513061523,10.0763263702393,"0km"
988,2017,6.87316513061523,10.0763263702393,"0km"
989,2017,6.93432426452637,9.35413646697998,"0km"
990,2017,6.93432426452637,9.35413646697998,"0km"
991,2017,6.93432426452637,9.35413646697998,"0km"
992,2017,6.93432426452637,9.35413646697998,"0km"
993,2017,6.93432426452637,9.35413646697998,"0km"
994,2017,7.07312250137329,10.7867975234985,"0km"
995,2017,7.07312250137329,10.7867975234985,"0km"
996,2017,7.07312250137329,10.7867975234985,"0km"
997,2017,7.07312250137329,10.7867975234985,"0km"
998,2017,7.07312250137329,10.7867975234985,"0km"
999,2017,7.07312250137329,10.7867975234985,"0km"
1000,2017,7.07312250137329,10.7867975234985,"0km"
1001,2017,7.07312250137329,10.7867975234985,"0km"
1002,2017,7.07312250137329,10.7867975234985,"0km"
1003,2017,6.93682670593262,9.76577091217041,"0km"
1004,2017,6.93682670593262,9.76577091217041,"0km"
1005,2017,6.93682670593262,9.76577091217041,"0km"
1006,2017,6.93682670593262,9.76577091217041,"0km"
1007,2017,6.93682670593262,9.76577091217041,"0km"
1008,2017,6.93682670593262,9.76577091217041,"0km"
1009,2017,6.93682670593262,9.76577091217041,"0km"
1010,2017,6.77288103103638,8.71324825286865,"0km"
1011,2017,6.77288103103638,8.71324825286865,"0km"
1012,2017,6.77288103103638,8.71324825286865,"0km"
1013,2017,7.20984506607056,10.2850732803345,"0km"
1014,2017,7.20984506607056,10.2850732803345,"0km"
1015,2017,7.20984506607056,10.2850732803345,"0km"
1016,2017,7.20984506607056,10.2850732803345,"0km"
1017,2017,6.81658363342285,9.48377895355225,"0km"
1018,2017,6.81658363342285,9.48377895355225,"0km"
1019,2017,6.81658363342285,9.48377895355225,"0km"
1020,2017,6.87316513061523,10.0763263702393,"0km"
1021,2017,6.87316513061523,10.0763263702393,"0km"
1022,2017,6.87316513061523,10.0763263702393,"0km"
1023,2017,6.87316513061523,10.0763263702393,"0km"
1024,2017,6.93432426452637,9.35413646697998,"0km"
1025,2017,6.93432426452637,9.35413646697998,"0km"
1026,2017,7.07312250137329,10.7867975234985,"0km"
1027,2017,7.07312250137329,10.7867975234985,"0km"
1028,2017,7.07312250137329,10.7867975234985,"0km"
1029,2017,6.93682670593262,9.76577091217041,"0km"
1030,2017,6.93682670593262,9.76577091217041,"0km"
1031,2017,6.81658363342285,9.48377895355225,"0km"
1032,2017,6.81658363342285,9.48377895355225,"0km"
1033,2017,6.81658363342285,9.48377895355225,"0km"
1034,2017,6.81658363342285,9.48377895355225,"0km"
1035,2017,6.81658363342285,9.48377895355225,"0km"
1036,2017,6.81658363342285,9.48377895355225,"0km"
1037,2017,6.81658363342285,9.48377895355225,"0km"
1038,2017,7.20984506607056,10.2850732803345,"0km"
1039,2017,6.77288103103638,8.71324825286865,"0km"
1040,2017,6.77288103103638,8.71324825286865,"0km"
1041,2017,6.77288103103638,8.71324825286865,"0km"
1042,2017,6.77288103103638,8.71324825286865,"0km"
1043,2017,6.77288103103638,8.71324825286865,"0km"
1044,2017,6.77288103103638,8.71324825286865,"0km"
1045,2017,7.14435243606567,10.7311315536499,"0km"
1046,2017,6.87316513061523,10.0763263702393,"0km"
1047,2017,6.87316513061523,10.0763263702393,"0km"
1048,2017,6.87316513061523,10.0763263702393,"0km"
1049,2017,6.87316513061523,10.0763263702393,"0km"
1050,2017,6.87316513061523,10.0763263702393,"0km"
1051,2017,6.87316513061523,10.0763263702393,"0km"
1052,2017,6.87316513061523,10.0763263702393,"0km"
1053,2017,6.87316513061523,10.0763263702393,"0km"
1054,2017,6.87316513061523,10.0763263702393,"0km"
1055,2017,6.87316513061523,10.0763263702393,"0km"
1056,2017,6.83434534072876,9.23914337158203,"0km"
1057,2017,6.83434534072876,9.23914337158203,"0km"
1058,2017,6.83434534072876,9.23914337158203,"0km"
1059,2017,6.87316513061523,10.0763263702393,"0km"
1060,2017,6.93432426452637,9.35413646697998,"0km"
1061,2017,6.93432426452637,9.35413646697998,"0km"
1062,2017,6.93432426452637,9.35413646697998,"0km"
1063,2017,6.93432426452637,9.35413646697998,"0km"
1064,2017,6.93432426452637,9.35413646697998,"0km"
1065,2017,6.93432426452637,9.35413646697998,"0km"
1066,2017,6.93432426452637,9.35413646697998,"0km"
1067,2017,6.93432426452637,9.35413646697998,"0km"
1068,2017,6.93432426452637,9.35413646697998,"0km"
1069,2017,6.93432426452637,9.35413646697998,"0km"
1070,2017,6.93432426452637,9.35413646697998,"0km"
1071,2017,6.93432426452637,9.35413646697998,"0km"
1072,2017,6.93432426452637,9.35413646697998,"0km"
1073,2017,6.93432426452637,9.35413646697998,"0km"
1074,2017,6.93432426452637,9.35413646697998,"0km"
1075,2017,6.93432426452637,9.35413646697998,"0km"
1076,2017,7.07312250137329,10.7867975234985,"0km"
1077,2017,7.07312250137329,10.7867975234985,"0km"
1078,2017,7.07312250137329,10.7867975234985,"0km"
1079,2017,7.07312250137329,10.7867975234985,"0km"
1080,2017,7.07312250137329,10.7867975234985,"0km"
1081,2017,7.07312250137329,10.7867975234985,"0km"
1082,2017,7.07312250137329,10.7867975234985,"0km"
1083,2017,7.07312250137329,10.7867975234985,"0km"
1084,2017,7.07312250137329,10.7867975234985,"0km"
1085,2017,7.07312250137329,10.7867975234985,"0km"
1086,2017,6.93682670593262,9.76577091217041,"0km"
1087,2017,6.93682670593262,9.76577091217041,"0km"
1088,2017,6.93682670593262,9.76577091217041,"0km"
1089,2017,6.93682670593262,9.76577091217041,"0km"
1090,2017,6.93682670593262,9.76577091217041,"0km"
1091,2017,6.93682670593262,9.76577091217041,"0km"
1092,2017,6.93682670593262,9.76577091217041,"0km"
1093,2017,6.93682670593262,9.76577091217041,"0km"
1094,2017,6.93682670593262,9.76577091217041,"0km"
1095,2017,6.93682670593262,9.76577091217041,"0km"
1096,2017,6.93682670593262,9.76577091217041,"0km"
1097,2017,6.93682670593262,9.76577091217041,"0km"
1098,2017,6.93682670593262,9.76577091217041,"0km"
1099,2017,6.93682670593262,9.76577091217041,"0km"
1100,2017,6.93682670593262,9.76577091217041,"0km"
1101,2017,6.93682670593262,9.76577091217041,"0km"
1102,2017,6.77288103103638,8.71324825286865,"0km"
1103,2017,6.77288103103638,8.71324825286865,"0km"
1104,2017,6.77288103103638,8.71324825286865,"0km"
1105,2017,6.77288103103638,8.71324825286865,"0km"
1106,2017,6.77288103103638,8.71324825286865,"0km"
1107,2017,6.77288103103638,8.71324825286865,"0km"
1108,2017,6.69292283058167,9.23108625411987,"10km"
1109,2017,6.93432426452637,9.35413646697998,"0km"
1110,2017,7.07312250137329,10.7867975234985,"0km"
1111,2017,7.07312250137329,10.7867975234985,"0km"
1112,2017,7.07312250137329,10.7867975234985,"0km"
1113,2017,7.07312250137329,10.7867975234985,"0km"
1114,2017,7.07312250137329,10.7867975234985,"0km"
1115,2017,7.07312250137329,10.7867975234985,"0km"
1116,2017,7.07312250137329,10.7867975234985,"0km"
1117,2017,7.07312250137329,10.7867975234985,"0km"
1118,2017,7.07312250137329,10.7867975234985,"0km"
1119,2017,7.07312250137329,10.7867975234985,"0km"
1120,2017,7.07312250137329,10.7867975234985,"0km"
1121,2017,7.07312250137329,10.7867975234985,"0km"
1122,2017,7.07312250137329,10.7867975234985,"0km"
1123,2017,7.07312250137329,10.7867975234985,"0km"
1124,2017,7.07312250137329,10.7867975234985,"0km"
1125,2017,7.07312250137329,10.7867975234985,"0km"
1126,2017,7.07312250137329,10.7867975234985,"0km"
1127,2017,7.07312250137329,10.7867975234985,"0km"
1128,2017,6.93682670593262,9.76577091217041,"0km"
1129,2017,6.93682670593262,9.76577091217041,"0km"
1130,2017,4.63536500930786,12.5505237579346,"15km"
1131,2017,4.63536500930786,12.5505237579346,"15km"
1132,2017,4.63536500930786,12.5505237579346,"15km"
1133,2017,4.63536500930786,12.5505237579346,"15km"
1134,2017,4.63536500930786,12.5505237579346,"15km"
1135,2017,4.63536500930786,12.5505237579346,"15km"
1136,2017,4.63536500930786,12.5505237579346,"15km"
1137,2017,4.63536500930786,12.5505237579346,"15km"
1138,2017,4.63536500930786,12.5505237579346,"15km"
1139,2017,4.63536500930786,12.5505237579346,"15km"
1140,2017,4.63536500930786,12.5505237579346,"15km"
1141,2017,4.63536500930786,12.5505237579346,"15km"
1142,2017,4.63536500930786,12.5505237579346,"15km"
1143,2017,4.63536500930786,12.5505237579346,"15km"
1144,2017,4.63536500930786,12.5505237579346,"15km"
1145,2017,4.63536500930786,12.5505237579346,"15km"
1146,2017,4.63536500930786,12.5505237579346,"15km"
1147,2017,4.63536500930786,12.5505237579346,"15km"
1148,2017,4.63536500930786,12.5505237579346,"15km"
1149,2017,4.63536500930786,12.5505237579346,"15km"
1150,2017,4.63536500930786,12.5505237579346,"15km"
1151,2017,4.63536500930786,12.5505237579346,"15km"
1152,2017,4.63536500930786,12.5505237579346,"15km"
1153,2017,4.63536500930786,12.5505237579346,"15km"
1154,2017,4.63536500930786,12.5505237579346,"15km"
1155,2017,4.63536500930786,12.5505237579346,"15km"
1156,2017,4.63536500930786,12.5505237579346,"15km"
1157,2017,4.63536500930786,12.5505237579346,"15km"
1158,2017,4.63536500930786,12.5505237579346,"15km"
1159,2017,4.63536500930786,12.5505237579346,"15km"
1160,2017,4.63536500930786,12.5505237579346,"15km"
1161,2017,4.63536500930786,12.5505237579346,"15km"
1162,2017,4.63536500930786,12.5505237579346,"15km"
1163,2017,4.63536500930786,12.5505237579346,"15km"
1164,2017,4.63536500930786,12.5505237579346,"15km"
1165,2017,4.63536500930786,12.5505237579346,"15km"
1166,2017,4.63536500930786,12.5505237579346,"15km"
1167,2017,4.63536500930786,12.5505237579346,"15km"
1168,2017,4.63536500930786,12.5505237579346,"15km"
1169,2017,4.63536500930786,12.5505237579346,"15km"
1170,2017,4.63536500930786,12.5505237579346,"15km"
1171,2017,4.63536500930786,12.5505237579346,"15km"
1172,2017,4.63536500930786,12.5505237579346,"15km"
1173,2017,4.63536500930786,12.5505237579346,"15km"
1174,2017,4.63536500930786,12.5505237579346,"15km"
1175,2017,4.63536500930786,12.5505237579346,"15km"
1176,2017,4.63536500930786,12.5505237579346,"15km"
1177,2017,4.63536500930786,12.5505237579346,"15km"
1178,2017,4.63536500930786,12.5505237579346,"15km"
1179,2017,4.63536500930786,12.5505237579346,"15km"
1180,2017,4.63536500930786,12.5505237579346,"15km"
1181,2017,4.63536500930786,12.5505237579346,"15km"
1182,2017,4.63536500930786,12.5505237579346,"15km"
1183,2017,4.63536500930786,12.5505237579346,"15km"
1184,2017,4.63536500930786,12.5505237579346,"15km"
1185,2017,4.63536500930786,12.5505237579346,"15km"
1186,2017,4.63536500930786,12.5505237579346,"15km"
1187,2017,4.63536500930786,12.5505237579346,"15km"
1188,2017,4.63536500930786,12.5505237579346,"15km"
1189,2017,4.63536500930786,12.5505237579346,"15km"
1190,2017,4.63536500930786,12.5505237579346,"15km"
1191,2017,4.63536500930786,12.5505237579346,"15km"
1192,2017,4.63536500930786,12.5505237579346,"15km"
1193,2017,4.63536500930786,12.5505237579346,"15km"
1194,2017,4.63536500930786,12.5505237579346,"15km"
1195,2017,4.63536500930786,12.5505237579346,"15km"
1196,2017,4.63536500930786,12.5505237579346,"15km"
1197,2017,4.63536500930786,12.5505237579346,"15km"
1198,2017,4.63536500930786,12.5505237579346,"15km"
1199,2017,4.63536500930786,12.5505237579346,"15km"
1200,2017,4.63536500930786,12.5505237579346,"15km"
1201,2017,NA,NA,"15km"
1202,2017,NA,NA,"15km"
1203,2017,NA,NA,"15km"
1204,2017,NA,NA,"15km"
1205,2017,NA,NA,"15km"
1206,2017,NA,NA,"15km"
1207,2017,NA,NA,"15km"
1208,2017,NA,NA,"15km"
1209,2017,NA,NA,"15km"
1210,2017,NA,NA,"15km"
1211,2017,NA,NA,"15km"
1212,2017,NA,NA,"15km"
1213,2017,NA,NA,"15km"
1214,2017,NA,NA,"15km"
1215,2017,NA,NA,"15km"
1216,2017,NA,NA,"15km"
1217,2017,NA,NA,"15km"
1218,2017,NA,NA,"15km"
1219,2017,NA,NA,"15km"
1220,2017,NA,NA,"15km"
1221,2014,6.94712972640991,9.66703701019287,"10km"
1222,2014,6.94712972640991,9.66703701019287,"10km"
1223,2014,6.97127771377563,9.60588836669922,"10km"
1224,2014,6.97127771377563,9.60588836669922,"10km"
1225,2014,6.97127771377563,9.60588836669922,"10km"
1226,2014,7.03900289535522,9.04504489898682,"0km"
1227,2014,7.03900289535522,9.04504489898682,"0km"
1228,2014,7.03900289535522,9.04504489898682,"0km"
1229,2014,7.03900289535522,9.04504489898682,"10km"
1230,2014,7.03900289535522,9.04504489898682,"10km"
1231,2014,7.4773097038269,10.6304206848145,"15km"
1232,2014,7.4773097038269,10.6304206848145,"15km"
1233,2014,7.4773097038269,10.6304206848145,"15km"
1234,2014,7.4773097038269,10.6304206848145,"15km"
1235,2014,7.28410704930623,10.2096316019694,"15km"
1236,2014,7.32177197933197,10.4073915481567,"15km"
1237,2014,7.32177197933197,10.4073915481567,"15km"
1238,2011,7.22309033075968,11.5285193125407,"15km"
1239,2011,7.22309033075968,11.5285193125407,"15km"
1240,2011,7.22309033075968,11.5285193125407,"15km"
1241,2015,7.94790506362915,14.0542316436768,"0km"
1242,2015,7.94790506362915,14.0542316436768,"0km"
1243,2015,7.94790506362915,14.0542316436768,"0km"
1244,2015,7.94790506362915,14.0542316436768,"0km"
1245,2015,7.94790506362915,14.0542316436768,"0km"
1246,2015,8.00790405273438,14.3340253829956,"0km"
1247,2015,8.00790405273438,14.3340253829956,"0km"
1248,2015,8.00790405273438,14.3340253829956,"0km"
1249,2015,8.00790405273438,14.3340253829956,"0km"
1250,2015,8.08157634735107,14.4080018997192,"0km"
1251,2015,7.8592791557312,14.3171787261963,"0km"
1252,2015,7.8592791557312,14.3171787261963,"0km"
1253,2015,7.8592791557312,14.3171787261963,"0km"
1254,2015,7.8592791557312,14.3171787261963,"0km"
1255,2015,7.8592791557312,14.3171787261963,"0km"
1256,2015,8.07882976531982,14.0915861129761,"0km"
1257,2015,7.99069166183472,14.2226934432983,"0km"
1258,2015,7.99069166183472,14.2226934432983,"0km"
1259,2015,8.35496044158936,13.8286390304565,"0km"
1260,2015,8.35496044158936,13.8286390304565,"0km"
1261,2015,8.35496044158936,13.8286390304565,"0km"
1262,2015,8.50096130371094,13.6133003234863,"0km"
1263,2015,8.50096130371094,13.6133003234863,"0km"
1264,2015,8.50096130371094,13.6133003234863,"0km"
1265,2015,7.8592791557312,14.3171787261963,"0km"
1266,2015,7.8592791557312,14.3171787261963,"0km"
1267,2015,7.8592791557312,14.3171787261963,"0km"
1268,2015,7.8592791557312,14.3171787261963,"0km"
1269,2015,7.8592791557312,14.3171787261963,"0km"
1270,2015,7.8592791557312,14.3171787261963,"0km"
1271,2015,8.14963245391846,14.189733505249,"0km"
1272,2015,8.26236724853516,14.1128273010254,"0km"
1273,2015,8.26236724853516,14.1128273010254,"0km"
1274,2015,8.26236724853516,14.1128273010254,"0km"
1275,2015,8.26236724853516,14.1128273010254,"0km"
1276,2015,8.37076950073242,14.0366525650024,"0km"
1277,2015,8.37076950073242,14.0366525650024,"0km"
1278,2015,8.37076950073242,14.0366525650024,"0km"
1279,2015,8.37076950073242,14.0366525650024,"0km"
1280,2015,8.37076950073242,14.0366525650024,"0km"
1281,2015,8.46494960784912,13.9407024383545,"0km"
1282,2015,8.46494960784912,13.9407024383545,"0km"
1283,2015,8.46494960784912,13.9407024383545,"0km"
1284,2015,8.46494960784912,13.9407024383545,"0km"
1285,2015,8.39225482940674,13.2229070663452,"0km"
1286,2015,8.39225482940674,13.2229070663452,"0km"
1287,2015,8.39225482940674,13.2229070663452,"0km"
1288,2015,8.14859485626221,12.4816732406616,"0km"
1289,2015,8.14859485626221,12.4816732406616,"0km"
1290,2015,8.14859485626221,12.4816732406616,"0km"
1291,2015,8.14859485626221,12.4816732406616,"0km"
1292,2015,7.80678749084473,11.4518566131592,"0km"
1293,2015,7.80678749084473,11.4518566131592,"0km"
1294,2015,7.80678749084473,11.4518566131592,"0km"
1295,2015,7.80678749084473,11.4518566131592,"0km"
1296,2015,7.80678749084473,11.4518566131592,"0km"
1297,2015,7.80678749084473,11.4518566131592,"0km"
1298,2015,7.80678749084473,11.4518566131592,"0km"
1299,2015,7.80678749084473,11.4518566131592,"0km"
1300,2015,7.80678749084473,11.4518566131592,"0km"
1301,2015,7.80678749084473,11.4518566131592,"0km"
1302,2015,7.80678749084473,11.4518566131592,"0km"
1303,2015,7.80678749084473,11.4518566131592,"0km"
1304,2015,7.80678749084473,11.4518566131592,"0km"
1305,2015,7.80678749084473,11.4518566131592,"0km"
1306,2015,7.80678749084473,11.4518566131592,"0km"
1307,2015,7.80678749084473,11.4518566131592,"0km"
1308,2015,7.80678749084473,11.4518566131592,"0km"
1309,2015,7.80678749084473,11.4518566131592,"0km"
1310,2015,7.80678749084473,11.4518566131592,"0km"
1311,2015,7.80678749084473,11.4518566131592,"0km"
1312,2015,7.80678749084473,11.4518566131592,"0km"
1313,2015,7.80678749084473,11.4518566131592,"0km"
1314,2015,7.80678749084473,11.4518566131592,"0km"
1315,2015,7.80678749084473,11.4518566131592,"0km"
1316,2015,7.80678749084473,11.4518566131592,"0km"
1317,2015,7.80678749084473,11.4518566131592,"0km"
1318,2015,7.80678749084473,11.4518566131592,"0km"
1319,2015,7.80678749084473,11.4518566131592,"0km"
1320,2015,7.80678749084473,11.4518566131592,"0km"
1321,2015,7.80678749084473,11.4518566131592,"0km"
1322,2015,7.80678749084473,11.4518566131592,"0km"
1323,2015,7.80678749084473,11.4518566131592,"0km"
1324,2015,7.80678749084473,11.4518566131592,"0km"
1325,2015,7.80678749084473,11.4518566131592,"0km"
1326,2015,8.23258113861084,14.0893888473511,"0km"
1327,2015,8.23258113861084,14.0893888473511,"0km"
1328,2015,8.23258113861084,14.0893888473511,"0km"
1329,2015,8.23258113861084,14.0893888473511,"0km"
1330,2015,8.23258113861084,14.0893888473511,"0km"
1331,2015,8.23258113861084,14.0893888473511,"0km"
1332,2015,8.23258113861084,14.0893888473511,"0km"
1333,2015,8.23258113861084,14.0893888473511,"0km"
1334,2015,8.23258113861084,14.0893888473511,"0km"
1335,2015,8.23258113861084,14.0893888473511,"0km"
1336,2015,8.23258113861084,14.0893888473511,"0km"
1337,2015,8.23258113861084,14.0893888473511,"0km"
1338,2015,8.23258113861084,14.0893888473511,"0km"
1339,2015,8.23258113861084,14.0893888473511,"0km"
1340,2009,7.15515613555908,9.46327114105225,"0km"
1341,2009,7.15515613555908,9.46327114105225,"0km"
1342,2009,7.15515613555908,9.46327114105225,"0km"
1343,2009,7.15515613555908,9.46327114105225,"0km"
1344,2009,7.15515613555908,9.46327114105225,"0km"
1345,2009,6.83959484100342,8.04379367828369,"0km"
1346,2009,6.83959484100342,8.04379367828369,"0km"
1347,2009,6.83959484100342,8.04379367828369,"0km"
1348,2009,6.83959484100342,8.04379367828369,"0km"
1349,2009,6.83959484100342,8.04379367828369,"0km"
1350,2009,7.15515613555908,9.46327114105225,"0km"
1351,2009,7.15515613555908,9.46327114105225,"0km"
1352,2009,6.83959484100342,8.04379367828369,"0km"
1353,2009,6.83959484100342,8.04379367828369,"0km"
1354,2009,7.12817764282227,9.3761100769043,"0km"
1355,2009,7.12817764282227,9.3761100769043,"0km"
1356,2009,6.83959484100342,8.04379367828369,"0km"
1357,2009,7.12817764282227,9.3761100769043,"0km"
1358,2009,7.12817764282227,9.3761100769043,"0km"
1359,2009,7.12817764282227,9.3761100769043,"0km"
1360,2009,7.12817764282227,9.3761100769043,"0km"
1361,2009,6.83959484100342,8.04379367828369,"0km"
1362,2009,7.12817764282227,9.3761100769043,"0km"
1363,2009,7.12817764282227,9.3761100769043,"0km"
1364,2009,6.83959484100342,8.04379367828369,"0km"
1365,2009,7.12817764282227,9.3761100769043,"0km"
1366,2009,7.12817764282227,9.3761100769043,"0km"
1367,2009,7.12817764282227,9.3761100769043,"0km"
1368,2009,7.12817764282227,9.3761100769043,"0km"
1369,2009,6.83959484100342,8.04379367828369,"0km"
1370,2009,6.83959484100342,8.04379367828369,"0km"
1371,2009,6.83959484100342,8.04379367828369,"0km"
1372,2009,6.83959484100342,8.04379367828369,"0km"
1373,2009,7.07953119277954,11.9528484344482,"0km"
1374,2009,6.85815000534058,11.1515550613403,"0km"
1375,2009,6.85815000534058,11.1515550613403,"0km"
1376,2009,6.85815000534058,11.1515550613403,"0km"
1377,2009,6.85815000534058,11.1515550613403,"0km"
1378,2009,6.6190071105957,11.117862701416,"0km"
1379,2009,6.6190071105957,11.117862701416,"0km"
1380,2009,6.6190071105957,11.117862701416,"0km"
1381,2009,6.6190071105957,11.117862701416,"0km"
1382,2009,6.6190071105957,11.117862701416,"0km"
1383,2009,7.07953119277954,11.9528484344482,"0km"
1384,2009,7.07953119277954,11.9528484344482,"0km"
1385,2009,7.07953119277954,11.9528484344482,"0km"
1386,2009,7.07953119277954,11.9528484344482,"0km"
1387,2009,7.07953119277954,11.9528484344482,"0km"
1388,2009,6.85815000534058,11.1515550613403,"0km"
1389,2009,7.32670056819916,8.93206572532654,"10km"
1390,2009,7.32670056819916,8.93206572532654,"10km"
1391,2009,7.32990503311157,9.07409890492757,"10km"
1392,2009,7.32990503311157,9.07409890492757,"10km"
1393,2009,7.32990503311157,9.07409890492757,"10km"
1394,2009,7.32990503311157,9.07409890492757,"10km"
1395,2009,7.32990503311157,9.07409890492757,"10km"
1396,2009,7.32990503311157,9.07409890492757,"10km"
1397,2009,7.32990503311157,9.07409890492757,"10km"
1398,2009,7.32990503311157,9.07409890492757,"10km"
1399,2009,7.24024152755737,8.60850811004639,"0km"
1400,2009,7.24024152755737,8.60850811004639,"0km"
1401,2009,7.24024152755737,8.60850811004639,"0km"
1402,2009,7.24024152755737,8.60850811004639,"0km"
1403,2009,7.24024152755737,8.60850811004639,"0km"
1404,2009,6.85760068893433,8.10238933563232,"0km"
1405,2009,6.85760068893433,8.10238933563232,"0km"
1406,2009,6.85760068893433,8.10238933563232,"0km"
1407,2009,6.85760068893433,8.10238933563232,"0km"
1408,2009,6.85760068893433,8.10238933563232,"0km"
1409,2009,6.85760068893433,8.10238933563232,"0km"
1410,2009,6.85760068893433,8.10238933563232,"0km"
1411,2009,6.85760068893433,8.10238933563232,"0km"
1412,2009,6.85760068893433,8.10238933563232,"0km"
1413,2009,6.85760068893433,8.10238933563232,"0km"
1414,2009,6.85760068893433,8.10238933563232,"0km"
1415,2009,6.85760068893433,8.10238933563232,"0km"
1416,2009,6.85760068893433,8.10238933563232,"0km"
1417,2009,6.85760068893433,8.10238933563232,"0km"
1418,2009,6.85760068893433,8.10238933563232,"0km"
1419,2017,7.95046854019165,9.85146617889404,"0km"
1420,2017,7.45069742202759,8.04965400695801,"0km"
1421,2017,7.95046854019165,9.85146617889404,"0km"
1422,2017,7.31873536109924,8.3243203163147,"10km"
1423,2017,7.15613269805908,8.21958065032959,"0km"
1424,2017,7.31873536109924,8.3243203163147,"10km"
1425,2017,7.31873536109924,8.3243203163147,"10km"
1426,2017,7.45069742202759,8.04965400695801,"0km"
1427,2017,7.45069742202759,8.04965400695801,"0km"
1428,2017,7.45069742202759,8.04965400695801,"0km"
1429,2017,7.84306367238363,9.72695096333822,"10km"
1430,2017,7.84306367238363,9.72695096333822,"10km"
1431,2017,7.84306367238363,9.72695096333822,"10km"
1432,2017,7.84306367238363,9.72695096333822,"10km"
1433,2017,7.84306367238363,9.72695096333822,"10km"
1434,2017,7.84306367238363,9.72695096333822,"10km"
1435,2017,7.84306367238363,9.72695096333822,"10km"
1436,2017,7.84306367238363,9.72695096333822,"10km"
1437,2017,7.84306367238363,9.72695096333822,"10km"
1438,2017,7.84306367238363,9.72695096333822,"10km"
1439,2017,7.84306367238363,9.72695096333822,"10km"
1440,2017,7.84306367238363,9.72695096333822,"10km"
1441,2017,7.84306367238363,9.72695096333822,"10km"
1442,2017,7.84306367238363,9.72695096333822,"10km"
1443,2017,7.81492977142334,9.84516735076904,"15km"
1444,2011,7.6701865196228,11.7682733535767,"0km"
1445,2011,7.6701865196228,11.7682733535767,"0km"
1446,2011,7.6701865196228,11.7682733535767,"0km"
1447,2011,7.6701865196228,11.7682733535767,"0km"
1448,2011,7.6701865196228,11.7682733535767,"0km"
1449,2011,7.6701865196228,11.7682733535767,"0km"
1450,2011,7.6701865196228,11.7682733535767,"0km"
1451,2011,7.6701865196228,11.7682733535767,"0km"
1452,2011,7.6701865196228,11.7682733535767,"0km"
1453,2011,7.6701865196228,11.7682733535767,"0km"
1454,2011,7.6701865196228,11.7682733535767,"0km"
1455,2011,7.6701865196228,11.7682733535767,"0km"
1456,2011,7.6701865196228,11.7682733535767,"0km"
1457,2011,7.83767223358154,11.7492294311523,"0km"
1458,2011,7.83767223358154,11.7492294311523,"0km"
1459,2011,7.83767223358154,11.7492294311523,"0km"
1460,2011,7.83767223358154,11.7492294311523,"0km"
1461,2011,7.83767223358154,11.7492294311523,"0km"
1462,2011,7.83767223358154,11.7492294311523,"0km"
1463,2011,7.83767223358154,11.7492294311523,"0km"
1464,2011,7.83767223358154,11.7492294311523,"0km"
1465,2011,7.83767223358154,11.7492294311523,"0km"
1466,2011,7.83767223358154,11.7492294311523,"0km"
1467,2011,7.83767223358154,11.7492294311523,"0km"
1468,2011,7.83767223358154,11.7492294311523,"0km"
1469,2011,7.83767223358154,11.7492294311523,"0km"
1470,2011,7.83767223358154,11.7492294311523,"0km"
1471,2011,7.6701865196228,11.7682733535767,"0km"
1472,2011,7.6701865196228,11.7682733535767,"0km"
1473,2011,7.58095026016235,11.7953729629517,"0km"
1474,2011,7.58095026016235,11.7953729629517,"0km"
1475,2011,7.47157192230225,11.8290662765503,"0km"
1476,2011,7.47157192230225,11.8290662765503,"0km"
1477,2011,7.53608798980713,11.7448348999023,"0km"
1478,2011,7.53608798980713,11.7448348999023,"0km"
1479,2011,7.53608798980713,11.7448348999023,"0km"
1480,2011,7.53608798980713,11.7448348999023,"0km"
1481,2011,7.53608798980713,11.7448348999023,"0km"
1482,2011,7.53608798980713,11.7448348999023,"0km"
1483,2011,7.35633420944214,11.7565536499023,"0km"
1484,2011,7.35633420944214,11.7565536499023,"0km"
1485,2011,7.35633420944214,11.7565536499023,"0km"
1486,2011,7.35633420944214,11.7565536499023,"0km"
1487,2011,7.35633420944214,11.7565536499023,"0km"
1488,2011,7.35633420944214,11.7565536499023,"0km"
1489,2011,7.35633420944214,11.7565536499023,"0km"
1490,2011,7.35633420944214,11.7565536499023,"0km"
1491,2011,7.35633420944214,11.7565536499023,"0km"
1492,2011,7.09155559539795,11.823205947876,"0km"
1493,2011,7.09155559539795,11.823205947876,"0km"
1494,2011,7.09155559539795,11.823205947876,"0km"
1495,2011,7.02838230133057,11.7411727905273,"0km"
1496,2011,7.02838230133057,11.7411727905273,"0km"
1497,2011,7.02838230133057,11.7411727905273,"0km"
1498,2011,7.02838230133057,11.7411727905273,"0km"
1499,2011,7.02838230133057,11.7411727905273,"0km"
1500,2011,7.34321117401123,11.6950283050537,"0km"
1501,2011,7.34321117401123,11.6950283050537,"0km"
1502,2011,7.34321117401123,11.6950283050537,"0km"
1503,2011,7.34321117401123,11.6950283050537,"0km"
1504,2011,7.34321117401123,11.6950283050537,"0km"
1505,2011,7.34321117401123,11.6950283050537,"0km"
1506,2011,7.34321117401123,11.6950283050537,"0km"
1507,2011,7.34321117401123,11.6950283050537,"0km"
1508,2011,7.34321117401123,11.6950283050537,"0km"
1509,2011,7.34321117401123,11.6950283050537,"0km"
1510,2011,7.34321117401123,11.6950283050537,"0km"
1511,2011,7.34321117401123,11.6950283050537,"0km"
1512,2011,7.34321117401123,11.6950283050537,"0km"
1513,2011,7.34321117401123,11.6950283050537,"0km"
1514,2011,7.34321117401123,11.6950283050537,"0km"
1515,2011,7.34321117401123,11.6950283050537,"0km"
1516,2009,7.39704561233521,10.0419015884399,"0km"
1517,2009,7.39704561233521,10.0419015884399,"0km"
1518,2009,7.14587831497192,7.80867958068848,"0km"
1519,2009,7.14587831497192,7.80867958068848,"0km"
1520,2010,6.48234510421753,7.62556838989258,"0km"
1521,2010,6.4345531463623,7.13043594360352,"0km"
1522,2010,6.44627237319946,7.27106523513794,"0km"
1523,2010,6.44627237319946,7.27106523513794,"0km"
1524,2010,6.44627237319946,7.27106523513794,"0km"
1525,2010,6.44627237319946,7.27106523513794,"0km"
1526,2009,7.34965038299561,9.44715690612793,"15km"
1527,2009,7.34965038299561,9.44715690612793,"10km"
1528,2009,7.34965038299561,9.44715690612793,"10km"
1529,2009,7.34965038299561,9.44715690612793,"10km"
1530,2009,7.34965038299561,9.44715690612793,"10km"
1531,2009,7.34965038299561,9.44715690612793,"10km"
1532,2009,7.34965038299561,9.44715690612793,"10km"
1533,2009,7.34965038299561,9.44715690612793,"10km"
1534,2009,7.34965038299561,9.44715690612793,"10km"
1535,2009,7.34965038299561,9.44715690612793,"10km"
1536,2012,7.52003526687622,11.6510820388794,"0km"
1537,2012,7.52003526687622,11.6510820388794,"0km"
1538,2012,7.52003526687622,11.6510820388794,"0km"
1539,2012,7.52003526687622,11.6510820388794,"0km"
1540,2012,7.52003526687622,11.6510820388794,"0km"
1541,2012,7.06445503234863,11.4723653793335,"0km"
1542,2012,7.06445503234863,11.4723653793335,"0km"
1543,2012,7.01513719558716,11.812219619751,"0km"
1544,2012,7.01513719558716,11.812219619751,"0km"
1545,2012,7.01513719558716,11.812219619751,"0km"
1546,2012,6.92402124404907,12.0548049926758,"10km"
1547,2012,7.32013940811157,11.9191560745239,"0km"
1548,2012,7.32013940811157,11.9191560745239,"0km"
1549,2012,7.32013940811157,11.9191560745239,"0km"
1550,2012,7.3698844909668,11.799768447876,"0km"
1551,2012,7.3698844909668,11.799768447876,"0km"
1552,2012,7.3698844909668,11.799768447876,"0km"
1553,2012,7.3698844909668,11.799768447876,"0km"
1554,2012,7.3698844909668,11.799768447876,"0km"
1555,2012,7.3698844909668,11.799768447876,"0km"
1556,2012,7.3698844909668,11.799768447876,"0km"
1557,2012,7.3698844909668,11.799768447876,"0km"
1558,2012,7.3698844909668,11.799768447876,"0km"
1559,2012,7.3698844909668,11.799768447876,"0km"
1560,2012,7.32013940811157,11.9191560745239,"0km"
1561,2012,7.32013940811157,11.9191560745239,"0km"
1562,2012,7.3698844909668,11.799768447876,"0km"
1563,2012,7.3698844909668,11.799768447876,"0km"
1564,2012,7.3698844909668,11.799768447876,"0km"
1565,2012,7.3698844909668,11.799768447876,"0km"
1566,2012,7.3698844909668,11.799768447876,"0km"
1567,2012,7.42609930038452,10.4593954086304,"0km"
1568,2012,7.42609930038452,10.4593954086304,"0km"
1569,2012,7.42609930038452,10.4593954086304,"0km"
1570,2012,7.42609930038452,10.4593954086304,"0km"
1571,2012,7.42609930038452,10.4593954086304,"0km"
1572,2012,7.42609930038452,10.4593954086304,"0km"
1573,2012,7.52449131011963,11.3925294876099,"0km"
1574,2012,7.52449131011963,11.3925294876099,"0km"
1575,2012,7.52449131011963,11.3925294876099,"0km"
1576,2012,7.52449131011963,11.3925294876099,"0km"
1577,2012,7.52449131011963,11.3925294876099,"0km"
1578,2012,7.52449131011963,11.3925294876099,"0km"
1579,2012,7.52449131011963,11.3925294876099,"0km"
1580,2012,7.52449131011963,11.3925294876099,"0km"
1581,2012,7.52449131011963,11.3925294876099,"0km"
1582,2012,7.64796876907349,8.88756942749023,"0km"
1583,2012,7.52449131011963,11.3925294876099,"0km"
1584,2012,7.52449131011963,11.3925294876099,"0km"
1585,2012,7.42628240585327,8.13534927368164,"0km"
1586,2012,7.42628240585327,8.13534927368164,"0km"
1587,2012,7.42628240585327,8.13534927368164,"0km"
1588,2012,7.42628240585327,8.13534927368164,"0km"
1589,2012,7.42628240585327,8.13534927368164,"0km"
1590,2012,7.42628240585327,8.13534927368164,"0km"
1591,2012,7.42628240585327,8.13534927368164,"0km"
1592,2012,7.42628240585327,8.13534927368164,"0km"
1593,2012,7.42628240585327,8.13534927368164,"0km"
1594,2012,7.42609930038452,10.4593954086304,"0km"
1595,2012,7.42609930038452,10.4593954086304,"0km"
1596,2012,7.42609930038452,10.4593954086304,"0km"
1597,2012,7.42609930038452,10.4593954086304,"0km"
1598,2012,7.28907155990601,11.7404403686523,"0km"
1599,2012,7.28907155990601,11.7404403686523,"0km"
1600,2012,7.13495302200317,11.5075225830078,"0km"
1601,2012,7.13495302200317,11.5075225830078,"0km"
1602,2012,7.13495302200317,11.5075225830078,"0km"
1603,2012,7.28907155990601,11.7404403686523,"0km"
1604,2012,7.28907155990601,11.7404403686523,"0km"
1605,2012,7.28907155990601,11.7404403686523,"0km"
1606,2012,7.28907155990601,11.7404403686523,"0km"
1607,2012,7.28907155990601,11.7404403686523,"0km"
1608,2012,7.28907155990601,11.7404403686523,"0km"
1609,2012,7.28907155990601,11.7404403686523,"0km"
1610,2012,7.28907155990601,11.7404403686523,"0km"
1611,2012,7.42609930038452,10.4593954086304,"0km"
1612,2012,7.42609930038452,10.4593954086304,"0km"
1613,2012,7.42609930038452,10.4593954086304,"0km"
1614,2012,7.42609930038452,10.4593954086304,"0km"
1615,2012,7.42609930038452,10.4593954086304,"0km"
1616,2012,7.42628240585327,8.13534927368164,"0km"
1617,2012,7.42628240585327,8.13534927368164,"0km"
1618,2012,7.42628240585327,8.13534927368164,"0km"
1619,2012,7.42628240585327,8.13534927368164,"0km"
1620,2012,7.42628240585327,8.13534927368164,"0km"
1621,2012,7.42609930038452,10.4593954086304,"0km"
1622,2012,7.42609930038452,10.4593954086304,"0km"
1623,2012,7.42609930038452,10.4593954086304,"0km"
1624,2012,6.87462997436523,7.2842493057251,"0km"
1625,2012,6.87462997436523,7.2842493057251,"0km"
1626,2012,6.87462997436523,7.2842493057251,"0km"
1627,2012,6.87462997436523,7.2842493057251,"0km"
1628,2012,6.87462997436523,7.2842493057251,"0km"
1629,2012,6.87462997436523,7.2842493057251,"0km"
1630,2012,7.06628608703613,8.89342975616455,"0km"
1631,2012,7.06628608703613,8.89342975616455,"0km"
1632,2012,7.06628608703613,8.89342975616455,"0km"
1633,2012,7.06628608703613,8.89342975616455,"0km"
1634,2012,7.06628608703613,8.89342975616455,"0km"
1635,2012,7.06628608703613,8.89342975616455,"0km"
1636,2012,7.06628608703613,8.89342975616455,"0km"
1637,2012,7.42609930038452,10.4593954086304,"0km"
1638,2012,7.42609930038452,10.4593954086304,"0km"
1639,2012,7.24713897705078,11.5236368179321,"0km"
1640,2012,7.24713897705078,11.5236368179321,"0km"
1641,2012,7.24713897705078,11.5236368179321,"0km"
1642,2012,6.5276346206665,7.05865669250488,"0km"
1643,2012,6.5276346206665,7.05865669250488,"0km"
1644,2012,6.5276346206665,7.05865669250488,"0km"
1645,2012,7.16089344024658,11.0043334960938,"0km"
1646,2012,6.5276346206665,7.05865669250488,"0km"
1647,2012,6.5276346206665,7.05865669250488,"0km"
1648,2012,6.86449766159058,8.74327850341797,"0km"
1649,2012,6.86449766159058,8.74327850341797,"0km"
1650,2012,6.86449766159058,8.74327850341797,"0km"
1651,2012,6.86449766159058,8.74327850341797,"0km"
1652,2012,6.86449766159058,8.74327850341797,"0km"
1653,2012,6.86449766159058,8.74327850341797,"0km"
1654,2012,6.86449766159058,8.74327850341797,"0km"
1655,2012,6.86449766159058,8.74327850341797,"0km"
1656,2012,6.86449766159058,8.74327850341797,"0km"
1657,2012,6.86449766159058,8.74327850341797,"0km"
1658,2012,6.86449766159058,8.74327850341797,"0km"
1659,2012,6.86449766159058,8.74327850341797,"0km"
1660,2012,6.86449766159058,8.74327850341797,"0km"
1661,2012,6.86449766159058,8.74327850341797,"0km"
1662,2012,6.86449766159058,8.74327850341797,"0km"
1663,2012,6.86449766159058,8.74327850341797,"0km"
1664,2012,6.83309427897135,7.65266879399617,"10km"
1665,2012,6.83309427897135,7.65266879399617,"10km"
1666,2012,6.76730074201311,7.54374388286046,"10km"
1667,2012,6.76730074201311,7.54374388286046,"10km"
1668,2012,6.84734644208636,7.58350515365601,"10km"
1669,2012,6.84734644208636,7.58350515365601,"10km"
1670,2012,6.83309427897135,7.65266879399617,"10km"
1671,2015,NA,NA,"15km"
1672,2015,NA,NA,"15km"
1673,2015,7.8629412651062,10.4784383773804,"0km"
1674,2015,7.8629412651062,10.4784383773804,"0km"
1675,2015,7.8629412651062,10.4784383773804,"0km"
1676,2015,7.8629412651062,10.4784383773804,"0km"
1677,2015,7.8629412651062,10.4784383773804,"0km"
1678,2015,7.8629412651062,10.4784383773804,"0km"
1679,2015,7.8629412651062,10.4784383773804,"0km"
1680,2015,7.8629412651062,10.4784383773804,"0km"
1681,2015,7.8629412651062,10.4784383773804,"0km"
1682,2015,7.8629412651062,10.4784383773804,"0km"
1683,2015,7.8629412651062,10.4784383773804,"0km"
1684,2015,7.8629412651062,10.4784383773804,"0km"
1685,2017,7.85958433151245,8.6129035949707,"0km"
1686,2017,7.7660756111145,8.69200706481934,"0km"
1687,2017,7.7660756111145,8.69200706481934,"0km"
1688,2017,7.97502549489339,9.15295855204264,"10km"
1689,2017,7.7660756111145,8.69200706481934,"0km"
1690,2017,7.9568772315979,9.02911448478699,"10km"
1691,2017,7.9568772315979,9.02911448478699,"10km"
1692,2017,7.98422193527222,9.0142822265625,"0km"
1693,2017,8.07650947570801,9.5584888458252,"0km"
1694,2017,7.7660756111145,8.69200706481934,"0km"
1695,2017,7.7660756111145,8.69200706481934,"0km"
1696,2017,7.98422193527222,9.0142822265625,"0km"
1697,2017,7.98422193527222,9.0142822265625,"0km"
1698,2017,8.07650947570801,9.5584888458252,"0km"
1699,2017,8.07650947570801,9.5584888458252,"0km"
1700,2017,8.07650947570801,9.5584888458252,"0km"
1701,2017,8.58256816864014,11.4020509719849,"0km"
1702,2017,9.60017681121826,14.8438062667847,"0km"
1703,2017,8.10220623016357,10.2784814834595,"0km"
1704,2017,9.60017681121826,14.8438062667847,"0km"
1705,2017,9.0125732421875,13.5085601806641,"0km"
1706,2017,9.60017681121826,14.8438062667847,"0km"
1707,2017,9.60017681121826,14.8438062667847,"0km"
1708,2017,9.0125732421875,13.5085601806641,"0km"
1709,2017,9.60017681121826,14.8438062667847,"0km"
1710,2017,9.0125732421875,13.5085601806641,"0km"
1711,2017,9.0125732421875,13.5085601806641,"0km"
1712,2017,8.10220623016357,10.2784814834595,"0km"
1713,2017,9.30561256408691,13.9743947982788,"0km"
1714,2017,9.30561256408691,13.9743947982788,"0km"
1715,2017,8.36570358276367,11.8781394958496,"0km"
1716,2017,8.36570358276367,11.8781394958496,"0km"
1717,2017,7.95046854019165,9.85146617889404,"0km"
1718,2017,8.12802505493164,11.2797327041626,"0km"
1719,2017,7.95046854019165,9.85146617889404,"0km"
1720,2017,8.12802505493164,11.2797327041626,"0km"
1721,2017,9.30561256408691,13.9743947982788,"0km"
1722,2017,9.30561256408691,13.9743947982788,"0km"
1723,2017,7.95046854019165,9.85146617889404,"0km"
1724,2017,7.95046854019165,9.85146617889404,"0km"
1725,2017,7.95046854019165,9.85146617889404,"0km"
1726,2017,7.95046854019165,9.85146617889404,"0km"
1727,2017,7.95046854019165,9.85146617889404,"0km"
1728,2017,7.95046854019165,9.85146617889404,"0km"
1729,2017,7.95046854019165,9.85146617889404,"0km"
1730,2017,7.95046854019165,9.85146617889404,"0km"
1731,2017,7.95046854019165,9.85146617889404,"0km"
1732,2017,7.95046854019165,9.85146617889404,"0km"
1733,2017,7.95046854019165,9.85146617889404,"0km"
1734,2017,7.95046854019165,9.85146617889404,"0km"
1735,2017,7.95046854019165,9.85146617889404,"0km"
1736,2017,7.95046854019165,9.85146617889404,"0km"
1737,2017,7.95046854019165,9.85146617889404,"0km"
1738,2017,8.12802505493164,11.2797327041626,"0km"
1739,2017,8.12802505493164,11.2797327041626,"0km"
1740,2017,8.12802505493164,11.2797327041626,"0km"
1741,2017,8.12802505493164,11.2797327041626,"0km"
1742,2017,7.32294702529907,8.28257083892822,"0km"
1743,2017,7.32294702529907,8.28257083892822,"0km"
1744,2017,7.32294702529907,8.28257083892822,"0km"
1745,2017,7.32294702529907,8.28257083892822,"0km"
1746,2017,7.32294702529907,8.28257083892822,"0km"
1747,2017,9.55232429504395,14.9749135971069,"0km"
1748,2017,9.55232429504395,14.9749135971069,"0km"
1749,2017,9.55232429504395,14.9749135971069,"0km"
1750,2017,7.7660756111145,8.69200706481934,"0km"
1751,2017,7.7660756111145,8.69200706481934,"0km"
1752,2017,7.92428350448608,8.95019340515137,"15km"
1753,2017,7.97502549489339,9.15295855204264,"15km"
1754,2017,7.97502549489339,9.15295855204264,"15km"
1755,2017,7.98422193527222,9.0142822265625,"10km"
1756,2017,7.98422193527222,9.0142822265625,"10km"
1757,2017,7.97502549489339,9.15295855204264,"10km"
1758,2017,7.98422193527222,9.0142822265625,"10km"
1759,2017,7.97502549489339,9.15295855204264,"10km"
1760,2012,7.25667079289754,9.08386492729187,"10km"
1761,2012,7.25667079289754,9.08386492729187,"10km"
1762,2012,7.25667079289754,9.08386492729187,"10km"
1763,2012,7.42216863632202,9.72519311904907,"10km"
1764,2012,7.3185521364212,9.76375639438629,"10km"
1765,2012,7.39322074254354,10.5157934824626,"10km"
1766,2012,7.39322074254354,10.5157934824626,"10km"
1767,2012,7.39322074254354,10.5157934824626,"10km"
1768,2012,7.39322074254354,10.5157934824626,"10km"
1769,2012,7.39322074254354,10.5157934824626,"10km"
1770,2012,7.50407421588898,10.279580116272,"10km"
1771,2012,7.30164480209351,11.1420335769653,"0km"
1772,2012,7.35773801803589,11.703085899353,"0km"
1773,2012,7.35773801803589,11.703085899353,"0km"
1774,2012,7.35773801803589,11.703085899353,"0km"
1775,2012,7.53944524129232,10.5797602335612,"10km"
1776,2012,7.53944524129232,10.5797602335612,"10km"
1777,2012,7.53944524129232,10.5797602335612,"10km"
1778,2012,7.43393659591675,10.5045137405396,"10km"
1779,2012,7.39215270678202,10.5443587303162,"10km"
1780,2012,7.39215270678202,10.5443587303162,"10km"
1781,2012,7.83895397186279,10.1210060119629,"0km"
1782,2012,7.83895397186279,10.1210060119629,"0km"
1783,2012,7.83895397186279,10.1210060119629,"0km"
1784,2012,7.83895397186279,10.1210060119629,"0km"
1785,2012,7.42164373397827,9.91518878936768,"0km"
1786,2012,7.83895397186279,10.1210060119629,"0km"
1787,2012,7.83895397186279,10.1210060119629,"0km"
1788,2012,7.42164373397827,9.91518878936768,"0km"
1789,2012,7.42164373397827,9.91518878936768,"0km"
1790,2012,7.42164373397827,9.91518878936768,"0km"
1791,2012,7.83895397186279,10.1210060119629,"0km"
1792,2012,7.42164373397827,9.91518878936768,"0km"
1793,2012,7.42164373397827,9.91518878936768,"0km"
1794,2012,7.42164373397827,9.91518878936768,"0km"
1795,2012,7.42164373397827,9.91518878936768,"0km"
1796,2012,7.42164373397827,9.91518878936768,"0km"
1797,2012,7.42164373397827,9.91518878936768,"0km"
1798,2012,7.42164373397827,9.91518878936768,"0km"
1799,2012,7.42164373397827,9.91518878936768,"0km"
1800,2012,7.42164373397827,9.91518878936768,"0km"
1801,2012,7.42164373397827,9.91518878936768,"0km"
1802,2012,7.42164373397827,9.91518878936768,"0km"
1803,2012,7.42164373397827,9.91518878936768,"0km"
1804,2012,7.42164373397827,9.91518878936768,"0km"
1805,2012,7.42164373397827,9.91518878936768,"0km"
1806,2012,7.35773801803589,11.703085899353,"0km"
1807,2012,7.35773801803589,11.703085899353,"0km"
1808,2012,7.35773801803589,11.703085899353,"0km"
1809,2012,7.35773801803589,11.703085899353,"0km"
1810,2012,7.35773801803589,11.703085899353,"0km"
1811,2012,7.35773801803589,11.703085899353,"0km"
1812,2012,7.35773801803589,11.703085899353,"0km"
1813,2012,7.35773801803589,11.703085899353,"0km"
1814,2012,7.35773801803589,11.703085899353,"0km"
1815,2012,7.35773801803589,11.703085899353,"0km"
1816,2012,7.35773801803589,11.703085899353,"0km"
1817,2012,7.35773801803589,11.703085899353,"0km"
1818,2012,7.35773801803589,11.703085899353,"0km"
1819,2012,7.35773801803589,11.703085899353,"0km"
1820,2012,7.35773801803589,11.703085899353,"0km"
1821,2012,7.35773801803589,11.703085899353,"0km"
1822,2012,7.35773801803589,11.703085899353,"0km"
1823,2012,7.35773801803589,11.703085899353,"0km"
1824,2012,7.35773801803589,11.703085899353,"0km"
1825,2012,7.35773801803589,11.703085899353,"0km"
1826,2012,7.17468786239624,11.1984314918518,"10km"
1827,2012,7.17468786239624,11.1984314918518,"10km"
1828,2012,7.17468786239624,11.1984314918518,"10km"
1829,2012,7.17468786239624,11.1984314918518,"10km"
1830,2013,7.18020168940226,11.4582050641378,"10km"
1831,2013,7.18020168940226,11.4582050641378,"10km"
1832,2013,6.72106075286865,11.4547872543335,"0km"
1833,2013,6.72106075286865,11.4547872543335,"0km"
1834,2013,6.72106075286865,11.4547872543335,"0km"
1835,2013,6.72106075286865,11.4547872543335,"0km"
1836,2013,6.72106075286865,11.4547872543335,"0km"
1837,2013,7.23529767990112,12.2787866592407,"0km"
1838,2013,7.23529767990112,12.2787866592407,"0km"
1839,2013,7.23529767990112,12.2787866592407,"0km"
1840,2013,7.63698244094849,13.0910673141479,"0km"
1841,2013,7.71864986419678,12.8867149353027,"0km"
1842,2013,7.71864986419678,12.8867149353027,"0km"
1843,2013,7.71864986419678,12.8867149353027,"0km"
1844,2013,7.71864986419678,12.8867149353027,"0km"
1845,2013,7.71864986419678,12.8867149353027,"0km"
1846,2013,7.71864986419678,12.8867149353027,"0km"
1847,2013,7.71864986419678,12.8867149353027,"0km"
1848,2013,7.71864986419678,12.8867149353027,"0km"
1849,2013,7.71864986419678,12.8867149353027,"0km"
1850,2013,7.71864986419678,12.8867149353027,"0km"
1851,2013,7.71864986419678,12.8867149353027,"0km"
1852,2013,7.71864986419678,12.8867149353027,"0km"
1853,2013,7.71864986419678,12.8867149353027,"0km"
1854,2013,7.71864986419678,12.8867149353027,"0km"
1855,2013,7.71864986419678,12.8867149353027,"0km"
1856,2013,7.71864986419678,12.8867149353027,"0km"
1857,2013,7.71864986419678,12.8867149353027,"0km"
1858,2013,7.71864986419678,12.8867149353027,"0km"
1859,2013,7.37901554107666,12.4350900650024,"10km"
1860,2013,7.37901554107666,12.4350900650024,"10km"
1861,2013,7.37901554107666,12.4350900650024,"10km"
1862,2014,7.12787246704102,10.1481065750122,"0km"
1863,2014,7.12787246704102,10.1481065750122,"0km"
1864,2014,8.13565444946289,12.9152803421021,"0km"
1865,2014,7.93316435813904,12.0647296905518,"10km"
1866,2014,7.79223604202271,11.4990262985229,"10km"
1867,2014,7.62807083129883,11.2387161254883,"0km"
1868,2014,7.62807083129883,11.2387161254883,"0km"
1869,2014,7.62807083129883,11.2387161254883,"0km"
1870,2014,7.29047536849976,10.6593523025513,"0km"
1871,2014,7.29047536849976,10.6593523025513,"0km"
1872,2014,7.29047536849976,10.6593523025513,"0km"
1873,2014,7.29047536849976,10.6593523025513,"0km"
1874,2014,7.23926496505737,10.6556901931763,"0km"
1875,2014,7.23926496505737,10.6556901931763,"0km"
1876,2014,7.12787246704102,10.1481065750122,"0km"
1877,2014,7.12787246704102,10.1481065750122,"0km"
1878,2014,7.12787246704102,10.1481065750122,"0km"
1879,2009,8.07937908172607,10.7699518203735,"0km"
1880,2009,8.07937908172607,10.7699518203735,"0km"
1881,2009,8.07937908172607,10.7699518203735,"0km"
1882,2009,8.07937908172607,10.7699518203735,"0km"
1883,2009,8.07937908172607,10.7699518203735,"0km"
1884,2009,8.07937908172607,10.7699518203735,"0km"
1885,2009,8.07937908172607,10.7699518203735,"0km"
1886,2009,8.07937908172607,10.7699518203735,"0km"
1887,2009,8.07937908172607,10.7699518203735,"0km"
1888,2009,8.07937908172607,10.7699518203735,"0km"
1889,2009,8.07937908172607,10.7699518203735,"0km"
1890,2009,8.07937908172607,10.7699518203735,"0km"
1891,2009,8.07937908172607,10.7699518203735,"0km"
1892,2009,8.07937908172607,10.7699518203735,"0km"
1893,2009,8.07937908172607,10.7699518203735,"0km"
1894,2009,8.07937908172607,10.7699518203735,"0km"
1895,2009,8.07937908172607,10.7699518203735,"0km"
1896,2009,8.07937908172607,10.7699518203735,"0km"
1897,2009,8.07937908172607,10.7699518203735,"0km"
1898,2009,8.07937908172607,10.7699518203735,"0km"
1899,2009,8.07937908172607,10.7699518203735,"0km"
1900,2009,8.07937908172607,10.7699518203735,"0km"
1901,2009,8.07937908172607,10.7699518203735,"0km"
1902,2009,8.07937908172607,10.7699518203735,"0km"
1903,2009,8.07937908172607,10.7699518203735,"0km"
1904,2009,8.07937908172607,10.7699518203735,"0km"
1905,2009,8.07937908172607,10.7699518203735,"0km"
1906,2009,8.07937908172607,10.7699518203735,"0km"
1907,2009,8.07937908172607,10.7699518203735,"0km"
1908,2009,8.07937908172607,10.7699518203735,"0km"
1909,2009,8.07937908172607,10.7699518203735,"0km"
1910,2009,8.07937908172607,10.7699518203735,"0km"
1911,2009,8.07937908172607,10.7699518203735,"0km"
1912,2009,8.07937908172607,10.7699518203735,"0km"
1913,2009,8.07937908172607,10.7699518203735,"0km"
1914,2009,8.07937908172607,10.7699518203735,"0km"
1915,2009,8.07937908172607,10.7699518203735,"0km"
1916,2009,8.07937908172607,10.7699518203735,"0km"
1917,2009,8.07937908172607,10.7699518203735,"0km"
1918,2009,8.07937908172607,10.7699518203735,"0km"
1919,2009,8.07937908172607,10.7699518203735,"0km"
1920,2009,8.07937908172607,10.7699518203735,"0km"
1921,2009,8.07937908172607,10.7699518203735,"0km"
1922,2009,8.07937908172607,10.7699518203735,"0km"
1923,2009,8.07937908172607,10.7699518203735,"0km"
1924,2009,8.07937908172607,10.7699518203735,"0km"
1925,2009,8.07937908172607,10.7699518203735,"0km"
1926,2009,8.07937908172607,10.7699518203735,"0km"
1927,2009,8.07937908172607,10.7699518203735,"0km"
1928,2009,8.07937908172607,10.7699518203735,"0km"
1929,2009,8.07937908172607,10.7699518203735,"0km"
1930,2009,8.07937908172607,10.7699518203735,"0km"
1931,2009,8.07937908172607,10.7699518203735,"0km"
1932,2009,8.13982566197713,11.2352978388468,"10km"
1933,2009,8.59874248504639,13.8374280929565,"0km"
1934,2009,8.07937908172607,10.7699518203735,"0km"
1935,2009,8.13982566197713,11.2352978388468,"10km"
1936,2009,8.61929998397827,12.6274301528931,"10km"
1937,2009,8.59874248504639,13.8374280929565,"0km"
1938,2009,8.61929998397827,12.6274301528931,"10km"
1939,2009,8.61929998397827,12.6274301528931,"10km"
1940,2009,8.61929998397827,12.6274301528931,"10km"
1941,2009,8.61929998397827,12.6274301528931,"10km"
1942,2009,8.07937908172607,10.7699518203735,"0km"
1943,2009,8.07937908172607,10.7699518203735,"0km"
1944,2009,8.07937908172607,10.7699518203735,"0km"
1945,2009,8.07937908172607,10.7699518203735,"0km"
1946,2009,8.07937908172607,10.7699518203735,"0km"
1947,2009,8.07937908172607,10.7699518203735,"0km"
1948,2009,8.07937908172607,10.7699518203735,"0km"
1949,2009,8.07937908172607,10.7699518203735,"0km"
1950,2009,8.07937908172607,10.7699518203735,"0km"
1951,2009,8.56598103046417,12.4395582675934,"10km"
1952,2009,8.13982566197713,11.2352978388468,"10km"
1953,2009,8.61929998397827,12.6274301528931,"10km"
1954,2009,8.05594050884247,10.7831356525421,"10km"
1955,2009,8.05594050884247,10.7831356525421,"10km"
1956,2009,8.05594050884247,10.7831356525421,"10km"
1957,2009,8.56598103046417,12.4395582675934,"10km"
1958,2009,8.56598103046417,12.4395582675934,"10km"
1959,2009,8.41364183425903,11.8369764328003,"10km"
1960,2009,8.05594050884247,10.7831356525421,"10km"
1961,2009,8.56598103046417,12.4395582675934,"10km"
1962,2009,8.56598103046417,12.4395582675934,"10km"
1963,2009,8.56598103046417,12.4395582675934,"10km"
1964,2009,8.56598103046417,12.4395582675934,"10km"
1965,2009,8.56598103046417,12.4395582675934,"10km"
1966,2009,8.05594050884247,10.7831356525421,"10km"
1967,2009,8.41364183425903,11.8369764328003,"10km"
1968,2009,8.41364183425903,11.8369764328003,"10km"
1969,2009,8.05594050884247,10.7831356525421,"10km"
1970,2009,8.56598103046417,12.4395582675934,"10km"
1971,2009,8.56598103046417,12.4395582675934,"10km"
1972,2009,8.56598103046417,12.4395582675934,"10km"
1973,2009,8.41364183425903,11.8369764328003,"10km"
1974,2009,8.56598103046417,12.4395582675934,"10km"
1975,2009,8.07937908172607,10.7699518203735,"0km"
1976,2014,7.69533395767212,11.3720207214355,"0km"
1977,2014,7.69533395767212,11.3720207214355,"0km"
1978,2014,7.69533395767212,11.3720207214355,"0km"
1979,2014,7.69533395767212,11.3720207214355,"0km"
1980,2014,7.69533395767212,11.3720207214355,"0km"
1981,2014,7.69533395767212,11.3720207214355,"0km"
1982,2014,7.69533395767212,11.3720207214355,"0km"
1983,2014,7.69533395767212,11.3720207214355,"0km"
1984,2014,7.69533395767212,11.3720207214355,"0km"
1985,2014,7.69533395767212,11.3720207214355,"0km"
1986,2014,7.69533395767212,11.3720207214355,"0km"
1987,2014,7.69533395767212,11.3720207214355,"0km"
1988,2014,7.69533395767212,11.3720207214355,"0km"
1989,2014,7.69533395767212,11.3720207214355,"0km"
1990,2014,7.69533395767212,11.3720207214355,"0km"
1991,2014,7.69533395767212,11.3720207214355,"0km"
1992,2014,7.69533395767212,11.3720207214355,"0km"
1993,2014,7.69533395767212,11.3720207214355,"0km"
1994,2014,7.69533395767212,11.3720207214355,"0km"
1995,2014,7.69533395767212,11.3720207214355,"0km"
1996,2014,7.69533395767212,11.3720207214355,"0km"
1997,2014,7.69533395767212,11.3720207214355,"0km"
1998,2014,7.69533395767212,11.3720207214355,"0km"
1999,2014,7.69533395767212,11.3720207214355,"0km"
2000,2014,7.69533395767212,11.3720207214355,"0km"
2001,2014,7.69533395767212,11.3720207214355,"0km"
2002,2014,7.69533395767212,11.3720207214355,"0km"
2003,2014,7.69533395767212,11.3720207214355,"0km"
2004,2014,7.69533395767212,11.3720207214355,"0km"
2005,2014,7.69533395767212,11.3720207214355,"0km"
2006,2014,7.69533395767212,11.3720207214355,"0km"
2007,2014,7.69533395767212,11.3720207214355,"0km"
2008,2014,7.69533395767212,11.3720207214355,"0km"
2009,2015,8.70198678970337,11.56978058815,"10km"
2010,2015,8.70198678970337,11.56978058815,"10km"
2011,2015,8.41965961456299,10.2272100448608,"0km"
2012,2015,8.70198678970337,11.56978058815,"10km"
2013,2015,8.41965961456299,10.2272100448608,"0km"
2014,2015,8.41965961456299,10.2272100448608,"0km"
2015,2015,8.41965961456299,10.2272100448608,"0km"
2016,2015,8.41965961456299,10.2272100448608,"0km"
2017,2015,8.70198678970337,11.56978058815,"10km"
2018,2015,8.70198678970337,11.56978058815,"10km"
2019,2015,8.41965961456299,10.2272100448608,"0km"
2020,2015,8.41965961456299,10.2272100448608,"0km"
2021,2015,8.41965961456299,10.2272100448608,"0km"
2022,2015,8.41965961456299,10.2272100448608,"0km"
2023,2015,8.41965961456299,10.2272100448608,"0km"
2024,2015,8.70198678970337,11.56978058815,"10km"
2025,2015,8.41965961456299,10.2272100448608,"0km"
2026,2015,8.41965961456299,10.2272100448608,"0km"
2027,2015,8.70198678970337,11.56978058815,"10km"
2028,2015,8.41965961456299,10.2272100448608,"0km"
2029,2015,8.70198678970337,11.56978058815,"10km"
2030,2015,8.41965961456299,10.2272100448608,"0km"
2031,2015,8.41965961456299,10.2272100448608,"0km"
2032,2015,8.41965961456299,10.2272100448608,"0km"
2033,2015,8.41965961456299,10.2272100448608,"0km"
2034,2015,8.41965961456299,10.2272100448608,"0km"
2035,2015,8.41965961456299,10.2272100448608,"0km"
2036,2015,8.41965961456299,10.2272100448608,"0km"
2037,2015,8.41965961456299,10.2272100448608,"0km"
2038,2015,8.41965961456299,10.2272100448608,"0km"
2039,2015,8.41965961456299,10.2272100448608,"0km"
2040,2015,8.70198678970337,11.56978058815,"10km"
2041,2015,8.41965961456299,10.2272100448608,"0km"
2042,2015,8.41965961456299,10.2272100448608,"0km"
2043,2015,8.70198678970337,11.56978058815,"10km"
2044,2015,8.70198678970337,11.56978058815,"10km"
2045,2014,7.76403093338013,10.5727407932281,"10km"
2046,2014,7.97086715698242,10.9680044174194,"10km"
2047,2014,7.97086715698242,10.9680044174194,"10km"
2048,2014,7.97086715698242,10.9680044174194,"10km"
2049,2014,7.97086715698242,10.9680044174194,"10km"
2050,2014,7.93034672737122,10.9293802579244,"10km"
2051,2014,7.93034672737122,10.9293802579244,"10km"
2052,2014,7.93034672737122,10.9293802579244,"10km"
2053,2014,7.93034672737122,10.9293802579244,"10km"
2054,2014,7.93034672737122,10.9293802579244,"10km"
2055,2014,7.93034672737122,10.9293802579244,"10km"
2056,2014,7.97086715698242,10.9680044174194,"10km"
2057,2014,7.97086715698242,10.9680044174194,"10km"
2058,2014,7.97086715698242,10.9680044174194,"10km"
2059,2014,7.97086715698242,10.9680044174194,"10km"
2060,2014,7.97086715698242,10.9680044174194,"10km"
2061,2014,7.97086715698242,10.9680044174194,"10km"
2062,2014,7.97086715698242,10.9680044174194,"10km"
2063,2014,7.97086715698242,10.9680044174194,"10km"
2064,2014,7.97086715698242,10.9680044174194,"10km"
2065,2014,7.97086715698242,10.9680044174194,"10km"
2066,2014,8.13332525889079,11.3504134813944,"10km"
2067,2014,7.97086715698242,10.9680044174194,"10km"
2068,2014,7.93034672737122,10.9293802579244,"10km"
2069,2014,7.93034672737122,10.9293802579244,"10km"
2070,2014,7.97086715698242,10.9680044174194,"10km"
2071,2014,7.93034672737122,10.9293802579244,"10km"
2072,2014,7.97086715698242,10.9680044174194,"10km"
2073,2014,7.97086715698242,10.9680044174194,"10km"
2074,2014,7.97086715698242,10.9680044174194,"10km"
2075,2014,7.97086715698242,10.9680044174194,"10km"
2076,2014,7.97086715698242,10.9680044174194,"10km"
2077,2014,7.97086715698242,10.9680044174194,"10km"
2078,2014,7.79909666379293,10.6145513852437,"10km"
2079,2014,7.84188365936279,10.8959320068359,"10km"
2080,2014,7.84188365936279,10.8959320068359,"10km"
2081,2014,7.79909666379293,10.6145513852437,"10km"
2082,2014,7.84188365936279,10.8959320068359,"10km"
2083,2014,7.79909666379293,10.6145513852437,"10km"
2084,2014,7.84188365936279,10.8959320068359,"10km"
2085,2014,7.79909666379293,10.6145513852437,"10km"
2086,2014,7.7057507832845,10.4459670384725,"10km"
2087,2014,7.84188365936279,10.8959320068359,"10km"
2088,2014,8.65135669708252,13.0939970016479,"0km"
2089,2014,7.84188365936279,10.8959320068359,"10km"
2090,2014,8.65135669708252,13.0939970016479,"0km"
2091,2014,8.65135669708252,13.0939970016479,"0km"
2092,2014,7.79909666379293,10.6145513852437,"10km"
2093,2014,7.84188365936279,10.8959320068359,"10km"
2094,2014,7.79909666379293,10.6145513852437,"10km"
2095,2014,7.84188365936279,10.8959320068359,"10km"
2096,2014,7.7057507832845,10.4459670384725,"10km"
2097,2014,7.79909666379293,10.6145513852437,"10km"
2098,2014,7.97086715698242,10.9680044174194,"10km"
2099,2014,7.76403093338013,10.5727407932281,"10km"
2100,2014,7.76403093338013,10.5727407932281,"10km"
2101,2014,7.97086715698242,10.9680044174194,"10km"
2102,2014,7.76403093338013,10.5727407932281,"10km"
2103,2014,8.13332525889079,11.3504134813944,"10km"
2104,2014,8.13332525889079,11.3504134813944,"10km"
2105,2014,8.13332525889079,11.3504134813944,"10km"
2106,2014,8.13332525889079,11.3504134813944,"10km"
2107,2014,7.76403093338013,10.5727407932281,"10km"
2108,2015,7.35749387741089,11.6481523513794,"0km"
2109,2015,7.35749387741089,11.6481523513794,"0km"
2110,2015,7.35749387741089,11.6481523513794,"0km"
2111,2015,7.35749387741089,11.6481523513794,"0km"
2112,2015,7.97634840011597,14.3933534622192,"0km"
2113,2015,8.07815837860107,14.4702596664429,"0km"
2114,2015,8.07815837860107,14.4702596664429,"0km"
2115,2015,7.9516282081604,14.7105016708374,"0km"
2116,2015,8.60332012176514,14.1443223953247,"0km"
2117,2015,8.60332012176514,14.1443223953247,"0km"
2118,2015,8.60332012176514,14.1443223953247,"0km"
2119,2015,8.60332012176514,14.1443223953247,"0km"
2120,2015,8.34598827362061,14.2380752563477,"0km"
2121,2015,8.34598827362061,14.2380752563477,"0km"
2122,2015,8.34598827362061,14.2380752563477,"0km"
2123,2015,8.34598827362061,14.2380752563477,"0km"
2124,2015,8.34598827362061,14.2380752563477,"0km"
2125,2015,8.34598827362061,14.2380752563477,"0km"
2126,2015,8.34598827362061,14.2380752563477,"0km"
2127,2015,8.60332012176514,14.1443223953247,"0km"
2128,2015,8.60332012176514,14.1443223953247,"0km"
2129,2015,8.60332012176514,14.1443223953247,"0km"
2130,2015,8.60332012176514,14.1443223953247,"0km"
2131,2015,8.51829624176025,12.0517292022705,"0km"
2132,2015,8.51829624176025,12.0517292022705,"0km"
2133,2015,8.51829624176025,12.0517292022705,"0km"
2134,2015,8.51829624176025,12.0517292022705,"0km"
2135,2015,8.51829624176025,12.0517292022705,"0km"
2136,2015,8.51829624176025,12.0517292022705,"0km"
2137,2015,8.51829624176025,12.0517292022705,"0km"
2138,2015,8.59166240692139,12.1637926101685,"0km"
2139,2015,8.59166240692139,12.1637926101685,"0km"
2140,2015,8.59166240692139,12.1637926101685,"0km"
2141,2015,8.59166240692139,12.1637926101685,"0km"
2142,2015,8.59166240692139,12.1637926101685,"0km"
2143,2015,8.59166240692139,12.1637926101685,"0km"
2144,2015,8.51829624176025,12.0517292022705,"0km"
2145,2015,8.51829624176025,12.0517292022705,"0km"
2146,2015,8.51829624176025,12.0517292022705,"0km"
2147,2015,8.51829624176025,12.0517292022705,"0km"
2148,2015,8.51829624176025,12.0517292022705,"0km"
2149,2015,8.51829624176025,12.0517292022705,"0km"
2150,2015,7.85091686248779,11.1017484664917,"0km"
2151,2015,7.85091686248779,11.1017484664917,"0km"
2152,2015,7.85091686248779,11.1017484664917,"0km"
2153,2015,7.85091686248779,11.1017484664917,"0km"
2154,2015,7.85091686248779,11.1017484664917,"0km"
2155,2015,7.85091686248779,11.1017484664917,"0km"
2156,2015,7.85091686248779,11.1017484664917,"0km"
2157,2014,9.15149402618408,13.2302312850952,"0km"
2158,2014,9.15149402618408,13.2302312850952,"0km"
2159,2014,9.15149402618408,13.2302312850952,"0km"
2160,2014,9.15149402618408,13.2302312850952,"0km"
2161,2014,9.15149402618408,13.2302312850952,"0km"
2162,2014,9.15149402618408,13.2302312850952,"0km"
2163,2014,9.15149402618408,13.2302312850952,"0km"
2164,2014,9.15149402618408,13.2302312850952,"0km"
2165,2014,9.15149402618408,13.2302312850952,"0km"
2166,2014,9.15149402618408,13.2302312850952,"0km"
2167,2014,9.15149402618408,13.2302312850952,"0km"
2168,2014,9.15149402618408,13.2302312850952,"0km"
2169,2014,9.15149402618408,13.2302312850952,"0km"
2170,2014,9.15149402618408,13.2302312850952,"0km"
2171,2014,9.15149402618408,13.2302312850952,"0km"
2172,2014,7.41450262069702,10.4806356430054,"0km"
2173,2014,7.41450262069702,10.4806356430054,"0km"
2174,2014,7.41450262069702,10.4806356430054,"0km"
2175,2014,7.41450262069702,10.4806356430054,"0km"
2176,2014,7.41450262069702,10.4806356430054,"0km"
2177,2014,7.41450262069702,10.4806356430054,"0km"
2178,2014,7.41450262069702,10.4806356430054,"0km"
2179,2014,7.41450262069702,10.4806356430054,"0km"
2180,2014,9.15149402618408,13.2302312850952,"0km"
2181,2014,9.15149402618408,13.2302312850952,"0km"
2182,2014,9.15149402618408,13.2302312850952,"0km"
2183,2014,9.15149402618408,13.2302312850952,"0km"
2184,2014,9.15149402618408,13.2302312850952,"0km"
2185,2014,9.15149402618408,13.2302312850952,"0km"
2186,2014,9.15149402618408,13.2302312850952,"0km"
2187,2014,9.15149402618408,13.2302312850952,"0km"
2188,2014,9.15149402618408,13.2302312850952,"0km"
2189,2014,9.15149402618408,13.2302312850952,"0km"
2190,2014,9.15149402618408,13.2302312850952,"0km"
2191,2014,9.15149402618408,13.2302312850952,"0km"
2192,2014,9.15149402618408,13.2302312850952,"0km"
2193,2014,9.15149402618408,13.2302312850952,"0km"
2194,2014,9.15149402618408,13.2302312850952,"0km"
2195,2014,9.15149402618408,13.2302312850952,"0km"
2196,2014,9.15149402618408,13.2302312850952,"0km"
2197,2014,9.15149402618408,13.2302312850952,"0km"
2198,2014,9.15149402618408,13.2302312850952,"0km"
2199,2014,9.15149402618408,13.2302312850952,"0km"
2200,2014,9.15149402618408,13.2302312850952,"0km"
2201,2014,9.15149402618408,13.2302312850952,"0km"
2202,2014,9.15149402618408,13.2302312850952,"0km"
2203,2014,9.15149402618408,13.2302312850952,"0km"
2204,2014,9.15149402618408,13.2302312850952,"0km"
2205,2014,9.15149402618408,13.2302312850952,"0km"
2206,2014,9.15149402618408,13.2302312850952,"0km"
2207,2014,9.15149402618408,13.2302312850952,"0km"
2208,2014,9.15149402618408,13.2302312850952,"0km"
2209,2014,9.15149402618408,13.2302312850952,"0km"
2210,2014,9.15149402618408,13.2302312850952,"0km"
2211,2014,9.15149402618408,13.2302312850952,"0km"
2212,2014,9.15149402618408,13.2302312850952,"0km"
2213,2014,9.15149402618408,13.2302312850952,"0km"
2214,2014,9.15149402618408,13.2302312850952,"0km"
2215,2014,9.15149402618408,13.2302312850952,"0km"
2216,2014,9.15149402618408,13.2302312850952,"0km"
2217,2014,7.85097789764404,12.0890836715698,"0km"
2218,2014,7.85097789764404,12.0890836715698,"0km"
2219,2014,7.85097789764404,12.0890836715698,"0km"
2220,2014,7.85097789764404,12.0890836715698,"0km"
2221,2014,7.85097789764404,12.0890836715698,"0km"
2222,2014,7.85097789764404,12.0890836715698,"0km"
2223,2014,7.85097789764404,12.0890836715698,"0km"
2224,2014,7.85097789764404,12.0890836715698,"0km"
2225,2014,7.85097789764404,12.0890836715698,"0km"
2226,2014,7.85097789764404,12.0890836715698,"0km"
2227,2014,7.85097789764404,12.0890836715698,"0km"
2228,2014,7.85097789764404,12.0890836715698,"0km"
2229,2014,7.85097789764404,12.0890836715698,"0km"
2230,2014,7.85097789764404,12.0890836715698,"0km"
2231,2014,7.85097789764404,12.0890836715698,"0km"
2232,2014,7.85097789764404,12.0890836715698,"0km"
2233,2014,7.85097789764404,12.0890836715698,"0km"
2234,2014,7.85097789764404,12.0890836715698,"0km"
2235,2014,7.85097789764404,12.0890836715698,"0km"
2236,2014,7.85097789764404,12.0890836715698,"0km"
2237,2014,7.85097789764404,12.0890836715698,"0km"
2238,2014,7.85097789764404,12.0890836715698,"0km"
2239,2014,7.85097789764404,12.0890836715698,"0km"
2240,2014,7.85097789764404,12.0890836715698,"0km"
2241,2014,7.85097789764404,12.0890836715698,"0km"
2242,2014,7.85097789764404,12.0890836715698,"0km"
2243,2014,7.85097789764404,12.0890836715698,"0km"
2244,2014,7.85097789764404,12.0890836715698,"0km"
2245,2014,7.85097789764404,12.0890836715698,"0km"
2246,2014,7.85097789764404,12.0890836715698,"0km"
2247,2014,7.85097789764404,12.0890836715698,"0km"
2248,2014,7.85097789764404,12.0890836715698,"0km"
2249,2014,7.85097789764404,12.0890836715698,"0km"
2250,2014,7.85097789764404,12.0890836715698,"0km"
2251,2014,7.85097789764404,12.0890836715698,"0km"
2252,2014,7.85097789764404,12.0890836715698,"0km"
2253,2014,7.85097789764404,12.0890836715698,"0km"
2254,2014,7.85097789764404,12.0890836715698,"0km"
2255,2014,7.85097789764404,12.0890836715698,"0km"
2256,2014,7.85097789764404,12.0890836715698,"0km"
2257,2014,7.85097789764404,12.0890836715698,"0km"
2258,2014,7.85097789764404,12.0890836715698,"0km"
2259,2014,7.85097789764404,12.0890836715698,"0km"
2260,2014,7.85097789764404,12.0890836715698,"0km"
2261,2014,7.85097789764404,12.0890836715698,"0km"
2262,2014,7.85097789764404,12.0890836715698,"0km"
2263,2014,7.85097789764404,12.0890836715698,"0km"
2264,2014,7.85097789764404,12.0890836715698,"0km"
2265,2014,7.85097789764404,12.0890836715698,"0km"
2266,2014,7.85097789764404,12.0890836715698,"0km"
2267,2014,7.85097789764404,12.0890836715698,"0km"
2268,2014,7.85097789764404,12.0890836715698,"0km"
2269,2014,7.85097789764404,12.0890836715698,"0km"
2270,2014,9.15149402618408,13.2302312850952,"0km"
2271,2014,9.15149402618408,13.2302312850952,"0km"
2272,2014,9.15149402618408,13.2302312850952,"0km"
2273,2014,7.55696296691895,10.3890800476074,"0km"
2274,2014,7.55696296691895,10.3890800476074,"0km"
2275,2014,7.55696296691895,10.3890800476074,"0km"
2276,2014,7.55696296691895,10.3890800476074,"0km"
2277,2014,7.55696296691895,10.3890800476074,"0km"
2278,2014,7.55696296691895,10.3890800476074,"0km"
2279,2014,7.55696296691895,10.3890800476074,"0km"
2280,2014,7.55696296691895,10.3890800476074,"0km"
2281,2014,7.55696296691895,10.3890800476074,"0km"
2282,2014,7.55696296691895,10.3890800476074,"0km"
2283,2014,7.55696296691895,10.3890800476074,"0km"
2284,2014,7.55696296691895,10.3890800476074,"0km"
2285,2014,7.55696296691895,10.3890800476074,"0km"
2286,2014,7.55696296691895,10.3890800476074,"0km"
2287,2014,7.55696296691895,10.3890800476074,"0km"
2288,2014,7.55696296691895,10.3890800476074,"0km"
2289,2014,7.55696296691895,10.3890800476074,"0km"
2290,2014,7.55696296691895,10.3890800476074,"0km"
2291,2014,7.55696296691895,10.3890800476074,"0km"
2292,2014,7.55696296691895,10.3890800476074,"0km"
2293,2014,7.55696296691895,10.3890800476074,"0km"
2294,2014,7.55696296691895,10.3890800476074,"0km"
2295,2014,7.55696296691895,10.3890800476074,"0km"
2296,2014,7.55696296691895,10.3890800476074,"0km"
2297,2014,7.55696296691895,10.3890800476074,"0km"
2298,2014,7.55696296691895,10.3890800476074,"0km"
2299,2014,7.55696296691895,10.3890800476074,"0km"
2300,2014,7.55696296691895,10.3890800476074,"0km"
2301,2014,7.55696296691895,10.3890800476074,"0km"
2302,2014,7.55696296691895,10.3890800476074,"0km"
2303,2014,7.55696296691895,10.3890800476074,"0km"
2304,2014,7.55696296691895,10.3890800476074,"0km"
2305,2014,7.55696296691895,10.3890800476074,"0km"
2306,2014,7.55696296691895,10.3890800476074,"0km"
2307,2014,7.55696296691895,10.3890800476074,"0km"
2308,2014,7.55696296691895,10.3890800476074,"0km"
2309,2014,7.55696296691895,10.3890800476074,"0km"
2310,2014,7.55696296691895,10.3890800476074,"0km"
2311,2014,7.55696296691895,10.3890800476074,"0km"
2312,2014,7.55696296691895,10.3890800476074,"0km"
2313,2014,7.55696296691895,10.3890800476074,"0km"
2314,2014,7.55696296691895,10.3890800476074,"0km"
2315,2014,7.55696296691895,10.3890800476074,"0km"
2316,2014,7.55696296691895,10.3890800476074,"0km"
2317,2014,7.55696296691895,10.3890800476074,"0km"
2318,2014,7.55696296691895,10.3890800476074,"0km"
2319,2014,7.55696296691895,10.3890800476074,"0km"
2320,2014,7.55696296691895,10.3890800476074,"0km"
2321,2014,7.55696296691895,10.3890800476074,"0km"
2322,2014,7.55696296691895,10.3890800476074,"0km"
2323,2014,7.55696296691895,10.3890800476074,"0km"
2324,2014,7.55696296691895,10.3890800476074,"0km"
2325,2014,7.55696296691895,10.3890800476074,"0km"
2326,2015,NA,NA,"15km"
2327,2008,9.88070297241211,17.2169246673584,"0km"
2328,2008,9.88070297241211,17.2169246673584,"0km"
2329,2008,9.88070297241211,17.2169246673584,"0km"
2330,2008,9.88070297241211,17.2169246673584,"0km"
2331,2008,9.88070297241211,17.2169246673584,"0km"
2332,2008,9.88070297241211,17.2169246673584,"0km"
2333,2008,9.88070297241211,17.2169246673584,"0km"
2334,2008,9.88070297241211,17.2169246673584,"0km"
2335,2008,9.88070297241211,17.2169246673584,"0km"
2336,2008,9.88070297241211,17.2169246673584,"0km"
2337,2008,9.88070297241211,17.2169246673584,"0km"
2338,2008,9.88070297241211,17.2169246673584,"0km"
2339,2008,9.88070297241211,17.2169246673584,"0km"
2340,2008,9.88070297241211,17.2169246673584,"0km"
2341,2008,9.88070297241211,17.2169246673584,"0km"
2342,2008,9.88070297241211,17.2169246673584,"0km"
2343,2008,9.88070297241211,17.2169246673584,"0km"
2344,2008,9.88070297241211,17.2169246673584,"0km"
2345,2008,9.05627632141113,13.2111883163452,"0km"
2346,2008,9.05627632141113,13.2111883163452,"0km"
2347,2008,9.05627632141113,13.2111883163452,"0km"
2348,2008,9.88070297241211,17.2169246673584,"0km"
2349,2008,9.88070297241211,17.2169246673584,"0km"
2350,2008,9.88070297241211,17.2169246673584,"0km"
2351,2008,9.88070297241211,17.2169246673584,"0km"
2352,2008,9.88070297241211,17.2169246673584,"0km"
2353,2008,9.88070297241211,17.2169246673584,"0km"
2354,2008,9.88070297241211,17.2169246673584,"0km"
2355,2008,9.05627632141113,13.2111883163452,"0km"
2356,2008,9.88070297241211,17.2169246673584,"0km"
2357,2008,9.88070297241211,17.2169246673584,"0km"
2358,2008,9.88070297241211,17.2169246673584,"0km"
2359,2008,9.88070297241211,17.2169246673584,"0km"
2360,2008,9.05627632141113,13.2111883163452,"0km"
2361,2008,9.05627632141113,13.2111883163452,"0km"
2362,2008,9.05627632141113,13.2111883163452,"0km"
2363,2008,9.05627632141113,13.2111883163452,"0km"
2364,2008,9.05627632141113,13.2111883163452,"0km"
2365,2008,9.05627632141113,13.2111883163452,"0km"
2366,2008,9.05627632141113,13.2111883163452,"0km"
2367,2008,9.05627632141113,13.2111883163452,"0km"
2368,2008,9.05627632141113,13.2111883163452,"0km"
2369,2008,9.05627632141113,13.2111883163452,"0km"
2370,2008,9.05627632141113,13.2111883163452,"0km"
2371,2008,9.05627632141113,13.2111883163452,"0km"
2372,2008,9.05627632141113,13.2111883163452,"0km"
2373,2008,9.05627632141113,13.2111883163452,"0km"
2374,2008,9.05627632141113,13.2111883163452,"0km"
2375,2008,9.05627632141113,13.2111883163452,"0km"
2376,2008,9.05627632141113,13.2111883163452,"0km"
2377,2008,9.88070297241211,17.2169246673584,"0km"
2378,2008,9.88070297241211,17.2169246673584,"0km"
2379,2008,9.88070297241211,17.2169246673584,"0km"
2380,2008,9.88070297241211,17.2169246673584,"0km"
2381,2008,9.88070297241211,17.2169246673584,"0km"
2382,2008,9.88070297241211,17.2169246673584,"0km"
2383,2008,9.88070297241211,17.2169246673584,"0km"
2384,2008,9.88070297241211,17.2169246673584,"0km"
2385,2008,9.88070297241211,17.2169246673584,"0km"
2386,2008,9.88070297241211,17.2169246673584,"0km"
2387,2008,9.88070297241211,17.2169246673584,"0km"
2388,2008,9.88070297241211,17.2169246673584,"0km"
2389,2008,9.88070297241211,17.2169246673584,"0km"
2390,2008,9.88070297241211,17.2169246673584,"0km"
2391,2008,9.88070297241211,17.2169246673584,"0km"
2392,2008,9.88070297241211,17.2169246673584,"0km"
2393,2008,9.88070297241211,17.2169246673584,"0km"
2394,2008,9.88070297241211,17.2169246673584,"0km"
2395,2008,9.88070297241211,17.2169246673584,"0km"
2396,2008,9.88070297241211,17.2169246673584,"0km"
2397,2008,9.88070297241211,17.2169246673584,"0km"
2398,2008,9.88070297241211,17.2169246673584,"0km"
2399,2008,9.88070297241211,17.2169246673584,"0km"
2400,2008,9.88070297241211,17.2169246673584,"0km"
2401,2008,9.88070297241211,17.2169246673584,"0km"
2402,2008,9.88070297241211,17.2169246673584,"0km"
2403,2008,9.88070297241211,17.2169246673584,"0km"
2404,2008,9.88070297241211,17.2169246673584,"0km"
2405,2008,9.88070297241211,17.2169246673584,"0km"
2406,2008,9.88070297241211,17.2169246673584,"0km"
2407,2008,9.88070297241211,17.2169246673584,"0km"
2408,2008,9.88070297241211,17.2169246673584,"0km"
2409,2008,9.05627632141113,13.2111883163452,"0km"
2410,2008,9.05627632141113,13.2111883163452,"0km"
2411,2008,9.05627632141113,13.2111883163452,"0km"
2412,2008,9.05627632141113,13.2111883163452,"0km"
2413,2008,9.05627632141113,13.2111883163452,"0km"
2414,2008,10.1991939544678,17.7464828491211,"0km"
2415,2008,9.05627632141113,13.2111883163452,"0km"
2416,2008,10.1991939544678,17.7464828491211,"0km"
2417,2008,9.05627632141113,13.2111883163452,"0km"
2418,2008,9.05627632141113,13.2111883163452,"0km"
2419,2008,9.05627632141113,13.2111883163452,"0km"
2420,2008,9.05627632141113,13.2111883163452,"0km"
2421,2008,9.05627632141113,13.2111883163452,"0km"
2422,2008,9.05627632141113,13.2111883163452,"0km"
2423,2008,9.05627632141113,13.2111883163452,"0km"
2424,2008,9.05627632141113,13.2111883163452,"0km"
2425,2008,9.05627632141113,13.2111883163452,"0km"
2426,2008,9.05627632141113,13.2111883163452,"0km"
2427,2008,9.05627632141113,13.2111883163452,"0km"
2428,2008,9.05627632141113,13.2111883163452,"0km"
2429,2008,9.05627632141113,13.2111883163452,"0km"
2430,2008,9.05627632141113,13.2111883163452,"0km"
2431,2008,9.05627632141113,13.2111883163452,"0km"
2432,2008,9.05627632141113,13.2111883163452,"0km"
2433,2008,9.05627632141113,13.2111883163452,"0km"
2434,2009,7.78418318430583,9.16541035970052,"10km"
2435,2009,7.71456027030945,8.83465075492859,"10km"
2436,2009,7.71456027030945,8.83465075492859,"10km"
2437,2009,7.78418318430583,9.16541035970052,"10km"
2438,2009,7.78418318430583,9.16541035970052,"10km"
2439,2009,7.71456027030945,8.83465075492859,"10km"
2440,2009,7.78418318430583,9.16541035970052,"10km"
2441,2009,7.78418318430583,9.16541035970052,"10km"
2442,2009,7.71456027030945,8.83465075492859,"10km"
2443,2009,7.09094524383545,8.04379367828369,"0km"
2444,2009,7.09094524383545,8.04379367828369,"0km"
2445,2009,7.09094524383545,8.04379367828369,"0km"
2446,2009,7.09094524383545,8.04379367828369,"0km"
2447,2009,7.09094524383545,8.04379367828369,"0km"
2448,2009,7.09094524383545,8.04379367828369,"0km"
2449,2009,7.09094524383545,8.04379367828369,"0km"
2450,2009,7.09094524383545,8.04379367828369,"0km"
2451,2009,7.09094524383545,8.04379367828369,"0km"
2452,2009,7.09094524383545,8.04379367828369,"0km"
2453,2009,7.09094524383545,8.04379367828369,"0km"
2454,2009,7.09094524383545,8.04379367828369,"0km"
2455,2009,7.09094524383545,8.04379367828369,"0km"
2456,2009,7.09094524383545,8.04379367828369,"0km"
2457,2009,7.09094524383545,8.04379367828369,"0km"
2458,2009,7.09094524383545,8.04379367828369,"0km"
2459,2009,7.09094524383545,8.04379367828369,"0km"
2460,2009,7.09094524383545,8.04379367828369,"0km"
2461,2009,7.09094524383545,8.04379367828369,"0km"
2462,2009,7.09094524383545,8.04379367828369,"0km"
2463,2009,7.09094524383545,8.04379367828369,"0km"
2464,2009,7.09094524383545,8.04379367828369,"0km"
2465,2009,7.09094524383545,8.04379367828369,"0km"
2466,2009,7.09094524383545,8.04379367828369,"0km"
2467,2009,7.09094524383545,8.04379367828369,"0km"
2468,2009,7.09094524383545,8.04379367828369,"0km"
2469,2010,6.33780956268311,8.15366077423096,"0km"
2470,2010,5.98123121261597,6.95684671401978,"0km"
2471,2010,5.98123121261597,6.95684671401978,"0km"
2472,2010,5.98123121261597,6.95684671401978,"0km"
2473,2010,5.85726499557495,6.85430479049683,"0km"
2474,2010,5.85726499557495,6.85430479049683,"0km"
2475,2010,5.85726499557495,6.85430479049683,"0km"
2476,2010,5.85726499557495,6.85430479049683,"0km"
2477,2010,5.85726499557495,6.85430479049683,"0km"
2478,2010,5.85726499557495,6.85430479049683,"0km"
2479,2010,6.36478757858276,7.33991527557373,"0km"
2480,2010,6.97161769866943,8.09872722625732,"0km"
2481,2010,6.97161769866943,8.09872722625732,"0km"
2482,2010,6.97161769866943,8.09872722625732,"0km"
2483,2010,6.97161769866943,8.09872722625732,"0km"
2484,2010,6.97161769866943,8.09872722625732,"0km"
2485,2010,6.97161769866943,8.09872722625732,"0km"
2486,2010,6.97161769866943,8.09872722625732,"0km"
2487,2010,6.97161769866943,8.09872722625732,"0km"
2488,2010,6.97161769866943,8.09872722625732,"0km"
2489,2010,6.97161769866943,8.09872722625732,"0km"
2490,2010,6.97161769866943,8.09872722625732,"0km"
2491,2010,6.97161769866943,8.09872722625732,"0km"
2492,2010,6.97161769866943,8.09872722625732,"0km"
2493,2010,6.97161769866943,8.09872722625732,"0km"
2494,2010,6.97161769866943,8.09872722625732,"0km"
2495,2010,6.97161769866943,8.09872722625732,"0km"
2496,2010,6.97161769866943,8.09872722625732,"0km"
2497,2010,6.97161769866943,8.09872722625732,"0km"
2498,2010,6.97161769866943,8.09872722625732,"0km"
2499,2010,6.97161769866943,8.09872722625732,"0km"
2500,2010,6.97161769866943,8.09872722625732,"0km"
2501,2010,6.97161769866943,8.09872722625732,"0km"
2502,2010,6.97161769866943,8.09872722625732,"0km"
2503,2010,6.97161769866943,8.09872722625732,"0km"
2504,2010,6.97161769866943,8.09872722625732,"0km"
2505,2010,6.97161769866943,8.09872722625732,"0km"
2506,2010,6.97161769866943,8.09872722625732,"0km"
2507,2010,7.21356868743896,10.3260898590088,"0km"
2508,2010,7.21356868743896,10.3260898590088,"0km"
2509,2010,7.21356868743896,10.3260898590088,"0km"
2510,2010,7.21356868743896,10.3260898590088,"0km"
2511,2010,7.21356868743896,10.3260898590088,"0km"
2512,2010,7.21356868743896,10.3260898590088,"0km"
2513,2010,7.21356868743896,10.3260898590088,"0km"
2514,2010,7.21356868743896,10.3260898590088,"0km"
2515,2010,7.21356868743896,10.3260898590088,"0km"
2516,2010,7.21356868743896,10.3260898590088,"0km"
2517,2010,7.21356868743896,10.3260898590088,"0km"
2518,2010,7.21356868743896,10.3260898590088,"0km"
2519,2009,6.74016523361206,7.29889822006226,"0km"
2520,2009,6.74016523361206,7.29889822006226,"0km"
2521,2009,6.74016523361206,7.29889822006226,"0km"
2522,2009,6.74016523361206,7.29889822006226,"0km"
2523,2008,7.77993106842041,9.5636157989502,"0km"
2524,2008,7.77993106842041,9.5636157989502,"0km"
2525,2008,7.77993106842041,9.5636157989502,"0km"
2526,2008,7.77993106842041,9.5636157989502,"0km"
2527,2008,7.77993106842041,9.5636157989502,"0km"
2528,2008,7.77993106842041,9.5636157989502,"0km"
2529,2008,7.77993106842041,9.5636157989502,"0km"
2530,2008,7.77993106842041,9.5636157989502,"0km"
2531,2008,7.77993106842041,9.5636157989502,"0km"
2532,2008,7.77993106842041,9.5636157989502,"0km"
2533,2008,7.77993106842041,9.5636157989502,"0km"
2534,2008,7.77993106842041,9.5636157989502,"0km"
2535,2008,7.77993106842041,9.5636157989502,"0km"
2536,2008,7.77993106842041,9.5636157989502,"0km"
2537,2008,7.77993106842041,9.5636157989502,"0km"
2538,2008,7.77993106842041,9.5636157989502,"0km"
2539,2008,7.77993106842041,9.5636157989502,"0km"
2540,2008,7.77993106842041,9.5636157989502,"0km"
2541,2008,7.77993106842041,9.5636157989502,"0km"
2542,2008,7.77993106842041,9.5636157989502,"0km"
2543,2008,7.77993106842041,9.5636157989502,"0km"
2544,2008,7.77993106842041,9.5636157989502,"0km"
2545,2008,7.77993106842041,9.5636157989502,"0km"
2546,2008,7.77993106842041,9.5636157989502,"0km"
2547,2008,7.77993106842041,9.5636157989502,"0km"
2548,2008,7.77993106842041,9.5636157989502,"0km"
2549,2008,7.77993106842041,9.5636157989502,"0km"
2550,2008,10.4554281234741,18.2679824829102,"0km"
2551,2008,10.4554281234741,18.2679824829102,"0km"
2552,2008,10.4554281234741,18.2679824829102,"0km"
2553,2008,10.4554281234741,18.2679824829102,"0km"
2554,2008,10.4554281234741,18.2679824829102,"0km"
2555,2008,10.4554281234741,18.2679824829102,"0km"
2556,2008,10.4554281234741,18.2679824829102,"0km"
2557,2008,10.4554281234741,18.2679824829102,"0km"
2558,2008,10.4554281234741,18.2679824829102,"0km"
2559,2008,10.4554281234741,18.2679824829102,"0km"
2560,2008,10.4554281234741,18.2679824829102,"0km"
2561,2008,10.4554281234741,18.2679824829102,"0km"
2562,2008,10.4554281234741,18.2679824829102,"0km"
2563,2008,10.4554281234741,18.2679824829102,"0km"
2564,2008,10.4554281234741,18.2679824829102,"0km"
2565,2008,10.4554281234741,18.2679824829102,"0km"
2566,2008,10.4554281234741,18.2679824829102,"0km"
2567,2008,10.4554281234741,18.2679824829102,"0km"
2568,2008,10.4554281234741,18.2679824829102,"0km"
2569,2008,10.4554281234741,18.2679824829102,"0km"
2570,2008,10.4554281234741,18.2679824829102,"0km"
2571,2008,10.4554281234741,18.2679824829102,"0km"
2572,2008,10.4554281234741,18.2679824829102,"0km"
2573,2008,10.4554281234741,18.2679824829102,"0km"
2574,2008,10.4554281234741,18.2679824829102,"0km"
2575,2008,10.4554281234741,18.2679824829102,"0km"
2576,2008,10.4554281234741,18.2679824829102,"0km"
2577,2008,10.4554281234741,18.2679824829102,"0km"
2578,2008,10.4554281234741,18.2679824829102,"0km"
2579,2008,10.4554281234741,18.2679824829102,"0km"
2580,2008,10.4554281234741,18.2679824829102,"0km"
2581,2008,10.4554281234741,18.2679824829102,"0km"
2582,2008,10.4554281234741,18.2679824829102,"0km"
2583,2008,10.4554281234741,18.2679824829102,"0km"
2584,2008,10.4554281234741,18.2679824829102,"0km"
2585,2008,10.4554281234741,18.2679824829102,"0km"
2586,2008,10.4554281234741,18.2679824829102,"0km"
2587,2008,10.4554281234741,18.2679824829102,"0km"
2588,2008,10.4554281234741,18.2679824829102,"0km"
2589,2008,10.4554281234741,18.2679824829102,"0km"
2590,2008,10.4554281234741,18.2679824829102,"0km"
2591,2008,10.8502759933472,19.117618560791,"0km"
2592,2008,10.8502759933472,19.117618560791,"0km"
2593,2008,10.8502759933472,19.117618560791,"0km"
2594,2008,10.8502759933472,19.117618560791,"0km"
2595,2008,10.8502759933472,19.117618560791,"0km"
2596,2008,10.8502759933472,19.117618560791,"0km"
2597,2008,10.8502759933472,19.117618560791,"0km"
2598,2008,10.8502759933472,19.117618560791,"0km"
2599,2008,10.8502759933472,19.117618560791,"0km"
2600,2008,10.8502759933472,19.117618560791,"0km"
2601,2008,10.8502759933472,19.117618560791,"0km"
2602,2008,10.8502759933472,19.117618560791,"0km"
2603,2008,10.8502759933472,19.117618560791,"0km"
2604,2008,10.8502759933472,19.117618560791,"0km"
2605,2008,10.8502759933472,19.117618560791,"0km"
2606,2008,10.8502759933472,19.117618560791,"0km"
2607,2008,10.8502759933472,19.117618560791,"0km"
2608,2008,10.8502759933472,19.117618560791,"0km"
2609,2008,10.8502759933472,19.117618560791,"0km"
2610,2008,10.8502759933472,19.117618560791,"0km"
2611,2008,10.8502759933472,19.117618560791,"0km"
2612,2008,10.8502759933472,19.117618560791,"0km"
2613,2008,10.8502759933472,19.117618560791,"0km"
2614,2008,10.8502759933472,19.117618560791,"0km"
2615,2008,10.8502759933472,19.117618560791,"0km"
2616,2008,10.8502759933472,19.117618560791,"0km"
2617,2008,10.8502759933472,19.117618560791,"0km"
2618,2008,10.8502759933472,19.117618560791,"0km"
2619,2008,10.8502759933472,19.117618560791,"0km"
2620,2008,10.8502759933472,19.117618560791,"0km"
2621,2008,10.8502759933472,19.117618560791,"0km"
2622,2008,10.8502759933472,19.117618560791,"0km"
2623,2008,10.8502759933472,19.117618560791,"0km"
2624,2008,10.8502759933472,19.117618560791,"0km"
2625,2008,10.8502759933472,19.117618560791,"0km"
2626,2008,10.8502759933472,19.117618560791,"0km"
2627,2008,10.8502759933472,19.117618560791,"0km"
2628,2008,10.8502759933472,19.117618560791,"0km"
2629,2008,10.8502759933472,19.117618560791,"0km"
2630,2008,10.8502759933472,19.117618560791,"0km"
2631,2008,10.8502759933472,19.117618560791,"0km"
2632,2008,10.8502759933472,19.117618560791,"0km"
2633,2008,10.8502759933472,19.117618560791,"0km"
2634,2008,10.8502759933472,19.117618560791,"0km"
2635,2008,10.8502759933472,19.117618560791,"0km"
2636,2008,10.8502759933472,19.117618560791,"0km"
2637,2008,10.8502759933472,19.117618560791,"0km"
2638,2008,10.8502759933472,19.117618560791,"0km"
2639,2008,10.8502759933472,19.117618560791,"0km"
2640,2008,10.8502759933472,19.117618560791,"0km"
2641,2008,10.8502759933472,19.117618560791,"0km"
2642,2008,10.8502759933472,19.117618560791,"0km"
2643,2008,10.8502759933472,19.117618560791,"0km"
2644,2008,10.8502759933472,19.117618560791,"0km"
2645,2008,10.8502759933472,19.117618560791,"0km"
2646,2008,10.8502759933472,19.117618560791,"0km"
2647,2008,10.8502759933472,19.117618560791,"0km"
2648,2008,10.8502759933472,19.117618560791,"0km"
2649,2008,10.8502759933472,19.117618560791,"0km"
2650,2008,10.8502759933472,19.117618560791,"0km"
2651,2008,10.8502759933472,19.117618560791,"0km"
2652,2008,10.8502759933472,19.117618560791,"0km"
2653,2008,10.8502759933472,19.117618560791,"0km"
2654,2008,10.8502759933472,19.117618560791,"0km"
2655,2008,10.8502759933472,19.117618560791,"0km"
2656,2008,10.8502759933472,19.117618560791,"0km"
2657,2008,10.8502759933472,19.117618560791,"0km"
2658,2008,10.8502759933472,19.117618560791,"0km"
2659,2008,10.8502759933472,19.117618560791,"0km"
2660,2008,10.8502759933472,19.117618560791,"0km"
2661,2008,10.8502759933472,19.117618560791,"0km"
2662,2008,10.8502759933472,19.117618560791,"0km"
2663,2008,10.8502759933472,19.117618560791,"0km"
2664,2008,7.77993106842041,9.5636157989502,"0km"
2665,2008,7.77993106842041,9.5636157989502,"0km"
2666,2008,7.77993106842041,9.5636157989502,"0km"
2667,2008,10.8502759933472,19.117618560791,"0km"
2668,2008,10.8502759933472,19.117618560791,"0km"
2669,2008,10.8502759933472,19.117618560791,"0km"
2670,2008,10.8502759933472,19.117618560791,"0km"
2671,2008,10.8502759933472,19.117618560791,"0km"
2672,2008,9.00732421875,12.8654747009277,"0km"
2673,2008,10.4554281234741,18.2679824829102,"0km"
2674,2008,10.4554281234741,18.2679824829102,"0km"
2675,2008,10.4554281234741,18.2679824829102,"0km"
2676,2008,10.4554281234741,18.2679824829102,"0km"
2677,2008,10.4554281234741,18.2679824829102,"0km"
2678,2008,10.4554281234741,18.2679824829102,"0km"
2679,2008,10.4554281234741,18.2679824829102,"0km"
2680,2008,9.00732421875,12.8654747009277,"0km"
2681,2008,9.00732421875,12.8654747009277,"0km"
2682,2008,9.00732421875,12.8654747009277,"0km"
2683,2008,9.00732421875,12.8654747009277,"0km"
2684,2008,9.00732421875,12.8654747009277,"0km"
2685,2008,9.00732421875,12.8654747009277,"0km"
2686,2008,10.4554281234741,18.2679824829102,"0km"
2687,2008,10.4554281234741,18.2679824829102,"0km"
2688,2008,10.4554281234741,18.2679824829102,"0km"
2689,2008,10.4554281234741,18.2679824829102,"0km"
2690,2008,10.4554281234741,18.2679824829102,"0km"
2691,2008,10.4554281234741,18.2679824829102,"0km"
2692,2008,10.4554281234741,18.2679824829102,"0km"
2693,2008,10.4554281234741,18.2679824829102,"0km"
2694,2008,10.4554281234741,18.2679824829102,"0km"
2695,2008,10.4554281234741,18.2679824829102,"0km"
2696,2008,10.4554281234741,18.2679824829102,"0km"
2697,2008,10.4554281234741,18.2679824829102,"0km"
2698,2008,10.4554281234741,18.2679824829102,"0km"
2699,2008,10.4554281234741,18.2679824829102,"0km"
2700,2008,10.4554281234741,18.2679824829102,"0km"
2701,2008,10.4554281234741,18.2679824829102,"0km"
2702,2008,10.4554281234741,18.2679824829102,"0km"
2703,2008,10.4554281234741,18.2679824829102,"0km"
2704,2008,10.4554281234741,18.2679824829102,"0km"
2705,2008,10.4554281234741,18.2679824829102,"0km"
2706,2008,10.4554281234741,18.2679824829102,"0km"
2707,2008,10.4554281234741,18.2679824829102,"0km"
2708,2008,10.4554281234741,18.2679824829102,"0km"
2709,2008,10.4554281234741,18.2679824829102,"0km"
2710,2008,10.4554281234741,18.2679824829102,"0km"
2711,2008,10.4554281234741,18.2679824829102,"0km"
2712,2008,10.4554281234741,18.2679824829102,"0km"
2713,2008,10.4554281234741,18.2679824829102,"0km"
2714,2008,10.4554281234741,18.2679824829102,"0km"
2715,2008,10.4554281234741,18.2679824829102,"0km"
2716,2008,10.4554281234741,18.2679824829102,"0km"
2717,2008,10.4554281234741,18.2679824829102,"0km"
2718,2008,10.4554281234741,18.2679824829102,"0km"
2719,2008,10.4554281234741,18.2679824829102,"0km"
2720,2008,10.4554281234741,18.2679824829102,"0km"
2721,2008,10.4554281234741,18.2679824829102,"0km"
2722,2008,10.4554281234741,18.2679824829102,"0km"
2723,2008,10.4554281234741,18.2679824829102,"0km"
2724,2008,10.4554281234741,18.2679824829102,"0km"
2725,2008,10.4554281234741,18.2679824829102,"0km"
2726,2008,10.4554281234741,18.2679824829102,"0km"
2727,2008,10.4554281234741,18.2679824829102,"0km"
2728,2008,10.4554281234741,18.2679824829102,"0km"
2729,2008,10.4554281234741,18.2679824829102,"0km"
2730,2008,10.4554281234741,18.2679824829102,"0km"
2731,2008,10.4554281234741,18.2679824829102,"0km"
2732,2008,10.4554281234741,18.2679824829102,"0km"
2733,2008,10.4554281234741,18.2679824829102,"0km"
2734,2008,10.4554281234741,18.2679824829102,"0km"
2735,2008,9.33765697479248,13.8469495773315,"0km"
2736,2008,9.33765697479248,13.8469495773315,"0km"
2737,2008,9.33765697479248,13.8469495773315,"0km"
2738,2008,9.33765697479248,13.8469495773315,"0km"
2739,2008,9.33765697479248,13.8469495773315,"0km"
2740,2008,9.33765697479248,13.8469495773315,"0km"
2741,2008,9.33765697479248,13.8469495773315,"0km"
2742,2008,9.33765697479248,13.8469495773315,"0km"
2743,2008,9.33765697479248,13.8469495773315,"0km"
2744,2008,9.33765697479248,13.8469495773315,"0km"
2745,2008,9.33765697479248,13.8469495773315,"0km"
2746,2008,9.33765697479248,13.8469495773315,"0km"
2747,2008,9.33765697479248,13.8469495773315,"0km"
2748,2008,9.33765697479248,13.8469495773315,"0km"
2749,2008,9.33765697479248,13.8469495773315,"0km"
2750,2008,9.33765697479248,13.8469495773315,"0km"
2751,2008,9.33765697479248,13.8469495773315,"0km"
2752,2008,9.33765697479248,13.8469495773315,"0km"
2753,2008,9.33765697479248,13.8469495773315,"0km"
2754,2008,9.33765697479248,13.8469495773315,"0km"
2755,2008,9.33765697479248,13.8469495773315,"0km"
2756,2008,7.99447631835938,10.2843408584595,"0km"
2757,2008,7.99447631835938,10.2843408584595,"0km"
2758,2008,7.99447631835938,10.2843408584595,"0km"
2759,2008,7.99447631835938,10.2843408584595,"0km"
2760,2008,7.99447631835938,10.2843408584595,"0km"
2761,2008,7.99447631835938,10.2843408584595,"0km"
2762,2008,7.99447631835938,10.2843408584595,"0km"
2763,2008,7.99447631835938,10.2843408584595,"0km"
2764,2008,7.99447631835938,10.2843408584595,"0km"
2765,2008,7.99447631835938,10.2843408584595,"0km"
2766,2008,7.99447631835938,10.2843408584595,"0km"
2767,2008,7.99447631835938,10.2843408584595,"0km"
2768,2008,7.99447631835938,10.2843408584595,"0km"
2769,2008,7.99447631835938,10.2843408584595,"0km"
2770,2008,7.99447631835938,10.2843408584595,"0km"
2771,2009,9.03021335601807,13.3379011154175,"0km"
2772,2009,9.03021335601807,13.3379011154175,"0km"
2773,2009,9.03021335601807,13.3379011154175,"0km"
2774,2009,9.03021335601807,13.3379011154175,"0km"
2775,2009,9.03021335601807,13.3379011154175,"0km"
2776,2009,9.03021335601807,13.3379011154175,"0km"
2777,2009,9.03021335601807,13.3379011154175,"0km"
2778,2009,9.03021335601807,13.3379011154175,"0km"
2779,2009,9.03021335601807,13.3379011154175,"0km"
2780,2009,9.03021335601807,13.3379011154175,"0km"
2781,2009,9.03021335601807,13.3379011154175,"0km"
2782,2009,9.03021335601807,13.3379011154175,"0km"
2783,2009,9.03021335601807,13.3379011154175,"0km"
2784,2009,9.03021335601807,13.3379011154175,"0km"
2785,2009,9.03021335601807,13.3379011154175,"0km"
2786,2009,9.03021335601807,13.3379011154175,"0km"
2787,2009,9.03021335601807,13.3379011154175,"0km"
2788,2009,9.03021335601807,13.3379011154175,"0km"
2789,2009,9.03021335601807,13.3379011154175,"0km"
2790,2009,9.03021335601807,13.3379011154175,"0km"
2791,2009,9.03021335601807,13.3379011154175,"0km"
2792,2009,9.03021335601807,13.3379011154175,"0km"
2793,2009,9.03021335601807,13.3379011154175,"0km"
2794,2009,9.03021335601807,13.3379011154175,"0km"
2795,2009,9.03021335601807,13.3379011154175,"0km"
2796,2009,9.03021335601807,13.3379011154175,"0km"
2797,2009,9.03021335601807,13.3379011154175,"0km"
2798,2009,9.03021335601807,13.3379011154175,"0km"
2799,2009,9.03021335601807,13.3379011154175,"0km"
2800,2009,9.03021335601807,13.3379011154175,"0km"
2801,2009,9.03021335601807,13.3379011154175,"0km"
2802,2009,9.03021335601807,13.3379011154175,"0km"
2803,2009,9.03021335601807,13.3379011154175,"0km"
2804,2009,9.03021335601807,13.3379011154175,"0km"
2805,2009,9.03021335601807,13.3379011154175,"0km"
2806,2009,9.03021335601807,13.3379011154175,"0km"
2807,2009,9.03021335601807,13.3379011154175,"0km"
2808,2009,9.03021335601807,13.3379011154175,"0km"
2809,2009,9.03021335601807,13.3379011154175,"0km"
2810,2009,9.03021335601807,13.3379011154175,"0km"
2811,2009,9.03021335601807,13.3379011154175,"0km"
2812,2009,9.03021335601807,13.3379011154175,"0km"
2813,2009,9.03021335601807,13.3379011154175,"0km"
2814,2009,9.03021335601807,13.3379011154175,"0km"
2815,2009,9.03021335601807,13.3379011154175,"0km"
2816,2009,9.03021335601807,13.3379011154175,"0km"
2817,2009,9.03021335601807,13.3379011154175,"0km"
2818,2009,9.03021335601807,13.3379011154175,"0km"
2819,2009,9.03021335601807,13.3379011154175,"0km"
2820,2009,9.03021335601807,13.3379011154175,"0km"
2821,2009,9.03021335601807,13.3379011154175,"0km"
2822,2009,9.03021335601807,13.3379011154175,"0km"
2823,2009,9.03021335601807,13.3379011154175,"0km"
2824,2009,9.03021335601807,13.3379011154175,"0km"
2825,2009,9.03021335601807,13.3379011154175,"0km"
2826,2009,9.03021335601807,13.3379011154175,"0km"
2827,2009,9.03021335601807,13.3379011154175,"0km"
2828,2009,9.03021335601807,13.3379011154175,"0km"
2829,2009,9.03021335601807,13.3379011154175,"0km"
2830,2009,9.03021335601807,13.3379011154175,"0km"
2831,2009,9.03021335601807,13.3379011154175,"0km"
2832,2009,9.03021335601807,13.3379011154175,"0km"
2833,2009,9.03021335601807,13.3379011154175,"0km"
2834,2009,9.03021335601807,13.3379011154175,"0km"
2835,2009,9.03021335601807,13.3379011154175,"0km"
2836,2009,9.03021335601807,13.3379011154175,"0km"
2837,2009,9.03021335601807,13.3379011154175,"0km"
2838,2009,9.03021335601807,13.3379011154175,"0km"
2839,2009,9.03021335601807,13.3379011154175,"0km"
2840,2009,9.03021335601807,13.3379011154175,"0km"
2841,2009,9.03021335601807,13.3379011154175,"0km"
2842,2009,9.03021335601807,13.3379011154175,"0km"
2843,2009,9.03021335601807,13.3379011154175,"0km"
2844,2009,9.03021335601807,13.3379011154175,"0km"
2845,2009,9.03021335601807,13.3379011154175,"0km"
2846,2009,9.03021335601807,13.3379011154175,"0km"
2847,2009,9.03021335601807,13.3379011154175,"0km"
2848,2009,9.03021335601807,13.3379011154175,"0km"
2849,2009,9.03021335601807,13.3379011154175,"0km"
2850,2009,9.03021335601807,13.3379011154175,"0km"
2851,2009,9.03021335601807,13.3379011154175,"0km"
2852,2009,9.03021335601807,13.3379011154175,"0km"
2853,2009,9.03021335601807,13.3379011154175,"0km"
2854,2009,9.03021335601807,13.3379011154175,"0km"
2855,2009,9.03021335601807,13.3379011154175,"0km"
2856,2009,9.03021335601807,13.3379011154175,"0km"
2857,2009,9.03021335601807,13.3379011154175,"0km"
2858,2009,9.03021335601807,13.3379011154175,"0km"
2859,2009,9.03021335601807,13.3379011154175,"0km"
2860,2009,9.03021335601807,13.3379011154175,"0km"
2861,2009,9.03021335601807,13.3379011154175,"0km"
2862,2009,9.03021335601807,13.3379011154175,"0km"
2863,2009,9.03021335601807,13.3379011154175,"0km"
2864,2009,9.03021335601807,13.3379011154175,"0km"
2865,2009,9.03021335601807,13.3379011154175,"0km"
2866,2009,9.03021335601807,13.3379011154175,"0km"
2867,2009,9.03021335601807,13.3379011154175,"0km"
2868,2009,9.03021335601807,13.3379011154175,"0km"
2869,2009,9.03021335601807,13.3379011154175,"0km"
2870,2009,9.03021335601807,13.3379011154175,"0km"
2871,2009,9.03021335601807,13.3379011154175,"0km"
2872,2009,9.03021335601807,13.3379011154175,"0km"
2873,2009,9.03021335601807,13.3379011154175,"0km"
2874,2009,9.03021335601807,13.3379011154175,"0km"
2875,2009,9.03021335601807,13.3379011154175,"0km"
2876,2009,9.03021335601807,13.3379011154175,"0km"
2877,2009,9.03021335601807,13.3379011154175,"0km"
2878,2009,9.03021335601807,13.3379011154175,"0km"
2879,2009,9.03021335601807,13.3379011154175,"0km"
2880,2009,9.03021335601807,13.3379011154175,"0km"
2881,2009,9.03021335601807,13.3379011154175,"0km"
2882,2009,9.03021335601807,13.3379011154175,"0km"
2883,2009,9.03021335601807,13.3379011154175,"0km"
2884,2009,9.03021335601807,13.3379011154175,"0km"
2885,2009,9.03021335601807,13.3379011154175,"0km"
2886,2009,9.03021335601807,13.3379011154175,"0km"
2887,2009,9.03021335601807,13.3379011154175,"0km"
2888,2009,9.03021335601807,13.3379011154175,"0km"
2889,2009,9.03021335601807,13.3379011154175,"0km"
2890,2009,9.03021335601807,13.3379011154175,"0km"
2891,2009,9.03021335601807,13.3379011154175,"0km"
2892,2009,9.03021335601807,13.3379011154175,"0km"
2893,2009,9.03021335601807,13.3379011154175,"0km"
2894,2009,9.03021335601807,13.3379011154175,"0km"
2895,2009,9.03021335601807,13.3379011154175,"0km"
2896,2009,9.03021335601807,13.3379011154175,"0km"
2897,2009,9.03021335601807,13.3379011154175,"0km"
2898,2009,9.03021335601807,13.3379011154175,"0km"
2899,2009,9.03021335601807,13.3379011154175,"0km"
2900,2009,9.03021335601807,13.3379011154175,"0km"
2901,2009,9.03021335601807,13.3379011154175,"0km"
2902,2009,9.03021335601807,13.3379011154175,"0km"
2903,2009,9.03021335601807,13.3379011154175,"0km"
2904,2009,9.03021335601807,13.3379011154175,"0km"
2905,2009,9.03021335601807,13.3379011154175,"0km"
2906,2009,9.03021335601807,13.3379011154175,"0km"
2907,2009,9.03021335601807,13.3379011154175,"0km"
2908,2009,9.03021335601807,13.3379011154175,"0km"
2909,2009,9.03021335601807,13.3379011154175,"0km"
2910,2009,9.03021335601807,13.3379011154175,"0km"
2911,2009,9.03021335601807,13.3379011154175,"0km"
2912,2009,9.03021335601807,13.3379011154175,"0km"
2913,2009,9.03021335601807,13.3379011154175,"0km"
2914,2009,9.03021335601807,13.3379011154175,"0km"
2915,2009,9.03021335601807,13.3379011154175,"0km"
2916,2009,9.03021335601807,13.3379011154175,"0km"
2917,2009,9.03021335601807,13.3379011154175,"0km"
2918,2009,9.03021335601807,13.3379011154175,"0km"
2919,2009,9.03021335601807,13.3379011154175,"0km"
2920,2009,9.03021335601807,13.3379011154175,"0km"
2921,2009,9.03021335601807,13.3379011154175,"0km"
2922,2009,9.03021335601807,13.3379011154175,"0km"
2923,2009,9.03021335601807,13.3379011154175,"0km"
2924,2009,9.03021335601807,13.3379011154175,"0km"
2925,2009,9.03021335601807,13.3379011154175,"0km"
2926,2009,9.03021335601807,13.3379011154175,"0km"
2927,2009,9.03021335601807,13.3379011154175,"0km"
2928,2009,9.03021335601807,13.3379011154175,"0km"
2929,2009,9.03021335601807,13.3379011154175,"0km"
2930,2009,9.03021335601807,13.3379011154175,"0km"
2931,2009,9.03021335601807,13.3379011154175,"0km"
2932,2009,9.03021335601807,13.3379011154175,"0km"
2933,2009,9.03021335601807,13.3379011154175,"0km"
2934,2009,9.03021335601807,13.3379011154175,"0km"
2935,2009,9.03021335601807,13.3379011154175,"0km"
2936,2009,9.03021335601807,13.3379011154175,"0km"
2937,2009,9.03021335601807,13.3379011154175,"0km"
2938,2009,9.03021335601807,13.3379011154175,"0km"
2939,2009,9.03021335601807,13.3379011154175,"0km"
2940,2009,9.03021335601807,13.3379011154175,"0km"
2941,2009,9.03021335601807,13.3379011154175,"0km"
2942,2009,9.03021335601807,13.3379011154175,"0km"
2943,2009,9.03021335601807,13.3379011154175,"0km"
2944,2009,9.03021335601807,13.3379011154175,"0km"
2945,2009,9.03021335601807,13.3379011154175,"0km"
2946,2009,9.03021335601807,13.3379011154175,"0km"
2947,2009,9.03021335601807,13.3379011154175,"0km"
2948,2009,9.03021335601807,13.3379011154175,"0km"
2949,2009,9.03021335601807,13.3379011154175,"0km"
2950,2009,9.03021335601807,13.3379011154175,"0km"
2951,2009,9.03021335601807,13.3379011154175,"0km"
2952,2009,9.03021335601807,13.3379011154175,"0km"
2953,2009,9.03021335601807,13.3379011154175,"0km"
2954,2009,9.03021335601807,13.3379011154175,"0km"
2955,2009,9.03021335601807,13.3379011154175,"0km"
2956,2009,9.03021335601807,13.3379011154175,"0km"
2957,2009,9.03021335601807,13.3379011154175,"0km"
2958,2009,9.03021335601807,13.3379011154175,"0km"
2959,2009,9.03021335601807,13.3379011154175,"0km"
2960,2009,9.03021335601807,13.3379011154175,"0km"
2961,2009,9.03021335601807,13.3379011154175,"0km"
2962,2009,9.03021335601807,13.3379011154175,"0km"
2963,2009,9.03021335601807,13.3379011154175,"0km"
2964,2009,9.03021335601807,13.3379011154175,"0km"
2965,2009,9.03021335601807,13.3379011154175,"0km"
2966,2009,9.03021335601807,13.3379011154175,"0km"
2967,2009,9.03021335601807,13.3379011154175,"0km"
2968,2009,9.03021335601807,13.3379011154175,"0km"
2969,2009,9.03021335601807,13.3379011154175,"0km"
2970,2009,9.03021335601807,13.3379011154175,"0km"
2971,2009,9.42298698425293,14.7595748901367,"0km"
2972,2009,9.42298698425293,14.7595748901367,"0km"
2973,2009,10.269570350647,18.7206344604492,"0km"
2974,2009,10.269570350647,18.7206344604492,"0km"
2975,2009,10.0521564483643,17.8028812408447,"0km"
2976,2009,10.269570350647,18.7206344604492,"0km"
2977,2009,10.269570350647,18.7206344604492,"0km"
2978,2009,10.269570350647,18.7206344604492,"0km"
2979,2009,10.269570350647,18.7206344604492,"0km"
2980,2009,10.269570350647,18.7206344604492,"0km"
2981,2009,10.269570350647,18.7206344604492,"0km"
2982,2009,10.1592149734497,18.4452342987061,"0km"
2983,2009,10.1592149734497,18.4452342987061,"0km"
2984,2009,10.1592149734497,18.4452342987061,"0km"
2985,2009,10.1592149734497,18.4452342987061,"0km"
2986,2009,10.1592149734497,18.4452342987061,"0km"
2987,2009,10.1592149734497,18.4452342987061,"0km"
2988,2009,10.1592149734497,18.4452342987061,"0km"
2989,2009,10.1592149734497,18.4452342987061,"0km"
2990,2009,10.1592149734497,18.4452342987061,"0km"
2991,2009,10.1592149734497,18.4452342987061,"0km"
2992,2009,10.1592149734497,18.4452342987061,"0km"
2993,2009,10.1592149734497,18.4452342987061,"0km"
2994,2009,10.1592149734497,18.4452342987061,"0km"
2995,2009,10.1592149734497,18.4452342987061,"0km"
2996,2009,10.1592149734497,18.4452342987061,"0km"
2997,2009,10.1592149734497,18.4452342987061,"0km"
2998,2009,10.1592149734497,18.4452342987061,"0km"
2999,2009,10.1592149734497,18.4452342987061,"0km"
3000,2009,10.1592149734497,18.4452342987061,"0km"
3001,2009,10.1592149734497,18.4452342987061,"0km"
3002,2009,10.1592149734497,18.4452342987061,"0km"
3003,2009,10.1592149734497,18.4452342987061,"0km"
3004,2009,10.1592149734497,18.4452342987061,"0km"
3005,2009,10.1592149734497,18.4452342987061,"0km"
3006,2009,10.1592149734497,18.4452342987061,"0km"
3007,2009,10.1592149734497,18.4452342987061,"0km"
3008,2009,10.1592149734497,18.4452342987061,"0km"
3009,2009,10.1592149734497,18.4452342987061,"0km"
3010,2009,10.1592149734497,18.4452342987061,"0km"
3011,2009,10.1592149734497,18.4452342987061,"0km"
3012,2009,10.1592149734497,18.4452342987061,"0km"
3013,2009,10.1592149734497,18.4452342987061,"0km"
3014,2009,10.1592149734497,18.4452342987061,"0km"
3015,2009,10.1592149734497,18.4452342987061,"0km"
3016,2009,10.1592149734497,18.4452342987061,"0km"
3017,2009,10.1592149734497,18.4452342987061,"0km"
3018,2009,10.1592149734497,18.4452342987061,"0km"
3019,2009,10.1592149734497,18.4452342987061,"0km"
3020,2009,10.1592149734497,18.4452342987061,"0km"
3021,2009,10.1592149734497,18.4452342987061,"0km"
3022,2009,10.1592149734497,18.4452342987061,"0km"
3023,2009,10.1592149734497,18.4452342987061,"0km"
3024,2009,10.1592149734497,18.4452342987061,"0km"
3025,2009,10.1592149734497,18.4452342987061,"0km"
3026,2009,10.1592149734497,18.4452342987061,"0km"
3027,2009,10.1592149734497,18.4452342987061,"0km"
3028,2009,9.42298698425293,14.7595748901367,"0km"
3029,2009,9.42298698425293,14.7595748901367,"0km"
3030,2008,10.2044439315796,16.9342021942139,"0km"
3031,2008,10.2044439315796,16.9342021942139,"0km"
3032,2008,10.2044439315796,16.9342021942139,"0km"
3033,2008,10.2044439315796,16.9342021942139,"0km"
3034,2008,10.2044439315796,16.9342021942139,"0km"
3035,2008,10.2044439315796,16.9342021942139,"0km"
3036,2008,10.2044439315796,16.9342021942139,"0km"
3037,2008,10.2044439315796,16.9342021942139,"0km"
3038,2008,10.2044439315796,16.9342021942139,"0km"
3039,2008,10.2044439315796,16.9342021942139,"0km"
3040,2008,10.2044439315796,16.9342021942139,"0km"
3041,2008,10.2044439315796,16.9342021942139,"0km"
3042,2008,10.2044439315796,16.9342021942139,"0km"
3043,2008,10.2044439315796,16.9342021942139,"0km"
3044,2008,10.2044439315796,16.9342021942139,"0km"
3045,2008,10.2044439315796,16.9342021942139,"0km"
3046,2008,10.2044439315796,16.9342021942139,"0km"
3047,2008,10.2044439315796,16.9342021942139,"0km"
3048,2008,10.2044439315796,16.9342021942139,"0km"
3049,2008,10.2044439315796,16.9342021942139,"0km"
3050,2008,10.2044439315796,16.9342021942139,"0km"
3051,2008,10.2044439315796,16.9342021942139,"0km"
3052,2008,10.2044439315796,16.9342021942139,"0km"
3053,2008,10.2044439315796,16.9342021942139,"0km"
3054,2008,10.2044439315796,16.9342021942139,"0km"
3055,2008,10.2044439315796,16.9342021942139,"0km"
3056,2008,10.2044439315796,16.9342021942139,"0km"
3057,2008,10.2044439315796,16.9342021942139,"0km"
3058,2008,10.2044439315796,16.9342021942139,"0km"
3059,2008,10.2044439315796,16.9342021942139,"0km"
3060,2008,10.2044439315796,16.9342021942139,"0km"
3061,2008,10.2044439315796,16.9342021942139,"0km"
3062,2008,10.2044439315796,16.9342021942139,"0km"
3063,2008,10.2044439315796,16.9342021942139,"0km"
3064,2008,10.2044439315796,16.9342021942139,"0km"
3065,2008,10.2044439315796,16.9342021942139,"0km"
3066,2008,10.2044439315796,16.9342021942139,"0km"
3067,2008,10.2044439315796,16.9342021942139,"0km"
3068,2008,10.2044439315796,16.9342021942139,"0km"
3069,2008,10.2044439315796,16.9342021942139,"0km"
3070,2008,10.2044439315796,16.9342021942139,"0km"
3071,2008,10.2044439315796,16.9342021942139,"0km"
3072,2008,10.2044439315796,16.9342021942139,"0km"
3073,2008,10.2044439315796,16.9342021942139,"0km"
3074,2008,10.2044439315796,16.9342021942139,"0km"
3075,2008,10.2044439315796,16.9342021942139,"0km"
3076,2008,10.2044439315796,16.9342021942139,"0km"
3077,2008,10.2044439315796,16.9342021942139,"0km"
3078,2008,10.2044439315796,16.9342021942139,"0km"
3079,2008,10.2044439315796,16.9342021942139,"0km"
3080,2008,10.2044439315796,16.9342021942139,"0km"
3081,2008,10.2044439315796,16.9342021942139,"0km"
3082,2008,10.2044439315796,16.9342021942139,"0km"
3083,2008,10.2044439315796,16.9342021942139,"0km"
3084,2008,10.2044439315796,16.9342021942139,"0km"
3085,2008,10.2044439315796,16.9342021942139,"0km"
3086,2008,10.2044439315796,16.9342021942139,"0km"
3087,2008,10.2044439315796,16.9342021942139,"0km"
3088,2008,10.2044439315796,16.9342021942139,"0km"
3089,2008,10.2044439315796,16.9342021942139,"0km"
3090,2008,10.2044439315796,16.9342021942139,"0km"
3091,2008,10.2044439315796,16.9342021942139,"0km"
3092,2008,10.2044439315796,16.9342021942139,"0km"
3093,2008,10.2044439315796,16.9342021942139,"0km"
3094,2008,10.2044439315796,16.9342021942139,"0km"
3095,2008,10.2044439315796,16.9342021942139,"0km"
3096,2008,10.2044439315796,16.9342021942139,"0km"
3097,2008,10.2044439315796,16.9342021942139,"0km"
3098,2008,10.2044439315796,16.9342021942139,"0km"
3099,2008,10.2044439315796,16.9342021942139,"0km"
3100,2008,10.2044439315796,16.9342021942139,"0km"
3101,2008,7.85689878463745,10.1964473724365,"0km"
3102,2008,7.85689878463745,10.1964473724365,"0km"
3103,2008,7.85689878463745,10.1964473724365,"0km"
3104,2008,7.85689878463745,10.1964473724365,"0km"
3105,2008,7.85689878463745,10.1964473724365,"0km"
3106,2008,7.85689878463745,10.1964473724365,"0km"
3107,2008,7.85689878463745,10.1964473724365,"0km"
3108,2008,7.85689878463745,10.1964473724365,"0km"
3109,2008,7.85689878463745,10.1964473724365,"0km"
3110,2008,7.85689878463745,10.1964473724365,"0km"
3111,2008,7.85689878463745,10.1964473724365,"0km"
3112,2009,8.44828605651855,10.9230327606201,"0km"
3113,2009,8.44828605651855,10.9230327606201,"0km"
3114,2009,8.44828605651855,10.9230327606201,"0km"
3115,2009,8.44828605651855,10.9230327606201,"0km"
3116,2009,9.06329536437988,15.2905969619751,"0km"
3117,2009,8.22702693939209,11.6847743988037,"0km"
3118,2009,8.44828605651855,10.9230327606201,"0km"
3119,2009,8.44828605651855,10.9230327606201,"0km"
3120,2009,8.44828605651855,10.9230327606201,"0km"
3121,2009,8.44828605651855,10.9230327606201,"0km"
3122,2009,8.44828605651855,10.9230327606201,"0km"
3123,2009,8.44828605651855,10.9230327606201,"0km"
3124,2009,8.44828605651855,10.9230327606201,"0km"
3125,2009,9.06329536437988,15.2905969619751,"0km"
3126,2012,NA,NA,"15km"
3127,2008,6.74919891357422,9.40028095245361,"0km"
3128,2008,7.26844072341919,11.112003326416,"0km"
3129,2008,7.26844072341919,11.112003326416,"0km"
3130,2008,6.74919891357422,9.40028095245361,"0km"
3131,2008,7.26844072341919,11.112003326416,"0km"
3132,2008,7.26844072341919,11.112003326416,"0km"
3133,2008,6.74919891357422,9.40028095245361,"0km"
3134,2008,7.26844072341919,11.112003326416,"0km"
3135,2008,7.26844072341919,11.112003326416,"0km"
3136,2008,7.26844072341919,11.112003326416,"0km"
3137,2008,7.10498380661011,10.1627550125122,"0km"
3138,2008,7.10498380661011,10.1627550125122,"0km"
3139,2008,7.10498380661011,10.1627550125122,"0km"
3140,2008,6.74919891357422,9.40028095245361,"0km"
3141,2008,6.74919891357422,9.40028095245361,"0km"
3142,2008,6.74919891357422,9.40028095245361,"0km"
3143,2008,6.74919891357422,9.40028095245361,"0km"
3144,2008,6.74919891357422,9.40028095245361,"0km"
3145,2008,7.10498380661011,10.1627550125122,"0km"
3146,2008,7.10498380661011,10.1627550125122,"0km"
3147,2008,7.10498380661011,10.1627550125122,"0km"
3148,2008,7.10498380661011,10.1627550125122,"0km"
3149,2008,7.10498380661011,10.1627550125122,"0km"
3150,2008,7.10498380661011,10.1627550125122,"0km"
3151,2008,7.10498380661011,10.1627550125122,"0km"
3152,2008,7.10498380661011,10.1627550125122,"0km"
3153,2008,7.10498380661011,10.1627550125122,"0km"
3154,2008,7.10498380661011,10.1627550125122,"0km"
3155,2008,6.84478282928467,8.36899948120117,"0km"
3156,2008,6.84478282928467,8.36899948120117,"0km"
3157,2008,6.94256401062012,8.32724952697754,"0km"
3158,2008,6.94256401062012,8.32724952697754,"0km"
3159,2008,7.19330406188965,10.0748615264893,"0km"
3160,2008,7.19330406188965,10.0748615264893,"0km"
3161,2008,7.05664253234863,8.78209781646729,"0km"
3162,2008,7.05664253234863,8.78209781646729,"0km"
3163,2008,7.05664253234863,8.78209781646729,"0km"
3164,2008,7.05664253234863,8.78209781646729,"0km"
3165,2008,7.19330406188965,10.0748615264893,"0km"
3166,2008,7.19330406188965,10.0748615264893,"0km"
3167,2008,6.94256401062012,8.32724952697754,"0km"
3168,2008,6.94256401062012,8.32724952697754,"0km"
3169,2008,6.94256401062012,8.32724952697754,"0km"
3170,2008,7.05664253234863,8.78209781646729,"0km"
3171,2008,6.94256401062012,8.32724952697754,"0km"
3172,2008,6.94256401062012,8.32724952697754,"0km"
3173,2008,6.94256401062012,8.32724952697754,"0km"
3174,2008,6.94256401062012,8.32724952697754,"0km"
3175,2008,6.94256401062012,8.32724952697754,"0km"
3176,2008,6.84478282928467,8.36899948120117,"0km"
3177,2008,6.94256401062012,8.32724952697754,"0km"
3178,2008,6.94256401062012,8.32724952697754,"0km"
3179,2008,5.52632236480713,12.2948999404907,"0km"
3180,2008,5.52632236480713,12.2948999404907,"0km"
3181,2008,5.52632236480713,12.2948999404907,"0km"
3182,2008,5.52632236480713,12.2948999404907,"0km"
3183,2008,5.52632236480713,12.2948999404907,"0km"
3184,2008,5.33961009979248,12.5248880386353,"0km"
3185,2008,5.33961009979248,12.5248880386353,"0km"
3186,2008,6.75542449951172,10.1590929031372,"0km"
3187,2008,5.52632236480713,12.2948999404907,"0km"
3188,2008,5.52632236480713,12.2948999404907,"0km"
3189,2008,5.52632236480713,12.2948999404907,"0km"
3190,2008,5.52632236480713,12.2948999404907,"0km"
3191,2008,5.43692750930786,12.4803550720215,"15km"
3192,2008,5.43692750930786,12.4803550720215,"15km"
3193,2008,5.43692750930786,12.4803550720215,"15km"
3194,2008,5.43692750930786,12.4803550720215,"15km"
3195,2008,5.36498117446899,12.5561386744181,"15km"
3196,2008,NA,NA,"15km"
3197,2008,5.52632236480713,12.2948999404907,"0km"
3198,2008,5.52632236480713,12.2948999404907,"0km"
3199,2008,5.52632236480713,12.2948999404907,"0km"
3200,2009,NA,NA,"15km"
3201,2009,NA,NA,"15km"
3202,2007,7.99447631835938,11.2672815322876,"0km"
3203,2007,7.99447631835938,11.2672815322876,"0km"
3204,2007,7.99447631835938,11.2672815322876,"0km"
3205,2007,8.22461652755737,12.0971403121948,"10km"
3206,2007,8.22461652755737,12.0971403121948,"10km"
3207,2007,8.30771827697754,12.4406566619873,"0km"
3208,2007,8.30771827697754,12.4406566619873,"0km"
3209,2007,8.30771827697754,12.4406566619873,"0km"
3210,2007,8.30771827697754,12.4406566619873,"0km"
3211,2007,8.30771827697754,12.4406566619873,"0km"
3212,2007,8.30771827697754,12.4406566619873,"0km"
3213,2007,8.30771827697754,12.4406566619873,"0km"
3214,2007,8.14151477813721,11.7536239624023,"0km"
3215,2007,8.14151477813721,11.7536239624023,"0km"
3216,2007,8.14151477813721,11.7536239624023,"0km"
3217,2007,8.14151477813721,11.7536239624023,"0km"
3218,2007,8.14151477813721,11.7536239624023,"0km"
3219,2007,8.14151477813721,11.7536239624023,"0km"
3220,2007,8.14151477813721,11.7536239624023,"0km"
3221,2007,7.99447631835938,11.2672815322876,"0km"
3222,2007,7.99447631835938,11.2672815322876,"0km"
3223,2007,7.99447631835938,11.2672815322876,"0km"
3224,2007,7.99447631835938,11.2672815322876,"0km"
3225,2007,7.99447631835938,11.2672815322876,"0km"
3226,2007,8.14151477813721,11.7536239624023,"0km"
3227,2007,7.99447631835938,11.2672815322876,"0km"
3228,2007,7.99447631835938,11.2672815322876,"0km"
3229,2007,7.99447631835938,11.2672815322876,"0km"
3230,2007,8.37577438354492,13.0192880630493,"0km"
3231,2007,8.16898059844971,12.312479019165,"0km"
3232,2007,8.20257155100504,12.7543872197469,"10km"
3233,2007,8.20257155100504,12.7543872197469,"10km"
3234,2007,8.20257155100504,12.7543872197469,"10km"
3235,2007,8.06295967102051,12.9313945770264,"0km"
3236,2007,7.12222671508789,10.7774591445923,"10km"
3237,2007,7.12222671508789,10.7774591445923,"10km"
3238,2007,7.12222671508789,10.7774591445923,"10km"
3239,2007,8.06295967102051,12.9313945770264,"0km"
3240,2007,8.06295967102051,12.9313945770264,"0km"
3241,2007,7.07245101928711,10.3410322189331,"10km"
3242,2007,7.07245101928711,10.3410322189331,"10km"
3243,2007,7.07245101928711,10.3410322189331,"10km"
3244,2007,7.07245101928711,10.3410322189331,"10km"
3245,2007,7.07245101928711,10.3410322189331,"10km"
3246,2007,7.07245101928711,10.3410322189331,"10km"
3247,2007,7.2114018201828,10.8433790206909,"10km"
3248,2007,7.13171796798706,10.7047639846802,"10km"
3249,2007,5.85262632369995,7.43220329284668,"0km"
3250,2007,6.8129825592041,10.1503038406372,"0km"
3251,2007,6.8129825592041,10.1503038406372,"0km"
3252,2007,7.72908735275269,13.3825798034668,"0km"
3253,2007,8.20257155100504,12.7543872197469,"10km"
3254,2007,7.2114018201828,10.8433790206909,"10km"
3255,2007,7.99282836914062,9.64272022247314,"0km"
3256,2007,7.99282836914062,9.64272022247314,"0km"
3257,2007,7.99282836914062,9.64272022247314,"0km"
3258,2007,8.18582725524902,12.0260934829712,"0km"
3259,2007,7.99282836914062,9.64272022247314,"0km"
3260,2007,7.99282836914062,9.64272022247314,"0km"
3261,2007,7.99282836914062,9.64272022247314,"0km"
3262,2007,8.18582725524902,12.0260934829712,"0km"
3263,2007,8.18582725524902,12.0260934829712,"0km"
3264,2007,7.99282836914062,9.64272022247314,"0km"
3265,2007,7.99282836914062,9.64272022247314,"0km"
3266,2007,8.18582725524902,12.0260934829712,"0km"
3267,2007,8.18582725524902,12.0260934829712,"0km"
3268,2007,8.18582725524902,12.0260934829712,"0km"
3269,2007,8.18582725524902,12.0260934829712,"0km"
3270,2007,7.62782669067383,9.06775093078613,"0km"
3271,2007,7.62782669067383,9.06775093078613,"0km"
3272,2007,7.62782669067383,9.06775093078613,"0km"
3273,2007,7.62782669067383,9.06775093078613,"0km"
3274,2007,7.62782669067383,9.06775093078613,"0km"
3275,2007,7.62782669067383,9.06775093078613,"0km"
3276,2007,7.62782669067383,9.06775093078613,"0km"
3277,2007,7.62782669067383,9.06775093078613,"0km"
3278,2007,7.62782669067383,9.06775093078613,"0km"
3279,2007,7.62782669067383,9.06775093078613,"0km"
3280,2007,7.62782669067383,9.06775093078613,"0km"
3281,2007,7.62782669067383,9.06775093078613,"0km"
3282,2007,7.62782669067383,9.06775093078613,"0km"
3283,2007,7.62782669067383,9.06775093078613,"0km"
3284,2007,7.62782669067383,9.06775093078613,"0km"
3285,2007,7.62782669067383,9.06775093078613,"0km"
3286,2007,7.62782669067383,9.06775093078613,"0km"
3287,2007,7.62782669067383,9.06775093078613,"0km"
3288,2007,7.80776405334473,9.47791957855225,"0km"
3289,2007,7.99282836914062,9.64272022247314,"0km"
3290,2007,7.99315776824951,9.73984203338623,"10km"
3291,2007,7.62782669067383,9.06775093078613,"0km"
3292,2007,7.80776405334473,9.47791957855225,"0km"
3293,2007,7.99282836914062,9.64272022247314,"0km"
3294,2007,7.80776405334473,9.47791957855225,"0km"
3295,2007,7.96740627288818,9.79262685775757,"10km"
3296,2007,7.99282836914062,9.64272022247314,"0km"
3297,2007,7.80776405334473,9.47791957855225,"0km"
3298,2007,7.99282836914062,9.64272022247314,"0km"
3299,2007,7.80776405334473,9.47791957855225,"0km"
3300,2007,7.80776405334473,9.47791957855225,"0km"
3301,2007,7.80776405334473,9.47791957855225,"0km"
3302,2007,7.62782669067383,9.06775093078613,"0km"
3303,2007,7.62782669067383,9.06775093078613,"0km"
3304,2007,7.62782669067383,9.06775093078613,"0km"
3305,2007,7.62782669067383,9.06775093078613,"0km"
3306,2007,7.62782669067383,9.06775093078613,"0km"
3307,2007,7.62782669067383,9.06775093078613,"0km"
3308,2007,7.62782669067383,9.06775093078613,"0km"
3309,2007,7.62782669067383,9.06775093078613,"0km"
3310,2007,7.62782669067383,9.06775093078613,"0km"
3311,2007,7.62782669067383,9.06775093078613,"0km"
3312,2007,7.62782669067383,9.06775093078613,"0km"
3313,2007,7.62782669067383,9.06775093078613,"0km"
3314,2007,7.62782669067383,9.06775093078613,"0km"
3315,2007,7.62782669067383,9.06775093078613,"0km"
3316,2007,7.99315776824951,9.73984203338623,"10km"
3317,2007,7.99315776824951,9.73984203338623,"10km"
3318,2007,7.99315776824951,9.73984203338623,"10km"
3319,2007,7.96740627288818,9.79262685775757,"10km"
3320,2007,7.96740627288818,9.79262685775757,"10km"
3321,2007,7.96740627288818,9.79262685775757,"10km"
3322,2007,7.96740627288818,9.79262685775757,"10km"
3323,2007,7.96740627288818,9.79262685775757,"10km"
3324,2007,7.96740627288818,9.79262685775757,"10km"
3325,2009,8.10629558563232,10.8659019470215,"0km"
3326,2009,8.10629558563232,10.8659019470215,"0km"
3327,2009,8.10629558563232,10.8659019470215,"0km"
3328,2009,8.10629558563232,10.8659019470215,"0km"
3329,2009,8.10629558563232,10.8659019470215,"0km"
3330,2008,10.0409250259399,16.1299781799316,"0km"
3331,2008,10.0409250259399,16.1299781799316,"0km"
3332,2008,10.0409250259399,16.1299781799316,"0km"
3333,2008,10.0409250259399,16.1299781799316,"0km"
3334,2008,10.0409250259399,16.1299781799316,"0km"
3335,2008,10.0409250259399,16.1299781799316,"0km"
3336,2008,10.0409250259399,16.1299781799316,"0km"
3337,2008,10.0409250259399,16.1299781799316,"0km"
3338,2008,10.0409250259399,16.1299781799316,"0km"
3339,2008,10.0409250259399,16.1299781799316,"0km"
3340,2008,10.0409250259399,16.1299781799316,"0km"
3341,2008,10.0409250259399,16.1299781799316,"0km"
3342,2008,10.0409250259399,16.1299781799316,"0km"
3343,2008,10.0409250259399,16.1299781799316,"0km"
3344,2008,10.0409250259399,16.1299781799316,"0km"
3345,2008,10.0409250259399,16.1299781799316,"0km"
3346,2008,10.0409250259399,16.1299781799316,"0km"
3347,2008,10.0409250259399,16.1299781799316,"0km"
3348,2008,10.0409250259399,16.1299781799316,"0km"
3349,2008,10.0409250259399,16.1299781799316,"0km"
3350,2008,10.0409250259399,16.1299781799316,"0km"
3351,2008,10.0409250259399,16.1299781799316,"0km"
3352,2008,10.0409250259399,16.1299781799316,"0km"
3353,2008,10.0409250259399,16.1299781799316,"0km"
3354,2008,10.0409250259399,16.1299781799316,"0km"
3355,2008,10.0409250259399,16.1299781799316,"0km"
3356,2008,10.0409250259399,16.1299781799316,"0km"
3357,2008,10.0409250259399,16.1299781799316,"0km"
3358,2008,10.0409250259399,16.1299781799316,"0km"
3359,2008,10.0409250259399,16.1299781799316,"0km"
3360,2008,10.0409250259399,16.1299781799316,"0km"
3361,2008,10.0409250259399,16.1299781799316,"0km"
3362,2008,10.0409250259399,16.1299781799316,"0km"
3363,2008,10.0409250259399,16.1299781799316,"0km"
3364,2008,10.0409250259399,16.1299781799316,"0km"
3365,2008,10.0409250259399,16.1299781799316,"0km"
3366,2008,10.0409250259399,16.1299781799316,"0km"
3367,2008,10.0409250259399,16.1299781799316,"0km"
3368,2008,10.0409250259399,16.1299781799316,"0km"
3369,2008,10.0409250259399,16.1299781799316,"0km"
3370,2008,10.0409250259399,16.1299781799316,"0km"
3371,2008,10.0409250259399,16.1299781799316,"0km"
3372,2007,7.76125383377075,8.4437084197998,"0km"
3373,2007,7.76125383377075,8.4437084197998,"0km"
3374,2007,7.76125383377075,8.4437084197998,"0km"
3375,2007,7.76125383377075,8.4437084197998,"0km"
3376,2007,7.76125383377075,8.4437084197998,"0km"
3377,2007,7.76125383377075,8.4437084197998,"0km"
3378,2007,7.76125383377075,8.4437084197998,"0km"
3379,2007,7.76125383377075,8.4437084197998,"0km"
3380,2007,7.76125383377075,8.4437084197998,"0km"
3381,2007,7.76125383377075,8.4437084197998,"0km"
3382,2007,7.76125383377075,8.4437084197998,"0km"
3383,2007,7.76125383377075,8.4437084197998,"0km"
3384,2007,7.76125383377075,8.4437084197998,"0km"
3385,2007,7.76125383377075,8.4437084197998,"0km"
3386,2007,7.76125383377075,8.4437084197998,"0km"
3387,2007,7.76125383377075,8.4437084197998,"0km"
3388,2007,7.76125383377075,8.4437084197998,"0km"
3389,2007,7.76125383377075,8.4437084197998,"0km"
3390,2007,7.76125383377075,8.4437084197998,"0km"
3391,2007,7.76125383377075,8.4437084197998,"0km"
3392,2007,7.76125383377075,8.4437084197998,"0km"
3393,2007,7.76125383377075,8.4437084197998,"0km"
3394,2007,7.76125383377075,8.4437084197998,"0km"
3395,2007,7.76125383377075,8.4437084197998,"0km"
3396,2007,7.76125383377075,8.4437084197998,"0km"
3397,2007,7.76125383377075,8.4437084197998,"0km"
3398,2007,7.76125383377075,8.4437084197998,"0km"
3399,2007,7.76125383377075,8.4437084197998,"0km"
3400,2007,7.76125383377075,8.4437084197998,"0km"
3401,2007,7.76125383377075,8.4437084197998,"0km"
3402,2007,7.76125383377075,8.4437084197998,"0km"
3403,2007,7.76125383377075,8.4437084197998,"0km"
3404,2007,7.76125383377075,8.4437084197998,"0km"
3405,2007,7.76125383377075,8.4437084197998,"0km"
3406,2007,7.76125383377075,8.4437084197998,"0km"
3407,2007,7.76125383377075,8.4437084197998,"0km"
3408,2007,7.76125383377075,8.4437084197998,"0km"
3409,2007,7.76125383377075,8.4437084197998,"0km"
3410,2007,7.76125383377075,8.4437084197998,"0km"
3411,2007,7.76125383377075,8.4437084197998,"0km"
3412,2007,7.76125383377075,8.4437084197998,"0km"
3413,2007,7.76125383377075,8.4437084197998,"0km"
3414,2007,7.76125383377075,8.4437084197998,"0km"
3415,2007,7.76125383377075,8.4437084197998,"0km"
3416,2007,7.76125383377075,8.4437084197998,"0km"
3417,2007,7.76125383377075,8.4437084197998,"0km"
3418,2007,7.76125383377075,8.4437084197998,"0km"
3419,2007,7.76125383377075,8.4437084197998,"0km"
3420,2007,7.76125383377075,8.4437084197998,"0km"
3421,2007,7.76125383377075,8.4437084197998,"0km"
3422,2007,7.76125383377075,8.4437084197998,"0km"
3423,2007,7.76125383377075,8.4437084197998,"0km"
3424,2007,7.76125383377075,8.4437084197998,"0km"
3425,2007,7.76125383377075,8.4437084197998,"0km"
3426,2007,7.76125383377075,8.4437084197998,"0km"
3427,2007,7.76125383377075,8.4437084197998,"0km"
3428,2007,7.76125383377075,8.4437084197998,"0km"
3429,2007,7.76125383377075,8.4437084197998,"0km"
3430,2007,7.76125383377075,8.4437084197998,"0km"
3431,2007,7.76125383377075,8.4437084197998,"0km"
3432,2007,7.76125383377075,8.4437084197998,"0km"
3433,2007,7.76125383377075,8.4437084197998,"0km"
3434,2007,7.76125383377075,8.4437084197998,"0km"
3435,2007,7.76125383377075,8.4437084197998,"0km"
3436,2007,7.76125383377075,8.4437084197998,"0km"
3437,2007,7.76125383377075,8.4437084197998,"0km"
3438,2007,7.76125383377075,8.4437084197998,"0km"
3439,2007,7.76125383377075,8.4437084197998,"0km"
3440,2007,7.76125383377075,8.4437084197998,"0km"
3441,2007,7.76125383377075,8.4437084197998,"0km"
3442,2007,7.76125383377075,8.4437084197998,"0km"
3443,2007,7.76125383377075,8.4437084197998,"0km"
3444,2007,7.76125383377075,8.4437084197998,"0km"
3445,2007,7.76125383377075,8.4437084197998,"0km"
3446,2007,7.76125383377075,8.4437084197998,"0km"
3447,2007,8.47727870941162,10.2433242797852,"0km"
3448,2007,8.47727870941162,10.2433242797852,"0km"
3449,2007,7.76125383377075,8.4437084197998,"0km"
3450,2007,7.76125383377075,8.4437084197998,"0km"
3451,2007,7.76125383377075,8.4437084197998,"0km"
3452,2007,7.76125383377075,8.4437084197998,"0km"
3453,2008,7.35248899459839,8.04452610015869,"0km"
3454,2008,7.40253925323486,8.05185127258301,"0km"
3455,2008,7.35248899459839,8.04452610015869,"0km"
3456,2008,7.40253925323486,8.05185127258301,"0km"
3457,2008,7.40253925323486,8.05185127258301,"0km"
3458,2008,7.40253925323486,8.05185127258301,"0km"
3459,2008,7.40253925323486,8.05185127258301,"0km"
3460,2008,7.40253925323486,8.05185127258301,"0km"
3461,2008,7.40253925323486,8.05185127258301,"0km"
3462,2008,7.40253925323486,8.05185127258301,"0km"
3463,2008,7.35248899459839,8.04452610015869,"0km"
3464,2008,7.35248899459839,8.04452610015869,"0km"
3465,2008,7.40253925323486,8.05185127258301,"0km"
3466,2008,7.35248899459839,8.04452610015869,"0km"
3467,2008,7.35248899459839,8.04452610015869,"0km"
3468,2008,7.40253925323486,8.05185127258301,"0km"
3469,2008,7.40253925323486,8.05185127258301,"0km"
3470,2008,7.40253925323486,8.05185127258301,"0km"
3471,2008,7.40253925323486,8.05185127258301,"0km"
3472,2008,7.40253925323486,8.05185127258301,"0km"
3473,2008,7.40253925323486,8.05185127258301,"0km"
3474,2008,7.40253925323486,8.05185127258301,"0km"
3475,2008,7.40253925323486,8.05185127258301,"0km"
3476,2008,7.40253925323486,8.05185127258301,"0km"
3477,2008,7.40253925323486,8.05185127258301,"0km"
3478,2008,7.40253925323486,8.05185127258301,"0km"
3479,2008,7.40253925323486,8.05185127258301,"0km"
3480,2008,7.40253925323486,8.05185127258301,"0km"
3481,2008,7.40253925323486,8.05185127258301,"0km"
3482,2008,7.40253925323486,8.05185127258301,"0km"
3483,2008,7.40253925323486,8.05185127258301,"0km"
3484,2008,7.40253925323486,8.05185127258301,"0km"
3485,2008,7.40253925323486,8.05185127258301,"0km"
3486,2008,7.40253925323486,8.05185127258301,"0km"
3487,2008,7.40253925323486,8.05185127258301,"0km"
3488,2008,7.40253925323486,8.05185127258301,"0km"
3489,2008,7.40253925323486,8.05185127258301,"0km"
3490,2008,7.40253925323486,8.05185127258301,"0km"
3491,2008,7.40253925323486,8.05185127258301,"0km"
3492,2008,7.40253925323486,8.05185127258301,"0km"
3493,2008,7.40253925323486,8.05185127258301,"0km"
3494,2008,7.40253925323486,8.05185127258301,"0km"
3495,2008,7.40253925323486,8.05185127258301,"0km"
3496,2008,7.40253925323486,8.05185127258301,"0km"
3497,2008,7.40253925323486,8.05185127258301,"0km"
3498,2008,7.40253925323486,8.05185127258301,"0km"
3499,2008,7.40253925323486,8.05185127258301,"0km"
3500,2008,7.40253925323486,8.05185127258301,"0km"
3501,2008,7.40253925323486,8.05185127258301,"0km"
3502,2008,7.40253925323486,8.05185127258301,"0km"
3503,2008,7.40253925323486,8.05185127258301,"0km"
3504,2008,7.40253925323486,8.05185127258301,"0km"
3505,2008,7.40253925323486,8.05185127258301,"0km"
3506,2008,7.40253925323486,8.05185127258301,"0km"
3507,2008,7.40253925323486,8.05185127258301,"0km"
3508,2008,7.40253925323486,8.05185127258301,"0km"
3509,2008,7.40253925323486,8.05185127258301,"0km"
3510,2008,7.40253925323486,8.05185127258301,"0km"
3511,2008,7.40253925323486,8.05185127258301,"0km"
3512,2008,7.40253925323486,8.05185127258301,"0km"
3513,2008,7.40253925323486,8.05185127258301,"0km"
3514,2008,7.40253925323486,8.05185127258301,"0km"
3515,2008,7.40253925323486,8.05185127258301,"0km"
3516,2008,7.40253925323486,8.05185127258301,"0km"
3517,2008,7.40253925323486,8.05185127258301,"0km"
3518,2009,6.54911947250366,7.10553312301636,"0km"
3519,2009,6.54911947250366,7.10553312301636,"0km"
3520,2009,6.54911947250366,7.10553312301636,"0km"
3521,2009,6.54911947250366,7.10553312301636,"0km"
3522,2009,6.54911947250366,7.10553312301636,"0km"
3523,2009,6.54911947250366,7.10553312301636,"0km"
3524,2009,8.68907737731934,13.8249759674072,"0km"
3525,2009,8.68907737731934,13.8249759674072,"10km"
3526,2009,8.68907737731934,13.8249759674072,"10km"
3527,2009,8.68907737731934,13.8249759674072,"10km"
3528,2011,7.29419851303101,11.9184236526489,"0km"
3529,2011,7.29419851303101,11.9184236526489,"0km"
3530,2011,7.29419851303101,11.9184236526489,"0km"
3531,2011,7.29419851303101,11.9184236526489,"0km"
3532,2011,7.29419851303101,11.9184236526489,"0km"
3533,2011,7.29419851303101,11.9184236526489,"0km"
3534,2011,7.29419851303101,11.9184236526489,"0km"
3535,2011,7.29419851303101,11.9184236526489,"0km"
3536,2011,7.29419851303101,11.9184236526489,"0km"
3537,2011,7.29419851303101,11.9184236526489,"0km"
3538,2011,7.29419851303101,11.9184236526489,"0km"
3539,2011,7.29419851303101,11.9184236526489,"0km"
3540,2011,7.29419851303101,11.9184236526489,"0km"
3541,2011,7.29419851303101,11.9184236526489,"0km"
3542,2011,7.29419851303101,11.9184236526489,"0km"
3543,2011,7.29419851303101,11.9184236526489,"0km"
3544,2011,7.31348609924316,11.9169588088989,"0km"
3545,2011,7.31348609924316,11.9169588088989,"0km"
3546,2011,7.31348609924316,11.9169588088989,"0km"
3547,2011,7.31348609924316,11.9169588088989,"0km"
3548,2011,7.31348609924316,11.9169588088989,"0km"
3549,2011,7.29419851303101,11.9184236526489,"0km"
3550,2011,7.29419851303101,11.9184236526489,"0km"
3551,2011,7.30384230613708,11.9176912307739,"15km"
3552,2011,7.29419851303101,11.9184236526489,"15km"
3553,2011,7.29419851303101,11.9184236526489,"15km"
3554,2011,7.02740573883057,9.53798007965088,"0km"
3555,2011,7.02740573883057,9.53798007965088,"0km"
3556,2011,7.02740573883057,9.53798007965088,"0km"
3557,2011,7.02740573883057,9.53798007965088,"0km"
3558,2011,7.02740573883057,9.53798007965088,"0km"
3559,2011,7.02740573883057,9.53798007965088,"0km"
3560,2011,7.02740573883057,9.53798007965088,"0km"
3561,2011,7.02740573883057,9.53798007965088,"0km"
3562,2011,7.02740573883057,9.53798007965088,"0km"
3563,2011,7.02740573883057,9.53798007965088,"0km"
3564,2011,6.85180234909058,8.85021495819092,"0km"
3565,2011,6.85180234909058,8.85021495819092,"0km"
3566,2011,6.85180234909058,8.85021495819092,"0km"
3567,2011,6.69829416275024,9.0142822265625,"0km"
3568,2011,6.69829416275024,9.0142822265625,"0km"
3569,2011,6.69829416275024,9.0142822265625,"0km"
3570,2011,6.69829416275024,9.0142822265625,"0km"
3571,2011,6.69829416275024,9.0142822265625,"0km"
3572,2011,6.69829416275024,9.0142822265625,"0km"
3573,2011,6.69829416275024,9.0142822265625,"0km"
3574,2011,6.69829416275024,9.0142822265625,"0km"
3575,2011,6.69829416275024,9.0142822265625,"0km"
3576,2011,6.69829416275024,9.0142822265625,"0km"
3577,2011,6.69829416275024,9.0142822265625,"0km"
3578,2011,6.69829416275024,9.0142822265625,"0km"
3579,2011,6.69829416275024,9.0142822265625,"0km"
3580,2011,6.69829416275024,9.0142822265625,"0km"
3581,2011,6.69829416275024,9.0142822265625,"0km"
3582,2011,6.69829416275024,9.0142822265625,"0km"
3583,2011,6.69829416275024,9.0142822265625,"0km"
3584,2011,6.69829416275024,9.0142822265625,"0km"
3585,2011,6.69829416275024,9.0142822265625,"0km"
3586,2011,6.69829416275024,9.0142822265625,"0km"
3587,2011,6.69829416275024,9.0142822265625,"0km"
3588,2011,7.17407751083374,11.4577169418335,"0km"
3589,2011,7.17407751083374,11.4577169418335,"0km"
3590,2011,7.17407751083374,11.4577169418335,"0km"
3591,2011,7.17407751083374,11.4577169418335,"0km"
3592,2011,7.17407751083374,11.4577169418335,"0km"
3593,2011,7.17407751083374,11.4577169418335,"0km"
3594,2011,7.17407751083374,11.4577169418335,"0km"
3595,2011,7.17407751083374,11.4577169418335,"0km"
3596,2011,7.17407751083374,11.4577169418335,"0km"
3597,2011,7.17407751083374,11.4577169418335,"0km"
3598,2011,7.17407751083374,11.4577169418335,"0km"
3599,2011,7.17407751083374,11.4577169418335,"0km"
3600,2011,7.17407751083374,11.4577169418335,"0km"
3601,2011,7.17407751083374,11.4577169418335,"0km"
3602,2011,7.17407751083374,11.4577169418335,"0km"
3603,2011,7.45301675796509,11.2753381729126,"0km"
3604,2011,7.45301675796509,11.2753381729126,"0km"
3605,2011,7.45301675796509,11.2753381729126,"0km"
3606,2011,7.45301675796509,11.2753381729126,"0km"
3607,2011,7.45301675796509,11.2753381729126,"0km"
3608,2011,7.45301675796509,11.2753381729126,"0km"
3609,2011,7.45301675796509,11.2753381729126,"0km"
3610,2011,6.65544605255127,8.34556102752686,"0km"
3611,2011,6.65544605255127,8.34556102752686,"0km"
3612,2011,6.65544605255127,8.34556102752686,"0km"
3613,2011,6.63756227493286,9.71156978607178,"0km"
3614,2011,6.63756227493286,9.71156978607178,"0km"
3615,2011,7.76027727127075,12.0846891403198,"0km"
3616,2011,7.76027727127075,12.0846891403198,"0km"
3617,2011,7.76027727127075,12.0846891403198,"0km"
3618,2011,7.76027727127075,12.0846891403198,"0km"
3619,2011,7.76027727127075,12.0846891403198,"0km"
3620,2011,7.76027727127075,12.0846891403198,"0km"
3621,2011,7.30750465393066,11.5880918502808,"0km"
3622,2011,7.30750465393066,11.5880918502808,"0km"
3623,2011,7.30750465393066,11.5880918502808,"0km"
3624,2011,7.30750465393066,11.5880918502808,"0km"
3625,2011,7.30750465393066,11.5880918502808,"0km"
3626,2011,7.32504256566366,11.8796043395996,"10km"
3627,2011,7.61348295211792,7.97128200531006,"0km"
3628,2011,7.20447397232056,10.8864097595215,"0km"
3629,2011,7.20447397232056,10.8864097595215,"0km"
3630,2011,7.20447397232056,10.8864097595215,"0km"
3631,2011,7.61348295211792,7.97128200531006,"0km"
3632,2011,7.61348295211792,7.97128200531006,"0km"
3633,2011,7.61348295211792,7.97128200531006,"0km"
3634,2011,7.61348295211792,7.97128200531006,"0km"
3635,2011,7.61348295211792,7.97128200531006,"0km"
3636,2011,7.61348295211792,7.97128200531006,"0km"
3637,2011,7.61348295211792,7.97128200531006,"0km"
3638,2011,7.61348295211792,7.97128200531006,"0km"
3639,2011,7.61348295211792,7.97128200531006,"0km"
3640,2011,7.61348295211792,7.97128200531006,"0km"
3641,2011,7.61348295211792,7.97128200531006,"0km"
3642,2011,7.61348295211792,7.97128200531006,"0km"
3643,2011,7.61348295211792,7.97128200531006,"0km"
3644,2011,7.61348295211792,7.97128200531006,"0km"
3645,2011,7.61348295211792,7.97128200531006,"0km"
3646,2011,7.61348295211792,7.97128200531006,"0km"
3647,2011,7.61348295211792,7.97128200531006,"0km"
3648,2011,7.61348295211792,7.97128200531006,"0km"
3649,2011,7.61348295211792,7.97128200531006,"0km"
3650,2011,7.61348295211792,7.97128200531006,"0km"
3651,2011,6.76769304275513,10.0294504165649,"0km"
3652,2011,6.76769304275513,10.0294504165649,"0km"
3653,2011,6.76769304275513,10.0294504165649,"0km"
3654,2011,6.76769304275513,10.0294504165649,"0km"
3655,2011,6.76769304275513,10.0294504165649,"0km"
3656,2011,6.76769304275513,10.0294504165649,"0km"
3657,2011,6.76769304275513,10.0294504165649,"0km"
3658,2011,6.76769304275513,10.0294504165649,"0km"
3659,2011,6.76769304275513,10.0294504165649,"0km"
3660,2011,6.76769304275513,10.0294504165649,"0km"
3661,2011,6.76769304275513,10.0294504165649,"0km"
3662,2011,6.76769304275513,10.0294504165649,"0km"
3663,2011,6.76769304275513,10.0294504165649,"0km"
3664,2011,6.76769304275513,10.0294504165649,"0km"
3665,2011,6.76769304275513,10.0294504165649,"0km"
3666,2011,6.76769304275513,10.0294504165649,"0km"
3667,2011,6.76769304275513,10.0294504165649,"0km"
3668,2011,6.76769304275513,10.0294504165649,"0km"
3669,2011,7.29419851303101,11.9184236526489,"0km"
3670,2011,7.29419851303101,11.9184236526489,"0km"
3671,2011,7.29419851303101,11.9184236526489,"0km"
3672,2011,7.29419851303101,11.9184236526489,"15km"
3673,2011,7.29419851303101,11.9184236526489,"10km"
3674,2011,7.3674430847168,11.803430557251,"0km"
3675,2011,7.3674430847168,11.803430557251,"0km"
3676,2011,7.29419851303101,11.9184236526489,"10km"
3677,2011,7.29419851303101,11.9184236526489,"10km"
3678,2011,6.98460352420807,11.2127139568329,"10km"
3679,2011,6.98460352420807,11.2127139568329,"10km"
3680,2011,6.98460352420807,11.2127139568329,"10km"
3681,2011,6.98460352420807,11.2127139568329,"10km"
3682,2011,6.98460352420807,11.2127139568329,"10km"
3683,2011,6.98460352420807,11.2127139568329,"10km"
3684,2011,6.72673749923706,11.1654710769653,"0km"
3685,2011,6.72673749923706,11.1654710769653,"0km"
3686,2011,6.72673749923706,11.1654710769653,"0km"
3687,2011,7.08789340655009,11.2371288935343,"10km"
3688,2012,7.73067426681519,11.4423351287842,"0km"
3689,2012,7.73067426681519,11.4423351287842,"0km"
3690,2012,7.73067426681519,11.4423351287842,"0km"
3691,2012,7.73067426681519,11.4423351287842,"0km"
3692,2012,7.73067426681519,11.4423351287842,"0km"
3693,2012,7.73067426681519,11.4423351287842,"0km"
3694,2012,7.68153953552246,11.7008876800537,"0km"
3695,2012,7.68153953552246,11.7008876800537,"0km"
3696,2012,7.68153953552246,11.7008876800537,"0km"
3697,2012,7.68153953552246,11.7008876800537,"0km"
3698,2012,7.73067426681519,11.4423351287842,"0km"
3699,2012,7.73067426681519,11.4423351287842,"0km"
3700,2012,7.73067426681519,11.4423351287842,"0km"
3701,2012,7.73067426681519,11.4423351287842,"0km"
3702,2012,7.73067426681519,11.4423351287842,"0km"
3703,2012,7.73067426681519,11.4423351287842,"0km"
3704,2012,7.73067426681519,11.4423351287842,"0km"
3705,2012,7.73067426681519,11.4423351287842,"0km"
3706,2012,7.44135856628418,11.1552171707153,"0km"
3707,2012,7.44135856628418,11.1552171707153,"0km"
3708,2012,7.44135856628418,11.1552171707153,"0km"
3709,2012,7.84707164764404,11.4166994094849,"0km"
3710,2012,7.84707164764404,11.4166994094849,"0km"
3711,2012,7.84707164764404,11.4166994094849,"0km"
3712,2012,7.84707164764404,11.4166994094849,"0km"
3713,2012,7.26779985427856,11.3824577331543,"10km"
3714,2012,7.26779985427856,11.3824577331543,"10km"
3715,2012,7.26779985427856,11.3824577331543,"10km"
3716,2012,7.26779985427856,11.3824577331543,"10km"
3717,2012,7.26779985427856,11.3824577331543,"10km"
3718,2012,7.18256163597107,11.3353981971741,"10km"
3719,2012,7.25387318929036,11.3505353927612,"10km"
3720,2012,7.14130067825317,11.4181642532349,"0km"
3721,2012,7.14130067825317,11.4181642532349,"0km"
3722,2012,7.14130067825317,11.4181642532349,"0km"
3723,2012,7.14130067825317,11.4181642532349,"0km"
3724,2012,7.14130067825317,11.4181642532349,"0km"
3725,2012,7.14130067825317,11.4181642532349,"0km"
3726,2012,7.14130067825317,11.4181642532349,"0km"
3727,2012,7.14130067825317,11.4181642532349,"0km"
3728,2012,7.33130884170532,11.5111846923828,"0km"
3729,2012,7.33130884170532,11.5111846923828,"0km"
3730,2012,7.30957984924316,11.4782247543335,"0km"
3731,2012,7.30957984924316,11.4782247543335,"0km"
3732,2012,7.30957984924316,11.4782247543335,"0km"
3733,2012,7.30957984924316,11.4782247543335,"0km"
3734,2012,7.30957984924316,11.4782247543335,"0km"
3735,2012,7.30957984924316,11.4782247543335,"0km"
3736,2012,7.29063386917114,11.3969236373901,"10km"
3737,2012,7.25295269489288,11.4573502540588,"10km"
3738,2012,7.25295269489288,11.4573502540588,"10km"
3739,2012,7.25295269489288,11.4573502540588,"10km"
3740,2012,7.25295269489288,11.4573502540588,"10km"
3741,2012,7.39567842483521,11.4228523254395,"10km"
3742,2012,7.39567842483521,11.4228523254395,"10km"
3743,2012,7.39567842483521,11.4228523254395,"10km"
3744,2012,7.39567842483521,11.4228523254395,"10km"
3745,2012,7.31165488560994,11.3517564137777,"10km"
3746,2012,7.83162927627563,11.5880918502808,"0km"
3747,2012,7.83162927627563,11.5880918502808,"0km"
3748,2012,7.83162927627563,11.5880918502808,"0km"
3749,2012,7.83162927627563,11.5880918502808,"0km"
3750,2012,7.83162927627563,11.5880918502808,"0km"
3751,2012,7.83162927627563,11.5880918502808,"0km"
3752,2012,7.83162927627563,11.5880918502808,"0km"
3753,2012,7.83162927627563,11.5880918502808,"0km"
3754,2012,7.83162927627563,11.5880918502808,"0km"
3755,2012,7.83162927627563,11.5880918502808,"0km"
3756,2012,7.83162927627563,11.5880918502808,"0km"
3757,2012,7.83162927627563,11.5880918502808,"0km"
3758,2012,7.83162927627563,11.5880918502808,"0km"
3759,2012,7.83162927627563,11.5880918502808,"0km"
3760,2012,7.83162927627563,11.5880918502808,"0km"
3761,2012,7.83162927627563,11.5880918502808,"0km"
3762,2012,7.83162927627563,11.5880918502808,"0km"
3763,2012,7.83162927627563,11.5880918502808,"0km"
3764,2012,7.83162927627563,11.5880918502808,"0km"
3765,2012,7.83162927627563,11.5880918502808,"0km"
3766,2012,7.83162927627563,11.5880918502808,"0km"
3767,2012,7.83162927627563,11.5880918502808,"0km"
3768,2012,7.83162927627563,11.5880918502808,"0km"
3769,2012,7.83162927627563,11.5880918502808,"0km"
3770,2012,7.39692354202271,11.5155801773071,"0km"
3771,2012,7.39692354202271,11.5155801773071,"0km"
3772,2012,7.39692354202271,11.5155801773071,"0km"
3773,2012,7.39692354202271,11.5155801773071,"0km"
3774,2012,7.39692354202271,11.5155801773071,"0km"
3775,2012,7.39692354202271,11.5155801773071,"0km"
3776,2012,7.39692354202271,11.5155801773071,"0km"
3777,2012,7.39692354202271,11.5155801773071,"0km"
3778,2012,7.06445503234863,11.4723653793335,"0km"
3779,2012,7.06445503234863,11.4723653793335,"0km"
3780,2012,7.06445503234863,11.4723653793335,"0km"
3781,2012,7.06445503234863,11.4723653793335,"0km"
3782,2012,7.06445503234863,11.4723653793335,"0km"
3783,2016,8.47190761566162,15.5857725143433,"0km"
3784,2016,8.47190761566162,15.5857725143433,"0km"
3785,2016,8.47190761566162,15.5857725143433,"0km"
3786,2016,8.47190761566162,15.5857725143433,"0km"
3787,2016,8.47190761566162,15.5857725143433,"0km"
3788,2016,8.47190761566162,15.5857725143433,"0km"
3789,2016,8.47190761566162,15.5857725143433,"0km"
3790,2016,8.47190761566162,15.5857725143433,"0km"
3791,2016,8.47190761566162,15.5857725143433,"0km"
3792,2016,8.47190761566162,15.5857725143433,"0km"
3793,2016,8.47190761566162,15.5857725143433,"0km"
3794,2016,8.47190761566162,15.5857725143433,"0km"
3795,2016,8.47190761566162,15.5857725143433,"0km"
3796,2016,8.47190761566162,15.5857725143433,"0km"
3797,2016,8.47190761566162,15.5857725143433,"0km"
3798,2016,8.47190761566162,15.5857725143433,"0km"
3799,2016,8.39201068878174,15.3484601974487,"0km"
3800,2016,8.39201068878174,15.3484601974487,"0km"
3801,2016,8.39201068878174,15.3484601974487,"0km"
3802,2016,8.30265235900879,15.4209718704224,"0km"
3803,2016,8.30265235900879,15.4209718704224,"0km"
3804,2016,8.30265235900879,15.4209718704224,"0km"
3805,2016,8.30265235900879,15.4209718704224,"0km"
3806,2016,8.30265235900879,15.4209718704224,"0km"
3807,2016,8.39201068878174,15.3484601974487,"0km"
3808,2016,8.39201068878174,15.3484601974487,"0km"
3809,2016,8.39201068878174,15.3484601974487,"0km"
3810,2016,8.30265235900879,15.4209718704224,"0km"
3811,2016,8.47190761566162,15.5857725143433,"0km"
3812,2016,8.57023811340332,15.5052032470703,"0km"
3813,2016,8.57023811340332,15.5052032470703,"0km"
3814,2016,8.47190761566162,15.5857725143433,"0km"
3815,2016,8.47190761566162,15.5857725143433,"0km"
3816,2016,8.47190761566162,15.5857725143433,"0km"
3817,2016,8.47190761566162,15.5857725143433,"0km"
3818,2016,8.47190761566162,15.5857725143433,"0km"
3819,2016,8.47190761566162,15.5857725143433,"0km"
3820,2016,8.47190761566162,15.5857725143433,"0km"
3821,2016,8.47190761566162,15.5857725143433,"0km"
3822,2016,8.40794086456299,15.6370429992676,"0km"
3823,2016,8.40794086456299,15.6370429992676,"0km"
3824,2016,8.40794086456299,15.6370429992676,"0km"
3825,2016,8.40794086456299,15.6370429992676,"0km"
3826,2016,8.40794086456299,15.6370429992676,"0km"
3827,2016,8.57023811340332,15.5052032470703,"0km"
3828,2016,8.57023811340332,15.5052032470703,"0km"
3829,2016,8.57023811340332,15.5052032470703,"0km"
3830,2016,8.57023811340332,15.5052032470703,"0km"
3831,2016,8.57023811340332,15.5052032470703,"0km"
3832,2015,8.38383102416992,15.454665184021,"0km"
3833,2015,8.38383102416992,15.454665184021,"0km"
3834,2015,8.38383102416992,15.454665184021,"0km"
3835,2015,8.38383102416992,15.454665184021,"0km"
3836,2015,8.38383102416992,15.454665184021,"0km"
3837,2015,8.34800243377686,15.5052032470703,"0km"
3838,2015,8.34800243377686,15.5052032470703,"0km"
3839,2015,8.34800243377686,15.5052032470703,"0km"
3840,2015,8.34800243377686,15.5052032470703,"0km"
3841,2015,8.34800243377686,15.5052032470703,"0km"
3842,2015,8.34800243377686,15.5052032470703,"0km"
3843,2015,8.38383102416992,15.454665184021,"0km"
3844,2015,8.38383102416992,15.454665184021,"0km"
3845,2015,8.38383102416992,15.454665184021,"0km"
3846,2015,8.38383102416992,15.454665184021,"0km"
3847,2015,8.38383102416992,15.454665184021,"0km"
3848,2015,8.38383102416992,15.454665184021,"0km"
3849,2015,8.38383102416992,15.454665184021,"0km"
3850,2015,8.38383102416992,15.454665184021,"0km"
3851,2015,8.38383102416992,15.454665184021,"0km"
3852,2015,8.38383102416992,15.454665184021,"0km"
3853,2015,8.38383102416992,15.454665184021,"0km"
3854,2015,8.38383102416992,15.454665184021,"0km"
3855,2015,8.38383102416992,15.454665184021,"0km"
3856,2015,8.38383102416992,15.454665184021,"0km"
3857,2015,8.38383102416992,15.454665184021,"0km"
3858,2015,8.38383102416992,15.454665184021,"0km"
3859,2015,8.38383102416992,15.454665184021,"0km"
3860,2015,8.47984218597412,15.2634963989258,"0km"
3861,2015,8.47984218597412,15.2634963989258,"0km"
3862,2015,8.61430740356445,15.361644744873,"0km"
3863,2015,8.61430740356445,15.361644744873,"0km"
3864,2015,8.61430740356445,15.361644744873,"0km"
3865,2015,8.61430740356445,15.361644744873,"0km"
3866,2015,8.61430740356445,15.361644744873,"0km"
3867,2015,8.61430740356445,15.361644744873,"0km"
3868,2015,8.61430740356445,15.361644744873,"0km"
3869,2015,8.61430740356445,15.361644744873,"0km"
3870,2015,8.61430740356445,15.361644744873,"0km"
3871,2015,8.61430740356445,15.361644744873,"0km"
3872,2015,8.61430740356445,15.361644744873,"0km"
3873,2015,8.61430740356445,15.361644744873,"0km"
3874,2015,8.61430740356445,15.361644744873,"0km"
3875,2015,8.61430740356445,15.361644744873,"0km"
3876,2015,8.61430740356445,15.361644744873,"0km"
3877,2015,8.69695091247559,15.379955291748,"0km"
3878,2015,8.69695091247559,15.379955291748,"0km"
3879,2015,8.69695091247559,15.379955291748,"0km"
3880,2015,8.69695091247559,15.379955291748,"0km"
3881,2015,8.69695091247559,15.379955291748,"0km"
3882,2015,8.69695091247559,15.379955291748,"0km"
3883,2015,8.69695091247559,15.379955291748,"0km"
3884,2015,8.60655498504639,15.5293741226196,"0km"
3885,2015,8.60655498504639,15.5293741226196,"0km"
3886,2015,8.60655498504639,15.5293741226196,"0km"
3887,2015,8.74059295654297,13.3737907409668,"0km"
3888,2015,8.74059295654297,13.3737907409668,"0km"
3889,2015,8.74059295654297,13.3737907409668,"0km"
3890,2015,8.74059295654297,13.3737907409668,"0km"
3891,2015,8.74059295654297,13.3737907409668,"0km"
3892,2015,8.74059295654297,13.3737907409668,"0km"
3893,2015,8.92724418640137,14.7368698120117,"0km"
3894,2015,8.92724418640137,14.7368698120117,"0km"
3895,2015,8.92724418640137,14.7368698120117,"0km"
3896,2015,8.92724418640137,14.7368698120117,"0km"
3897,2015,8.87475204467773,14.9631948471069,"0km"
3898,2015,8.87475204467773,14.9631948471069,"0km"
3899,2015,8.9013032913208,14.5464334487915,"0km"
3900,2015,8.9013032913208,14.5464334487915,"0km"
3901,2015,8.9013032913208,14.5464334487915,"0km"
3902,2015,8.9013032913208,14.5464334487915,"0km"
3903,2015,8.9013032913208,14.5464334487915,"0km"
3904,2015,8.9013032913208,14.5464334487915,"0km"
3905,2015,8.9013032913208,14.5464334487915,"0km"
3906,2015,8.9013032913208,14.5464334487915,"0km"
3907,2015,8.84917736053467,14.8057193756104,"0km"
3908,2015,8.84917736053467,14.8057193756104,"0km"
3909,2008,7.77980899810791,11.3478498458862,"0km"
3910,2008,7.7716908454895,9.75917816162109,"0km"
3911,2008,7.90224933624268,10.6578874588013,"0km"
3912,2008,7.77980899810791,11.3478498458862,"0km"
3913,2008,7.77980899810791,11.3478498458862,"0km"
3914,2009,7.89211702346802,10.1041593551636,"0km"
3915,2009,7.89211702346802,10.1041593551636,"0km"
3916,2009,7.89211702346802,10.1041593551636,"0km"
3917,2009,7.89211702346802,10.1041593551636,"0km"
3918,2009,7.89211702346802,10.1041593551636,"0km"
3919,2009,7.89211702346802,10.1041593551636,"0km"
3920,2009,7.89211702346802,10.1041593551636,"0km"
3921,2009,8.32895946502686,12.5959348678589,"0km"
3922,2009,8.32895946502686,12.5959348678589,"0km"
3923,2009,8.32895946502686,12.5959348678589,"0km"
3924,2009,8.32895946502686,12.5959348678589,"0km"
3925,2009,8.32895946502686,12.5959348678589,"0km"
3926,2009,8.09384441375732,11.6444902420044,"0km"
3927,2009,8.09384441375732,11.6444902420044,"0km"
3928,2009,8.09384441375732,11.6444902420044,"0km"
3929,2009,8.09384441375732,11.6444902420044,"0km"
3930,2009,8.09384441375732,11.6444902420044,"0km"
3931,2009,8.09384441375732,11.6444902420044,"0km"
3932,2009,8.09591960906982,12.7211828231812,"0km"
3933,2009,8.09591960906982,12.7211828231812,"0km"
3934,2009,8.09591960906982,12.7211828231812,"0km"
3935,2009,8.09591960906982,12.7211828231812,"0km"
3936,2009,8.09591960906982,12.7211828231812,"0km"
3937,2009,8.09384441375732,11.6444902420044,"0km"
3938,2009,8.09591960906982,12.7211828231812,"0km"
3939,2009,8.09591960906982,12.7211828231812,"0km"
3940,2009,8.09591960906982,12.7211828231812,"0km"
3941,2009,8.09591960906982,12.7211828231812,"0km"
3942,2009,8.09591960906982,12.7211828231812,"0km"
3943,2009,8.09591960906982,12.7211828231812,"0km"
3944,2009,8.09591960906982,12.7211828231812,"0km"
3945,2009,8.09591960906982,12.7211828231812,"0km"
3946,2009,8.09591960906982,12.7211828231812,"0km"
3947,2009,8.09591960906982,12.7211828231812,"0km"
3948,2009,8.09591960906982,12.7211828231812,"0km"
3949,2009,8.09591960906982,12.7211828231812,"0km"
3950,2009,8.09591960906982,12.7211828231812,"0km"
3951,2009,8.09591960906982,12.7211828231812,"0km"
3952,2009,8.09591960906982,12.7211828231812,"0km"
3953,2009,8.09591960906982,12.7211828231812,"0km"
3954,2009,8.09591960906982,12.7211828231812,"0km"
3955,2009,8.09384441375732,11.6444902420044,"0km"
3956,2009,8.09384441375732,11.6444902420044,"0km"
3957,2009,8.09384441375732,11.6444902420044,"0km"
3958,2009,8.09384441375732,11.6444902420044,"0km"
3959,2009,8.09384441375732,11.6444902420044,"0km"
3960,2009,8.09384441375732,11.6444902420044,"0km"
3961,2009,8.09384441375732,11.6444902420044,"0km"
3962,2009,8.09384441375732,11.6444902420044,"0km"
3963,2009,8.09384441375732,11.6444902420044,"0km"
3964,2009,8.09384441375732,11.6444902420044,"0km"
3965,2009,8.09384441375732,11.6444902420044,"0km"
3966,2009,8.09384441375732,11.6444902420044,"0km"
3967,2009,8.09384441375732,11.6444902420044,"0km"
3968,2009,8.32895946502686,12.5959348678589,"0km"
3969,2009,8.32895946502686,12.5959348678589,"0km"
3970,2009,8.32895946502686,12.5959348678589,"0km"
3971,2009,8.32895946502686,12.5959348678589,"0km"
3972,2009,8.32895946502686,12.5959348678589,"0km"
3973,2009,8.32895946502686,12.5959348678589,"0km"
3974,2009,8.32895946502686,12.5959348678589,"0km"
3975,2009,7.86983871459961,10.544358253479,"0km"
3976,2009,7.86983871459961,10.544358253479,"0km"
3977,2009,7.86983871459961,10.544358253479,"0km"
3978,2009,7.86983871459961,10.544358253479,"0km"
3979,2009,7.86983871459961,10.544358253479,"0km"
3980,2009,7.86983871459961,10.544358253479,"0km"
3981,2009,7.86983871459961,10.544358253479,"0km"
3982,2009,7.86983871459961,10.544358253479,"0km"
3983,2009,7.86983871459961,10.544358253479,"0km"
3984,2009,7.86983871459961,10.544358253479,"0km"
3985,2008,8.59483623504639,14.5676746368408,"0km"
3986,2008,8.59483623504639,14.5676746368408,"0km"
3987,2008,8.83751964569092,14.5134735107422,"0km"
3988,2008,8.65831470489502,13.696798324585,"0km"
3989,2008,8.83751964569092,14.5134735107422,"0km"
3990,2008,8.03726291656494,9.28894901275635,"0km"
3991,2008,8.03726291656494,9.28894901275635,"0km"
3992,2008,8.03726291656494,9.28894901275635,"0km"
3993,2008,7.7716908454895,9.75917816162109,"0km"
3994,2008,8.03726291656494,9.28894901275635,"0km"
3995,2017,9.2705774307251,14.4131288528442,"0km"
3996,2017,9.2705774307251,14.4131288528442,"0km"
3997,2017,9.08154582977295,13.4961090087891,"0km"
3998,2017,9.08154582977295,13.4961090087891,"0km"
3999,2017,9.08154582977295,13.4961090087891,"0km"
4000,2017,9.2705774307251,14.4131288528442,"0km"
4001,2017,9.2705774307251,14.4131288528442,"0km"
4002,2017,9.2705774307251,14.4131288528442,"0km"
4003,2017,9.2705774307251,14.4131288528442,"0km"
4004,2017,9.2705774307251,14.4131288528442,"0km"
4005,2017,9.2705774307251,14.4131288528442,"0km"
4006,2017,9.2705774307251,14.4131288528442,"0km"
4007,2017,9.2705774307251,14.4131288528442,"0km"
4008,2017,9.08154582977295,13.4961090087891,"0km"
4009,2017,9.2705774307251,14.4131288528442,"0km"
4010,2017,NA,NA,"15km"
4011,2017,NA,NA,"15km"
4012,2017,9.50367736816406,15.7124853134155,"15km"
4013,2017,9.50367736816406,15.7124853134155,"15km"
4014,2017,9.50367736816406,15.7124853134155,"15km"
4015,2017,8.75157928466797,12.8174996376038,"15km"
4016,2017,9.88570785522461,15.7864618301392,"15km"
4017,2017,9.88570785522461,15.7864618301392,"15km"
4018,2017,9.88570785522461,15.7864618301392,"15km"
4019,2017,9.88570785522461,15.7864618301392,"15km"
4020,2017,9.88570785522461,15.7864618301392,"15km"
4021,2017,9.88570785522461,15.7864618301392,"15km"
4022,2017,9.88570785522461,15.7864618301392,"15km"
4023,2017,9.88570785522461,15.7864618301392,"15km"
4024,2017,9.88570785522461,15.7864618301392,"15km"
4025,2017,9.88570785522461,15.7864618301392,"15km"
4026,2017,9.88570785522461,15.7864618301392,"15km"
4027,2017,9.88570785522461,15.7864618301392,"15km"
4028,2017,9.88570785522461,15.7864618301392,"15km"
4029,2017,NA,NA,"15km"
4030,2017,NA,NA,"15km"
4031,2017,NA,NA,"15km"
4032,2017,9.88570785522461,15.7864618301392,"15km"
4033,2017,9.88570785522461,15.7864618301392,"15km"
4034,2017,9.88570785522461,15.7864618301392,"15km"
4035,2017,9.88570785522461,15.7864618301392,"15km"
4036,2017,9.88570785522461,15.7864618301392,"15km"
4037,2017,9.88570785522461,15.7864618301392,"15km"
4038,2017,7.82998132705688,8.65465259552002,"0km"
4039,2017,7.90243244171143,8.65758228302002,"0km"
4040,2017,7.86434507369995,8.88610458374023,"0km"
4041,2017,7.9568772315979,9.02911448478699,"10km"
4042,2017,7.9568772315979,9.02911448478699,"10km"
4043,2017,7.86434507369995,8.88610458374023,"0km"
4044,2017,7.86434507369995,8.88610458374023,"0km"
4045,2017,7.91699981689453,8.85265636444092,"10km"
4046,2017,7.86434507369995,8.88610458374023,"0km"
4047,2017,7.86434507369995,8.88610458374023,"0km"
4048,2017,7.86434507369995,8.88610458374023,"0km"
4049,2017,7.90243244171143,8.65758228302002,"0km"
4050,2017,9.83022594451904,15.1104164123535,"15km"
4051,2017,NA,NA,"15km"
4052,2017,NA,NA,"15km"
4053,2017,NA,NA,"15km"
4054,2017,9.83022594451904,15.1104164123535,"15km"
4055,2017,9.83022594451904,15.1104164123535,"15km"
4056,2017,9.83022594451904,15.1104164123535,"15km"
4057,2017,NA,NA,"15km"
4058,2017,NA,NA,"15km"
4059,2017,7.93345427513123,10.6240122318268,"10km"
4060,2017,7.93345427513123,10.6240122318268,"10km"
4061,2017,7.93345427513123,10.6240122318268,"10km"
4062,2017,7.93345427513123,10.6240122318268,"10km"
4063,2017,7.78271427154541,10.1325786590576,"10km"
4064,2017,7.78271427154541,10.1325786590576,"10km"
4065,2017,7.99948120117188,9.92251396179199,"0km"
4066,2017,7.99948120117188,9.92251396179199,"0km"
4067,2017,7.99948120117188,9.92251396179199,"0km"
4068,2017,9.32612037658691,15.2664270401001,"10km"
4069,2017,9.32612037658691,15.2664270401001,"10km"
4070,2017,9.32612037658691,15.2664270401001,"10km"
4071,2017,9.32612037658691,15.2664270401001,"10km"
4072,2017,9.32612037658691,15.2664270401001,"10km"
4073,2017,9.32612037658691,15.2664270401001,"15km"
4074,2017,9.32612037658691,15.2664270401001,"15km"
4075,2017,8.14884901046753,10.9249857266744,"10km"
4076,2017,8.12050894328526,10.7716257912772,"10km"
4077,2017,7.83920820554097,9.84096813201904,"10km"
4078,2017,7.83920820554097,9.84096813201904,"10km"
4079,2017,7.83920820554097,9.84096813201904,"10km"
4080,2017,8.17641735076904,11.0214242935181,"10km"
4081,2017,7.93867818514506,10.0790123939514,"10km"
4082,2017,8.17641735076904,11.0214242935181,"10km"
4083,2017,8.17641735076904,11.0214242935181,"10km"
4084,2017,8.17641735076904,11.0214242935181,"10km"
4085,2017,8.17641735076904,11.0214242935181,"10km"
4086,2017,8.17641735076904,11.0214242935181,"10km"
4087,2017,7.17975425720215,8.16684436798096,"0km"
4088,2017,7.17975425720215,8.16684436798096,"0km"
4089,2017,7.17975425720215,8.16684436798096,"0km"
4090,2017,7.17975425720215,8.16684436798096,"0km"
4091,2017,7.17975425720215,8.16684436798096,"0km"
4092,2017,7.17975425720215,8.16684436798096,"0km"
4093,2017,7.17975425720215,8.16684436798096,"0km"
4094,2017,7.15613269805908,8.21958065032959,"0km"
4095,2017,7.15613269805908,8.21958065032959,"0km"
4096,2017,7.15613269805908,8.21958065032959,"0km"
4097,2017,7.15613269805908,8.21958065032959,"0km"
4098,2017,7.15613269805908,8.21958065032959,"0km"
4099,2017,7.15613269805908,8.21958065032959,"0km"
4100,2017,7.15613269805908,8.21958065032959,"0km"
4101,2017,7.15613269805908,8.21958065032959,"0km"
4102,2017,7.15613269805908,8.21958065032959,"0km"
4103,2017,7.15613269805908,8.21958065032959,"0km"
4104,2017,7.15613269805908,8.21958065032959,"0km"
4105,2017,7.15613269805908,8.21958065032959,"0km"
4106,2017,7.48835706710815,8.86120223999023,"0km"
4107,2017,7.15613269805908,8.21958065032959,"0km"
4108,2017,7.15613269805908,8.21958065032959,"0km"
4109,2017,7.15613269805908,8.21958065032959,"0km"
4110,2017,7.15613269805908,8.21958065032959,"0km"
4111,2017,7.15613269805908,8.21958065032959,"0km"
4112,2017,7.48835706710815,8.86120223999023,"0km"
4113,2017,7.48835706710815,8.86120223999023,"0km"
4114,2017,7.48835706710815,8.86120223999023,"0km"
4115,2017,7.48835706710815,8.86120223999023,"0km"
4116,2017,7.48835706710815,8.86120223999023,"0km"
4117,2017,9.46449184417725,15.9820241928101,"0km"
4118,2017,9.46449184417725,15.9820241928101,"0km"
4119,2017,9.46449184417725,15.9820241928101,"0km"
4120,2017,9.46449184417725,15.9820241928101,"0km"
4121,2017,8.75157928466797,12.8174996376038,"10km"
4122,2017,8.75157928466797,12.8174996376038,"10km"
4123,2017,8.75157928466797,12.8174996376038,"10km"
4124,2017,7.76320695877075,10.1488389968872,"0km"
4125,2017,7.99948120117188,9.92251396179199,"0km"
4126,2017,7.99948120117188,9.92251396179199,"0km"
4127,2017,7.99948120117188,9.92251396179199,"0km"
4128,2017,7.76320695877075,10.1488389968872,"0km"
4129,2017,9.50367736816406,15.7124853134155,"0km"
4130,2017,7.99948120117188,9.92251396179199,"0km"
4131,2017,7.99948120117188,9.92251396179199,"0km"
4132,2017,9.50367736816406,15.7124853134155,"0km"
4133,2017,7.99948120117188,9.92251396179199,"0km"
4134,2017,7.76320695877075,10.1488389968872,"0km"
4135,2017,7.76320695877075,10.1488389968872,"0km"
4136,2017,7.99948120117188,9.92251396179199,"0km"
4137,2017,7.76320695877075,10.1488389968872,"0km"
4138,2017,7.99948120117188,9.92251396179199,"0km"
4139,2017,7.99948120117188,9.92251396179199,"0km"
4140,2017,9.50367736816406,15.7124853134155,"15km"
4141,2017,9.50367736816406,15.7124853134155,"15km"
4142,2012,6.99801635742188,7.2783899307251,"15km"
4143,2012,7.0879545211792,7.33698558807373,"10km"
4144,2012,7.0879545211792,7.33698558807373,"0km"
4145,2012,7.02180252075195,7.40627460479736,"10km"
4146,2012,7.16769925753276,7.66219059626261,"10km"
4147,2012,7.16769925753276,7.66219059626261,"10km"
4148,2012,7.16769925753276,7.66219059626261,"10km"
4149,2012,7.16769925753276,7.66219059626261,"10km"
4150,2012,7.16769925753276,7.66219059626261,"10km"
4151,2012,7.10455642427717,7.58298199517386,"10km"
4152,2012,7.10455642427717,7.58298199517386,"10km"
4153,2012,7.89718294143677,8.94177055358887,"0km"
4154,2012,7.89718294143677,8.94177055358887,"0km"
4155,2012,7.89718294143677,8.94177055358887,"0km"
4156,2012,7.89718294143677,8.94177055358887,"0km"
4157,2012,7.89718294143677,8.94177055358887,"0km"
4158,2012,7.89718294143677,8.94177055358887,"0km"
4159,2012,7.89718294143677,8.94177055358887,"0km"
4160,2012,7.89718294143677,8.94177055358887,"0km"
4161,2012,7.89718294143677,8.94177055358887,"0km"
4162,2012,7.89718294143677,8.94177055358887,"0km"
4163,2012,7.89718294143677,8.94177055358887,"0km"
4164,2012,7.89718294143677,8.94177055358887,"0km"
4165,2012,7.89718294143677,8.94177055358887,"0km"
4166,2012,7.89718294143677,8.94177055358887,"0km"
4167,2012,7.89718294143677,8.94177055358887,"0km"
4168,2012,7.89718294143677,8.94177055358887,"0km"
4169,2012,7.75666231579251,9.80068365732829,"10km"
4170,2012,7.75666231579251,9.80068365732829,"10km"
4171,2012,7.75666231579251,9.80068365732829,"10km"
4172,2012,7.75666231579251,9.80068365732829,"10km"
4173,2012,7.75666231579251,9.80068365732829,"10km"
4174,2012,7.75666231579251,9.80068365732829,"10km"
4175,2012,7.75666231579251,9.80068365732829,"10km"
4176,2012,7.75666231579251,9.80068365732829,"10km"
4177,2012,7.75666231579251,9.80068365732829,"10km"
4178,2012,7.75666231579251,9.80068365732829,"10km"
4179,2012,7.75666231579251,9.80068365732829,"10km"
4180,2009,7.92373418807983,11.210883140564,"0km"
4181,2010,6.28470706939697,7.51277208328247,"0km"
4182,2010,6.28470706939697,7.51277208328247,"0km"
4183,2010,6.28470706939697,7.51277208328247,"0km"
4184,2010,6.28470706939697,7.51277208328247,"0km"
4185,2010,6.28470706939697,7.51277208328247,"0km"
4186,2010,6.28470706939697,7.51277208328247,"0km"
4187,2010,6.28470706939697,7.51277208328247,"0km"
4188,2010,6.28470706939697,7.51277208328247,"0km"
4189,2010,7.28974294662476,10.1195411682129,"0km"
4190,2010,7.28974294662476,10.1195411682129,"0km"
4191,2010,7.28974294662476,10.1195411682129,"0km"
4192,2010,7.28974294662476,10.1195411682129,"0km"
4193,2010,7.28974294662476,10.1195411682129,"0km"
4194,2010,7.28974294662476,10.1195411682129,"0km"
4195,2010,7.28974294662476,10.1195411682129,"0km"
4196,2010,7.28974294662476,10.1195411682129,"0km"
4197,2010,7.28974294662476,10.1195411682129,"0km"
4198,2010,7.28974294662476,10.1195411682129,"0km"
4199,2010,7.28974294662476,10.1195411682129,"0km"
4200,2010,7.28974294662476,10.1195411682129,"0km"
4201,2010,7.28974294662476,10.1195411682129,"0km"
4202,2010,7.28974294662476,10.1195411682129,"0km"
4203,2010,7.28974294662476,10.1195411682129,"0km"
4204,2010,7.28974294662476,10.1195411682129,"0km"
4205,2010,7.28974294662476,10.1195411682129,"0km"
4206,2010,7.28974294662476,10.1195411682129,"0km"
4207,2010,7.28974294662476,10.1195411682129,"0km"
4208,2010,7.28974294662476,10.1195411682129,"0km"
4209,2010,7.28974294662476,10.1195411682129,"0km"
4210,2010,7.28974294662476,10.1195411682129,"0km"
4211,2010,7.28974294662476,10.1195411682129,"0km"
4212,2010,7.28974294662476,10.1195411682129,"0km"
4213,2010,7.28974294662476,10.1195411682129,"0km"
4214,2010,7.28974294662476,10.1195411682129,"0km"
4215,2005,8.37180709838867,9.91811847686768,"0km"
4216,2005,8.37180709838867,9.91811847686768,"0km"
4217,2005,8.37180709838867,9.91811847686768,"0km"
4218,2005,8.37180709838867,9.91811847686768,"0km"
4219,2005,8.37180709838867,9.91811847686768,"0km"
4220,2005,8.37180709838867,9.91811847686768,"0km"
4221,2005,8.37180709838867,9.91811847686768,"0km"
4222,2005,8.37180709838867,9.91811847686768,"0km"
4223,2005,8.37180709838867,9.91811847686768,"0km"
4224,2005,8.37180709838867,9.91811847686768,"0km"
4225,2005,8.37180709838867,9.91811847686768,"0km"
4226,2005,8.37180709838867,9.91811847686768,"0km"
4227,2005,8.37180709838867,9.91811847686768,"0km"
4228,2005,8.37180709838867,9.91811847686768,"0km"
4229,2005,8.37180709838867,9.91811847686768,"0km"
4230,2005,8.37180709838867,9.91811847686768,"0km"
4231,2005,8.37180709838867,9.91811847686768,"0km"
4232,2005,8.37180709838867,9.91811847686768,"0km"
4233,2005,8.37180709838867,9.91811847686768,"0km"
4234,2005,8.37180709838867,9.91811847686768,"0km"
4235,2005,8.37180709838867,9.91811847686768,"0km"
4236,2005,8.37180709838867,9.91811847686768,"0km"
4237,2005,8.37180709838867,9.91811847686768,"0km"
4238,2005,8.37180709838867,9.91811847686768,"0km"
4239,2005,8.37180709838867,9.91811847686768,"0km"
4240,2005,8.37180709838867,9.91811847686768,"0km"
4241,2005,8.37180709838867,9.91811847686768,"0km"
4242,2005,8.37180709838867,9.91811847686768,"0km"
4243,2005,8.37180709838867,9.91811847686768,"0km"
4244,2005,8.37180709838867,9.91811847686768,"0km"
4245,2005,8.37180709838867,9.91811847686768,"0km"
4246,2005,8.37180709838867,9.91811847686768,"0km"
4247,2005,8.37180709838867,9.91811847686768,"0km"
4248,2005,8.37180709838867,9.91811847686768,"0km"
4249,2005,8.37180709838867,9.91811847686768,"0km"
4250,2005,8.37180709838867,9.91811847686768,"0km"
4251,2005,8.37180709838867,9.91811847686768,"0km"
4252,2005,8.37180709838867,9.91811847686768,"0km"
4253,2005,8.37180709838867,9.91811847686768,"0km"
4254,2005,8.37180709838867,9.91811847686768,"0km"
4255,2005,8.37180709838867,9.91811847686768,"0km"
4256,2005,8.37180709838867,9.91811847686768,"0km"
4257,2005,8.37180709838867,9.91811847686768,"0km"
4258,2005,8.37180709838867,9.91811847686768,"0km"
4259,2005,8.37180709838867,9.91811847686768,"0km"
4260,2005,8.37180709838867,9.91811847686768,"0km"
4261,2005,8.37180709838867,9.91811847686768,"0km"
4262,2005,8.37180709838867,9.91811847686768,"0km"
4263,2005,8.37180709838867,9.91811847686768,"0km"
4264,2005,8.37180709838867,9.91811847686768,"0km"
4265,2005,8.37180709838867,9.91811847686768,"0km"
4266,2005,8.37180709838867,9.91811847686768,"0km"
4267,2005,8.37180709838867,9.91811847686768,"0km"
4268,2005,8.37180709838867,9.91811847686768,"0km"
4269,2005,8.37180709838867,9.91811847686768,"0km"
4270,2005,8.37180709838867,9.91811847686768,"0km"
4271,2005,8.37180709838867,9.91811847686768,"0km"
4272,2005,8.37180709838867,9.91811847686768,"0km"
4273,2005,8.37180709838867,9.91811847686768,"0km"
4274,2005,8.37180709838867,9.91811847686768,"0km"
4275,2005,8.37180709838867,9.91811847686768,"0km"
4276,2005,8.37180709838867,9.91811847686768,"0km"
4277,2005,8.37180709838867,9.91811847686768,"0km"
4278,2005,8.37180709838867,9.91811847686768,"0km"
4279,2005,8.37180709838867,9.91811847686768,"0km"
4280,2005,8.37180709838867,9.91811847686768,"0km"
4281,2005,8.37180709838867,9.91811847686768,"0km"
4282,2005,8.37180709838867,9.91811847686768,"0km"
4283,2005,8.37180709838867,9.91811847686768,"0km"
4284,2005,8.37180709838867,9.91811847686768,"0km"
4285,2005,8.37180709838867,9.91811847686768,"0km"
4286,2005,8.37180709838867,9.91811847686768,"0km"
4287,2005,8.37180709838867,9.91811847686768,"0km"
4288,2005,8.37180709838867,9.91811847686768,"0km"
4289,2005,8.37180709838867,9.91811847686768,"0km"
4290,2005,8.37180709838867,9.91811847686768,"0km"
4291,2005,8.37180709838867,9.91811847686768,"0km"
4292,2005,8.37180709838867,9.91811847686768,"0km"
4293,2005,8.37180709838867,9.91811847686768,"0km"
4294,2005,8.37180709838867,9.91811847686768,"0km"
4295,2005,8.37180709838867,9.91811847686768,"0km"
4296,2005,8.37180709838867,9.91811847686768,"0km"
4297,2005,8.37180709838867,9.91811847686768,"0km"
4298,2005,8.37180709838867,9.91811847686768,"0km"
4299,2005,8.37180709838867,9.91811847686768,"0km"
4300,2005,8.37180709838867,9.91811847686768,"0km"
4301,2005,8.37180709838867,9.91811847686768,"0km"
4302,2005,8.37180709838867,9.91811847686768,"0km"
4303,2005,8.37180709838867,9.91811847686768,"0km"
4304,2005,8.37180709838867,9.91811847686768,"0km"
4305,2005,8.37180709838867,9.91811847686768,"0km"
4306,2005,8.37180709838867,9.91811847686768,"0km"
4307,2005,8.37180709838867,9.91811847686768,"0km"
4308,2005,8.37180709838867,9.91811847686768,"0km"
4309,2005,8.37180709838867,9.91811847686768,"0km"
4310,2005,8.37180709838867,9.91811847686768,"0km"
4311,2005,8.37180709838867,9.91811847686768,"0km"
4312,2005,8.37180709838867,9.91811847686768,"0km"
4313,2005,8.37180709838867,9.91811847686768,"0km"
4314,2005,8.37180709838867,9.91811847686768,"0km"
4315,2005,8.37180709838867,9.91811847686768,"0km"
4316,2005,8.37180709838867,9.91811847686768,"0km"
4317,2005,8.37180709838867,9.91811847686768,"0km"
4318,2005,8.37180709838867,9.91811847686768,"0km"
4319,2005,8.37180709838867,9.91811847686768,"0km"
4320,2005,8.37180709838867,9.91811847686768,"0km"
4321,2005,8.37180709838867,9.91811847686768,"0km"
4322,2005,8.37180709838867,9.91811847686768,"0km"
4323,2005,8.37180709838867,9.91811847686768,"0km"
4324,2005,8.37180709838867,9.91811847686768,"0km"
4325,2005,8.37180709838867,9.91811847686768,"0km"
4326,2005,8.37180709838867,9.91811847686768,"0km"
4327,2005,8.37180709838867,9.91811847686768,"0km"
4328,2005,8.37180709838867,9.91811847686768,"0km"
4329,2005,8.37180709838867,9.91811847686768,"0km"
4330,2005,8.37180709838867,9.91811847686768,"0km"
4331,2005,8.37180709838867,9.91811847686768,"0km"
4332,2005,8.37180709838867,9.91811847686768,"0km"
4333,2005,8.37180709838867,9.91811847686768,"0km"
4334,2005,8.37180709838867,9.91811847686768,"0km"
4335,2005,8.37180709838867,9.91811847686768,"0km"
4336,2005,8.37180709838867,9.91811847686768,"0km"
4337,2005,8.37180709838867,9.91811847686768,"0km"
4338,2005,8.37180709838867,9.91811847686768,"0km"
4339,2005,8.37180709838867,9.91811847686768,"0km"
4340,2005,8.37180709838867,9.91811847686768,"0km"
4341,2005,8.37180709838867,9.91811847686768,"0km"
4342,2005,8.37180709838867,9.91811847686768,"0km"
4343,2005,8.37180709838867,9.91811847686768,"0km"
4344,2005,8.37180709838867,9.91811847686768,"0km"
4345,2017,4.57011651992798,13.1276893615723,"10km"
4346,2017,4.57367169857025,13.1546068191528,"15km"
4347,2017,4.57367169857025,13.1546068191528,"15km"
4348,2017,4.57367169857025,13.1546068191528,"15km"
4349,2017,4.57367169857025,13.1546068191528,"15km"
4350,2017,4.57367169857025,13.1546068191528,"15km"
4351,2017,4.57367169857025,13.1546068191528,"15km"
4352,2017,4.57367169857025,13.1546068191528,"15km"
4353,2017,4.57367169857025,13.1546068191528,"15km"
4354,2017,4.57367169857025,13.1546068191528,"15km"
4355,2017,4.57367169857025,13.1546068191528,"15km"
4356,2017,4.57367169857025,13.1546068191528,"15km"
4357,2017,NA,NA,"15km"
4358,2017,NA,NA,"15km"
4359,2017,4.57011651992798,13.1276893615723,"10km"
4360,2017,4.57011651992798,13.1276893615723,"10km"
4361,2017,4.57011651992798,13.1276893615723,"10km"
4362,2017,4.57011651992798,13.1276893615723,"10km"
4363,2017,4.57011651992798,13.1276893615723,"10km"
4364,2017,4.57011651992798,13.1276893615723,"10km"
4365,2017,4.57011651992798,13.1276893615723,"10km"
4366,2017,4.57011651992798,13.1276893615723,"10km"
4367,2017,4.57011651992798,13.1276893615723,"10km"
4368,2017,4.57011651992798,13.1276893615723,"10km"
4369,2017,4.57011651992798,13.1276893615723,"10km"
4370,2017,4.57011651992798,13.1276893615723,"10km"
4371,2017,4.57011651992798,13.1276893615723,"10km"
4372,2017,4.57011651992798,13.1276893615723,"10km"
4373,2017,4.57011651992798,13.1276893615723,"10km"
4374,2017,4.57011651992798,13.1276893615723,"10km"
4375,2017,4.57011651992798,13.1276893615723,"10km"
4376,2017,4.57011651992798,13.1276893615723,"10km"
4377,2017,4.57011651992798,13.1276893615723,"10km"
4378,2017,4.57011651992798,13.1276893615723,"10km"
4379,2017,4.57011651992798,13.1276893615723,"10km"
4380,2017,4.57011651992798,13.1276893615723,"10km"
4381,2017,4.57011651992798,13.1276893615723,"10km"
4382,2017,4.57011651992798,13.1276893615723,"10km"
4383,2017,4.57011651992798,13.1276893615723,"10km"
4384,2017,4.57011651992798,13.1276893615723,"10km"
4385,2017,4.57011651992798,13.1276893615723,"10km"
4386,2017,4.57011651992798,13.1276893615723,"10km"
4387,2017,4.57011651992798,13.1276893615723,"10km"
4388,2017,4.57011651992798,13.1276893615723,"10km"
4389,2017,4.57011651992798,13.1276893615723,"10km"
4390,2017,4.57011651992798,13.1276893615723,"10km"
4391,2017,4.57011651992798,13.1276893615723,"10km"
4392,2017,4.57011651992798,13.1276893615723,"10km"
4393,2017,4.57011651992798,13.1276893615723,"10km"
4394,2017,4.57011651992798,13.1276893615723,"10km"
4395,2017,4.57011651992798,13.1276893615723,"10km"
4396,2017,4.57011651992798,13.1276893615723,"10km"
4397,2017,4.57011651992798,13.1276893615723,"10km"
4398,2017,4.57011651992798,13.1276893615723,"10km"
4399,2017,4.57011651992798,13.1276893615723,"10km"
4400,2017,4.57011651992798,13.1276893615723,"10km"
4401,2017,4.57011651992798,13.1276893615723,"10km"
4402,2017,4.57011651992798,13.1276893615723,"10km"
4403,2017,4.57011651992798,13.1276893615723,"10km"
4404,2017,4.57011651992798,13.1276893615723,"10km"
4405,2017,4.57011651992798,13.1276893615723,"10km"
4406,2017,4.57011651992798,13.1276893615723,"10km"
4407,2017,4.57011651992798,13.1276893615723,"10km"
4408,2017,4.57011651992798,13.1276893615723,"10km"
4409,2017,4.57011651992798,13.1276893615723,"10km"
4410,2017,4.57011651992798,13.1276893615723,"10km"
4411,2017,4.57011651992798,13.1276893615723,"10km"
4412,2017,4.57011651992798,13.1276893615723,"10km"
4413,2017,4.57011651992798,13.1276893615723,"10km"
4414,2017,4.57011651992798,13.1276893615723,"10km"
4415,2017,4.57011651992798,13.1276893615723,"10km"
4416,2017,4.57011651992798,13.1276893615723,"10km"
4417,2017,4.57011651992798,13.1276893615723,"10km"
4418,2017,4.57011651992798,13.1276893615723,"10km"
4419,2017,4.57011651992798,13.1276893615723,"10km"
4420,2017,4.57011651992798,13.1276893615723,"10km"
4421,2017,4.57011651992798,13.1276893615723,"10km"
4422,2017,4.57011651992798,13.1276893615723,"10km"
4423,2017,4.57011651992798,13.1276893615723,"10km"
4424,2017,4.57011651992798,13.1276893615723,"10km"
4425,2017,4.57011651992798,13.1276893615723,"10km"
4426,2017,4.57247638702393,13.1442915598551,"10km"
4427,2017,4.57247638702393,13.1442915598551,"10km"
4428,2017,4.56993317604065,13.1273231506348,"10km"
4429,2017,4.56993317604065,13.1273231506348,"10km"
4430,2017,4.56993317604065,13.1273231506348,"10km"
4431,2017,4.56993317604065,13.1273231506348,"10km"
4432,2017,4.56993317604065,13.1273231506348,"10km"
4433,2017,4.56993317604065,13.1273231506348,"10km"
4434,2017,4.57247638702393,13.1442915598551,"10km"
4435,2017,4.57247638702393,13.1442915598551,"10km"
4436,2017,4.57247638702393,13.1442915598551,"10km"
4437,2017,4.57247638702393,13.1442915598551,"10km"
4438,2017,4.57247638702393,13.1442915598551,"10km"
4439,2017,4.57247638702393,13.1442915598551,"10km"
4440,2017,4.57247638702393,13.1442915598551,"10km"
4441,2017,4.57247638702393,13.1442915598551,"10km"
4442,2017,4.57247638702393,13.1442915598551,"10km"
4443,2017,4.57247638702393,13.1442915598551,"10km"
4444,2017,4.57247638702393,13.1442915598551,"10km"
4445,2017,4.57247638702393,13.1442915598551,"10km"
4446,2017,4.57247638702393,13.1442915598551,"10km"
4447,2017,4.57247638702393,13.1442915598551,"10km"
4448,2017,4.57247638702393,13.1442915598551,"10km"
4449,2017,4.57247638702393,13.1442915598551,"10km"
4450,2017,4.57247638702393,13.1442915598551,"10km"
4451,2017,4.57247638702393,13.1442915598551,"10km"
4452,2017,4.57247638702393,13.1442915598551,"10km"
4453,2017,4.57247638702393,13.1442915598551,"10km"
4454,2017,4.57247638702393,13.1442915598551,"10km"
4455,2017,4.57247638702393,13.1442915598551,"10km"
4456,2017,4.57247638702393,13.1442915598551,"10km"
4457,2017,4.57247638702393,13.1442915598551,"10km"
4458,2017,4.57247638702393,13.1442915598551,"10km"
4459,2017,4.57247638702393,13.1442915598551,"10km"
4460,2017,4.57367169857025,13.1546068191528,"15km"
4461,2017,4.57367169857025,13.1546068191528,"15km"
4462,2017,4.57367169857025,13.1546068191528,"15km"
4463,2017,4.57367169857025,13.1546068191528,"15km"
4464,2017,4.57367169857025,13.1546068191528,"15km"
4465,2017,4.57367169857025,13.1546068191528,"15km"
4466,2017,4.57367169857025,13.1546068191528,"15km"
4467,2017,4.57367169857025,13.1546068191528,"15km"
4468,2017,4.57367169857025,13.1546068191528,"15km"
4469,2017,4.57367169857025,13.1546068191528,"15km"
4470,2017,4.57367169857025,13.1546068191528,"15km"
4471,2017,4.57367169857025,13.1546068191528,"15km"
4472,2017,4.57367169857025,13.1546068191528,"15km"
4473,2017,4.57367169857025,13.1546068191528,"15km"
4474,2017,4.57367169857025,13.1546068191528,"15km"
4475,2017,4.57367169857025,13.1546068191528,"15km"
4476,2017,4.57367169857025,13.1546068191528,"15km"
4477,2017,4.57367169857025,13.1546068191528,"15km"
4478,2017,4.57367169857025,13.1546068191528,"15km"
4479,2017,4.57367169857025,13.1546068191528,"15km"
4480,2017,4.57367169857025,13.1546068191528,"15km"
4481,2017,4.57367169857025,13.1546068191528,"15km"
4482,2017,4.57367169857025,13.1546068191528,"15km"
4483,2017,4.57367169857025,13.1546068191528,"15km"
4484,2017,4.57367169857025,13.1546068191528,"15km"
4485,2017,4.57367169857025,13.1546068191528,"15km"
4486,2017,4.57367169857025,13.1546068191528,"15km"
4487,2017,4.57367169857025,13.1546068191528,"15km"
4488,2017,4.57367169857025,13.1546068191528,"15km"
4489,2017,4.57367169857025,13.1546068191528,"15km"
4490,2017,4.56960353851318,13.0806665420532,"15km"
4491,2017,4.56960353851318,13.0806665420532,"15km"
4492,2017,4.56960353851318,13.0806665420532,"15km"
4493,2017,4.56960353851318,13.0806665420532,"15km"
4494,2017,4.56960353851318,13.0806665420532,"15km"
4495,2017,4.56960353851318,13.0806665420532,"15km"
4496,2017,4.56960353851318,13.0806665420532,"15km"
4497,2017,4.57367169857025,13.1546068191528,"15km"
4498,2017,4.57367169857025,13.1546068191528,"15km"
4499,2017,4.57367169857025,13.1546068191528,"15km"
4500,2017,4.57367169857025,13.1546068191528,"15km"
4501,2017,4.57367169857025,13.1546068191528,"15km"
4502,2017,4.57367169857025,13.1546068191528,"15km"
4503,2017,4.57367169857025,13.1546068191528,"15km"
4504,2017,4.57367169857025,13.1546068191528,"15km"
4505,2017,4.57367169857025,13.1546068191528,"15km"
4506,2017,4.57367169857025,13.1546068191528,"15km"
4507,2017,4.57367169857025,13.1546068191528,"15km"
4508,2017,4.57367169857025,13.1546068191528,"15km"
4509,2017,4.57367169857025,13.1546068191528,"15km"
4510,2017,4.57367169857025,13.1546068191528,"15km"
4511,2017,4.57367169857025,13.1546068191528,"15km"
4512,2017,4.57367169857025,13.1546068191528,"15km"
4513,2017,4.57367169857025,13.1546068191528,"15km"
4514,2017,4.57367169857025,13.1546068191528,"15km"
4515,2017,4.57367169857025,13.1546068191528,"15km"
4516,2017,4.57367169857025,13.1546068191528,"15km"
4517,2017,4.57367169857025,13.1546068191528,"15km"
4518,2017,4.57367169857025,13.1546068191528,"15km"
4519,2017,4.57367169857025,13.1546068191528,"15km"
4520,2017,4.57367169857025,13.1546068191528,"15km"
4521,2017,4.56960353851318,13.0806665420532,"15km"
4522,2017,4.56960353851318,13.0806665420532,"15km"
4523,2017,4.56960353851318,13.0806665420532,"15km"
4524,2017,4.56960353851318,13.0806665420532,"15km"
4525,2017,4.57367169857025,13.1546068191528,"15km"
4526,2017,4.57367169857025,13.1546068191528,"15km"
4527,2017,4.57367169857025,13.1546068191528,"15km"
4528,2017,4.57011651992798,13.1276893615723,"10km"
4529,2017,4.57011651992798,13.1276893615723,"10km"
4530,2017,4.57011651992798,13.1276893615723,"10km"
4531,2017,4.57011651992798,13.1276893615723,"10km"
4532,2017,4.57011651992798,13.1276893615723,"10km"
4533,2017,4.57011651992798,13.1276893615723,"10km"
4534,2017,4.57011651992798,13.1276893615723,"10km"
4535,2017,4.5366678237915,11.9909362792969,"10km"
4536,2017,4.58522288004557,12.5694449742635,"10km"
4537,2017,4.58522288004557,12.5694449742635,"10km"
4538,2017,4.58522288004557,12.5694449742635,"10km"
4539,2017,4.58522288004557,12.5694449742635,"10km"
4540,2017,4.58522288004557,12.5694449742635,"10km"
4541,2017,4.58522288004557,12.5694449742635,"10km"
4542,2017,4.58522288004557,12.5694449742635,"10km"
4543,2017,4.58522288004557,12.5694449742635,"10km"
4544,2017,4.58522288004557,12.5694449742635,"10km"
4545,2017,4.58522288004557,12.5694449742635,"10km"
4546,2017,4.58522288004557,12.5694449742635,"10km"
4547,2017,4.58522288004557,12.5694449742635,"10km"
4548,2017,4.58522288004557,12.5694449742635,"10km"
4549,2017,4.58522288004557,12.5694449742635,"10km"
4550,2017,4.58522288004557,12.5694449742635,"10km"
4551,2017,4.58522288004557,12.5694449742635,"10km"
4552,2017,4.58522288004557,12.5694449742635,"10km"
4553,2017,4.57367169857025,13.1546068191528,"10km"
4554,2017,4.57367169857025,13.1546068191528,"10km"
4555,2017,4.57367169857025,13.1546068191528,"10km"
4556,2017,4.57367169857025,13.1546068191528,"10km"
4557,2017,4.57367169857025,13.1546068191528,"10km"
4558,2017,4.57367169857025,13.1546068191528,"10km"
4559,2017,4.57367169857025,13.1546068191528,"10km"
4560,2017,4.57367169857025,13.1546068191528,"10km"
4561,2017,4.57367169857025,13.1546068191528,"10km"
4562,2017,4.57367169857025,13.1546068191528,"10km"
4563,2017,4.57367169857025,13.1546068191528,"10km"
4564,2017,4.57367169857025,13.1546068191528,"10km"
4565,2017,4.57367169857025,13.1546068191528,"10km"
4566,2017,4.57367169857025,13.1546068191528,"10km"
4567,2017,4.57367169857025,13.1546068191528,"10km"
4568,2017,4.57367169857025,13.1546068191528,"10km"
4569,2017,4.57367169857025,13.1546068191528,"10km"
4570,2017,4.57367169857025,13.1546068191528,"10km"
4571,2017,4.57367169857025,13.1546068191528,"10km"
4572,2017,4.57367169857025,13.1546068191528,"10km"
4573,2017,4.57367169857025,13.1546068191528,"10km"
4574,2017,4.57367169857025,13.1546068191528,"10km"
4575,2017,4.57367169857025,13.1546068191528,"10km"
4576,2017,4.57383966445923,13.1529588699341,"10km"
4577,2017,4.57383966445923,13.1529588699341,"10km"
4578,2017,4.57383966445923,13.1529588699341,"10km"
4579,2017,4.57383966445923,13.1529588699341,"10km"
4580,2017,4.57383966445923,13.1529588699341,"10km"
4581,2017,4.57383966445923,13.1529588699341,"10km"
4582,2017,4.57383966445923,13.1529588699341,"10km"
4583,2017,4.57383966445923,13.1529588699341,"10km"
4584,2017,4.57383966445923,13.1529588699341,"10km"
4585,2017,4.57383966445923,13.1529588699341,"10km"
4586,2017,4.57383966445923,13.1529588699341,"10km"
4587,2017,4.57383966445923,13.1529588699341,"10km"
4588,2017,4.57383966445923,13.1529588699341,"10km"
4589,2017,4.57383966445923,13.1529588699341,"10km"
4590,2017,4.57383966445923,13.1529588699341,"10km"
4591,2017,4.57383966445923,13.1529588699341,"10km"
4592,2017,4.57383966445923,13.1529588699341,"10km"
4593,2017,4.57383966445923,13.1529588699341,"10km"
4594,2017,4.57383966445923,13.1529588699341,"10km"
4595,2017,4.57383966445923,13.1529588699341,"10km"
4596,2017,4.57383966445923,13.1529588699341,"10km"
4597,2017,4.57383966445923,13.1529588699341,"10km"
4598,2017,4.57383966445923,13.1529588699341,"10km"
4599,2017,4.57383966445923,13.1529588699341,"10km"
4600,2017,4.57383966445923,13.1529588699341,"10km"
4601,2017,4.57383966445923,13.1529588699341,"10km"
4602,2017,4.57383966445923,13.1529588699341,"10km"
4603,2017,4.57383966445923,13.1529588699341,"10km"
4604,2017,4.57383966445923,13.1529588699341,"10km"
4605,2017,4.57383966445923,13.1529588699341,"10km"
4606,2017,4.57383966445923,13.1529588699341,"10km"
4607,2017,4.57383966445923,13.1529588699341,"10km"
4608,2017,4.57383966445923,13.1529588699341,"10km"
4609,2017,4.57383966445923,13.1529588699341,"10km"
4610,2017,4.57383966445923,13.1529588699341,"10km"
4611,2017,4.57383966445923,13.1529588699341,"10km"
4612,2017,4.57383966445923,13.1529588699341,"10km"
4613,2017,4.57383966445923,13.1529588699341,"10km"
4614,2017,4.57383966445923,13.1529588699341,"10km"
4615,2017,4.57383966445923,13.1529588699341,"10km"
4616,2017,4.57383966445923,13.1529588699341,"10km"
4617,2017,4.57383966445923,13.1529588699341,"10km"
4618,2017,4.57383966445923,13.1529588699341,"10km"
4619,2017,4.57383966445923,13.1529588699341,"10km"
4620,2017,4.57383966445923,13.1529588699341,"10km"
4621,2017,4.57383966445923,13.1529588699341,"10km"
4622,2017,4.57383966445923,13.1529588699341,"10km"
4623,2017,4.57383966445923,13.1529588699341,"10km"
4624,2017,4.57383966445923,13.1529588699341,"10km"
4625,2017,4.57383966445923,13.1529588699341,"10km"
4626,2017,4.57383966445923,13.1529588699341,"10km"
4627,2017,4.57756280899048,13.1782283782959,"10km"
4628,2017,4.57756280899048,13.1782283782959,"10km"
4629,2017,4.57756280899048,13.1782283782959,"10km"
4630,2017,4.57756280899048,13.1782283782959,"10km"
4631,2017,4.57756280899048,13.1782283782959,"10km"
4632,2017,4.57756280899048,13.1782283782959,"10km"
4633,2017,4.57756280899048,13.1782283782959,"10km"
4634,2017,4.57756280899048,13.1782283782959,"10km"
4635,2017,4.57756280899048,13.1782283782959,"10km"
4636,2017,4.56960353851318,13.0806665420532,"15km"
4637,2017,4.57367169857025,13.1546068191528,"15km"
4638,2017,4.57367169857025,13.1546068191528,"15km"
4639,2017,4.57367169857025,13.1546068191528,"15km"
4640,2017,4.57367169857025,13.1546068191528,"15km"
4641,2017,4.57367169857025,13.1546068191528,"15km"
4642,2017,4.57367169857025,13.1546068191528,"15km"
4643,2017,4.57367169857025,13.1546068191528,"15km"
4644,2017,4.57367169857025,13.1546068191528,"15km"
4645,2017,4.57367169857025,13.1546068191528,"15km"
4646,2017,4.57367169857025,13.1546068191528,"15km"
4647,2017,4.57367169857025,13.1546068191528,"15km"
4648,2017,4.57367169857025,13.1546068191528,"15km"
4649,2017,4.57367169857025,13.1546068191528,"15km"
4650,2017,4.57367169857025,13.1546068191528,"15km"
4651,2017,4.57367169857025,13.1546068191528,"15km"
4652,2017,4.57367169857025,13.1546068191528,"15km"
4653,2017,4.57367169857025,13.1546068191528,"15km"
4654,2017,4.57367169857025,13.1546068191528,"15km"
4655,2017,4.57367169857025,13.1546068191528,"15km"
4656,2017,4.57367169857025,13.1546068191528,"15km"
4657,2017,4.57367169857025,13.1546068191528,"15km"
4658,2017,4.57367169857025,13.1546068191528,"15km"
4659,2017,4.57367169857025,13.1546068191528,"15km"
4660,2017,4.57367169857025,13.1546068191528,"15km"
4661,2017,4.57367169857025,13.1546068191528,"15km"
4662,2017,4.57367169857025,13.1546068191528,"15km"
4663,2017,4.57367169857025,13.1546068191528,"15km"
4664,2017,4.57367169857025,13.1546068191528,"15km"
4665,2017,4.57367169857025,13.1546068191528,"15km"
4666,2017,4.57367169857025,13.1546068191528,"15km"
4667,2017,4.57367169857025,13.1546068191528,"15km"
4668,2017,4.57383966445923,13.1529588699341,"10km"
4669,2017,4.57383966445923,13.1529588699341,"10km"
4670,2017,4.57383966445923,13.1529588699341,"10km"
4671,2017,4.57383966445923,13.1529588699341,"10km"
4672,2017,4.57383966445923,13.1529588699341,"10km"
4673,2017,4.57383966445923,13.1529588699341,"10km"
4674,2017,4.57383966445923,13.1529588699341,"10km"
4675,2017,4.57383966445923,13.1529588699341,"10km"
4676,2017,4.57367169857025,13.1546068191528,"15km"
4677,2017,4.57367169857025,13.1546068191528,"15km"
4678,2017,4.57367169857025,13.1546068191528,"15km"
4679,2017,4.57367169857025,13.1546068191528,"15km"
4680,2017,4.57367169857025,13.1546068191528,"15km"
4681,2017,4.57367169857025,13.1546068191528,"15km"
4682,2017,4.57367169857025,13.1546068191528,"15km"
4683,2017,4.57367169857025,13.1546068191528,"15km"
4684,2017,4.57367169857025,13.1546068191528,"15km"
4685,2017,4.57367169857025,13.1546068191528,"15km"
4686,2017,4.57367169857025,13.1546068191528,"15km"
4687,2017,4.57367169857025,13.1546068191528,"15km"
4688,2017,4.57367169857025,13.1546068191528,"15km"
4689,2017,4.57367169857025,13.1546068191528,"15km"
4690,2017,4.57367169857025,13.1546068191528,"15km"
4691,2017,4.57367169857025,13.1546068191528,"15km"
4692,2017,4.57367169857025,13.1546068191528,"15km"
4693,2017,4.57367169857025,13.1546068191528,"15km"
4694,2017,4.57367169857025,13.1546068191528,"15km"
4695,2017,4.57367169857025,13.1546068191528,"15km"
4696,2017,4.57367169857025,13.1546068191528,"15km"
4697,2017,4.57367169857025,13.1546068191528,"15km"
4698,2017,4.5749789873759,13.163823445638,"10km"
4699,2017,4.5749789873759,13.163823445638,"10km"
4700,2017,4.57383966445923,13.1529588699341,"10km"
4701,2017,4.57383966445923,13.1529588699341,"10km"
4702,2017,4.57383966445923,13.1529588699341,"10km"
4703,2017,4.57383966445923,13.1529588699341,"10km"
4704,2017,4.57383966445923,13.1529588699341,"10km"
4705,2017,NA,NA,"15km"
4706,2017,NA,NA,"15km"
4707,2017,NA,NA,"15km"
4708,2017,NA,NA,"15km"
4709,2017,NA,NA,"15km"
4710,2017,NA,NA,"15km"
4711,2017,NA,NA,"15km"
4712,2017,NA,NA,"15km"
4713,2017,NA,NA,"15km"
4714,2017,NA,NA,"15km"
4715,2017,NA,NA,"15km"
4716,2017,NA,NA,"15km"
4717,2017,NA,NA,"15km"
4718,2017,NA,NA,"15km"
4719,2017,NA,NA,"15km"
4720,2017,NA,NA,"15km"
4721,2017,NA,NA,"15km"
4722,2017,NA,NA,"15km"
4723,2017,NA,NA,"15km"
4724,2017,NA,NA,"15km"
4725,2017,NA,NA,"15km"
4726,2017,NA,NA,"15km"
4727,2017,NA,NA,"15km"
4728,2017,NA,NA,"15km"
4729,2017,NA,NA,"15km"
4730,2017,NA,NA,"15km"
4731,2017,NA,NA,"15km"
4732,2017,NA,NA,"15km"
4733,2017,NA,NA,"15km"
4734,2017,NA,NA,"15km"
4735,2017,NA,NA,"15km"
4736,2017,NA,NA,"15km"
4737,2017,NA,NA,"15km"
4738,2017,NA,NA,"15km"
4739,2017,NA,NA,"15km"
4740,2017,NA,NA,"15km"
4741,2017,NA,NA,"15km"
4742,2017,NA,NA,"15km"
4743,2017,NA,NA,"15km"
4744,2017,NA,NA,"15km"
4745,2017,NA,NA,"15km"
4746,2017,NA,NA,"15km"
4747,2017,NA,NA,"15km"
4748,2017,NA,NA,"15km"
4749,2017,NA,NA,"15km"
4750,2017,NA,NA,"15km"
4751,2017,NA,NA,"15km"
4752,2017,NA,NA,"15km"
4753,2017,NA,NA,"15km"
4754,2017,NA,NA,"15km"
4755,2017,NA,NA,"15km"
4756,2017,NA,NA,"15km"
4757,2017,NA,NA,"15km"
4758,2017,NA,NA,"15km"
4759,2017,NA,NA,"15km"
4760,2017,NA,NA,"15km"
4761,2017,NA,NA,"15km"
4762,2017,NA,NA,"15km"
4763,2017,NA,NA,"15km"
4764,2017,NA,NA,"15km"
4765,2017,NA,NA,"15km"
4766,2017,NA,NA,"15km"
4767,2017,NA,NA,"15km"
4768,2017,NA,NA,"15km"
4769,2017,NA,NA,"15km"
4770,2017,NA,NA,"15km"
4771,2017,NA,NA,"15km"
4772,2017,NA,NA,"15km"
4773,2017,NA,NA,"15km"
4774,2017,NA,NA,"15km"
4775,2017,NA,NA,"15km"
4776,2017,NA,NA,"15km"
4777,2017,NA,NA,"15km"
4778,2017,NA,NA,"15km"
4779,2017,NA,NA,"15km"
4780,2017,NA,NA,"15km"
4781,2017,NA,NA,"15km"
4782,2017,NA,NA,"15km"
4783,2017,NA,NA,"15km"
4784,2017,NA,NA,"15km"
4785,2017,NA,NA,"15km"
4786,2017,NA,NA,"15km"
4787,2017,NA,NA,"15km"
4788,2017,NA,NA,"15km"
4789,2017,NA,NA,"15km"
4790,2017,NA,NA,"15km"
4791,2017,NA,NA,"15km"
4792,2017,NA,NA,"15km"
4793,2017,NA,NA,"15km"
4794,2017,NA,NA,"15km"
4795,2017,NA,NA,"15km"
4796,2017,NA,NA,"15km"
4797,2017,NA,NA,"15km"
4798,2017,NA,NA,"15km"
4799,2017,NA,NA,"15km"
4800,2017,NA,NA,"15km"
4801,2017,NA,NA,"15km"
4802,2017,NA,NA,"15km"
4803,2017,NA,NA,"15km"
4804,2017,NA,NA,"15km"
4805,2017,NA,NA,"15km"
4806,2017,NA,NA,"15km"
4807,2017,NA,NA,"15km"
4808,2017,NA,NA,"15km"
4809,2017,NA,NA,"15km"
4810,2017,NA,NA,"15km"
4811,2017,NA,NA,"15km"
4812,2017,NA,NA,"15km"
4813,2017,NA,NA,"15km"
4814,2016,7.20471811294556,10.4835653305054,"0km"
4815,2016,7.20471811294556,10.4835653305054,"0km"
4816,2016,7.20471811294556,10.4835653305054,"0km"
4817,2016,7.20471811294556,10.4835653305054,"0km"
4818,2016,7.20471811294556,10.4835653305054,"0km"
4819,2016,7.20471811294556,10.4835653305054,"0km"
4820,2016,7.20471811294556,10.4835653305054,"0km"
4821,2016,7.20471811294556,10.4835653305054,"0km"
4822,2016,7.20471811294556,10.4835653305054,"0km"
4823,2016,7.20471811294556,10.4835653305054,"0km"
4824,2016,7.20471811294556,10.4835653305054,"0km"
4825,2016,7.20471811294556,10.4835653305054,"0km"
4826,2016,7.20471811294556,10.4835653305054,"0km"
4827,2016,7.02136278152466,10.4249706268311,"0km"
4828,2016,7.02136278152466,10.4249706268311,"0km"
4829,2016,7.02136278152466,10.4249706268311,"0km"
4830,2016,7.02136278152466,10.4249706268311,"0km"
4831,2016,7.02136278152466,10.4249706268311,"0km"
4832,2016,7.02136278152466,10.4249706268311,"0km"
4833,2016,7.02136278152466,10.4249706268311,"0km"
4834,2016,7.02136278152466,10.4249706268311,"0km"
4835,2016,7.02136278152466,10.4249706268311,"0km"
4836,2016,7.02136278152466,10.4249706268311,"0km"
4837,2016,7.02136278152466,10.4249706268311,"0km"
4838,2016,7.02136278152466,10.4249706268311,"0km"
4839,2016,7.02136278152466,10.4249706268311,"0km"
4840,2016,7.02136278152466,10.4249706268311,"0km"
4841,2016,7.02136278152466,10.4249706268311,"0km"
4842,2016,7.02136278152466,10.4249706268311,"0km"
4843,2016,7.02136278152466,10.4249706268311,"0km"
4844,2016,7.02136278152466,10.4249706268311,"0km"
4845,2016,7.02136278152466,10.4249706268311,"0km"
4846,2016,7.02136278152466,10.4249706268311,"0km"
4847,2016,7.02136278152466,10.4249706268311,"0km"
4848,2016,7.02136278152466,10.4249706268311,"0km"
4849,2016,7.02136278152466,10.4249706268311,"0km"
4850,2016,7.02136278152466,10.4249706268311,"0km"
4851,2016,7.02136278152466,10.4249706268311,"0km"
4852,2016,7.02136278152466,10.4249706268311,"0km"
4853,2016,7.02136278152466,10.4249706268311,"0km"
4854,2016,7.02136278152466,10.4249706268311,"0km"
4855,2016,7.02136278152466,10.4249706268311,"0km"
4856,2016,7.02136278152466,10.4249706268311,"0km"
4857,2016,7.02136278152466,10.4249706268311,"0km"
4858,2016,7.02136278152466,10.4249706268311,"0km"
4859,2016,7.02136278152466,10.4249706268311,"0km"
4860,2016,7.02136278152466,10.4249706268311,"0km"
4861,2016,7.02136278152466,10.4249706268311,"0km"
4862,2016,7.02136278152466,10.4249706268311,"0km"
4863,2016,7.02136278152466,10.4249706268311,"0km"
4864,2016,7.02136278152466,10.4249706268311,"0km"
4865,2016,7.02136278152466,10.4249706268311,"0km"
4866,2016,7.02136278152466,10.4249706268311,"0km"
4867,2016,7.02136278152466,10.4249706268311,"0km"
4868,2016,7.02136278152466,10.4249706268311,"0km"
4869,2016,7.02136278152466,10.4249706268311,"0km"
4870,2016,7.02136278152466,10.4249706268311,"0km"
4871,2016,7.02136278152466,10.4249706268311,"0km"
4872,2016,7.02136278152466,10.4249706268311,"0km"
4873,2016,7.02136278152466,10.4249706268311,"0km"
4874,2016,7.02136278152466,10.4249706268311,"0km"
4875,2016,7.02136278152466,10.4249706268311,"0km"
4876,2016,7.02136278152466,10.4249706268311,"0km"
4877,2016,7.02136278152466,10.4249706268311,"0km"
4878,2016,7.02136278152466,10.4249706268311,"0km"
4879,2016,7.02136278152466,10.4249706268311,"0km"
4880,2016,7.02136278152466,10.4249706268311,"0km"
4881,2016,7.02136278152466,10.4249706268311,"0km"
4882,2016,7.02136278152466,10.4249706268311,"0km"
4883,2011,7.23554182052612,11.5869927406311,"15km"
4884,2011,7.29596853256226,11.729453086853,"10km"
4885,2011,7.27289628982544,11.7624130249023,"0km"
4886,2011,6.65215015411377,8.65977954864502,"0km"
4887,2011,6.65215015411377,8.65977954864502,"0km"
4888,2011,6.65215015411377,8.65977954864502,"0km"
4889,2011,6.65215015411377,8.65977954864502,"0km"
4890,2011,6.65215015411377,8.65977954864502,"0km"
4891,2011,6.65215015411377,8.65977954864502,"0km"
4892,2011,6.65215015411377,8.65977954864502,"0km"
4893,2011,6.65215015411377,8.65977954864502,"0km"
4894,2011,6.65215015411377,8.65977954864502,"0km"
4895,2011,7.24872589111328,10.9757680892944,"0km"
4896,2011,7.24872589111328,10.9757680892944,"0km"
4897,2011,7.24872589111328,10.9757680892944,"0km"
4898,2011,7.24872589111328,10.9757680892944,"0km"
4899,2011,6.65215015411377,8.65977954864502,"0km"
4900,2011,6.65215015411377,8.65977954864502,"0km"
4901,2011,6.65215015411377,8.65977954864502,"0km"
4902,2011,6.65215015411377,8.65977954864502,"0km"
4903,2011,6.65215015411377,8.65977954864502,"0km"
4904,2011,6.65215015411377,8.65977954864502,"0km"
4905,2011,6.65215015411377,8.65977954864502,"0km"
4906,2011,6.65215015411377,8.65977954864502,"0km"
4907,2011,6.65215015411377,8.65977954864502,"0km"
4908,2011,6.65215015411377,8.65977954864502,"0km"
4909,2011,6.65215015411377,8.65977954864502,"0km"
4910,2011,6.65215015411377,8.65977954864502,"0km"
4911,2011,6.65215015411377,8.65977954864502,"0km"
4912,2011,6.65215015411377,8.65977954864502,"0km"
4913,2011,6.84600353240967,10.4791707992554,"0km"
4914,2011,6.84600353240967,10.4791707992554,"0km"
4915,2011,6.84600353240967,10.4791707992554,"0km"
4916,2011,6.84600353240967,10.4791707992554,"0km"
4917,2011,7.75740814208984,11.5536670684814,"0km"
4918,2011,7.75740814208984,11.5536670684814,"0km"
4919,2011,7.75740814208984,11.5536670684814,"0km"
4920,2011,6.84173107147217,9.84340953826904,"0km"
4921,2011,6.84173107147217,9.84340953826904,"0km"
4922,2011,6.84173107147217,9.84340953826904,"0km"
4923,2011,6.84173107147217,9.84340953826904,"0km"
4924,2011,6.84173107147217,9.84340953826904,"0km"
4925,2011,6.84173107147217,9.84340953826904,"0km"
4926,2011,6.84173107147217,9.84340953826904,"0km"
4927,2011,7.75740814208984,11.5536670684814,"0km"
4928,2011,7.75740814208984,11.5536670684814,"0km"
4929,2011,6.84173107147217,9.84340953826904,"0km"
4930,2011,6.84173107147217,9.84340953826904,"0km"
4931,2011,6.84173107147217,9.84340953826904,"0km"
4932,2011,6.84173107147217,9.84340953826904,"0km"
4933,2011,6.84173107147217,9.84340953826904,"0km"
4934,2011,6.84173107147217,9.84340953826904,"0km"
4935,2011,6.84173107147217,9.84340953826904,"0km"
4936,2011,6.84173107147217,9.84340953826904,"0km"
4937,2011,6.84173107147217,9.84340953826904,"0km"
4938,2011,6.84173107147217,9.84340953826904,"0km"
4939,2011,7.75740814208984,11.5536670684814,"0km"
4940,2011,7.75740814208984,11.5536670684814,"0km"
4941,2011,7.75740814208984,11.5536670684814,"0km"
4942,2011,6.84173107147217,9.84340953826904,"0km"
4943,2011,6.84173107147217,9.84340953826904,"0km"
4944,2011,6.84173107147217,9.84340953826904,"0km"
4945,2011,6.84173107147217,9.84340953826904,"0km"
4946,2011,6.84173107147217,9.84340953826904,"0km"
4947,2011,6.84173107147217,9.84340953826904,"0km"
4948,2011,7.24872589111328,10.9757680892944,"0km"
4949,2011,7.24872589111328,10.9757680892944,"0km"
4950,2011,7.24872589111328,10.9757680892944,"0km"
4951,2011,7.24872589111328,10.9757680892944,"0km"
4952,2011,7.24872589111328,10.9757680892944,"0km"
4953,2011,7.24872589111328,10.9757680892944,"0km"
4954,2011,7.24872589111328,10.9757680892944,"0km"
4955,2011,7.43794059753418,11.803430557251,"0km"
4956,2011,7.43794059753418,11.803430557251,"0km"
4957,2011,7.43794059753418,11.803430557251,"0km"
4958,2011,7.33259073893229,11.7113865216573,"10km"
4959,2011,7.33259073893229,11.7113865216573,"10km"
4960,2011,7.33259073893229,11.7113865216573,"10km"
4961,2011,7.33259073893229,11.7113865216573,"10km"
4962,2011,7.35255002975464,11.7433700561523,"0km"
4963,2011,7.35255002975464,11.7433700561523,"0km"
4964,2011,7.35255002975464,11.7433700561523,"0km"
4965,2011,6.96856594085693,10.6842555999756,"0km"
4966,2011,6.96856594085693,10.6842555999756,"0km"
4967,2011,6.96856594085693,10.6842555999756,"0km"
4968,2011,6.96856594085693,10.6842555999756,"0km"
4969,2011,6.96856594085693,10.6842555999756,"0km"
4970,2011,6.96856594085693,10.6842555999756,"0km"
4971,2011,6.96093654632568,9.30579566955566,"0km"
4972,2011,6.96093654632568,9.30579566955566,"0km"
4973,2011,6.96856594085693,10.6842555999756,"0km"
4974,2011,6.96856594085693,10.6842555999756,"0km"
4975,2011,7.28089237213135,11.4269542694092,"0km"
4976,2011,7.28089237213135,11.4269542694092,"0km"
4977,2011,7.28089237213135,11.4269542694092,"0km"
4978,2011,7.28089237213135,11.4269542694092,"0km"
4979,2011,7.28089237213135,11.4269542694092,"0km"
4980,2011,7.28089237213135,11.4269542694092,"0km"
4981,2015,7.95597203572591,15.0979644457499,"15km"
4982,2015,7.95597203572591,15.0979644457499,"15km"
4983,2015,7.95597203572591,15.0979644457499,"15km"
4984,2015,7.95597203572591,15.0979644457499,"15km"
4985,2015,7.95597203572591,15.0979644457499,"15km"
4986,2015,7.95597203572591,15.0979644457499,"15km"
4987,2015,7.93000888824463,15.0825830459595,"15km"
4988,2015,7.93000888824463,15.0825830459595,"15km"
4989,2015,7.93000888824463,15.0825830459595,"15km"
4990,2015,7.93000888824463,15.0825830459595,"15km"
4991,2015,7.95597203572591,15.0979644457499,"15km"
4992,2015,7.95597203572591,15.0979644457499,"15km"
4993,2015,7.95597203572591,15.0979644457499,"15km"
4994,2015,7.95597203572591,15.0979644457499,"15km"
4995,2015,8.14615345001221,15.2774133682251,"0km"
4996,2015,8.14615345001221,15.2774133682251,"0km"
4997,2015,8.14615345001221,15.2774133682251,"0km"
4998,2015,8.14615345001221,15.2774133682251,"0km"
4999,2015,8.23371677398682,15.2724325180054,"10km"
5000,2015,8.23371677398682,15.2724325180054,"10km"
5001,2015,8.23371677398682,15.2724325180054,"10km"
5002,2015,8.23371677398682,15.2724325180054,"10km"
5003,2015,8.23371677398682,15.2724325180054,"10km"
5004,2015,8.21869564056396,15.2993865013123,"10km"
5005,2015,8.21869564056396,15.2993865013123,"10km"
5006,2012,6.61009550094604,12.3425092697144,"0km"
5007,2012,6.61009550094604,12.3425092697144,"0km"
5008,2012,6.61009550094604,12.3425092697144,"0km"
5009,2012,6.61009550094604,12.3425092697144,"0km"
5010,2012,6.61009550094604,12.3425092697144,"0km"
5011,2012,6.61009550094604,12.3425092697144,"0km"
5012,2012,6.61009550094604,12.3425092697144,"0km"
5013,2012,7.86397886276245,8.79528141021729,"0km"
5014,2012,7.86397886276245,8.79528141021729,"0km"
5015,2012,7.86397886276245,8.79528141021729,"0km"
5016,2012,6.73125410079956,10.3260898590088,"0km"
5017,2012,7.86397886276245,8.79528141021729,"0km"
5018,2012,7.86397886276245,8.79528141021729,"0km"
5019,2012,7.86397886276245,8.79528141021729,"0km"
5020,2012,8.12033462524414,9.46546840667725,"0km"
5021,2012,8.12033462524414,9.46546840667725,"0km"
5022,2012,8.12033462524414,9.46546840667725,"0km"
5023,2012,7.05285787582397,11.8400526046753,"0km"
5024,2012,7.05285787582397,11.8400526046753,"0km"
5025,2012,7.05285787582397,11.8400526046753,"0km"
5026,2012,7.05285787582397,11.8400526046753,"0km"
5027,2012,7.05285787582397,11.8400526046753,"0km"
5028,2012,7.05285787582397,11.8400526046753,"0km"
5029,2012,7.05285787582397,11.8400526046753,"0km"
5030,2012,6.73125410079956,10.3260898590088,"0km"
5031,2012,6.73125410079956,10.3260898590088,"0km"
5032,2012,6.73125410079956,10.3260898590088,"0km"
5033,2012,6.73125410079956,10.3260898590088,"0km"
5034,2012,7.05285787582397,11.8400526046753,"0km"
5035,2012,7.05285787582397,11.8400526046753,"0km"
5036,2012,7.05285787582397,11.8400526046753,"0km"
5037,2012,8.11160659790039,9.34974193572998,"0km"
5038,2012,8.11160659790039,9.34974193572998,"0km"
5039,2012,8.11160659790039,9.34974193572998,"0km"
5040,2012,8.11160659790039,9.34974193572998,"0km"
5041,2012,7.56924486160278,10.5442774030897,"10km"
5042,2012,7.56924486160278,10.5442774030897,"10km"
5043,2012,7.11023283004761,12.0253610610962,"0km"
5044,2012,7.83663463592529,9.5709400177002,"0km"
5045,2012,7.83663463592529,9.5709400177002,"0km"
5046,2012,7.83663463592529,9.5709400177002,"0km"
5047,2012,7.83663463592529,9.5709400177002,"0km"
5048,2012,7.83663463592529,9.5709400177002,"0km"
5049,2012,7.61969150815691,10.474358013698,"10km"
5050,2012,7.83663463592529,9.5709400177002,"0km"
5051,2012,7.83663463592529,9.5709400177002,"0km"
5052,2012,7.83663463592529,9.5709400177002,"0km"
5053,2012,7.88637971878052,9.71156978607178,"0km"
5054,2012,7.88637971878052,9.71156978607178,"0km"
5055,2012,7.88637971878052,9.71156978607178,"0km"
5056,2012,7.88637971878052,9.71156978607178,"0km"
5057,2012,7.88637971878052,9.71156978607178,"0km"
5058,2012,7.88637971878052,9.71156978607178,"0km"
5059,2012,7.88637971878052,9.71156978607178,"0km"
5060,2014,7.33954906463623,10.2601699829102,"0km"
5061,2014,7.33954906463623,10.2601699829102,"0km"
5062,2014,7.33954906463623,10.2601699829102,"0km"
5063,2014,7.33954906463623,10.2601699829102,"0km"
5064,2014,7.33954906463623,10.2601699829102,"0km"
5065,2014,7.21893978118896,9.52919101715088,"0km"
5066,2014,7.21893978118896,9.52919101715088,"0km"
5067,2014,7.21893978118896,9.52919101715088,"0km"
5068,2014,7.21893978118896,9.52919101715088,"0km"
5069,2014,7.72902631759644,11.5888242721558,"0km"
5070,2014,7.72902631759644,11.5888242721558,"0km"
5071,2014,7.72902631759644,11.5888242721558,"0km"
5072,2017,9.26286633809408,14.2654193242391,"10km"
5073,2017,9.26286633809408,14.2654193242391,"10km"
5074,2017,9.08154582977295,13.4961090087891,"0km"
5075,2017,9.08154582977295,13.4961090087891,"0km"
5076,2017,8.93242200215658,12.1872309048971,"10km"
5077,2017,9.08154582977295,13.4961090087891,"0km"
5078,2008,9.15771961212158,13.592059135437,"0km"
5079,2008,9.15771961212158,13.592059135437,"0km"
5080,2008,9.15771961212158,13.592059135437,"0km"
5081,2008,9.15771961212158,13.592059135437,"0km"
5082,2008,9.15771961212158,13.592059135437,"0km"
5083,2008,9.15771961212158,13.592059135437,"0km"
5084,2008,9.15771961212158,13.592059135437,"0km"
5085,2008,9.15771961212158,13.592059135437,"0km"
5086,2008,9.15771961212158,13.592059135437,"0km"
5087,2008,9.15771961212158,13.592059135437,"0km"
5088,2008,9.15771961212158,13.592059135437,"0km"
5089,2008,9.15771961212158,13.592059135437,"0km"
5090,2008,9.15771961212158,13.592059135437,"0km"
5091,2008,9.15771961212158,13.592059135437,"0km"
5092,2008,9.15771961212158,13.592059135437,"0km"
5093,2008,9.15771961212158,13.592059135437,"0km"
5094,2008,9.15771961212158,13.592059135437,"0km"
5095,2008,9.15771961212158,13.592059135437,"0km"
5096,2008,9.15771961212158,13.592059135437,"0km"
5097,2008,9.15771961212158,13.592059135437,"0km"
5098,2008,9.15771961212158,13.592059135437,"0km"
5099,2008,9.15771961212158,13.592059135437,"0km"
5100,2008,9.15771961212158,13.592059135437,"0km"
5101,2008,9.15771961212158,13.592059135437,"0km"
5102,2008,9.15771961212158,13.592059135437,"0km"
5103,2008,9.15771961212158,13.592059135437,"0km"
5104,2008,9.15771961212158,13.592059135437,"0km"
5105,2008,9.15771961212158,13.592059135437,"0km"
5106,2008,9.15771961212158,13.592059135437,"0km"
5107,2008,9.15771961212158,13.592059135437,"0km"
5108,2008,9.15771961212158,13.592059135437,"0km"
5109,2008,9.15771961212158,13.592059135437,"0km"
5110,2008,9.15771961212158,13.592059135437,"0km"
5111,2008,9.15771961212158,13.592059135437,"0km"
5112,2008,9.15771961212158,13.592059135437,"0km"
5113,2008,9.15771961212158,13.592059135437,"0km"
5114,2008,9.15771961212158,13.592059135437,"0km"
5115,2008,9.15771961212158,13.592059135437,"0km"
5116,2008,9.15771961212158,13.592059135437,"0km"
5117,2008,9.15771961212158,13.592059135437,"0km"
5118,2008,9.15771961212158,13.592059135437,"0km"
5119,2008,9.15771961212158,13.592059135437,"0km"
5120,2008,9.15771961212158,13.592059135437,"0km"
5121,2008,9.15771961212158,13.592059135437,"0km"
5122,2008,9.15771961212158,13.592059135437,"0km"
5123,2008,9.15771961212158,13.592059135437,"0km"
5124,2008,9.15771961212158,13.592059135437,"0km"
5125,2008,9.15771961212158,13.592059135437,"0km"
5126,2008,9.15771961212158,13.592059135437,"0km"
5127,2008,9.15771961212158,13.592059135437,"0km"
5128,2008,9.15771961212158,13.592059135437,"0km"
5129,2008,9.15771961212158,13.592059135437,"0km"
5130,2008,9.15771961212158,13.592059135437,"0km"
5131,2008,9.15771961212158,13.592059135437,"0km"
5132,2008,9.15771961212158,13.592059135437,"0km"
5133,2008,9.15771961212158,13.592059135437,"0km"
5134,2008,9.15771961212158,13.592059135437,"0km"
5135,2008,9.15771961212158,13.592059135437,"0km"
5136,2008,9.15771961212158,13.592059135437,"0km"
5137,2008,9.15771961212158,13.592059135437,"0km"
5138,2008,9.15771961212158,13.592059135437,"0km"
5139,2008,9.15771961212158,13.592059135437,"0km"
5140,2008,9.15771961212158,13.592059135437,"0km"
5141,2008,9.15771961212158,13.592059135437,"0km"
5142,2008,9.15771961212158,13.592059135437,"0km"
5143,2008,9.15771961212158,13.592059135437,"0km"
5144,2008,9.15771961212158,13.592059135437,"0km"
5145,2008,9.15771961212158,13.592059135437,"0km"
5146,2008,9.15771961212158,13.592059135437,"0km"
5147,2008,9.15771961212158,13.592059135437,"0km"
5148,2008,9.15771961212158,13.592059135437,"0km"
5149,2008,9.15771961212158,13.592059135437,"0km"
5150,2008,9.15771961212158,13.592059135437,"0km"
5151,2008,9.15771961212158,13.592059135437,"0km"
5152,2008,9.15771961212158,13.592059135437,"0km"
5153,2008,9.15771961212158,13.592059135437,"0km"
5154,2008,9.15771961212158,13.592059135437,"0km"
5155,2008,9.15771961212158,13.592059135437,"0km"
5156,2008,9.15771961212158,13.592059135437,"0km"
5157,2008,9.15771961212158,13.592059135437,"0km"
5158,2008,9.15771961212158,13.592059135437,"0km"
5159,2008,9.15771961212158,13.592059135437,"0km"
5160,2008,9.15771961212158,13.592059135437,"0km"
5161,2008,9.15771961212158,13.592059135437,"0km"
5162,2008,9.15771961212158,13.592059135437,"0km"
5163,2008,9.15771961212158,13.592059135437,"0km"
5164,2008,9.15771961212158,13.592059135437,"0km"
5165,2008,9.94051933288574,17.1451454162598,"0km"
5166,2009,7.39704561233521,10.0419015884399,"0km"
5167,2009,7.30225515365601,8.85241222381592,"0km"
5168,2005,10.2500991821289,17.4315319061279,"0km"
5169,2005,10.2500991821289,17.4315319061279,"0km"
5170,2005,10.2500991821289,17.4315319061279,"0km"
5171,2005,10.2500991821289,17.4315319061279,"0km"
5172,2005,10.2500991821289,17.4315319061279,"0km"
5173,2005,10.2500991821289,17.4315319061279,"0km"
5174,2005,10.2500991821289,17.4315319061279,"0km"
5175,2005,10.2500991821289,17.4315319061279,"0km"
5176,2005,10.2500991821289,17.4315319061279,"0km"
5177,2005,10.2500991821289,17.4315319061279,"0km"
5178,2009,5.98501539230347,11.0856351852417,"0km"
5179,2009,5.98501539230347,11.0856351852417,"0km"
5180,2009,5.98501539230347,11.0856351852417,"0km"
5181,2009,6.66783666610718,9.13879776000977,"0km"
5182,2009,6.66783666610718,9.13879776000977,"0km"
5183,2009,6.66783666610718,9.13879776000977,"0km"
5184,2009,6.66783666610718,9.13879776000977,"0km"
5185,2009,6.66783666610718,9.13879776000977,"0km"
5186,2009,6.66783666610718,9.13879776000977,"0km"
5187,2009,6.66783666610718,9.13879776000977,"0km"
5188,2009,6.66783666610718,9.13879776000977,"0km"
5189,2009,6.66783666610718,9.13879776000977,"0km"
5190,2009,6.66783666610718,9.13879776000977,"0km"
5191,2009,6.66783666610718,9.13879776000977,"0km"
5192,2009,6.66783666610718,9.13879776000977,"0km"
5193,2009,6.66783666610718,9.13879776000977,"0km"
5194,2009,6.66783666610718,9.13879776000977,"0km"
5195,2009,6.66783666610718,9.13879776000977,"0km"
5196,2009,6.66783666610718,9.13879776000977,"0km"
5197,2009,6.54075765609741,9.11169815063477,"0km"
5198,2009,6.66783666610718,9.13879776000977,"0km"
5199,2009,6.66783666610718,9.13879776000977,"0km"
5200,2009,6.61046171188354,10.4183778762817,"0km"
5201,2009,6.2597226301829,11.291451772054,"10km"
5202,2009,6.22183901923043,11.2510626656669,"10km"
5203,2009,6.19514552752177,11.4782250722249,"10km"
5204,2009,5.98501539230347,11.0856351852417,"0km"
5205,2017,4.75078582763672,9.89907550811768,"10km"
5206,2017,4.75078582763672,9.89907550811768,"10km"
5207,2017,4.75078582763672,9.89907550811768,"10km"
5208,2017,4.75078582763672,9.89907550811768,"10km"
5209,2017,4.75078582763672,9.89907550811768,"10km"
5210,2017,4.75078582763672,9.89907550811768,"10km"
5211,2017,4.75078582763672,9.89907550811768,"10km"
5212,2017,4.75078582763672,9.89907550811768,"10km"
5213,2017,4.75078582763672,9.89907550811768,"10km"
5214,2017,4.75078582763672,9.89907550811768,"10km"
5215,2017,4.75078582763672,9.89907550811768,"10km"
5216,2017,4.75078582763672,9.89907550811768,"10km"
5217,2017,4.75078582763672,9.89907550811768,"10km"
5218,2017,4.75078582763672,9.89907550811768,"10km"
5219,2017,4.75078582763672,9.89907550811768,"10km"
5220,2017,4.75078582763672,9.89907550811768,"10km"
5221,2017,4.75078582763672,9.89907550811768,"10km"
5222,2017,4.75078582763672,9.89907550811768,"10km"
5223,2017,4.75078582763672,9.89907550811768,"10km"
5224,2017,4.75078582763672,9.89907550811768,"10km"
5225,2017,4.75078582763672,9.89907550811768,"10km"
5226,2017,4.75078582763672,9.89907550811768,"10km"
5227,2017,4.75078582763672,9.89907550811768,"10km"
5228,2017,4.75078582763672,9.89907550811768,"10km"
5229,2017,4.75078582763672,9.89907550811768,"10km"
5230,2017,4.75078582763672,9.89907550811768,"10km"
5231,2017,4.75078582763672,9.89907550811768,"10km"
5232,2017,4.75078582763672,9.89907550811768,"10km"
5233,2004,8.14999866485596,9.58485698699951,"0km"
5234,2004,8.47831630706787,12.3351850509644,"0km"
5235,2004,8.47831630706787,12.3351850509644,"0km"
5236,2004,8.47831630706787,12.3351850509644,"0km"
5237,2004,8.47831630706787,12.3351850509644,"0km"
5238,2004,8.47831630706787,12.3351850509644,"0km"
5239,2004,8.47831630706787,12.3351850509644,"0km"
5240,2004,8.47831630706787,12.3351850509644,"0km"
5241,2004,8.47831630706787,12.3351850509644,"0km"
5242,2004,8.47831630706787,12.3351850509644,"0km"
5243,2004,8.47831630706787,12.3351850509644,"0km"
5244,2004,8.47831630706787,12.3351850509644,"0km"
5245,2004,8.47831630706787,12.3351850509644,"0km"
5246,2004,8.14999866485596,9.58485698699951,"0km"
5247,2004,8.14999866485596,9.58485698699951,"0km"
5248,2004,8.14999866485596,9.58485698699951,"0km"
5249,2004,8.14999866485596,9.58485698699951,"0km"
5250,2004,8.14999866485596,9.58485698699951,"0km"
5251,2004,8.47831630706787,12.3351850509644,"0km"
5252,2004,8.47831630706787,12.3351850509644,"0km"
5253,2004,8.47831630706787,12.3351850509644,"0km"
5254,2004,8.47831630706787,12.3351850509644,"0km"
5255,2004,8.47831630706787,12.3351850509644,"0km"
5256,2004,8.47831630706787,12.3351850509644,"0km"
5257,2004,8.47831630706787,12.3351850509644,"0km"
5258,2004,8.47831630706787,12.3351850509644,"0km"
5259,2004,8.14999866485596,9.58485698699951,"0km"
5260,2004,8.14999866485596,9.58485698699951,"0km"
5261,2004,8.47831630706787,12.3351850509644,"0km"
5262,2004,8.47831630706787,12.3351850509644,"0km"
5263,2004,8.47831630706787,12.3351850509644,"0km"
5264,2004,8.47831630706787,12.3351850509644,"0km"
5265,2004,8.47831630706787,12.3351850509644,"0km"
5266,2004,8.47831630706787,12.3351850509644,"0km"
5267,2004,8.14999866485596,9.58485698699951,"0km"
5268,2004,8.14999866485596,9.58485698699951,"0km"
5269,2004,8.14999866485596,9.58485698699951,"0km"
5270,2004,8.47831630706787,12.3351850509644,"0km"
5271,2004,8.47831630706787,12.3351850509644,"0km"
5272,2004,8.14999866485596,9.58485698699951,"0km"
5273,2004,8.47831630706787,12.3351850509644,"0km"
5274,2004,8.47831630706787,12.3351850509644,"0km"
5275,2004,8.47831630706787,12.3351850509644,"0km"
5276,2004,8.47831630706787,12.3351850509644,"0km"
5277,2004,8.47831630706787,12.3351850509644,"0km"
5278,2004,8.47831630706787,12.3351850509644,"0km"
5279,2004,8.47831630706787,12.3351850509644,"0km"
5280,2004,8.47831630706787,12.3351850509644,"0km"
5281,2004,8.47831630706787,12.3351850509644,"0km"
5282,2004,8.47831630706787,12.3351850509644,"0km"
5283,2004,8.47831630706787,12.3351850509644,"0km"
5284,2004,8.47831630706787,12.3351850509644,"0km"
5285,2004,8.47831630706787,12.3351850509644,"0km"
5286,2004,8.47831630706787,12.3351850509644,"0km"
5287,2004,8.47831630706787,12.3351850509644,"0km"
5288,2004,8.47831630706787,12.3351850509644,"0km"
5289,2004,8.47831630706787,12.3351850509644,"0km"
5290,2004,8.47831630706787,12.3351850509644,"0km"
5291,2004,8.47831630706787,12.3351850509644,"0km"
5292,2004,8.47831630706787,12.3351850509644,"0km"
5293,2004,8.47831630706787,12.3351850509644,"0km"
5294,2004,8.47831630706787,12.3351850509644,"0km"
5295,2004,8.47831630706787,12.3351850509644,"0km"
5296,2004,8.47831630706787,12.3351850509644,"0km"
5297,2004,8.47831630706787,12.3351850509644,"0km"
5298,2004,8.47831630706787,12.3351850509644,"0km"
5299,2004,8.47831630706787,12.3351850509644,"0km"
5300,2004,8.47831630706787,12.3351850509644,"0km"
5301,2004,8.47831630706787,12.3351850509644,"0km"
5302,2004,8.47831630706787,12.3351850509644,"0km"
5303,2004,8.47831630706787,12.3351850509644,"0km"
5304,2004,8.47831630706787,12.3351850509644,"0km"
5305,2004,8.47831630706787,12.3351850509644,"0km"
5306,2005,8.60405254364014,11.2614212036133,"0km"
5307,2005,8.60405254364014,11.2614212036133,"0km"
5308,2005,8.60405254364014,11.2614212036133,"0km"
5309,2005,8.60405254364014,11.2614212036133,"0km"
5310,2005,8.60405254364014,11.2614212036133,"0km"
5311,2005,8.60405254364014,11.2614212036133,"0km"
5312,2005,8.60405254364014,11.2614212036133,"0km"
5313,2005,8.60405254364014,11.2614212036133,"0km"
5314,2005,8.60405254364014,11.2614212036133,"0km"
5315,2005,8.60405254364014,11.2614212036133,"0km"
5316,2005,8.60405254364014,11.2614212036133,"0km"
5317,2005,8.60405254364014,11.2614212036133,"0km"
5318,2005,8.60405254364014,11.2614212036133,"0km"
5319,2005,8.60405254364014,11.2614212036133,"0km"
5320,2005,8.60405254364014,11.2614212036133,"0km"
5321,2005,8.60405254364014,11.2614212036133,"0km"
5322,2009,8.62553787231445,12.7453536987305,"0km"
5323,2009,8.62553787231445,12.7453536987305,"0km"
5324,2009,8.62553787231445,12.7453536987305,"0km"
5325,2009,8.62553787231445,12.7453536987305,"0km"
5326,2009,8.62553787231445,12.7453536987305,"0km"
5327,2009,8.62553787231445,12.7453536987305,"0km"
5328,2009,8.62553787231445,12.7453536987305,"0km"
5329,2009,8.62553787231445,12.7453536987305,"0km"
5330,2009,8.62553787231445,12.7453536987305,"0km"
5331,2009,8.62553787231445,12.7453536987305,"0km"
5332,2009,8.62553787231445,12.7453536987305,"0km"
5333,2009,8.62553787231445,12.7453536987305,"0km"
5334,2009,8.62553787231445,12.7453536987305,"0km"
5335,2009,8.62553787231445,12.7453536987305,"0km"
5336,2009,8.62553787231445,12.7453536987305,"0km"
5337,2009,8.62553787231445,12.7453536987305,"0km"
5338,2009,8.62553787231445,12.7453536987305,"0km"
5339,2009,8.62553787231445,12.7453536987305,"0km"
5340,2009,8.62553787231445,12.7453536987305,"0km"
5341,2009,8.62553787231445,12.7453536987305,"0km"
5342,2009,8.62553787231445,12.7453536987305,"0km"
5343,2009,8.62553787231445,12.7453536987305,"0km"
5344,2009,8.62553787231445,12.7453536987305,"0km"
5345,2009,8.62553787231445,12.7453536987305,"0km"
5346,2009,8.62553787231445,12.7453536987305,"0km"
5347,2009,8.62553787231445,12.7453536987305,"0km"
5348,2009,8.62553787231445,12.7453536987305,"0km"
5349,2009,8.62553787231445,12.7453536987305,"0km"
5350,2009,8.62553787231445,12.7453536987305,"0km"
5351,2009,8.62553787231445,12.7453536987305,"0km"
5352,2009,8.62553787231445,12.7453536987305,"0km"
5353,2009,8.62553787231445,12.7453536987305,"0km"
5354,2009,8.62553787231445,12.7453536987305,"0km"
5355,2009,8.62553787231445,12.7453536987305,"0km"
5356,2009,8.62553787231445,12.7453536987305,"0km"
5357,2009,8.62553787231445,12.7453536987305,"0km"
5358,2009,8.62553787231445,12.7453536987305,"0km"
5359,2009,8.62553787231445,12.7453536987305,"0km"
5360,2009,8.62553787231445,12.7453536987305,"0km"
5361,2009,8.62553787231445,12.7453536987305,"0km"
5362,2009,8.62553787231445,12.7453536987305,"0km"
5363,2009,8.62553787231445,12.7453536987305,"0km"
5364,2009,8.62553787231445,12.7453536987305,"0km"
5365,2009,8.62553787231445,12.7453536987305,"0km"
5366,2009,8.62553787231445,12.7453536987305,"0km"
5367,2009,8.62553787231445,12.7453536987305,"0km"
5368,2009,8.62553787231445,12.7453536987305,"0km"
5369,2009,8.62553787231445,12.7453536987305,"0km"
5370,2009,8.62553787231445,12.7453536987305,"0km"
5371,2009,8.62553787231445,12.7453536987305,"0km"
5372,2009,8.62553787231445,12.7453536987305,"0km"
5373,2009,8.62553787231445,12.7453536987305,"0km"
5374,2009,8.62553787231445,12.7453536987305,"0km"
5375,2009,8.62553787231445,12.7453536987305,"0km"
5376,2004,8.16592884063721,10.0338449478149,"0km"
5377,2004,8.16592884063721,10.0338449478149,"0km"
5378,2004,8.34885692596436,11.3449201583862,"0km"
5379,2004,8.34885692596436,11.3449201583862,"0km"
5380,2004,8.34885692596436,11.3449201583862,"0km"
5381,2004,8.16592884063721,10.0338449478149,"0km"
5382,2004,8.16592884063721,10.0338449478149,"0km"
5383,2004,8.16592884063721,10.0338449478149,"0km"
5384,2004,8.16592884063721,10.0338449478149,"0km"
5385,2004,8.16592884063721,10.0338449478149,"0km"
5386,2004,8.03872776031494,9.83315563201904,"0km"
5387,2004,8.03872776031494,9.83315563201904,"0km"
5388,2004,8.03872776031494,9.83315563201904,"0km"
5389,2004,8.16592884063721,10.0338449478149,"0km"
5390,2004,8.16592884063721,10.0338449478149,"0km"
5391,2004,8.16592884063721,10.0338449478149,"0km"
5392,2004,8.16592884063721,10.0338449478149,"0km"
5393,2004,8.16592884063721,10.0338449478149,"0km"
5394,2004,8.16592884063721,10.0338449478149,"0km"
5395,2004,8.16592884063721,10.0338449478149,"0km"
5396,2004,8.16592884063721,10.0338449478149,"0km"
5397,2004,8.16592884063721,10.0338449478149,"0km"
5398,2004,8.03872776031494,9.83315563201904,"0km"
5399,2004,8.03872776031494,9.83315563201904,"0km"
5400,2004,8.03872776031494,9.83315563201904,"0km"
5401,2004,8.03872776031494,9.83315563201904,"0km"
5402,2004,8.16592884063721,10.0338449478149,"0km"
5403,2004,8.16592884063721,10.0338449478149,"0km"
5404,2004,8.16592884063721,10.0338449478149,"0km"
5405,2004,8.03872776031494,9.83315563201904,"0km"
5406,2004,8.03872776031494,9.83315563201904,"0km"
5407,2004,8.03872776031494,9.83315563201904,"0km"
5408,2004,8.03872776031494,9.83315563201904,"0km"
5409,2004,8.03872776031494,9.83315563201904,"0km"
5410,2004,8.03872776031494,9.83315563201904,"0km"
5411,2004,8.03872776031494,9.83315563201904,"0km"
5412,2004,8.03872776031494,9.83315563201904,"0km"
5413,2004,8.03872776031494,9.83315563201904,"0km"
5414,2004,8.03872776031494,9.83315563201904,"0km"
5415,2004,8.16592884063721,10.0338449478149,"0km"
5416,2004,8.03872776031494,9.83315563201904,"0km"
5417,2004,8.03872776031494,9.83315563201904,"0km"
5418,2004,8.03872776031494,9.83315563201904,"0km"
5419,2004,8.16592884063721,10.0338449478149,"0km"
5420,2004,8.16592884063721,10.0338449478149,"0km"
5421,2004,8.16592884063721,10.0338449478149,"0km"
5422,2004,8.16592884063721,10.0338449478149,"0km"
5423,2004,8.03872776031494,9.83315563201904,"0km"
5424,2004,8.03872776031494,9.83315563201904,"0km"
5425,2004,8.03872776031494,9.83315563201904,"0km"
5426,2004,8.03872776031494,9.83315563201904,"0km"
5427,2009,NA,NA,"15km"
5428,2009,NA,NA,"15km"
5429,2009,NA,NA,"15km"
5430,2009,NA,NA,"15km"
5431,2017,7.98422193527222,9.0142822265625,"15km"
5432,2017,7.98422193527222,9.0142822265625,"10km"
5433,2017,7.92428350448608,8.95019340515137,"10km"
5434,2017,7.92428350448608,8.95019340515137,"10km"
5435,2017,7.92428350448608,8.95019340515137,"10km"
5436,2017,7.92428350448608,8.95019340515137,"10km"
5437,2017,7.92428350448608,8.95019340515137,"10km"
5438,2017,7.86434507369995,8.88610458374023,"10km"
5439,2017,7.92428350448608,8.95019340515137,"10km"
5440,2017,7.92428350448608,8.95019340515137,"10km"
5441,2017,7.86434507369995,8.88610458374023,"10km"
5442,2017,7.86434507369995,8.88610458374023,"10km"
5443,2017,NA,NA,"15km"
5444,2017,NA,NA,"15km"
5445,2017,9.58180522918701,14.865779876709,"0km"
5446,2017,8.73781561851501,12.3033237457275,"10km"
5447,2017,8.73781561851501,12.3033237457275,"10km"
5448,2017,8.73781561851501,12.3033237457275,"10km"
5449,2017,7.89382600784302,9.74086761474609,"0km"
5450,2017,8.73781561851501,12.3033237457275,"10km"
5451,2017,7.89382600784302,9.74086761474609,"0km"
5452,2017,9.58180522918701,14.865779876709,"0km"
5453,2017,9.58180522918701,14.865779876709,"0km"
5454,2017,9.58180522918701,14.865779876709,"0km"
5455,2017,9.58180522918701,14.865779876709,"0km"
5456,2017,9.58180522918701,14.865779876709,"0km"
5457,2017,9.58180522918701,14.865779876709,"0km"
5458,2017,9.58180522918701,14.865779876709,"0km"
5459,2017,9.58180522918701,14.865779876709,"0km"
5460,2017,10.285927772522,16.2728042602539,"10km"
5461,2017,10.285927772522,16.2728042602539,"10km"
5462,2017,8.73781561851501,12.3033237457275,"10km"
5463,2017,8.73781561851501,12.3033237457275,"10km"
5464,2017,8.73781561851501,12.3033237457275,"10km"
5465,2017,9.58180522918701,14.865779876709,"0km"
5466,2017,10.285927772522,16.2728042602539,"10km"
5467,2017,9.34640038013458,13.7279274463654,"15km"
5468,2017,9.58180522918701,14.865779876709,"0km"
5469,2017,9.58180522918701,14.865779876709,"0km"
5470,2017,8.73781561851501,12.3033237457275,"10km"
5471,2017,9.58180522918701,14.865779876709,"0km"
5472,2017,7.89382600784302,9.74086761474609,"0km"
5473,2017,9.58180522918701,14.865779876709,"0km"
5474,2017,9.58180522918701,14.865779876709,"0km"
5475,2017,9.58180522918701,14.865779876709,"0km"
5476,2017,9.58180522918701,14.865779876709,"0km"
5477,2017,9.58180522918701,14.865779876709,"0km"
5478,2017,8.73781561851501,12.3033237457275,"10km"
5479,2017,9.58180522918701,14.865779876709,"0km"
5480,2017,8.73781561851501,12.3033237457275,"10km"
5481,2017,8.73781561851501,12.3033237457275,"10km"
5482,2017,8.73781561851501,12.3033237457275,"10km"
5483,2017,7.89382600784302,9.74086761474609,"0km"
5484,2017,9.58180522918701,14.865779876709,"0km"
5485,2017,8.73781561851501,12.3033237457275,"10km"
5486,2017,8.73781561851501,12.3033237457275,"10km"
5487,2017,9.58180522918701,14.865779876709,"0km"
5488,2017,9.25339531898499,13.3801385561625,"10km"
5489,2017,8.73781561851501,12.3033237457275,"10km"
5490,2017,9.2170599937439,13.3108005523682,"10km"
5491,2017,9.58180522918701,14.865779876709,"0km"
5492,2017,9.58180522918701,14.865779876709,"0km"
5493,2017,9.58180522918701,14.865779876709,"0km"
5494,2017,9.58180522918701,14.865779876709,"0km"
5495,2017,8.73781561851501,12.3033237457275,"10km"
5496,2017,8.73781561851501,12.3033237457275,"10km"
5497,2017,9.58180522918701,14.865779876709,"10km"
5498,2017,9.93386650085449,15.5692920684814,"15km"
5499,2017,9.93386650085449,15.5692920684814,"15km"
5500,2017,9.93386650085449,15.5692920684814,"15km"
5501,2012,6.75096893310547,11.0182504653931,"0km"
5502,2012,6.75096893310547,11.0182504653931,"0km"
5503,2012,6.75096893310547,11.0182504653931,"0km"
5504,2012,6.98606836795807,10.8972139358521,"10km"
5505,2012,6.98606836795807,10.8972139358521,"10km"
5506,2012,7.19617319107056,10.0184640884399,"0km"
5507,2012,7.19617319107056,10.0184640884399,"0km"
5508,2012,7.19617319107056,10.0184640884399,"0km"
5509,2012,7.19617319107056,10.0184640884399,"0km"
5510,2012,7.19617319107056,10.0184640884399,"0km"
5511,2012,7.19617319107056,10.0184640884399,"0km"
5512,2012,7.19617319107056,10.0184640884399,"0km"
5513,2012,7.19617319107056,10.0184640884399,"0km"
5514,2012,7.19617319107056,10.0184640884399,"0km"
5515,2012,7.19617319107056,10.0184640884399,"0km"
5516,2012,7.19617319107056,10.0184640884399,"0km"
5517,2009,6.02356634140015,11.3622058868408,"10km"
5518,2009,6.02356634140015,11.3622058868408,"10km"
5519,2009,6.02356634140015,11.3622058868408,"10km"
5520,2009,6.02356634140015,11.3622058868408,"10km"
5521,2009,5.98965406417847,11.1032133102417,"10km"
5522,2009,6.02356634140015,11.3622058868408,"15km"
5523,2009,6.02356634140015,11.3622058868408,"15km"
5524,2009,6.02356634140015,11.3622058868408,"15km"
5525,2009,6.02356634140015,11.3622058868408,"15km"
5526,2009,6.02356634140015,11.3622058868408,"10km"
5527,2009,6.02356634140015,11.3622058868408,"10km"
5528,2016,NA,NA,"15km"
5529,2016,6.64635133743286,11.0094604492188,"15km"
5530,2016,6.58199803034465,11.0668357213338,"15km"
5531,2016,6.58199803034465,11.0668357213338,"15km"
5532,2016,6.57411408424377,11.075747013092,"15km"
5533,2016,6.58199803034465,11.0668357213338,"15km"
5534,2016,6.58199803034465,11.0668357213338,"15km"
5535,2016,6.57411408424377,11.075747013092,"15km"
5536,2016,6.58199803034465,11.0668357213338,"15km"
5537,2016,6.64635133743286,11.0094604492188,"15km"
5538,2016,6.58199803034465,11.0668357213338,"15km"
5539,2016,6.57411408424377,11.075747013092,"15km"
5540,2016,6.57411408424377,11.075747013092,"15km"
5541,2016,6.58199803034465,11.0668357213338,"15km"
5542,2016,6.64635133743286,11.0094604492188,"15km"
5543,2016,6.64635133743286,11.0094604492188,"15km"
5544,2016,6.57411408424377,11.075747013092,"15km"
5545,2016,6.64635133743286,11.0094604492188,"15km"
5546,2016,6.64635133743286,11.0094604492188,"15km"
5547,2016,6.57411408424377,11.075747013092,"15km"
5548,2016,6.57411408424377,11.075747013092,"15km"
5549,2016,6.64635133743286,11.0094604492188,"15km"
5550,2016,6.57411408424377,11.075747013092,"15km"
5551,2016,6.58199803034465,11.0668357213338,"15km"
5552,2016,6.64635133743286,11.0094604492188,"15km"
5553,2016,6.64635133743286,11.0094604492188,"15km"
5554,2016,6.57411408424377,11.075747013092,"15km"
5555,2016,6.57411408424377,11.075747013092,"15km"
5556,2016,6.57411408424377,11.075747013092,"15km"
5557,2016,6.58199803034465,11.0668357213338,"15km"
5558,2016,6.64635133743286,11.0094604492188,"15km"
5559,2016,6.57411408424377,11.075747013092,"15km"
5560,2016,6.57411408424377,11.075747013092,"15km"
5561,2016,6.57411408424377,11.075747013092,"15km"
5562,2016,6.57411408424377,11.075747013092,"15km"
5563,2016,6.57411408424377,11.075747013092,"15km"
5564,2016,6.57411408424377,11.075747013092,"15km"
5565,2016,6.57411408424377,11.075747013092,"15km"
5566,2016,6.58199803034465,11.0668357213338,"15km"
5567,2016,6.57411408424377,11.075747013092,"15km"
5568,2016,6.57411408424377,11.075747013092,"15km"
5569,2016,6.58199803034465,11.0668357213338,"15km"
5570,2016,6.58199803034465,11.0668357213338,"15km"
5571,2015,8.07882976531982,14.0915861129761,"0km"
5572,2015,8.07882976531982,14.0915861129761,"0km"
5573,2015,8.07882976531982,14.0915861129761,"0km"
5574,2015,8.35496044158936,13.8286390304565,"0km"
5575,2015,8.35496044158936,13.8286390304565,"0km"
5576,2015,8.35496044158936,13.8286390304565,"0km"
5577,2015,8.35496044158936,13.8286390304565,"0km"
5578,2015,8.35496044158936,13.8286390304565,"0km"
5579,2015,8.35496044158936,13.8286390304565,"0km"
5580,2015,8.35496044158936,13.8286390304565,"0km"
5581,2015,8.35496044158936,13.8286390304565,"0km"
5582,2015,8.35496044158936,13.8286390304565,"0km"
5583,2015,8.35496044158936,13.8286390304565,"0km"
5584,2015,8.35496044158936,13.8286390304565,"0km"
5585,2015,8.50907897949219,13.7275609970093,"0km"
5586,2015,8.50907897949219,13.7275609970093,"0km"
5587,2015,8.33213329315186,13.8681907653809,"0km"
5588,2015,8.33213329315186,13.8681907653809,"0km"
5589,2015,8.33213329315186,13.8681907653809,"0km"
5590,2015,8.33213329315186,13.8681907653809,"0km"
5591,2015,8.33213329315186,13.8681907653809,"0km"
5592,2015,8.33213329315186,13.8681907653809,"0km"
5593,2015,8.33213329315186,13.8681907653809,"0km"
5594,2015,8.33213329315186,13.8681907653809,"0km"
5595,2015,8.50907897949219,13.7275609970093,"0km"
5596,2015,8.50907897949219,13.7275609970093,"0km"
5597,2015,8.50907897949219,13.7275609970093,"0km"
5598,2015,8.50907897949219,13.7275609970093,"0km"
5599,2015,8.50907897949219,13.7275609970093,"0km"
5600,2015,8.50907897949219,13.7275609970093,"0km"
5601,2015,8.50907897949219,13.7275609970093,"0km"
5602,2015,8.33213329315186,13.8681907653809,"0km"
5603,2015,8.33213329315186,13.8681907653809,"0km"
5604,2015,8.33213329315186,13.8681907653809,"0km"
5605,2015,8.33213329315186,13.8681907653809,"0km"
5606,2015,8.33213329315186,13.8681907653809,"0km"
5607,2015,8.33213329315186,13.8681907653809,"0km"
5608,2015,8.33213329315186,13.8681907653809,"0km"
5609,2015,8.33213329315186,13.8681907653809,"0km"
5610,2015,8.33213329315186,13.8681907653809,"0km"
5611,2015,8.33213329315186,13.8681907653809,"0km"
5612,2015,8.33213329315186,13.8681907653809,"0km"
5613,2015,8.33213329315186,13.8681907653809,"0km"
5614,2015,8.33213329315186,13.8681907653809,"0km"
5615,2015,8.33213329315186,13.8681907653809,"0km"
5616,2015,8.33213329315186,13.8681907653809,"0km"
5617,2015,8.00448608398438,14.1018400192261,"0km"
5618,2015,8.00448608398438,14.1018400192261,"0km"
5619,2015,8.00448608398438,14.1018400192261,"0km"
5620,2015,8.00448608398438,14.1018400192261,"0km"
5621,2015,8.00448608398438,14.1018400192261,"0km"
5622,2015,8.00448608398438,14.1018400192261,"0km"
5623,2015,7.72383785247803,14.287148475647,"0km"
5624,2015,7.80629920959473,14.2615127563477,"0km"
5625,2015,7.80629920959473,14.2615127563477,"0km"
5626,2015,7.80629920959473,14.2615127563477,"0km"
5627,2015,7.65852832794189,14.3867607116699,"0km"
5628,2015,7.65852832794189,14.3867607116699,"0km"
5629,2015,8.15500354766846,10.7450485229492,"0km"
5630,2015,8.15500354766846,10.7450485229492,"0km"
5631,2015,8.15500354766846,10.7450485229492,"0km"
5632,2015,8.15500354766846,10.7450485229492,"0km"
5633,2015,8.15500354766846,10.7450485229492,"0km"
5634,2015,8.15500354766846,10.7450485229492,"0km"
5635,2015,8.15500354766846,10.7450485229492,"0km"
5636,2015,8.83361339569092,11.8796043395996,"0km"
5637,2015,8.83361339569092,11.8796043395996,"0km"
5638,2015,8.83361339569092,11.8796043395996,"0km"
5639,2015,8.15500354766846,10.7450485229492,"0km"
5640,2015,8.15500354766846,10.7450485229492,"0km"
5641,2015,8.15500354766846,10.7450485229492,"0km"
5642,2015,8.15500354766846,10.7450485229492,"0km"
5643,2015,8.15500354766846,10.7450485229492,"0km"
5644,2015,8.15500354766846,10.7450485229492,"0km"
5645,2015,8.15500354766846,10.7450485229492,"0km"
5646,2015,8.15500354766846,10.7450485229492,"0km"
5647,2015,8.15500354766846,10.7450485229492,"0km"
5648,2015,8.15500354766846,10.7450485229492,"0km"
5649,2015,8.15500354766846,10.7450485229492,"0km"
5650,2015,8.15500354766846,10.7450485229492,"0km"
5651,2015,8.83361339569092,11.8796043395996,"0km"
5652,2015,8.83361339569092,11.8796043395996,"0km"
5653,2015,8.83361339569092,11.8796043395996,"0km"
5654,2015,8.15500354766846,10.7450485229492,"0km"
5655,2015,8.15500354766846,10.7450485229492,"0km"
5656,2015,8.15500354766846,10.7450485229492,"0km"
5657,2015,8.15500354766846,10.7450485229492,"0km"
5658,2015,8.83361339569092,11.8796043395996,"0km"
5659,2015,8.83361339569092,11.8796043395996,"0km"
5660,2015,8.83361339569092,11.8796043395996,"0km"
5661,2015,8.83361339569092,11.8796043395996,"0km"
5662,2015,8.15500354766846,10.7450485229492,"0km"
5663,2015,8.15500354766846,10.7450485229492,"0km"
5664,2015,8.15500354766846,10.7450485229492,"0km"
5665,2015,8.15500354766846,10.7450485229492,"0km"
5666,2015,8.15500354766846,10.7450485229492,"0km"
5667,2015,8.83361339569092,11.8796043395996,"0km"
5668,2015,8.83361339569092,11.8796043395996,"0km"
5669,2015,8.15500354766846,10.7450485229492,"0km"
5670,2015,8.83361339569092,11.8796043395996,"0km"
5671,2015,8.83361339569092,11.8796043395996,"0km"
5672,2015,8.83361339569092,11.8796043395996,"0km"
5673,2015,8.15500354766846,10.7450485229492,"0km"
5674,2015,8.83361339569092,11.8796043395996,"0km"
5675,2015,8.83361339569092,11.8796043395996,"0km"
5676,2015,8.83361339569092,11.8796043395996,"0km"
5677,2015,8.83361339569092,11.8796043395996,"0km"
5678,2015,8.15500354766846,10.7450485229492,"0km"
5679,2015,8.15500354766846,10.7450485229492,"0km"
5680,2015,8.15500354766846,10.7450485229492,"0km"
5681,2015,8.15500354766846,10.7450485229492,"0km"
5682,2015,8.83361339569092,11.8796043395996,"0km"
5683,2015,8.83361339569092,11.8796043395996,"0km"
5684,2015,8.83361339569092,11.8796043395996,"0km"
5685,2015,8.83361339569092,11.8796043395996,"0km"
5686,2015,8.15500354766846,10.7450485229492,"0km"
5687,2015,8.83361339569092,11.8796043395996,"0km"
5688,2015,8.83361339569092,11.8796043395996,"0km"
5689,2015,8.15500354766846,10.7450485229492,"0km"
5690,2015,8.40147113800049,11.4892120361328,"0km"
5691,2015,8.40147113800049,11.4892120361328,"0km"
5692,2015,8.40147113800049,11.4892120361328,"0km"
5693,2015,8.40147113800049,11.4892120361328,"0km"
5694,2015,8.40147113800049,11.4892120361328,"0km"
5695,2015,8.40147113800049,11.4892120361328,"0km"
5696,2015,8.40147113800049,11.4892120361328,"0km"
5697,2015,8.40147113800049,11.4892120361328,"0km"
5698,2015,8.40147113800049,11.4892120361328,"0km"
5699,2015,8.40147113800049,11.4892120361328,"0km"
5700,2015,8.40147113800049,11.4892120361328,"0km"
5701,2015,8.40147113800049,11.4892120361328,"0km"
5702,2015,8.40147113800049,11.4892120361328,"0km"
5703,2015,8.40147113800049,11.4892120361328,"0km"
5704,2015,8.40147113800049,11.4892120361328,"0km"
5705,2015,8.40147113800049,11.4892120361328,"0km"
5706,2015,8.40147113800049,11.4892120361328,"0km"
5707,2015,8.40147113800049,11.4892120361328,"0km"
5708,2015,8.40147113800049,11.4892120361328,"0km"
5709,2015,8.40147113800049,11.4892120361328,"0km"
5710,2015,8.40147113800049,11.4892120361328,"0km"
5711,2015,7.98574781417847,9.5562915802002,"0km"
5712,2015,7.98574781417847,9.5562915802002,"0km"
5713,2015,8.40147113800049,11.4892120361328,"0km"
5714,2015,8.40147113800049,11.4892120361328,"0km"
5715,2015,8.40147113800049,11.4892120361328,"0km"
5716,2015,7.98574781417847,9.5562915802002,"0km"
5717,2015,7.98574781417847,9.5562915802002,"0km"
5718,2015,7.98574781417847,9.5562915802002,"0km"
5719,2015,7.98574781417847,9.5562915802002,"0km"
5720,2015,8.40147113800049,11.4892120361328,"0km"
5721,2015,8.40147113800049,11.4892120361328,"0km"
5722,2015,8.40147113800049,11.4892120361328,"0km"
5723,2015,8.40147113800049,11.4892120361328,"0km"
5724,2015,7.98574781417847,9.5562915802002,"0km"
5725,2015,7.98574781417847,9.5562915802002,"0km"
5726,2015,7.98574781417847,9.5562915802002,"0km"
5727,2015,7.98574781417847,9.5562915802002,"0km"
5728,2015,7.98574781417847,9.5562915802002,"0km"
5729,2015,8.40147113800049,11.4892120361328,"0km"
5730,2015,8.40147113800049,11.4892120361328,"0km"
5731,2015,8.40147113800049,11.4892120361328,"0km"
5732,2015,8.40147113800049,11.4892120361328,"0km"
5733,2015,8.40147113800049,11.4892120361328,"0km"
5734,2015,7.98574781417847,9.5562915802002,"0km"
5735,2015,7.98574781417847,9.5562915802002,"0km"
5736,2015,7.98574781417847,9.5562915802002,"0km"
5737,2015,7.98574781417847,9.5562915802002,"0km"
5738,2015,7.98574781417847,9.5562915802002,"0km"
5739,2015,7.98574781417847,9.5562915802002,"0km"
5740,2015,7.98574781417847,9.5562915802002,"0km"
5741,2015,7.98574781417847,9.5562915802002,"0km"
5742,2015,7.98574781417847,9.5562915802002,"0km"
5743,2015,7.98574781417847,9.5562915802002,"0km"
5744,2015,7.98574781417847,9.5562915802002,"0km"
5745,2015,7.98574781417847,9.5562915802002,"0km"
5746,2015,7.98574781417847,9.5562915802002,"0km"
5747,2015,7.98574781417847,9.5562915802002,"0km"
5748,2015,7.98574781417847,9.5562915802002,"0km"
5749,2015,7.98574781417847,9.5562915802002,"0km"
5750,2015,7.98574781417847,9.5562915802002,"0km"
5751,2015,7.98574781417847,9.5562915802002,"0km"
5752,2015,7.98574781417847,9.5562915802002,"0km"
5753,2015,7.98574781417847,9.5562915802002,"0km"
5754,2015,7.98574781417847,9.5562915802002,"0km"
5755,2015,7.98574781417847,9.5562915802002,"0km"
5756,2015,7.98574781417847,9.5562915802002,"0km"
5757,2015,7.98574781417847,9.5562915802002,"0km"
5758,2015,7.98574781417847,9.5562915802002,"0km"
5759,2015,7.98574781417847,9.5562915802002,"0km"
5760,2015,7.98574781417847,9.5562915802002,"0km"
5761,2015,7.98574781417847,9.5562915802002,"0km"
5762,2015,7.98574781417847,9.5562915802002,"0km"
5763,2015,7.98574781417847,9.5562915802002,"0km"
5764,2015,7.98574781417847,9.5562915802002,"0km"
5765,2015,7.98574781417847,9.5562915802002,"0km"
5766,2015,7.98574781417847,9.5562915802002,"0km"
5767,2015,7.98574781417847,9.5562915802002,"0km"
5768,2015,7.98574781417847,9.5562915802002,"0km"
5769,2015,7.98574781417847,9.5562915802002,"0km"
5770,2015,7.98574781417847,9.5562915802002,"0km"
5771,2015,7.98574781417847,9.5562915802002,"0km"
5772,2015,8.77782535552979,12.1524395942688,"10km"
5773,2015,8.77782535552979,12.1524395942688,"10km"
5774,2015,8.77782535552979,12.1524395942688,"10km"
5775,2015,8.77782535552979,12.1524395942688,"10km"
5776,2015,8.77782535552979,12.1524395942688,"10km"
5777,2015,8.77782535552979,12.1524395942688,"10km"
5778,2015,8.77782535552979,12.1524395942688,"10km"
5779,2015,8.77782535552979,12.1524395942688,"10km"
5780,2015,8.77782535552979,12.1524395942688,"10km"
5781,2015,8.77782535552979,12.1524395942688,"10km"
5782,2015,8.77782535552979,12.1524395942688,"10km"
5783,2015,8.77782535552979,12.1524395942688,"10km"
5784,2015,8.77782535552979,12.1524395942688,"10km"
5785,2015,8.77782535552979,12.1524395942688,"10km"
5786,2015,8.77782535552979,12.1524395942688,"10km"
5787,2015,8.77782535552979,12.1524395942688,"10km"
5788,2015,8.77782535552979,12.1524395942688,"10km"
5789,2015,8.77782535552979,12.1524395942688,"10km"
5790,2015,8.77782535552979,12.1524395942688,"10km"
5791,2015,8.77782535552979,12.1524395942688,"10km"
5792,2015,8.77782535552979,12.1524395942688,"10km"
5793,2015,8.77782535552979,12.1524395942688,"10km"
5794,2015,8.77782535552979,12.1524395942688,"10km"
5795,2015,8.77782535552979,12.1524395942688,"10km"
5796,2015,8.77782535552979,12.1524395942688,"10km"
5797,2015,8.77782535552979,12.1524395942688,"10km"
5798,2015,8.77782535552979,12.1524395942688,"10km"
5799,2015,8.77782535552979,12.1524395942688,"10km"
5800,2015,8.77782535552979,12.1524395942688,"10km"
5801,2015,8.77782535552979,12.1524395942688,"10km"
5802,2015,8.77782535552979,12.1524395942688,"10km"
5803,2015,8.77782535552979,12.1524395942688,"10km"
5804,2015,8.77782535552979,12.1524395942688,"10km"
5805,2015,8.77782535552979,12.1524395942688,"10km"
5806,2015,8.77782535552979,12.1524395942688,"10km"
5807,2015,8.77782535552979,12.1524395942688,"10km"
5808,2015,8.77782535552979,12.1524395942688,"10km"
5809,2015,8.77782535552979,12.1524395942688,"10km"
5810,2015,8.77782535552979,12.1524395942688,"10km"
5811,2015,8.77782535552979,12.1524395942688,"10km"
5812,2015,8.77782535552979,12.1524395942688,"10km"
5813,2015,8.77782535552979,12.1524395942688,"10km"
5814,2015,8.77782535552979,12.1524395942688,"10km"
5815,2015,8.77782535552979,12.1524395942688,"10km"
5816,2015,8.20511531829834,11.2006282806396,"0km"
5817,2015,8.20511531829834,11.2006282806396,"0km"
5818,2015,8.20511531829834,11.2006282806396,"0km"
5819,2015,8.20511531829834,11.2006282806396,"0km"
5820,2015,8.20511531829834,11.2006282806396,"0km"
5821,2015,8.20511531829834,11.2006282806396,"0km"
5822,2015,8.20511531829834,11.2006282806396,"0km"
5823,2015,8.20511531829834,11.2006282806396,"0km"
5824,2015,8.20511531829834,11.2006282806396,"0km"
5825,2015,8.20511531829834,11.2006282806396,"0km"
5826,2015,8.20511531829834,11.2006282806396,"0km"
5827,2015,8.20511531829834,11.2006282806396,"0km"
5828,2015,8.20511531829834,11.2006282806396,"0km"
5829,2015,8.20511531829834,11.2006282806396,"0km"
5830,2015,8.20511531829834,11.2006282806396,"0km"
5831,2015,8.20511531829834,11.2006282806396,"0km"
5832,2015,8.20511531829834,11.2006282806396,"0km"
5833,2015,8.20511531829834,11.2006282806396,"0km"
5834,2015,8.20511531829834,11.2006282806396,"0km"
5835,2015,8.20511531829834,11.2006282806396,"0km"
5836,2015,8.20511531829834,11.2006282806396,"0km"
5837,2015,8.20511531829834,11.2006282806396,"0km"
5838,2015,8.20511531829834,11.2006282806396,"0km"
5839,2015,8.20511531829834,11.2006282806396,"0km"
5840,2015,8.20511531829834,11.2006282806396,"0km"
5841,2015,8.20511531829834,11.2006282806396,"0km"
5842,2015,8.20511531829834,11.2006282806396,"0km"
5843,2015,8.20511531829834,11.2006282806396,"0km"
5844,2015,8.20511531829834,11.2006282806396,"0km"
5845,2015,8.20511531829834,11.2006282806396,"0km"
5846,2015,8.20511531829834,11.2006282806396,"0km"
5847,2015,8.20511531829834,11.2006282806396,"0km"
5848,2015,8.20511531829834,11.2006282806396,"0km"
5849,2015,8.20511531829834,11.2006282806396,"0km"
5850,2015,8.20511531829834,11.2006282806396,"0km"
5851,2015,8.20511531829834,11.2006282806396,"0km"
5852,2015,8.20511531829834,11.2006282806396,"0km"
5853,2015,8.20511531829834,11.2006282806396,"0km"
5854,2015,8.20511531829834,11.2006282806396,"0km"
5855,2015,8.20511531829834,11.2006282806396,"0km"
5856,2015,8.20511531829834,11.2006282806396,"0km"
5857,2015,8.20511531829834,11.2006282806396,"0km"
5858,2015,8.20511531829834,11.2006282806396,"0km"
5859,2015,8.20511531829834,11.2006282806396,"0km"
5860,2015,8.20511531829834,11.2006282806396,"0km"
5861,2015,8.20511531829834,11.2006282806396,"0km"
5862,2015,8.20511531829834,11.2006282806396,"0km"
5863,2015,8.20511531829834,11.2006282806396,"0km"
5864,2015,8.20511531829834,11.2006282806396,"0km"
5865,2015,8.20511531829834,11.2006282806396,"0km"
5866,2015,8.20511531829834,11.2006282806396,"0km"
5867,2015,8.20511531829834,11.2006282806396,"0km"
5868,2015,8.20511531829834,11.2006282806396,"0km"
5869,2015,8.20511531829834,11.2006282806396,"0km"
5870,2015,8.20511531829834,11.2006282806396,"0km"
5871,2015,8.20511531829834,11.2006282806396,"0km"
5872,2015,8.20511531829834,11.2006282806396,"0km"
5873,2015,8.20511531829834,11.2006282806396,"0km"
5874,2015,8.20511531829834,11.2006282806396,"0km"
5875,2015,8.20511531829834,11.2006282806396,"0km"
5876,2015,8.20511531829834,11.2006282806396,"0km"
5877,2015,8.15823841094971,11.125186920166,"0km"
5878,2015,8.15823841094971,11.125186920166,"0km"
5879,2015,8.68529319763184,11.9740896224976,"0km"
5880,2015,8.68529319763184,11.9740896224976,"0km"
5881,2015,8.68529319763184,11.9740896224976,"0km"
5882,2015,8.68529319763184,11.9740896224976,"0km"
5883,2015,8.68529319763184,11.9740896224976,"0km"
5884,2015,8.68529319763184,11.9740896224976,"0km"
5885,2015,8.68529319763184,11.9740896224976,"0km"
5886,2015,8.68529319763184,11.9740896224976,"0km"
5887,2015,8.68529319763184,11.9740896224976,"0km"
5888,2015,8.68529319763184,11.9740896224976,"0km"
5889,2015,8.68529319763184,11.9740896224976,"0km"
5890,2015,8.68529319763184,11.9740896224976,"0km"
5891,2015,8.68529319763184,11.9740896224976,"0km"
5892,2015,8.68529319763184,11.9740896224976,"0km"
5893,2015,8.68529319763184,11.9740896224976,"0km"
5894,2015,8.68529319763184,11.9740896224976,"0km"
5895,2015,8.68529319763184,11.9740896224976,"0km"
5896,2015,8.68529319763184,11.9740896224976,"0km"
5897,2015,8.68529319763184,11.9740896224976,"0km"
5898,2015,8.68529319763184,11.9740896224976,"0km"
5899,2015,8.68529319763184,11.9740896224976,"0km"
5900,2015,8.68529319763184,11.9740896224976,"0km"
5901,2015,8.68529319763184,11.9740896224976,"0km"
5902,2015,8.68529319763184,11.9740896224976,"0km"
5903,2015,8.68529319763184,11.9740896224976,"0km"
5904,2015,8.68529319763184,11.9740896224976,"0km"
5905,2015,8.68529319763184,11.9740896224976,"0km"
5906,2015,8.68529319763184,11.9740896224976,"0km"
5907,2015,8.68529319763184,11.9740896224976,"0km"
5908,2015,8.68529319763184,11.9740896224976,"0km"
5909,2015,8.68529319763184,11.9740896224976,"0km"
5910,2015,8.68529319763184,11.9740896224976,"0km"
5911,2015,8.68529319763184,11.9740896224976,"0km"
5912,2015,8.68529319763184,11.9740896224976,"0km"
5913,2015,8.68529319763184,11.9740896224976,"0km"
5914,2015,8.68529319763184,11.9740896224976,"0km"
5915,2015,8.68529319763184,11.9740896224976,"0km"
5916,2015,8.68529319763184,11.9740896224976,"0km"
5917,2015,8.68529319763184,11.9740896224976,"0km"
5918,2015,8.68529319763184,11.9740896224976,"0km"
5919,2015,8.68529319763184,11.9740896224976,"0km"
5920,2015,8.68529319763184,11.9740896224976,"0km"
5921,2015,8.68529319763184,11.9740896224976,"0km"
5922,2015,8.68529319763184,11.9740896224976,"0km"
5923,2015,8.68529319763184,11.9740896224976,"0km"
5924,2015,8.68529319763184,11.9740896224976,"0km"
5925,2015,8.68529319763184,11.9740896224976,"0km"
5926,2015,8.68529319763184,11.9740896224976,"0km"
5927,2015,8.68529319763184,11.9740896224976,"0km"
5928,2015,8.68529319763184,11.9740896224976,"0km"
5929,2015,8.68529319763184,11.9740896224976,"0km"
5930,2015,8.68529319763184,11.9740896224976,"0km"
5931,2015,8.68529319763184,11.9740896224976,"0km"
5932,2015,8.68529319763184,11.9740896224976,"0km"
5933,2015,8.68529319763184,11.9740896224976,"0km"
5934,2015,8.68529319763184,11.9740896224976,"0km"
5935,2015,8.68529319763184,11.9740896224976,"0km"
5936,2015,8.68529319763184,11.9740896224976,"0km"
5937,2015,8.38438034057617,11.3427228927612,"0km"
5938,2015,8.38438034057617,11.3427228927612,"0km"
5939,2015,8.34754490852356,10.6978054046631,"10km"
5940,2015,8.18100535869598,10.7626268863678,"10km"
5941,2015,8.18100535869598,10.7626268863678,"10km"
5942,2015,8.18100535869598,10.7626268863678,"10km"
5943,2015,8.18100535869598,10.7626268863678,"10km"
5944,2014,9.62916946411133,14.4226512908936,"0km"
5945,2014,9.62916946411133,14.4226512908936,"0km"
5946,2014,9.62916946411133,14.4226512908936,"0km"
5947,2014,9.62916946411133,14.4226512908936,"0km"
5948,2014,9.62916946411133,14.4226512908936,"0km"
5949,2014,9.62916946411133,14.4226512908936,"0km"
5950,2014,9.62916946411133,14.4226512908936,"0km"
5951,2014,9.62916946411133,14.4226512908936,"0km"
5952,2014,9.62916946411133,14.4226512908936,"0km"
5953,2014,9.62916946411133,14.4226512908936,"0km"
5954,2014,9.62916946411133,14.4226512908936,"0km"
5955,2014,9.62916946411133,14.4226512908936,"0km"
5956,2014,9.62916946411133,14.4226512908936,"0km"
5957,2014,9.62916946411133,14.4226512908936,"0km"
5958,2014,9.62916946411133,14.4226512908936,"0km"
5959,2014,9.62916946411133,14.4226512908936,"0km"
5960,2014,8.50309753417969,13.5063629150391,"0km"
5961,2014,9.53181552886963,13.3261814117432,"0km"
5962,2014,8.50309753417969,13.5063629150391,"0km"
5963,2014,8.50309753417969,13.5063629150391,"0km"
5964,2014,8.50309753417969,13.5063629150391,"0km"
5965,2014,8.50309753417969,13.5063629150391,"0km"
5966,2014,8.50309753417969,13.5063629150391,"0km"
5967,2014,8.50309753417969,13.5063629150391,"0km"
5968,2014,8.50309753417969,13.5063629150391,"0km"
5969,2014,8.50309753417969,13.5063629150391,"0km"
5970,2014,8.50309753417969,13.5063629150391,"0km"
5971,2014,8.50309753417969,13.5063629150391,"0km"
5972,2014,8.50309753417969,13.5063629150391,"0km"
5973,2014,8.50309753417969,13.5063629150391,"0km"
5974,2014,8.50309753417969,13.5063629150391,"0km"
5975,2014,8.50309753417969,13.5063629150391,"0km"
5976,2014,8.50309753417969,13.5063629150391,"0km"
5977,2014,9.53181552886963,13.3261814117432,"0km"
5978,2014,9.53181552886963,13.3261814117432,"0km"
5979,2014,8.50309753417969,13.5063629150391,"0km"
5980,2014,9.53181552886963,13.3261814117432,"0km"
5981,2014,8.50309753417969,13.5063629150391,"0km"
5982,2014,9.53181552886963,13.3261814117432,"0km"
5983,2014,8.50309753417969,13.5063629150391,"0km"
5984,2014,8.50309753417969,13.5063629150391,"0km"
5985,2014,8.50309753417969,13.5063629150391,"0km"
5986,2014,8.50309753417969,13.5063629150391,"0km"
5987,2014,8.50309753417969,13.5063629150391,"0km"
5988,2014,8.50309753417969,13.5063629150391,"0km"
5989,2014,8.50309753417969,13.5063629150391,"0km"
5990,2014,9.53181552886963,13.3261814117432,"0km"
5991,2014,9.53181552886963,13.3261814117432,"0km"
5992,2014,9.62916946411133,14.4226512908936,"0km"
5993,2014,9.62916946411133,14.4226512908936,"0km"
5994,2014,9.62916946411133,14.4226512908936,"0km"
5995,2014,9.62916946411133,14.4226512908936,"0km"
5996,2014,9.62916946411133,14.4226512908936,"0km"
5997,2014,9.62916946411133,14.4226512908936,"0km"
5998,2014,9.62916946411133,14.4226512908936,"0km"
5999,2014,9.62916946411133,14.4226512908936,"0km"
6000,2014,9.62916946411133,14.4226512908936,"0km"
6001,2014,9.62916946411133,14.4226512908936,"0km"
6002,2014,9.62916946411133,14.4226512908936,"0km"
6003,2014,9.62916946411133,14.4226512908936,"0km"
6004,2014,9.62916946411133,14.4226512908936,"0km"
6005,2014,9.62916946411133,14.4226512908936,"0km"
6006,2014,9.62916946411133,14.4226512908936,"0km"
6007,2014,9.62916946411133,14.4226512908936,"0km"
6008,2014,7.69533395767212,11.3720207214355,"0km"
6009,2014,7.69533395767212,11.3720207214355,"0km"
6010,2014,9.62916946411133,14.4226512908936,"0km"
6011,2014,7.69533395767212,11.3720207214355,"0km"
6012,2015,9.03314304351807,12.7167882919312,"0km"
6013,2015,9.03314304351807,12.7167882919312,"0km"
6014,2015,9.03314304351807,12.7167882919312,"0km"
6015,2015,9.03314304351807,12.7167882919312,"0km"
6016,2015,9.03314304351807,12.7167882919312,"0km"
6017,2015,9.03314304351807,12.7167882919312,"0km"
6018,2015,9.03314304351807,12.7167882919312,"0km"
6019,2015,9.03314304351807,12.7167882919312,"0km"
6020,2015,9.03314304351807,12.7167882919312,"0km"
6021,2015,9.03314304351807,12.7167882919312,"0km"
6022,2015,9.03314304351807,12.7167882919312,"0km"
6023,2015,9.03314304351807,12.7167882919312,"0km"
6024,2015,9.03314304351807,12.7167882919312,"0km"
6025,2015,9.03314304351807,12.7167882919312,"0km"
6026,2015,9.03314304351807,12.7167882919312,"0km"
6027,2015,9.03314304351807,12.7167882919312,"0km"
6028,2015,9.03314304351807,12.7167882919312,"0km"
6029,2015,9.03314304351807,12.7167882919312,"0km"
6030,2015,9.03314304351807,12.7167882919312,"0km"
6031,2015,9.03314304351807,12.7167882919312,"0km"
6032,2015,9.03314304351807,12.7167882919312,"0km"
6033,2015,9.03314304351807,12.7167882919312,"0km"
6034,2015,9.03314304351807,12.7167882919312,"0km"
6035,2015,9.03314304351807,12.7167882919312,"0km"
6036,2008,NA,NA,"15km"
6037,2008,NA,NA,"15km"
6038,2008,NA,NA,"15km"
6039,2008,NA,NA,"15km"
6040,2008,NA,NA,"15km"
6041,2008,NA,NA,"15km"
6042,2008,NA,NA,"15km"
6043,2008,NA,NA,"15km"
6044,2008,NA,NA,"15km"
6045,2008,NA,NA,"15km"
6046,2008,NA,NA,"15km"
6047,2008,NA,NA,"15km"
6048,2008,NA,NA,"15km"
6049,2008,NA,NA,"15km"
6050,2008,NA,NA,"15km"
6051,2008,NA,NA,"15km"
6052,2008,NA,NA,"15km"
6053,2008,NA,NA,"15km"
6054,2008,6.94030570983887,10.542160987854,"0km"
6055,2008,6.89361238479614,11.1757259368896,"0km"
6056,2008,6.89361238479614,11.1757259368896,"0km"
6057,2008,6.89361238479614,11.1757259368896,"0km"
6058,2008,6.89361238479614,11.1757259368896,"0km"
6059,2008,6.89361238479614,11.1757259368896,"0km"
6060,2008,6.89361238479614,11.1757259368896,"0km"
6061,2008,6.89361238479614,11.1757259368896,"0km"
6062,2008,6.89361238479614,11.1757259368896,"0km"
6063,2008,6.93914604187012,9.87051010131836,"0km"
6064,2008,6.65465259552002,11.3646965026855,"0km"
6065,2008,6.65465259552002,11.3646965026855,"0km"
6066,2008,6.65465259552002,11.3646965026855,"0km"
6067,2008,6.7150182723999,11.3214820226034,"15km"
6068,2008,6.7150182723999,11.3214820226034,"15km"
6069,2008,6.71675777435303,11.3277077674866,"15km"
6070,2008,6.94030570983887,10.542160987854,"0km"
6071,2008,6.94030570983887,10.542160987854,"0km"
6072,2008,6.94030570983887,10.542160987854,"0km"
6073,2008,6.93768119812012,9.86172103881836,"0km"
6074,2008,6.93914604187012,9.87051010131836,"0km"
6075,2008,6.93914604187012,9.87051010131836,"0km"
6076,2008,6.93914604187012,9.87051010131836,"0km"
6077,2008,6.93914604187012,9.87051010131836,"0km"
6078,2008,6.93914604187012,9.87051010131836,"0km"
6079,2008,6.93914604187012,9.87051010131836,"0km"
6080,2008,6.93914604187012,9.87051010131836,"0km"
6081,2008,6.93768119812012,9.86172103881836,"0km"
6082,2008,6.93914604187012,9.87051010131836,"0km"
6083,2008,6.93914604187012,9.87051010131836,"0km"
6084,2008,6.93914604187012,9.87051010131836,"0km"
6085,2008,6.93768119812012,9.86172103881836,"0km"
6086,2008,6.93768119812012,9.86172103881836,"0km"
6087,2008,6.93768119812012,9.86172103881836,"0km"
6088,2008,6.93768119812012,9.86172103881836,"0km"
6089,2008,6.93914604187012,9.87051010131836,"0km"
6090,2008,6.93768119812012,9.86172103881836,"0km"
6091,2008,6.93914604187012,9.87051010131836,"0km"
6092,2008,6.93768119812012,9.86172103881836,"0km"
6093,2008,6.93914604187012,9.87051010131836,"0km"
6094,2008,6.93914604187012,9.87051010131836,"0km"
6095,2008,6.93914604187012,9.87051010131836,"0km"
6096,2008,6.93768119812012,9.86172103881836,"0km"
6097,2008,6.93914604187012,9.87051010131836,"0km"
6098,2008,6.93914604187012,9.87051010131836,"0km"
6099,2008,6.93768119812012,9.86172103881836,"0km"
6100,2008,6.93768119812012,9.86172103881836,"0km"
6101,2008,6.93914604187012,9.87051010131836,"0km"
6102,2008,6.93914604187012,9.87051010131836,"0km"
6103,2008,6.93768119812012,9.86172103881836,"0km"
6104,2008,6.90185260772705,9.68227195739746,"0km"
6105,2008,6.90185260772705,9.68227195739746,"0km"
6106,2008,6.90185260772705,9.68227195739746,"0km"
6107,2008,6.90185260772705,9.68227195739746,"0km"
6108,2008,6.90185260772705,9.68227195739746,"0km"
6109,2008,6.90185260772705,9.68227195739746,"0km"
6110,2008,6.90185260772705,9.68227195739746,"0km"
6111,2008,6.84911632537842,9.48084926605225,"0km"
6112,2008,6.90185260772705,9.68227195739746,"0km"
6113,2008,6.90185260772705,9.68227195739746,"0km"
6114,2008,6.90185260772705,9.68227195739746,"0km"
6115,2008,6.75542449951172,10.1590929031372,"0km"
6116,2008,6.84911632537842,9.48084926605225,"0km"
6117,2008,6.84911632537842,9.48084926605225,"0km"
6118,2008,6.90185260772705,9.68227195739746,"0km"
6119,2008,6.90185260772705,9.68227195739746,"0km"
6120,2008,6.84911632537842,9.48084926605225,"0km"
6121,2008,6.84911632537842,9.48084926605225,"0km"
6122,2008,6.84911632537842,9.48084926605225,"0km"
6123,2008,6.84911632537842,9.48084926605225,"0km"
6124,2008,6.84911632537842,9.48084926605225,"0km"
6125,2008,6.84911632537842,9.48084926605225,"0km"
6126,2009,7.23969221115112,11.2929162979126,"0km"
6127,2009,7.23969221115112,11.2929162979126,"0km"
6128,2009,7.03137302398682,12.7841730117798,"0km"
6129,2009,7.03137302398682,12.7841730117798,"0km"
6130,2009,7.03137302398682,12.7841730117798,"0km"
6131,2009,7.03137302398682,12.7841730117798,"0km"
6132,2009,7.03137302398682,12.7841730117798,"0km"
6133,2009,7.03137302398682,12.7841730117798,"0km"
6134,2009,7.03137302398682,12.7841730117798,"0km"
6135,2009,7.03137302398682,12.7841730117798,"0km"
6136,2009,7.03137302398682,12.7841730117798,"0km"
6137,2009,6.8084659576416,12.3725395202637,"0km"
6138,2009,6.8084659576416,12.3725395202637,"0km"
6139,2009,6.8084659576416,12.3725395202637,"0km"
6140,2009,7.03137302398682,12.7841730117798,"0km"
6141,2009,7.03137302398682,12.7841730117798,"0km"
6142,2009,7.03137302398682,12.7841730117798,"0km"
6143,2009,7.03137302398682,12.7841730117798,"0km"
6144,2009,7.25263214111328,10.5018768310547,"0km"
6145,2009,7.25263214111328,10.5018768310547,"0km"
6146,2009,7.06231880187988,9.31971168518066,"0km"
6147,2009,7.06231880187988,9.31971168518066,"0km"
6148,2009,7.03222751617432,9.32996654510498,"0km"
6149,2009,7.03222751617432,9.32996654510498,"0km"
6150,2009,7.25263214111328,10.5018768310547,"0km"
6151,2009,7.03137302398682,12.7841730117798,"0km"
6152,2009,7.24427032470703,11.9272136688232,"0km"
6153,2009,7.24427032470703,11.9272136688232,"0km"
6154,2009,7.24427032470703,11.9272136688232,"0km"
6155,2009,7.24427032470703,11.9272136688232,"0km"
6156,2009,7.24427032470703,11.9272136688232,"0km"
6157,2009,7.24427032470703,11.9272136688232,"0km"
6158,2009,7.24427032470703,11.9272136688232,"0km"
6159,2009,7.24427032470703,11.9272136688232,"0km"
6160,2009,7.24427032470703,11.9272136688232,"0km"
6161,2009,7.24427032470703,11.9272136688232,"0km"
6162,2009,7.24427032470703,11.9272136688232,"0km"
6163,2009,7.24427032470703,11.9272136688232,"0km"
6164,2009,7.24427032470703,11.9272136688232,"0km"
6165,2009,7.24427032470703,11.9272136688232,"0km"
6166,2009,7.24427032470703,11.9272136688232,"0km"
6167,2009,7.24427032470703,11.9272136688232,"0km"
6168,2009,7.24427032470703,11.9272136688232,"0km"
6169,2009,7.24427032470703,11.9272136688232,"0km"
6170,2009,7.24427032470703,11.9272136688232,"0km"
6171,2009,7.24427032470703,11.9272136688232,"0km"
6172,2009,7.24427032470703,11.9272136688232,"0km"
6173,2009,7.24427032470703,11.9272136688232,"0km"
6174,2009,7.24427032470703,11.9272136688232,"0km"
6175,2009,7.24427032470703,11.9272136688232,"0km"
6176,2008,6.90185260772705,9.68227195739746,"0km"
6177,2008,6.90185260772705,9.68227195739746,"0km"
6178,2009,NA,NA,"15km"
6179,2009,NA,NA,"15km"
6180,2009,NA,NA,"15km"
6181,2009,NA,NA,"15km"
6182,2009,NA,NA,"15km"
6183,2009,NA,NA,"15km"
6184,2009,NA,NA,"15km"
6185,2009,6.93963432312012,10.1942501068115,"0km"
6186,2009,7.02697849273682,10.3649101257324,"0km"
6187,2009,7.02697849273682,10.3649101257324,"0km"
6188,2009,7.02697849273682,10.3649101257324,"0km"
6189,2009,7.02697849273682,10.3649101257324,"0km"
6190,2009,6.93963432312012,10.1942501068115,"0km"
6191,2009,6.93963432312012,10.1942501068115,"0km"
6192,2009,7.02697849273682,10.3649101257324,"0km"
6193,2009,6.93963432312012,10.1942501068115,"0km"
6194,2009,6.93963432312012,10.1942501068115,"0km"
6195,2009,6.93963432312012,10.1942501068115,"0km"
6196,2009,6.93963432312012,10.1942501068115,"0km"
6197,2009,7.19843149185181,10.5817136764526,"0km"
6198,2009,7.19843149185181,10.5817136764526,"0km"
6199,2009,7.19843149185181,10.5817136764526,"0km"
6200,2009,7.19843149185181,10.5817136764526,"0km"
6201,2009,7.15253162384033,10.7501754760742,"0km"
6202,2009,6.93963432312012,10.1942501068115,"0km"
6203,2009,6.93963432312012,10.1942501068115,"0km"
6204,2009,6.93963432312012,10.1942501068115,"0km"
6205,2009,6.93963432312012,10.1942501068115,"0km"
6206,2009,6.93963432312012,10.1942501068115,"0km"
6207,2009,6.93963432312012,10.1942501068115,"0km"
6208,2009,6.93963432312012,10.1942501068115,"0km"
6209,2009,6.93963432312012,10.1942501068115,"0km"
6210,2009,7.02697849273682,10.3649101257324,"0km"
6211,2009,6.93963432312012,10.1942501068115,"0km"
6212,2009,6.93963432312012,10.1942501068115,"0km"
6213,2009,6.85106945037842,9.31897926330566,"0km"
6214,2009,6.83690929412842,9.28235721588135,"0km"
6215,2009,6.85106945037842,9.31897926330566,"0km"
6216,2009,6.85106945037842,9.31897926330566,"0km"
6217,2009,7.24927520751953,11.5983457565308,"0km"
6218,2009,6.88537263870239,9.71376705169678,"0km"
6219,2009,6.88537263870239,9.71376705169678,"0km"
6220,2009,6.88537263870239,9.71376705169678,"0km"
6221,2009,6.88537263870239,9.71376705169678,"0km"
6222,2009,6.83690929412842,9.28235721588135,"0km"
6223,2009,6.83690929412842,9.28235721588135,"0km"
6224,2009,6.83690929412842,9.28235721588135,"0km"
6225,2009,6.85106945037842,9.31897926330566,"0km"
6226,2009,6.85106945037842,9.31897926330566,"0km"
6227,2009,6.83690929412842,9.28235721588135,"0km"
6228,2009,6.85106945037842,9.31897926330566,"0km"
6229,2009,6.85106945037842,9.31897926330566,"0km"
6230,2009,6.83690929412842,9.28235721588135,"0km"
6231,2009,6.85106945037842,9.31897926330566,"0km"
6232,2009,6.83690929412842,9.28235721588135,"0km"
6233,2009,6.83690929412842,9.28235721588135,"0km"
6234,2009,6.83690929412842,9.28235721588135,"0km"
6235,2009,6.83690929412842,9.28235721588135,"0km"
6236,2009,6.83690929412842,9.28235721588135,"0km"
6237,2009,6.88537263870239,9.71376705169678,"0km"
6238,2009,6.88537263870239,9.71376705169678,"0km"
6239,2009,6.88537263870239,9.71376705169678,"0km"
6240,2009,6.88537263870239,9.71376705169678,"0km"
6241,2009,6.88537263870239,9.71376705169678,"0km"
6242,2009,6.88537263870239,9.71376705169678,"0km"
6243,2009,6.88366365432739,9.29261112213135,"0km"
6244,2009,6.88537263870239,9.71376705169678,"0km"
6245,2009,6.88537263870239,9.71376705169678,"0km"
6246,2009,6.88537263870239,9.71376705169678,"0km"
6247,2009,6.88537263870239,9.71376705169678,"0km"
6248,2009,6.88537263870239,9.71376705169678,"0km"
6249,2009,6.88537263870239,9.71376705169678,"0km"
6250,2009,6.88537263870239,9.71376705169678,"0km"
6251,2009,6.88537263870239,9.71376705169678,"0km"
6252,2009,6.88537263870239,9.71376705169678,"0km"
6253,2009,6.88537263870239,9.71376705169678,"0km"
6254,2009,6.88537263870239,9.71376705169678,"0km"
6255,2009,7.05926704406738,10.3605155944824,"0km"
6256,2009,7.05926704406738,10.3605155944824,"0km"
6257,2009,7.05926704406738,10.3605155944824,"0km"
6258,2009,7.05926704406738,10.3605155944824,"0km"
6259,2009,7.05926704406738,10.3605155944824,"0km"
6260,2009,7.05926704406738,10.3605155944824,"0km"
6261,2009,7.05926704406738,10.3605155944824,"0km"
6262,2009,7.05926704406738,10.3605155944824,"0km"
6263,2009,7.05926704406738,10.3605155944824,"0km"
6264,2009,7.05926704406738,10.3605155944824,"0km"
6265,2009,7.05926704406738,10.3605155944824,"0km"
6266,2009,7.05926704406738,10.3605155944824,"0km"
6267,2009,7.05926704406738,10.3605155944824,"0km"
6268,2009,7.05926704406738,10.3605155944824,"0km"
6269,2009,7.1800594329834,10.3612480163574,"0km"
6270,2009,7.1800594329834,10.3612480163574,"0km"
6271,2009,7.1800594329834,10.3612480163574,"0km"
6272,2009,7.1800594329834,10.3612480163574,"0km"
6273,2009,6.87725448608398,8.83336925506592,"0km"
6274,2009,6.87725448608398,8.83336925506592,"0km"
6275,2009,6.87725448608398,8.83336925506592,"0km"
6276,2009,6.87725448608398,8.83336925506592,"0km"
6277,2009,7.05926704406738,10.3605155944824,"0km"
6278,2009,7.05926704406738,10.3605155944824,"0km"
6279,2009,7.05926704406738,10.3605155944824,"0km"
6280,2009,7.05926704406738,10.3605155944824,"0km"
6281,2009,7.05926704406738,10.3605155944824,"0km"
6282,2009,7.05926704406738,10.3605155944824,"0km"
6283,2009,7.05926704406738,10.3605155944824,"0km"
6284,2009,7.04217672348022,10.3465986251831,"0km"
6285,2009,7.05926704406738,10.3605155944824,"0km"
6286,2009,7.05926704406738,10.3605155944824,"0km"
6287,2009,7.05926704406738,10.3605155944824,"0km"
6288,2009,7.05926704406738,10.3605155944824,"0km"
6289,2009,7.05926704406738,10.3605155944824,"0km"
6290,2009,7.05926704406738,10.3605155944824,"0km"
6291,2009,7.05926704406738,10.3605155944824,"0km"
6292,2009,7.05926704406738,10.3605155944824,"0km"
6293,2009,7.05926704406738,10.3605155944824,"0km"
6294,2009,7.05926704406738,10.3605155944824,"0km"
6295,2009,7.05926704406738,10.3605155944824,"0km"
6296,2009,7.05926704406738,10.3605155944824,"0km"
6297,2009,7.05926704406738,10.3605155944824,"0km"
6298,2009,7.05926704406738,10.3605155944824,"0km"
6299,2009,7.05926704406738,10.3605155944824,"0km"
6300,2009,7.05926704406738,10.3605155944824,"0km"
6301,2009,7.05926704406738,10.3605155944824,"0km"
6302,2009,7.1800594329834,10.3612480163574,"0km"
6303,2009,7.15253162384033,10.7501754760742,"0km"
6304,2015,9.01922702789307,13.4389781951904,"0km"
6305,2015,9.01922702789307,13.4389781951904,"0km"
6306,2015,9.01922702789307,13.4389781951904,"0km"
6307,2015,9.01922702789307,13.4389781951904,"0km"
6308,2015,9.01922702789307,13.4389781951904,"0km"
6309,2015,9.01922702789307,13.4389781951904,"0km"
6310,2015,9.01922702789307,13.4389781951904,"0km"
6311,2015,9.11059951782227,13.6623735427856,"0km"
6312,2015,9.11059951782227,13.6623735427856,"0km"
6313,2015,9.11059951782227,13.6623735427856,"0km"
6314,2015,9.11059951782227,13.6623735427856,"0km"
6315,2015,9.11059951782227,13.6623735427856,"0km"
6316,2015,9.11059951782227,13.6623735427856,"0km"
6317,2015,9.11059951782227,13.6623735427856,"0km"
6318,2015,9.11059951782227,13.6623735427856,"0km"
6319,2015,9.11059951782227,13.6623735427856,"0km"
6320,2015,9.11059951782227,13.6623735427856,"0km"
6321,2015,9.11059951782227,13.6623735427856,"0km"
6322,2015,9.11059951782227,13.6623735427856,"0km"
6323,2015,8.87755966186523,12.4472484588623,"0km"
6324,2015,8.87755966186523,12.4472484588623,"0km"
6325,2015,8.87755966186523,12.4472484588623,"0km"
6326,2015,8.87755966186523,12.4472484588623,"0km"
6327,2015,8.87755966186523,12.4472484588623,"0km"
6328,2015,8.87755966186523,12.4472484588623,"0km"
6329,2015,8.87755966186523,12.4472484588623,"0km"
6330,2015,8.87755966186523,12.4472484588623,"0km"
6331,2015,9.11059951782227,13.6623735427856,"0km"
6332,2015,9.11059951782227,13.6623735427856,"0km"
6333,2015,9.11059951782227,13.6623735427856,"0km"
6334,2015,8.87755966186523,12.4472484588623,"0km"
6335,2015,8.87755966186523,12.4472484588623,"0km"
6336,2015,8.87755966186523,12.4472484588623,"0km"
6337,2015,8.87755966186523,12.4472484588623,"0km"
6338,2015,9.04614353179932,13.5634937286377,"0km"
6339,2015,9.0013427734375,12.9768056869507,"0km"
6340,2015,9.0013427734375,12.9768056869507,"0km"
6341,2015,9.0013427734375,12.9768056869507,"0km"
6342,2015,9.0013427734375,12.9768056869507,"0km"
6343,2015,9.04614353179932,13.5634937286377,"0km"
6344,2015,9.04614353179932,13.5634937286377,"0km"
6345,2015,9.04614353179932,13.5634937286377,"0km"
6346,2015,9.04614353179932,13.5634937286377,"0km"
6347,2015,9.0013427734375,12.9768056869507,"0km"
6348,2015,9.0013427734375,12.9768056869507,"0km"
6349,2015,9.0013427734375,12.9768056869507,"0km"
6350,2015,9.0013427734375,12.9768056869507,"0km"
6351,2015,9.0013427734375,12.9768056869507,"0km"
6352,2015,9.0013427734375,12.9768056869507,"0km"
6353,2015,9.0013427734375,12.9768056869507,"0km"
6354,2015,9.0013427734375,12.9768056869507,"0km"
6355,2015,9.0013427734375,12.9768056869507,"0km"
6356,2015,9.0013427734375,12.9768056869507,"0km"
6357,2015,9.0013427734375,12.9768056869507,"0km"
6358,2015,9.0013427734375,12.9768056869507,"0km"
6359,2015,9.0013427734375,12.9768056869507,"0km"
6360,2015,9.0013427734375,12.9768056869507,"0km"
6361,2015,9.0013427734375,12.9768056869507,"0km"
6362,2015,9.0013427734375,12.9768056869507,"0km"
6363,2015,9.0013427734375,12.9768056869507,"0km"
6364,2015,9.0013427734375,12.9768056869507,"0km"
6365,2015,9.0013427734375,12.9768056869507,"0km"
6366,2014,7.28410704930623,10.2096316019694,"10km"
6367,2014,7.28410704930623,10.2096316019694,"10km"
6368,2014,7.28410704930623,10.2096316019694,"10km"
6369,2014,7.28410704930623,10.2096316019694,"10km"
6370,2014,7.28410704930623,10.2096316019694,"10km"
6371,2014,7.28410704930623,10.2096316019694,"10km"
6372,2014,7.28410704930623,10.2096316019694,"10km"
6373,2014,7.28410704930623,10.2096316019694,"10km"
6374,2014,7.03900289535522,9.04504489898682,"0km"
6375,2014,7.03900289535522,9.04504489898682,"0km"
6376,2014,7.04168844223022,9.71083736419678,"0km"
6377,2014,7.04168844223022,9.71083736419678,"0km"
6378,2014,7.04168844223022,9.71083736419678,"0km"
6379,2014,7.04168844223022,9.71083736419678,"0km"
6380,2014,7.04168844223022,9.71083736419678,"0km"
6381,2014,7.04168844223022,9.71083736419678,"0km"
6382,2014,7.04168844223022,9.71083736419678,"0km"
6383,2014,7.04168844223022,9.71083736419678,"0km"
6384,2014,7.04168844223022,9.71083736419678,"0km"
6385,2014,7.19013023376465,8.96594142913818,"0km"
6386,2014,7.19013023376465,8.96594142913818,"0km"
6387,2014,7.19013023376465,8.96594142913818,"0km"
6388,2014,7.19013023376465,8.96594142913818,"0km"
6389,2014,7.19013023376465,8.96594142913818,"0km"
6390,2014,7.19013023376465,8.96594142913818,"0km"
6391,2014,7.19013023376465,8.96594142913818,"0km"
6392,2014,7.19013023376465,8.96594142913818,"0km"
6393,2014,7.12866592407227,9.1776180267334,"0km"
6394,2014,7.12866592407227,9.1776180267334,"0km"
6395,2014,7.12866592407227,9.1776180267334,"0km"
6396,2014,7.12866592407227,9.1776180267334,"0km"
6397,2014,7.12866592407227,9.1776180267334,"0km"
6398,2014,7.12866592407227,9.1776180267334,"0km"
6399,2014,7.57887506484985,10.3180332183838,"0km"
6400,2014,7.57887506484985,10.3180332183838,"0km"
6401,2014,7.57887506484985,10.3180332183838,"0km"
6402,2014,7.57887506484985,10.3180332183838,"0km"
6403,2014,7.57887506484985,10.3180332183838,"0km"
6404,2014,7.57887506484985,10.3180332183838,"0km"
6405,2014,7.57887506484985,10.3180332183838,"0km"
6406,2014,7.57887506484985,10.3180332183838,"0km"
6407,2014,7.57887506484985,10.3180332183838,"0km"
6408,2014,7.57887506484985,10.3180332183838,"0km"
6409,2014,7.57887506484985,10.3180332183838,"0km"
6410,2014,7.57887506484985,10.3180332183838,"0km"
6411,2014,7.57887506484985,10.3180332183838,"0km"
6412,2014,7.57887506484985,10.3180332183838,"0km"
6413,2014,7.57887506484985,10.3180332183838,"0km"
6414,2014,7.91561651229858,12.2157964706421,"0km"
6415,2014,6.89770174026489,9.3680534362793,"0km"
6416,2014,7.03900289535522,9.04504489898682,"0km"
6417,2014,7.03900289535522,9.04504489898682,"0km"
6418,2014,7.28643143177032,9.52040147781372,"10km"
6419,2014,7.41226844787598,10.0594804763794,"10km"
6420,2014,7.26088438034058,9.36614875793457,"10km"
6421,2014,7.26088438034058,9.36614875793457,"10km"
6422,2014,7.26088438034058,9.36614875793457,"10km"
6423,2014,7.2943103313446,9.59547710418701,"10km"
6424,2014,7.2943103313446,9.59547710418701,"10km"
6425,2014,7.2943103313446,9.59547710418701,"10km"
6426,2014,7.23492129643758,9.24378172556559,"10km"
6427,2014,7.23492129643758,9.24378172556559,"10km"
6428,2014,7.23492129643758,9.24378172556559,"10km"
6429,2014,7.23492129643758,9.24378172556559,"10km"
6430,2014,7.27063798904419,9.68813133239746,"0km"
6431,2014,7.27063798904419,9.68813133239746,"0km"
6432,2014,7.27063798904419,9.68813133239746,"0km"
6433,2014,7.27063798904419,9.68813133239746,"0km"
6434,2014,7.27063798904419,9.68813133239746,"0km"
6435,2014,7.27063798904419,9.68813133239746,"0km"
6436,2014,7.27063798904419,9.68813133239746,"0km"
6437,2014,7.27063798904419,9.68813133239746,"0km"
6438,2014,7.27063798904419,9.68813133239746,"0km"
6439,2014,7.27063798904419,9.68813133239746,"0km"
6440,2014,7.27063798904419,9.68813133239746,"0km"
6441,2014,7.27063798904419,9.68813133239746,"0km"
6442,2014,7.27063798904419,9.68813133239746,"0km"
6443,2014,7.27063798904419,9.68813133239746,"0km"
6444,2014,7.27063798904419,9.68813133239746,"0km"
6445,2014,7.46144008636475,10.7421188354492,"0km"
6446,2014,7.4623556137085,10.2550430297852,"0km"
6447,2014,7.4623556137085,10.2550430297852,"0km"
6448,2014,7.4623556137085,10.2550430297852,"0km"
6449,2014,7.4623556137085,10.2550430297852,"0km"
6450,2014,7.4623556137085,10.2550430297852,"0km"
6451,2014,7.15869617462158,8.74913787841797,"0km"
6452,2014,7.15869617462158,8.74913787841797,"0km"
6453,2014,7.15869617462158,8.74913787841797,"0km"
6454,2014,7.15869617462158,8.74913787841797,"0km"
6455,2014,7.15869617462158,8.74913787841797,"0km"
6456,2014,7.15869617462158,8.74913787841797,"0km"
6457,2014,7.15869617462158,8.74913787841797,"0km"
6458,2014,7.15869617462158,8.74913787841797,"0km"
6459,2014,7.15869617462158,8.74913787841797,"0km"
6460,2014,7.27063798904419,9.68813133239746,"0km"
6461,2014,7.27063798904419,9.68813133239746,"0km"
6462,2014,7.27063798904419,9.68813133239746,"0km"
6463,2014,7.27063798904419,9.68813133239746,"0km"
6464,2014,7.27063798904419,9.68813133239746,"0km"
6465,2014,7.27063798904419,9.68813133239746,"0km"
6466,2014,7.27063798904419,9.68813133239746,"0km"
6467,2014,7.27063798904419,9.68813133239746,"0km"
6468,2014,7.75142669677734,11.0394906997681,"0km"
6469,2014,7.75142669677734,11.0394906997681,"0km"
6470,2014,7.30585670471191,11.0014038085938,"0km"
6471,2014,7.30585670471191,11.0014038085938,"0km"
6472,2014,8.54051303863525,13.3291120529175,"0km"
6473,2014,8.54051303863525,13.3291120529175,"0km"
6474,2014,8.54051303863525,13.3291120529175,"0km"
6475,2014,8.54051303863525,13.3291120529175,"0km"
6476,2014,8.54051303863525,13.3291120529175,"0km"
6477,2014,8.54051303863525,13.3291120529175,"0km"
6478,2014,8.54051303863525,13.3291120529175,"0km"
6479,2014,7.35016918182373,11.0270395278931,"0km"
6480,2014,7.35016918182373,11.0270395278931,"0km"
6481,2014,7.35016918182373,11.0270395278931,"0km"
6482,2014,7.24396514892578,10.7018337249756,"0km"
6483,2014,7.24396514892578,10.7018337249756,"0km"
6484,2014,7.24396514892578,10.7018337249756,"0km"
6485,2014,7.33271265029907,10.1305274963379,"0km"
6486,2014,7.33271265029907,10.1305274963379,"0km"
6487,2014,7.33271265029907,10.1305274963379,"0km"
6488,2014,7.24396514892578,10.7018337249756,"0km"
6489,2014,7.24396514892578,10.7018337249756,"0km"
6490,2014,7.35779905319214,10.9669790267944,"0km"
6491,2014,7.35779905319214,10.9669790267944,"0km"
6492,2014,7.35779905319214,10.9669790267944,"0km"
6493,2014,7.35779905319214,10.9669790267944,"0km"
6494,2014,7.35779905319214,10.9669790267944,"0km"
6495,2014,7.35779905319214,10.9669790267944,"0km"
6496,2014,7.35779905319214,10.9669790267944,"0km"
6497,2014,7.35779905319214,10.9669790267944,"0km"
6498,2014,7.35779905319214,10.9669790267944,"0km"
6499,2014,7.21607112884521,10.2206182479858,"0km"
6500,2014,7.21607112884521,10.2206182479858,"0km"
6501,2014,7.21607112884521,10.2206182479858,"0km"
6502,2014,8.08407878875732,10.5890378952026,"0km"
6503,2014,7.16223621368408,10.0858488082886,"0km"
6504,2014,7.16223621368408,10.0858488082886,"0km"
6505,2014,7.16223621368408,10.0858488082886,"0km"
6506,2014,7.16223621368408,10.0858488082886,"0km"
6507,2014,7.16223621368408,10.0858488082886,"0km"
6508,2014,7.16223621368408,10.0858488082886,"0km"
6509,2014,7.16223621368408,10.0858488082886,"0km"
6510,2014,7.16223621368408,10.0858488082886,"0km"
6511,2015,8.70653438568115,14.186803817749,"0km"
6512,2015,8.74224090576172,14.0205392837524,"0km"
6513,2015,8.74224090576172,14.0205392837524,"0km"
6514,2015,8.74224090576172,14.0205392837524,"0km"
6515,2015,8.74224090576172,14.0205392837524,"0km"
6516,2015,8.74224090576172,14.0205392837524,"0km"
6517,2015,8.74224090576172,14.0205392837524,"0km"
6518,2015,8.7256383895874,14.0893888473511,"0km"
6519,2015,8.7256383895874,14.0893888473511,"0km"
6520,2015,8.7256383895874,14.0893888473511,"0km"
6521,2015,8.7256383895874,14.0893888473511,"0km"
6522,2015,8.7256383895874,14.0893888473511,"0km"
6523,2015,8.7256383895874,14.0893888473511,"0km"
6524,2015,8.7256383895874,14.0893888473511,"0km"
6525,2015,8.7256383895874,14.0893888473511,"0km"
6526,2015,8.84575939178467,13.2565994262695,"0km"
6527,2015,8.84575939178467,13.2565994262695,"0km"
6528,2015,8.84575939178467,13.2565994262695,"0km"
6529,2015,8.84575939178467,13.2565994262695,"0km"
6530,2015,8.84575939178467,13.2565994262695,"0km"
6531,2015,8.74224090576172,14.0205392837524,"0km"
6532,2015,8.74224090576172,14.0205392837524,"0km"
6533,2015,8.74224090576172,14.0205392837524,"0km"
6534,2015,8.74224090576172,14.0205392837524,"0km"
6535,2015,8.74224090576172,14.0205392837524,"0km"
6536,2015,8.54991340637207,14.196325302124,"0km"
6537,2015,8.54991340637207,14.196325302124,"0km"
6538,2015,8.54991340637207,14.196325302124,"0km"
6539,2015,8.54991340637207,14.196325302124,"0km"
6540,2015,8.54991340637207,14.196325302124,"0km"
6541,2015,8.54991340637207,14.196325302124,"0km"
6542,2015,8.54991340637207,14.196325302124,"0km"
6543,2015,8.54991340637207,14.196325302124,"0km"
6544,2015,8.54991340637207,14.196325302124,"0km"
6545,2015,8.54991340637207,14.196325302124,"0km"
6546,2015,8.54991340637207,14.196325302124,"0km"
6547,2015,8.54991340637207,14.196325302124,"0km"
6548,2015,8.54991340637207,14.196325302124,"0km"
6549,2015,8.52330112457275,14.266640663147,"0km"
6550,2015,8.52330112457275,14.266640663147,"0km"
6551,2015,8.52330112457275,14.266640663147,"0km"
6552,2015,8.62688064575195,14.3274326324463,"0km"
6553,2015,8.62688064575195,14.3274326324463,"0km"
6554,2015,8.69731712341309,14.4094667434692,"0km"
6555,2015,8.94927787780762,14.0725421905518,"0km"
6556,2015,8.94927787780762,14.0725421905518,"0km"
6557,2015,8.94927787780762,14.0725421905518,"0km"
6558,2015,8.94927787780762,14.0725421905518,"0km"
6559,2015,8.94927787780762,14.0725421905518,"0km"
6560,2015,8.94927787780762,14.0725421905518,"0km"
6561,2015,8.94927787780762,14.0725421905518,"0km"
6562,2015,8.94927787780762,14.0725421905518,"0km"
6563,2015,8.94927787780762,14.0725421905518,"0km"
6564,2015,8.94927787780762,14.0725421905518,"0km"
6565,2015,8.94927787780762,14.0725421905518,"0km"
6566,2015,8.94927787780762,14.0725421905518,"0km"
6567,2015,8.94927787780762,14.0725421905518,"0km"
6568,2015,8.94927787780762,14.0725421905518,"0km"
6569,2015,8.94927787780762,14.0725421905518,"0km"
6570,2015,9.05975532531738,13.6154975891113,"0km"
6571,2015,9.05975532531738,13.6154975891113,"0km"
6572,2015,9.05975532531738,13.6154975891113,"0km"
6573,2015,9.05975532531738,13.6154975891113,"0km"
6574,2015,9.05975532531738,13.6154975891113,"0km"
6575,2015,9.05975532531738,13.6154975891113,"0km"
6576,2015,8.97601222991943,13.9736623764038,"0km"
6577,2015,8.97601222991943,13.9736623764038,"0km"
6578,2015,8.97601222991943,13.9736623764038,"0km"
6579,2015,8.97601222991943,13.9736623764038,"0km"
6580,2015,8.97601222991943,13.9736623764038,"0km"
6581,2015,8.97601222991943,13.9736623764038,"0km"
6582,2015,8.97601222991943,13.9736623764038,"0km"
6583,2015,8.97601222991943,13.9736623764038,"0km"
6584,2015,8.97601222991943,13.9736623764038,"0km"
6585,2015,8.83971691131592,12.32346534729,"0km"
6586,2015,8.83971691131592,12.32346534729,"0km"
6587,2015,9.05975532531738,13.6154975891113,"0km"
6588,2015,9.05975532531738,13.6154975891113,"0km"
6589,2015,9.05975532531738,13.6154975891113,"0km"
6590,2015,8.83971691131592,12.32346534729,"0km"
6591,2015,8.83971691131592,12.32346534729,"0km"
6592,2015,8.83971691131592,12.32346534729,"0km"
6593,2015,8.83971691131592,12.32346534729,"0km"
6594,2015,8.83971691131592,12.32346534729,"0km"
6595,2015,9.0989408493042,13.6711626052856,"0km"
6596,2015,8.74016571044922,12.5754261016846,"0km"
6597,2015,8.74016571044922,12.5754261016846,"0km"
6598,2015,8.74016571044922,12.5754261016846,"0km"
6599,2015,8.74016571044922,12.5754261016846,"0km"
6600,2015,8.74016571044922,12.5754261016846,"0km"
6601,2015,8.74016571044922,12.5754261016846,"0km"
6602,2015,8.74016571044922,12.5754261016846,"0km"
6603,2015,8.74016571044922,12.5754261016846,"0km"
6604,2015,8.74016571044922,12.5754261016846,"0km"
6605,2015,8.74016571044922,12.5754261016846,"0km"
6606,2015,9.10595989227295,13.8403577804565,"0km"
6607,2015,9.10595989227295,13.8403577804565,"0km"
6608,2015,9.10595989227295,13.8403577804565,"0km"
6609,2015,9.10595989227295,13.8403577804565,"0km"
6610,2015,9.10595989227295,13.8403577804565,"0km"
6611,2015,9.10595989227295,13.8403577804565,"0km"
6612,2015,9.10595989227295,13.8403577804565,"0km"
6613,2015,9.10595989227295,13.8403577804565,"0km"
6614,2015,9.10595989227295,13.8403577804565,"0km"
6615,2015,9.10595989227295,13.8403577804565,"0km"
6616,2015,9.10595989227295,13.8403577804565,"0km"
6617,2015,9.0989408493042,13.6711626052856,"0km"
6618,2015,9.0989408493042,13.6711626052856,"0km"
6619,2015,8.74224090576172,14.0205392837524,"0km"
6620,2015,8.54991340637207,14.196325302124,"0km"
6621,2015,8.54991340637207,14.196325302124,"0km"
6622,2015,8.54991340637207,14.196325302124,"0km"
6623,2015,8.54991340637207,14.196325302124,"0km"
6624,2015,8.54991340637207,14.196325302124,"0km"
6625,2015,8.54991340637207,14.196325302124,"0km"
6626,2015,8.52330112457275,14.266640663147,"0km"
6627,2015,8.52330112457275,14.266640663147,"0km"
6628,2015,8.52330112457275,14.266640663147,"0km"
6629,2015,8.52330112457275,14.266640663147,"0km"
6630,2015,8.86535263061523,13.6133003234863,"0km"
6631,2015,8.86535263061523,13.6133003234863,"0km"
6632,2015,8.86535263061523,13.6133003234863,"0km"
6633,2015,8.86535263061523,13.6133003234863,"0km"
6634,2015,8.94183158874512,13.4316539764404,"0km"
6635,2015,8.94183158874512,13.4316539764404,"0km"
6636,2015,8.94183158874512,13.4316539764404,"0km"
6637,2015,8.94183158874512,13.4316539764404,"0km"
6638,2015,8.94183158874512,13.4316539764404,"0km"
6639,2015,8.75621795654297,12.0824918746948,"0km"
6640,2015,8.75621795654297,12.0824918746948,"0km"
6641,2015,8.75621795654297,12.0824918746948,"0km"
6642,2015,8.75621795654297,12.0824918746948,"0km"
6643,2015,9.13000869750977,13.8542737960815,"0km"
6644,2015,9.13000869750977,13.8542737960815,"0km"
6645,2015,8.94299125671387,14.0366525650024,"0km"
6646,2015,8.76079559326172,14.201452255249,"0km"
6647,2015,8.76079559326172,14.201452255249,"0km"
6648,2015,8.76079559326172,14.201452255249,"0km"
6649,2015,8.76079559326172,14.201452255249,"0km"
6650,2015,8.76079559326172,14.201452255249,"0km"
6651,2015,8.94299125671387,14.0366525650024,"0km"
6652,2015,8.6188850402832,14.2497940063477,"0km"
6653,2015,8.6188850402832,14.2497940063477,"0km"
6654,2015,8.6188850402832,14.2497940063477,"0km"
6655,2015,8.6188850402832,14.2497940063477,"0km"
6656,2015,8.6188850402832,14.2497940063477,"0km"
6657,2015,8.6188850402832,14.2497940063477,"0km"
6658,2015,8.6188850402832,14.2497940063477,"0km"
6659,2015,8.6188850402832,14.2497940063477,"0km"
6660,2015,8.6188850402832,14.2497940063477,"0km"
6661,2015,8.62688064575195,14.3274326324463,"0km"
6662,2015,8.62688064575195,14.3274326324463,"0km"
6663,2015,8.62688064575195,14.3274326324463,"0km"
6664,2015,8.39323139190674,14.7507858276367,"0km"
6665,2008,7.30970191955566,8.33603954315186,"0km"
6666,2008,7.30970191955566,8.33603954315186,"0km"
6667,2008,7.30970191955566,8.33603954315186,"0km"
6668,2008,7.30970191955566,8.33603954315186,"0km"
6669,2008,7.30970191955566,8.33603954315186,"0km"
6670,2008,10.5207986831665,17.7105922698975,"0km"
6671,2008,10.5207986831665,17.7105922698975,"0km"
6672,2008,10.5207986831665,17.7105922698975,"0km"
6673,2008,10.5207986831665,17.7105922698975,"0km"
6674,2008,10.5207986831665,17.7105922698975,"0km"
6675,2008,7.30970191955566,8.33603954315186,"0km"
6676,2008,7.30970191955566,8.33603954315186,"0km"
6677,2008,7.30970191955566,8.33603954315186,"0km"
6678,2008,7.30970191955566,8.33603954315186,"0km"
6679,2008,7.30970191955566,8.33603954315186,"0km"
6680,2008,7.30970191955566,8.33603954315186,"0km"
6681,2008,7.31116676330566,8.29355716705322,"0km"
6682,2008,7.30970191955566,8.33603954315186,"0km"
6683,2008,7.30970191955566,8.33603954315186,"0km"
6684,2008,7.30970191955566,8.33603954315186,"0km"
6685,2008,7.30970191955566,8.33603954315186,"0km"
6686,2008,7.30970191955566,8.33603954315186,"0km"
6687,2008,7.30970191955566,8.33603954315186,"0km"
6688,2008,7.30970191955566,8.33603954315186,"0km"
6689,2008,7.30970191955566,8.33603954315186,"0km"
6690,2008,10.5207986831665,17.7105922698975,"0km"
6691,2008,10.5207986831665,17.7105922698975,"0km"
6692,2008,10.5207986831665,17.7105922698975,"0km"
6693,2008,10.5207986831665,17.7105922698975,"0km"
6694,2008,10.5207986831665,17.7105922698975,"0km"
6695,2008,10.5207986831665,17.7105922698975,"0km"
6696,2008,10.5207986831665,17.7105922698975,"0km"
6697,2008,10.5207986831665,17.7105922698975,"0km"
6698,2015,8.64398622512817,15.5813775062561,"10km"
6699,2015,8.64398622512817,15.5813775062561,"10km"
6700,2015,8.64398622512817,15.5813775062561,"10km"
6701,2015,8.64398622512817,15.5813775062561,"10km"
6702,2015,8.64398622512817,15.5813775062561,"10km"
6703,2015,8.64398622512817,15.5813775062561,"10km"
6704,2015,8.58513164520264,15.6260566711426,"0km"
6705,2015,8.58513164520264,15.6260566711426,"0km"
6706,2015,8.61649208068848,15.5311319351196,"10km"
6707,2015,8.61649208068848,15.5311319351196,"10km"
6708,2015,8.61649208068848,15.5311319351196,"10km"
6709,2015,8.53331089019775,15.6165351867676,"0km"
6710,2015,8.53331089019775,15.6165351867676,"0km"
6711,2015,8.60655498504639,15.5293741226196,"0km"
6712,2015,8.60655498504639,15.5293741226196,"0km"
6713,2015,8.69695091247559,15.379955291748,"0km"
6714,2015,8.69695091247559,15.379955291748,"0km"
6715,2015,8.69695091247559,15.379955291748,"0km"
6716,2015,8.69695091247559,15.379955291748,"0km"
6717,2015,8.69695091247559,15.379955291748,"0km"
6718,2015,8.66051197052002,15.5037384033203,"0km"
6719,2015,8.66051197052002,15.5037384033203,"0km"
6720,2015,8.66051197052002,15.5037384033203,"0km"
6721,2015,8.66051197052002,15.5037384033203,"0km"
6722,2015,8.66051197052002,15.5037384033203,"0km"
6723,2015,8.66051197052002,15.5037384033203,"0km"
6724,2015,8.66051197052002,15.5037384033203,"0km"
6725,2015,8.66051197052002,15.5037384033203,"0km"
6726,2015,8.60655498504639,15.5293741226196,"0km"
6727,2015,8.60655498504639,15.5293741226196,"0km"
6728,2015,8.60655498504639,15.5293741226196,"0km"
6729,2015,8.60655498504639,15.5293741226196,"0km"
6730,2015,8.60655498504639,15.5293741226196,"0km"
6731,2015,8.60655498504639,15.5293741226196,"0km"
6732,2015,8.60655498504639,15.5293741226196,"0km"
6733,2015,8.60655498504639,15.5293741226196,"0km"
6734,2015,8.53331089019775,15.6165351867676,"0km"
6735,2015,8.97381496429443,13.6653032302856,"0km"
6736,2015,8.97381496429443,13.6653032302856,"0km"
6737,2015,8.97381496429443,13.6653032302856,"0km"
6738,2015,8.97381496429443,13.6653032302856,"0km"
6739,2015,8.97381496429443,13.6653032302856,"0km"
6740,2015,8.99908447265625,14.0871915817261,"0km"
6741,2015,8.99908447265625,14.0871915817261,"0km"
6742,2015,8.99908447265625,14.0871915817261,"0km"
6743,2015,8.99908447265625,14.0871915817261,"0km"
6744,2015,8.99908447265625,14.0871915817261,"0km"
6745,2015,8.99908447265625,14.0871915817261,"0km"
6746,2015,8.99908447265625,14.0871915817261,"0km"
6747,2015,8.99908447265625,14.0871915817261,"0km"
6748,2015,8.99908447265625,14.0871915817261,"0km"
6749,2015,8.99908447265625,14.0871915817261,"0km"
6750,2015,8.99908447265625,14.0871915817261,"0km"
6751,2015,8.99908447265625,14.0871915817261,"0km"
6752,2015,8.92724418640137,14.7368698120117,"0km"
6753,2015,8.92724418640137,14.7368698120117,"0km"
6754,2015,8.92724418640137,14.7368698120117,"0km"
6755,2015,8.92724418640137,14.7368698120117,"0km"
6756,2015,8.92724418640137,14.7368698120117,"0km"
6757,2015,8.92724418640137,14.7368698120117,"0km"
6758,2014,7.20392465591431,9.5775318145752,"0km"
6759,2014,7.20392465591431,9.5775318145752,"0km"
6760,2014,7.20392465591431,9.5775318145752,"0km"
6761,2014,7.25978881120682,9.69481480121613,"10km"
6762,2014,7.25978881120682,9.69481480121613,"10km"
6763,2014,7.38251924514771,10.2506484985352,"0km"
6764,2014,7.38251924514771,10.2506484985352,"0km"
6765,2014,7.38251924514771,10.2506484985352,"0km"
6766,2014,7.38251924514771,10.2506484985352,"0km"
6767,2014,7.34791088104248,9.97012233734131,"0km"
6768,2014,7.34791088104248,9.97012233734131,"0km"
6769,2014,7.34791088104248,9.97012233734131,"0km"
6770,2014,7.23682355880737,10.2521133422852,"0km"
6771,2014,7.23682355880737,10.2521133422852,"0km"
6772,2014,7.44001588821411,11.3854976654053,"10km"
6773,2014,7.47678057352702,10.4454785982768,"10km"
6774,2014,7.47678057352702,10.4454785982768,"10km"
6775,2014,7.42296041761126,10.1888092585972,"10km"
6776,2014,7.42296041761126,10.1888092585972,"10km"
6777,2014,7.42296041761126,10.1888092585972,"10km"
6778,2014,7.23682355880737,10.2521133422852,"0km"
6779,2014,7.23682355880737,10.2521133422852,"0km"
6780,2014,7.42296041761126,10.1888092585972,"10km"
6781,2014,7.33891241891043,9.81777395520892,"10km"
6782,2014,7.33891241891043,9.81777395520892,"10km"
6783,2014,7.46144008636475,10.7421188354492,"0km"
6784,2014,7.46144008636475,10.7421188354492,"0km"
6785,2014,7.51515245437622,10.8036441802979,"0km"
6786,2014,7.68874168395996,10.1590929031372,"0km"
6787,2014,7.68874168395996,10.1590929031372,"0km"
6788,2014,7.68874168395996,10.1590929031372,"0km"
6789,2014,7.68874168395996,10.1590929031372,"0km"
6790,2014,7.68874168395996,10.1590929031372,"0km"
6791,2014,7.68874168395996,10.1590929031372,"0km"
6792,2014,7.5578784942627,11.0014038085938,"0km"
6793,2014,7.5578784942627,11.0014038085938,"0km"
6794,2014,7.51515245437622,10.8036441802979,"0km"
6795,2014,7.5578784942627,11.0014038085938,"0km"
6796,2014,7.5578784942627,11.0014038085938,"0km"
6797,2014,7.5578784942627,11.0014038085938,"0km"
6798,2014,7.5578784942627,11.0014038085938,"0km"
6799,2014,7.5578784942627,11.0014038085938,"0km"
6800,2014,7.5578784942627,11.0014038085938,"0km"
6801,2014,7.5578784942627,11.0014038085938,"0km"
6802,2014,7.5578784942627,11.0014038085938,"0km"
6803,2014,7.39027942929949,10.5286634990147,"10km"
6804,2014,7.39027942929949,10.5286634990147,"10km"
6805,2014,7.29798269271851,10.4557332992554,"0km"
6806,2014,7.29798269271851,10.4557332992554,"0km"
6807,2014,7.57509088516235,10.6556901931763,"0km"
6808,2014,7.57509088516235,10.6556901931763,"0km"
6809,2014,7.57509088516235,10.6556901931763,"0km"
6810,2014,7.57509088516235,10.6556901931763,"0km"
6811,2014,7.57509088516235,10.6556901931763,"0km"
6812,2014,7.57509088516235,10.6556901931763,"0km"
6813,2014,7.57509088516235,10.6556901931763,"0km"
6814,2014,7.57509088516235,10.6556901931763,"0km"
6815,2014,7.29798269271851,10.4557332992554,"0km"
6816,2014,7.29798269271851,10.4557332992554,"0km"
6817,2014,7.29798269271851,10.4557332992554,"0km"
6818,2014,7.29798269271851,10.4557332992554,"0km"
6819,2014,7.57509088516235,10.6556901931763,"0km"
6820,2014,7.57509088516235,10.6556901931763,"0km"
6821,2014,7.57509088516235,10.6556901931763,"0km"
6822,2014,7.57509088516235,10.6556901931763,"0km"
6823,2014,7.57509088516235,10.6556901931763,"0km"
6824,2014,7.57509088516235,10.6556901931763,"0km"
6825,2014,7.57509088516235,10.6556901931763,"0km"
6826,2014,7.57509088516235,10.6556901931763,"0km"
6827,2014,7.15179920196533,8.65758228302002,"0km"
6828,2014,7.15179920196533,8.65758228302002,"0km"
6829,2014,7.15179920196533,8.65758228302002,"0km"
6830,2014,7.15179920196533,8.65758228302002,"0km"
6831,2014,7.15179920196533,8.65758228302002,"0km"
6832,2014,7.15179920196533,8.65758228302002,"0km"
6833,2014,7.13452577590942,8.7974796295166,"0km"
6834,2014,7.15179920196533,8.65758228302002,"0km"
6835,2014,7.15179920196533,8.65758228302002,"0km"
6836,2014,7.15179920196533,8.65758228302002,"0km"
6837,2014,7.15179920196533,8.65758228302002,"0km"
6838,2014,7.15179920196533,8.65758228302002,"0km"
6839,2014,7.15179920196533,8.65758228302002,"0km"
6840,2014,7.13452577590942,8.7974796295166,"0km"
6841,2014,7.13452577590942,8.7974796295166,"0km"
6842,2017,9.52827548980713,14.2234258651733,"0km"
6843,2017,9.52827548980713,14.2234258651733,"0km"
6844,2017,9.52827548980713,14.2234258651733,"0km"
6845,2017,9.44569206237793,13.5056304931641,"0km"
6846,2017,9.46681118011475,13.5620288848877,"0km"
6847,2017,9.52827548980713,14.2234258651733,"0km"
6848,2017,9.52827548980713,14.2234258651733,"0km"
6849,2017,9.66512012481689,15.0108032226562,"0km"
6850,2017,9.52827548980713,14.2234258651733,"0km"
6851,2017,9.88131332397461,15.0759906768799,"0km"
6852,2017,9.88131332397461,15.0759906768799,"0km"
6853,2017,9.88131332397461,15.0759906768799,"0km"
6854,2017,8.56230354309082,11.6518144607544,"0km"
6855,2017,8.56230354309082,11.6518144607544,"0km"
6856,2017,8.56230354309082,11.6518144607544,"0km"
6857,2017,7.76564836502075,9.77309513092041,"0km"
6858,2017,7.76564836502075,9.77309513092041,"0km"
6859,2017,7.76564836502075,9.77309513092041,"0km"
6860,2017,7.76564836502075,9.77309513092041,"0km"
6861,2017,9.00848388671875,12.3366498947144,"0km"
6862,2017,9.00848388671875,12.3366498947144,"0km"
6863,2017,9.00848388671875,12.3366498947144,"0km"
6864,2017,8.36893844604492,11.4518566131592,"0km"
6865,2017,8.36893844604492,11.4518566131592,"0km"
6866,2017,8.36893844604492,11.4518566131592,"0km"
6867,2017,9.5664234161377,14.6870632171631,"0km"
6868,2017,9.04339694976807,13.688009262085,"0km"
6869,2017,9.04339694976807,13.688009262085,"0km"
6870,2017,9.04339694976807,13.688009262085,"0km"
6871,2017,9.04339694976807,13.688009262085,"0km"
6872,2017,9.12817764282227,13.2983493804932,"0km"
6873,2017,9.04339694976807,13.688009262085,"0km"
6874,2017,9.04339694976807,13.688009262085,"0km"
6875,2017,9.04339694976807,13.688009262085,"0km"
6876,2017,9.04339694976807,13.688009262085,"0km"
6877,2017,9.00848388671875,12.3366498947144,"0km"
6878,2017,9.12817764282227,13.2983493804932,"0km"
6879,2017,9.5664234161377,14.6870632171631,"0km"
6880,2017,9.00848388671875,12.3366498947144,"0km"
6881,2017,9.00848388671875,12.3366498947144,"0km"
6882,2017,9.00848388671875,12.3366498947144,"0km"
6883,2017,9.00848388671875,12.3366498947144,"0km"
6884,2017,9.00848388671875,12.3366498947144,"0km"
6885,2017,9.04339694976807,13.688009262085,"0km"
6886,2017,9.00848388671875,12.3366498947144,"0km"
6887,2017,9.04339694976807,13.688009262085,"0km"
6888,2017,9.04339694976807,13.688009262085,"0km"
6889,2017,9.04339694976807,13.688009262085,"0km"
6890,2017,9.00848388671875,12.3366498947144,"0km"
6891,2017,9.00848388671875,12.3366498947144,"0km"
6892,2017,9.04339694976807,13.688009262085,"0km"
6893,2017,9.04339694976807,13.688009262085,"0km"
6894,2017,9.12817764282227,13.2983493804932,"0km"
6895,2017,9.00848388671875,12.3366498947144,"0km"
6896,2017,9.00848388671875,12.3366498947144,"0km"
6897,2017,9.00848388671875,12.3366498947144,"0km"
6898,2017,9.04339694976807,13.688009262085,"0km"
6899,2017,8.58256816864014,11.4020509719849,"0km"
6900,2017,8.58256816864014,11.4020509719849,"0km"
6901,2017,9.00848388671875,12.3366498947144,"0km"
6902,2017,8.58256816864014,11.4020509719849,"0km"
6903,2017,9.04339694976807,13.688009262085,"0km"
6904,2017,9.12817764282227,13.2983493804932,"0km"
6905,2017,9.04339694976807,13.688009262085,"0km"
6906,2017,9.12817764282227,13.2983493804932,"0km"
6907,2017,9.04339694976807,13.688009262085,"0km"
6908,2017,9.12817764282227,13.2983493804932,"0km"
6909,2017,9.02587985992432,13.3818473815918,"0km"
6910,2017,9.5531177520752,14.6746120452881,"0km"
6911,2017,9.5531177520752,14.6746120452881,"0km"
6912,2017,9.13782119750977,13.6579790115356,"0km"
6913,2017,9.17606163024902,13.9546189308167,"10km"
6914,2017,9.17606163024902,13.9546189308167,"10km"
6915,2017,9.17606163024902,13.9546189308167,"10km"
6916,2017,9.17606163024902,13.9546189308167,"10km"
6917,2017,9.17606163024902,13.9546189308167,"10km"
6918,2017,9.34705638885498,13.8888454437256,"10km"
6919,2017,9.19442710876465,13.2169012069702,"10km"
6920,2017,9.32557106018066,13.4887847900391,"0km"
6921,2017,9.17606163024902,13.9546189308167,"10km"
6922,2017,9.34705638885498,13.8888454437256,"10km"
6923,2017,9.34705638885498,13.8888454437256,"10km"
6924,2017,9.15459648768107,13.0640889803569,"10km"
6925,2017,9.13782119750977,13.6579790115356,"0km"
6926,2017,9.17433714866638,13.5254068374634,"10km"
6927,2017,9.17433714866638,13.5254068374634,"10km"
6928,2017,9.13782119750977,13.6579790115356,"0km"
6929,2017,9.13782119750977,13.6579790115356,"0km"
6930,2017,9.13782119750977,13.6579790115356,"0km"
6931,2017,9.13782119750977,13.6579790115356,"0km"
6932,2017,9.02587985992432,13.3818473815918,"0km"
6933,2017,9.13782119750977,13.6579790115356,"0km"
6934,2017,9.13782119750977,13.6579790115356,"0km"
6935,2017,9.34705638885498,13.8888454437256,"10km"
6936,2017,8.89562702178955,12.4391918182373,"0km"
6937,2017,9.13782119750977,13.6579790115356,"0km"
6938,2017,9.5531177520752,14.6746120452881,"0km"
6939,2017,9.32557106018066,13.4887847900391,"0km"
6940,2017,9.32557106018066,13.4887847900391,"0km"
6941,2017,9.5531177520752,14.6746120452881,"0km"
6942,2017,9.32557106018066,13.4887847900391,"0km"
6943,2017,9.13782119750977,13.6579790115356,"0km"
6944,2017,8.94054985046387,12.2399673461914,"0km"
6945,2017,9.13782119750977,13.6579790115356,"0km"
6946,2017,9.32557106018066,13.4887847900391,"0km"
6947,2017,9.11078262329102,13.3298444747925,"0km"
6948,2017,9.11078262329102,13.3298444747925,"0km"
6949,2017,8.94054985046387,12.2399673461914,"0km"
6950,2017,9.5531177520752,14.6746120452881,"0km"
6951,2017,9.5531177520752,14.6746120452881,"0km"
6952,2017,9.5531177520752,14.6746120452881,"0km"
6953,2017,9.14464569091797,13.4966949462891,"10km"
6954,2017,8.89562702178955,12.4391918182373,"0km"
6955,2017,8.89562702178955,12.4391918182373,"0km"
6956,2017,9.5531177520752,14.6746120452881,"0km"
6957,2017,9.02587985992432,13.3818473815918,"0km"
6958,2017,9.13782119750977,13.6579790115356,"0km"
6959,2017,9.5531177520752,14.6746120452881,"0km"
6960,2017,9.34705638885498,13.8888454437256,"10km"
6961,2017,8.89562702178955,12.4391918182373,"0km"
6962,2017,9.5531177520752,14.6746120452881,"0km"
6963,2008,8.09677410125732,11.4108400344849,"0km"
6964,2008,8.46037197113037,11.9147615432739,"0km"
6965,2008,8.59825420379639,13.6154975891113,"0km"
6966,2008,8.46037197113037,11.9147615432739,"0km"
6967,2008,8.59825420379639,13.6154975891113,"0km"
6968,2008,8.46037197113037,11.9147615432739,"0km"
6969,2008,8.46037197113037,11.9147615432739,"0km"
6970,2008,8.68004417419434,14.0271310806274,"0km"
6971,2008,8.68004417419434,14.0271310806274,"0km"
6972,2008,8.09677410125732,11.4108400344849,"0km"
6973,2008,8.08871746063232,10.8600425720215,"0km"
6974,2008,8.08871746063232,10.8600425720215,"0km"
6975,2008,8.15970325469971,9.78920841217041,"0km"
6976,2008,8.08871746063232,10.8600425720215,"0km"
6977,2008,8.08871746063232,10.8600425720215,"0km"
6978,2007,8.35117626190186,10.1774044036865,"0km"
6979,2007,8.35117626190186,10.1774044036865,"0km"
6980,2007,8.35117626190186,10.1774044036865,"0km"
6981,2007,8.33909130096436,10.2440567016602,"0km"
6982,2007,8.33909130096436,10.2440567016602,"0km"
6983,2007,8.33909130096436,10.2440567016602,"0km"
6984,2007,8.33909130096436,10.2440567016602,"0km"
6985,2007,8.33909130096436,10.2440567016602,"0km"
6986,2007,8.33909130096436,10.2440567016602,"0km"
6987,2007,8.33909130096436,10.2440567016602,"0km"
6988,2007,8.33909130096436,10.2440567016602,"0km"
6989,2007,8.33909130096436,10.2440567016602,"0km"
6990,2007,8.33909130096436,10.2440567016602,"0km"
6991,2007,8.31571388244629,10.0624103546143,"0km"
6992,2007,8.31571388244629,10.0624103546143,"0km"
6993,2007,8.31571388244629,10.0624103546143,"0km"
6994,2007,8.31571388244629,10.0624103546143,"0km"
6995,2007,8.31571388244629,10.0624103546143,"0km"
6996,2007,8.31571388244629,10.0624103546143,"0km"
6997,2007,8.31571388244629,10.0624103546143,"0km"
6998,2007,8.31571388244629,10.0624103546143,"0km"
6999,2007,8.31571388244629,10.0624103546143,"0km"
7000,2007,8.31571388244629,10.0624103546143,"0km"
7001,2007,8.31571388244629,10.0624103546143,"0km"
7002,2007,8.31571388244629,10.0624103546143,"0km"
7003,2007,8.31571388244629,10.0624103546143,"0km"
7004,2007,8.31571388244629,10.0624103546143,"0km"
7005,2007,8.31571388244629,10.0624103546143,"0km"
7006,2007,8.31571388244629,10.0624103546143,"0km"
7007,2007,8.31571388244629,10.0624103546143,"0km"
7008,2007,8.31571388244629,10.0624103546143,"0km"
7009,2007,8.31571388244629,10.0624103546143,"0km"
7010,2007,8.31571388244629,10.0624103546143,"0km"
7011,2007,8.31571388244629,10.0624103546143,"0km"
7012,2007,8.32224464416504,10.1979122161865,"0km"
7013,2007,8.32224464416504,10.1979122161865,"0km"
7014,2007,8.32224464416504,10.1979122161865,"0km"
7015,2007,8.32224464416504,10.1979122161865,"0km"
7016,2007,8.31571388244629,10.0624103546143,"0km"
7017,2007,8.31571388244629,10.0624103546143,"0km"
7018,2007,8.31571388244629,10.0624103546143,"0km"
7019,2007,8.31571388244629,10.0624103546143,"0km"
7020,2007,8.31571388244629,10.0624103546143,"0km"
7021,2007,8.31571388244629,10.0624103546143,"0km"
7022,2007,8.31571388244629,10.0624103546143,"0km"
7023,2007,8.31571388244629,10.0624103546143,"0km"
7024,2007,8.31571388244629,10.0624103546143,"0km"
7025,2007,8.31571388244629,10.0624103546143,"0km"
7026,2007,8.31571388244629,10.0624103546143,"0km"
7027,2007,8.31571388244629,10.0624103546143,"0km"
7028,2007,8.31571388244629,10.0624103546143,"0km"
7029,2007,8.31571388244629,10.0624103546143,"0km"
7030,2007,8.35117626190186,10.1774044036865,"0km"
7031,2007,8.35117626190186,10.1774044036865,"0km"
7032,2007,8.35117626190186,10.1774044036865,"0km"
7033,2007,8.35117626190186,10.1774044036865,"0km"
7034,2007,8.35117626190186,10.1774044036865,"0km"
7035,2007,8.35117626190186,10.1774044036865,"0km"
7036,2007,8.35117626190186,10.1774044036865,"0km"
7037,2007,8.35117626190186,10.1774044036865,"0km"
7038,2007,8.35117626190186,10.1774044036865,"0km"
7039,2007,8.35117626190186,10.1774044036865,"0km"
7040,2007,8.35117626190186,10.1774044036865,"0km"
7041,2007,8.35117626190186,10.1774044036865,"0km"
7042,2007,8.35117626190186,10.1774044036865,"0km"
7043,2007,8.35117626190186,10.1774044036865,"0km"
7044,2007,8.35117626190186,10.1774044036865,"0km"
7045,2007,8.35117626190186,10.1774044036865,"0km"
7046,2007,8.32084083557129,10.1495714187622,"0km"
7047,2007,8.32084083557129,10.1495714187622,"0km"
7048,2007,8.32084083557129,10.1495714187622,"0km"
7049,2007,8.32084083557129,10.1495714187622,"0km"
7050,2007,8.32084083557129,10.1495714187622,"0km"
7051,2007,8.32084083557129,10.1495714187622,"0km"
7052,2007,8.32084083557129,10.1495714187622,"0km"
7053,2007,8.32084083557129,10.1495714187622,"0km"
7054,2007,8.32084083557129,10.1495714187622,"0km"
7055,2007,8.32084083557129,10.1495714187622,"0km"
7056,2007,8.32084083557129,10.1495714187622,"0km"
7057,2007,8.32084083557129,10.1495714187622,"0km"
7058,2007,8.32084083557129,10.1495714187622,"0km"
7059,2007,8.32084083557129,10.1495714187622,"0km"
7060,2007,8.32084083557129,10.1495714187622,"0km"
7061,2007,8.32084083557129,10.1495714187622,"0km"
7062,2007,8.32084083557129,10.1495714187622,"0km"
7063,2007,8.32084083557129,10.1495714187622,"0km"
7064,2007,8.32084083557129,10.1495714187622,"0km"
7065,2007,8.32084083557129,10.1495714187622,"0km"
7066,2007,8.32084083557129,10.1495714187622,"0km"
7067,2007,8.32084083557129,10.1495714187622,"0km"
7068,2007,8.32084083557129,10.1495714187622,"0km"
7069,2007,8.32084083557129,10.1495714187622,"0km"
7070,2007,8.32084083557129,10.1495714187622,"0km"
7071,2007,8.32084083557129,10.1495714187622,"0km"
7072,2007,8.32084083557129,10.1495714187622,"0km"
7073,2007,8.32084083557129,10.1495714187622,"0km"
7074,2007,8.32084083557129,10.1495714187622,"0km"
7075,2007,8.32084083557129,10.1495714187622,"0km"
7076,2007,8.32084083557129,10.1495714187622,"0km"
7077,2007,8.32084083557129,10.1495714187622,"0km"
7078,2007,8.32084083557129,10.1495714187622,"0km"
7079,2007,8.32084083557129,10.1495714187622,"0km"
7080,2007,8.32084083557129,10.1495714187622,"0km"
7081,2007,8.32084083557129,10.1495714187622,"0km"
7082,2007,8.32084083557129,10.1495714187622,"0km"
7083,2007,8.28049564361572,10.0873136520386,"0km"
7084,2007,8.28049564361572,10.0873136520386,"0km"
7085,2007,8.28049564361572,10.0873136520386,"0km"
7086,2007,8.28049564361572,10.0873136520386,"0km"
7087,2007,8.33909130096436,10.2440567016602,"0km"
7088,2007,8.33909130096436,10.2440567016602,"0km"
7089,2007,8.33909130096436,10.2440567016602,"0km"
7090,2007,8.33909130096436,10.2440567016602,"0km"
7091,2007,8.35117626190186,10.1774044036865,"0km"
7092,2007,8.35117626190186,10.1774044036865,"0km"
7093,2007,8.35117626190186,10.1774044036865,"0km"
7094,2007,8.35117626190186,10.1774044036865,"0km"
7095,2007,8.35117626190186,10.1774044036865,"0km"
7096,2007,8.35117626190186,10.1774044036865,"0km"
7097,2007,8.35117626190186,10.1774044036865,"0km"
7098,2007,8.35117626190186,10.1774044036865,"0km"
7099,2007,8.35117626190186,10.1774044036865,"0km"
7100,2007,8.35117626190186,10.1774044036865,"0km"
7101,2007,8.35117626190186,10.1774044036865,"0km"
7102,2007,8.35117626190186,10.1774044036865,"0km"
7103,2007,8.35117626190186,10.1774044036865,"0km"
7104,2007,8.33909130096436,10.2440567016602,"0km"
7105,2007,8.33909130096436,10.2440567016602,"0km"
7106,2007,8.33909130096436,10.2440567016602,"0km"
7107,2007,8.33909130096436,10.2440567016602,"0km"
7108,2007,8.32084083557129,10.1495714187622,"0km"
7109,2007,8.32084083557129,10.1495714187622,"0km"
7110,2007,8.35117626190186,10.1774044036865,"0km"
7111,2007,8.35117626190186,10.1774044036865,"0km"
7112,2007,8.33909130096436,10.2440567016602,"0km"
7113,2007,8.33909130096436,10.2440567016602,"0km"
7114,2007,8.33909130096436,10.2440567016602,"0km"
7115,2007,8.33909130096436,10.2440567016602,"0km"
7116,2007,8.33909130096436,10.2440567016602,"0km"
7117,2007,8.33909130096436,10.2440567016602,"0km"
7118,2007,8.33909130096436,10.2440567016602,"0km"
7119,2007,8.33909130096436,10.2440567016602,"0km"
7120,2007,8.33909130096436,10.2440567016602,"0km"
7121,2007,8.33909130096436,10.2440567016602,"0km"
7122,2007,8.33909130096436,10.2440567016602,"0km"
7123,2007,8.33909130096436,10.2440567016602,"0km"
7124,2007,8.27890872955322,10.0499591827393,"0km"
7125,2007,8.27890872955322,10.0499591827393,"0km"
7126,2007,8.27890872955322,10.0499591827393,"0km"
7127,2007,8.27890872955322,10.0499591827393,"0km"
7128,2007,8.27890872955322,10.0499591827393,"0km"
7129,2007,8.27890872955322,10.0499591827393,"0km"
7130,2007,8.31571388244629,10.0624103546143,"0km"
7131,2007,8.31571388244629,10.0624103546143,"0km"
7132,2007,8.31571388244629,10.0624103546143,"0km"
7133,2007,8.31571388244629,10.0624103546143,"0km"
7134,2007,8.31571388244629,10.0624103546143,"0km"
7135,2007,8.31571388244629,10.0624103546143,"0km"
7136,2007,8.31571388244629,10.0624103546143,"0km"
7137,2007,8.31571388244629,10.0624103546143,"0km"
7138,2007,8.31571388244629,10.0624103546143,"0km"
7139,2007,8.31571388244629,10.0624103546143,"0km"
7140,2007,8.31571388244629,10.0624103546143,"0km"
7141,2007,8.31571388244629,10.0624103546143,"0km"
7142,2007,8.31571388244629,10.0624103546143,"0km"
7143,2007,8.31571388244629,10.0624103546143,"0km"
7144,2007,8.31571388244629,10.0624103546143,"0km"
7145,2007,8.31571388244629,10.0624103546143,"0km"
7146,2007,8.32084083557129,10.1495714187622,"0km"
7147,2007,8.32084083557129,10.1495714187622,"0km"
7148,2007,8.32084083557129,10.1495714187622,"0km"
7149,2007,8.32084083557129,10.1495714187622,"0km"
7150,2007,8.32084083557129,10.1495714187622,"0km"
7151,2007,8.32084083557129,10.1495714187622,"0km"
7152,2007,8.32084083557129,10.1495714187622,"0km"
7153,2007,8.32084083557129,10.1495714187622,"0km"
7154,2007,8.32084083557129,10.1495714187622,"0km"
7155,2007,8.32084083557129,10.1495714187622,"0km"
7156,2007,8.32084083557129,10.1495714187622,"0km"
7157,2007,8.32084083557129,10.1495714187622,"0km"
7158,2007,8.32084083557129,10.1495714187622,"0km"
7159,2007,8.32084083557129,10.1495714187622,"0km"
7160,2007,8.32084083557129,10.1495714187622,"0km"
7161,2007,8.32084083557129,10.1495714187622,"0km"
7162,2007,8.32084083557129,10.1495714187622,"0km"
7163,2007,8.32084083557129,10.1495714187622,"0km"
7164,2007,8.32084083557129,10.1495714187622,"0km"
7165,2007,8.32084083557129,10.1495714187622,"0km"
7166,2007,8.32084083557129,10.1495714187622,"0km"
7167,2007,8.32084083557129,10.1495714187622,"0km"
7168,2007,8.32084083557129,10.1495714187622,"0km"
7169,2007,8.32084083557129,10.1495714187622,"0km"
7170,2007,8.28049564361572,10.0873136520386,"0km"
7171,2007,8.28049564361572,10.0873136520386,"0km"
7172,2007,8.28049564361572,10.0873136520386,"0km"
7173,2007,8.33909130096436,10.2440567016602,"0km"
7174,2007,8.33909130096436,10.2440567016602,"0km"
7175,2007,8.33909130096436,10.2440567016602,"0km"
7176,2007,8.33909130096436,10.2440567016602,"0km"
7177,2007,8.33909130096436,10.2440567016602,"0km"
7178,2007,8.33909130096436,10.2440567016602,"0km"
7179,2007,8.33909130096436,10.2440567016602,"0km"
7180,2007,8.35117626190186,10.1774044036865,"0km"
7181,2007,8.35117626190186,10.1774044036865,"0km"
7182,2007,8.35117626190186,10.1774044036865,"0km"
7183,2007,8.35117626190186,10.1774044036865,"0km"
7184,2007,8.35117626190186,10.1774044036865,"0km"
7185,2007,8.35117626190186,10.1774044036865,"0km"
7186,2007,8.35117626190186,10.1774044036865,"0km"
7187,2008,8.61723709106445,11.823205947876,"0km"
7188,2008,8.61723709106445,11.823205947876,"0km"
7189,2008,8.61723709106445,11.823205947876,"0km"
7190,2008,8.61723709106445,11.823205947876,"0km"
7191,2008,8.61723709106445,11.823205947876,"0km"
7192,2008,8.61723709106445,11.823205947876,"0km"
7193,2008,8.61723709106445,11.823205947876,"0km"
7194,2008,8.61723709106445,11.823205947876,"0km"
7195,2008,8.61723709106445,11.823205947876,"0km"
7196,2008,8.61723709106445,11.823205947876,"0km"
7197,2008,8.61723709106445,11.823205947876,"0km"
7198,2008,8.61723709106445,11.823205947876,"0km"
7199,2008,8.61723709106445,11.823205947876,"0km"
7200,2008,8.61723709106445,11.823205947876,"0km"
7201,2008,8.61723709106445,11.823205947876,"0km"
7202,2008,8.61723709106445,11.823205947876,"0km"
7203,2008,9.92916679382324,16.3980522155762,"0km"
7204,2008,8.61723709106445,11.823205947876,"0km"
7205,2008,8.61723709106445,11.823205947876,"0km"
7206,2008,8.61723709106445,11.823205947876,"0km"
7207,2008,8.61723709106445,11.823205947876,"0km"
7208,2008,9.92916679382324,16.3980522155762,"0km"
7209,2008,8.61723709106445,11.823205947876,"0km"
7210,2008,8.61723709106445,11.823205947876,"0km"
7211,2008,8.61723709106445,11.823205947876,"0km"
7212,2008,8.61723709106445,11.823205947876,"0km"
7213,2008,8.61723709106445,11.823205947876,"0km"
7214,2008,8.61723709106445,11.823205947876,"0km"
7215,2008,8.61723709106445,11.823205947876,"0km"
7216,2008,8.61723709106445,11.823205947876,"0km"
7217,2008,8.61723709106445,11.823205947876,"0km"
7218,2008,8.61723709106445,11.823205947876,"0km"
7219,2008,8.61723709106445,11.823205947876,"0km"
7220,2008,8.61723709106445,11.823205947876,"0km"
7221,2008,8.61723709106445,11.823205947876,"0km"
7222,2008,8.61723709106445,11.823205947876,"0km"
7223,2008,8.61723709106445,11.823205947876,"0km"
7224,2008,8.61723709106445,11.823205947876,"0km"
7225,2008,8.61723709106445,11.823205947876,"0km"
7226,2008,9.92916679382324,16.3980522155762,"0km"
7227,2008,8.61723709106445,11.823205947876,"0km"
7228,2008,8.61723709106445,11.823205947876,"0km"
7229,2008,8.61723709106445,11.823205947876,"0km"
7230,2008,9.92916679382324,16.3980522155762,"0km"
7231,2008,8.61723709106445,11.823205947876,"0km"
7232,2008,8.61723709106445,11.823205947876,"0km"
7233,2008,9.92916679382324,16.3980522155762,"0km"
7234,2008,8.61723709106445,11.823205947876,"0km"
7235,2008,9.92916679382324,16.3980522155762,"0km"
7236,2008,8.61723709106445,11.823205947876,"0km"
7237,2008,8.61723709106445,11.823205947876,"0km"
7238,2008,8.61723709106445,11.823205947876,"0km"
7239,2008,8.61723709106445,11.823205947876,"0km"
7240,2008,9.92916679382324,16.3980522155762,"0km"
7241,2008,8.61723709106445,11.823205947876,"0km"
7242,2008,9.92916679382324,16.3980522155762,"0km"
7243,2008,8.61723709106445,11.823205947876,"0km"
7244,2008,8.61723709106445,11.823205947876,"0km"
7245,2008,9.92916679382324,16.3980522155762,"0km"
7246,2008,8.61723709106445,11.823205947876,"0km"
7247,2008,8.61723709106445,11.823205947876,"0km"
7248,2008,8.61723709106445,11.823205947876,"0km"
7249,2008,8.61723709106445,11.823205947876,"0km"
7250,2008,8.61723709106445,11.823205947876,"0km"
7251,2008,8.61723709106445,11.823205947876,"0km"
7252,2008,8.61723709106445,11.823205947876,"0km"
7253,2008,8.61723709106445,11.823205947876,"0km"
7254,2008,8.61723709106445,11.823205947876,"0km"
7255,2008,8.61723709106445,11.823205947876,"0km"
7256,2006,8.58201885223389,12.6508684158325,"0km"
7257,2006,9.1054105758667,14.4050722122192,"0km"
7258,2006,9.1054105758667,14.4050722122192,"0km"
7259,2006,9.1054105758667,14.4050722122192,"0km"
7260,2006,9.1054105758667,14.4050722122192,"0km"
7261,2006,9.1054105758667,14.4050722122192,"0km"
7262,2006,8.58201885223389,12.6508684158325,"0km"
7263,2006,9.1054105758667,14.4050722122192,"0km"
7264,2006,9.1054105758667,14.4050722122192,"0km"
7265,2006,9.1054105758667,14.4050722122192,"0km"
7266,2006,9.1054105758667,14.4050722122192,"0km"
7267,2006,9.1054105758667,14.4050722122192,"0km"
7268,2006,9.1054105758667,14.4050722122192,"0km"
7269,2006,9.1054105758667,14.4050722122192,"0km"
7270,2006,9.1054105758667,14.4050722122192,"0km"
7271,2006,9.1054105758667,14.4050722122192,"0km"
7272,2006,9.1054105758667,14.4050722122192,"0km"
7273,2006,9.1054105758667,14.4050722122192,"0km"
7274,2006,9.1054105758667,14.4050722122192,"0km"
7275,2006,9.1054105758667,14.4050722122192,"0km"
7276,2006,9.1054105758667,14.4050722122192,"0km"
7277,2006,9.1054105758667,14.4050722122192,"0km"
7278,2006,9.1054105758667,14.4050722122192,"0km"
7279,2006,9.1054105758667,14.4050722122192,"0km"
7280,2006,9.1054105758667,14.4050722122192,"0km"
7281,2006,9.1054105758667,14.4050722122192,"0km"
7282,2006,9.1054105758667,14.4050722122192,"0km"
7283,2006,8.58201885223389,12.6508684158325,"0km"
7284,2006,8.58201885223389,12.6508684158325,"0km"
7285,2006,8.58201885223389,12.6508684158325,"0km"
7286,2006,9.1054105758667,14.4050722122192,"0km"
7287,2006,9.1054105758667,14.4050722122192,"0km"
7288,2006,9.1054105758667,14.4050722122192,"0km"
7289,2006,9.1054105758667,14.4050722122192,"0km"
7290,2006,9.1054105758667,14.4050722122192,"0km"
7291,2006,9.1054105758667,14.4050722122192,"0km"
7292,2006,9.1054105758667,14.4050722122192,"0km"
7293,2006,9.1054105758667,14.4050722122192,"0km"
7294,2006,9.1054105758667,14.4050722122192,"0km"
7295,2006,9.1054105758667,14.4050722122192,"0km"
7296,2006,9.1054105758667,14.4050722122192,"0km"
7297,2006,9.1054105758667,14.4050722122192,"0km"
7298,2006,9.1054105758667,14.4050722122192,"0km"
7299,2006,9.1054105758667,14.4050722122192,"0km"
7300,2009,NA,NA,"15km"
7301,2009,NA,NA,"15km"
7302,2009,NA,NA,"15km"
7303,2009,NA,NA,"15km"
7304,2009,NA,NA,"15km"
7305,2009,NA,NA,"15km"
7306,2009,NA,NA,"15km"
7307,2009,7.34965038299561,9.44715690612793,"15km"
7308,2009,7.34965038299561,9.44715690612793,"15km"
7309,2007,8.37467575073242,11.9836111068726,"0km"
7310,2007,8.33335399627686,11.9682302474976,"0km"
7311,2007,8.33158397674561,12.1572008132935,"0km"
7312,2007,8.33158397674561,12.1572008132935,"0km"
7313,2007,8.37467575073242,11.9836111068726,"0km"
7314,2007,8.29227542877197,12.1000699996948,"0km"
7315,2007,8.27903079986572,11.9557790756226,"0km"
7316,2007,8.33335399627686,11.9682302474976,"0km"
7317,2007,8.27903079986572,11.9557790756226,"0km"
7318,2007,8.29227542877197,12.1000699996948,"0km"
7319,2007,8.33158397674561,12.1572008132935,"0km"
7320,2007,8.29227542877197,12.1000699996948,"0km"
7321,2007,8.33335399627686,11.9682302474976,"0km"
7322,2007,8.33158397674561,12.1572008132935,"0km"
7323,2007,8.33158397674561,12.1572008132935,"0km"
7324,2007,8.29227542877197,12.1000699996948,"0km"
7325,2007,8.48655700683594,11.6042051315308,"0km"
7326,2007,8.38615036010742,12.2831811904907,"0km"
7327,2007,8.51286315917969,12.8581495285034,"0km"
7328,2007,8.37467575073242,11.9836111068726,"0km"
7329,2007,8.48655700683594,11.6042051315308,"0km"
7330,2007,8.61064529418945,12.5534534454346,"0km"
7331,2007,8.60783672332764,12.8706016540527,"0km"
7332,2007,8.37467575073242,11.9836111068726,"0km"
7333,2007,8.38615036010742,12.2831811904907,"0km"
7334,2007,8.48655700683594,11.6042051315308,"0km"
7335,2007,8.61064529418945,12.5534534454346,"0km"
7336,2007,8.60783672332764,12.8706016540527,"0km"
7337,2007,8.60783672332764,12.8706016540527,"0km"
7338,2007,8.60783672332764,12.8706016540527,"0km"
7339,2007,8.60783672332764,12.8706016540527,"0km"
7340,2007,8.38615036010742,12.2831811904907,"0km"
7341,2007,8.37467575073242,11.9836111068726,"0km"
7342,2007,8.38615036010742,12.2831811904907,"0km"
7343,2007,8.61064529418945,12.5534534454346,"0km"
7344,2007,8.48655700683594,11.6042051315308,"0km"
7345,2007,8.60783672332764,12.8706016540527,"0km"
7346,2007,8.38615036010742,12.2831811904907,"0km"
7347,2007,8.38615036010742,12.2831811904907,"0km"
7348,2007,8.48655700683594,11.6042051315308,"0km"
7349,2007,8.38615036010742,12.2831811904907,"0km"
7350,2007,8.48655700683594,11.6042051315308,"0km"
7351,2007,8.48655700683594,11.6042051315308,"0km"
7352,2007,8.61064529418945,12.5534534454346,"0km"
7353,2007,8.27903079986572,11.9557790756226,"0km"
7354,2007,8.27903079986572,11.9557790756226,"0km"
7355,2007,8.27903079986572,11.9557790756226,"0km"
7356,2007,8.27903079986572,11.9557790756226,"0km"
7357,2007,8.27903079986572,11.9557790756226,"0km"
7358,2007,8.27903079986572,11.9557790756226,"0km"
7359,2007,8.27903079986572,11.9557790756226,"0km"
7360,2007,8.27903079986572,11.9557790756226,"0km"
7361,2007,8.27903079986572,11.9557790756226,"0km"
7362,2007,8.27903079986572,11.9557790756226,"0km"
7363,2007,8.27903079986572,11.9557790756226,"0km"
7364,2007,8.27903079986572,11.9557790756226,"0km"
7365,2007,8.38615036010742,12.2831811904907,"0km"
7366,2007,8.38615036010742,12.2831811904907,"0km"
7367,2007,8.38615036010742,12.2831811904907,"0km"
7368,2007,8.38615036010742,12.2831811904907,"0km"
7369,2007,8.38615036010742,12.2831811904907,"0km"
7370,2007,8.38615036010742,12.2831811904907,"0km"
7371,2007,8.38615036010742,12.2831811904907,"0km"
7372,2007,8.38615036010742,12.2831811904907,"0km"
7373,2007,8.38615036010742,12.2831811904907,"0km"
7374,2007,8.38615036010742,12.2831811904907,"0km"
7375,2007,8.38615036010742,12.2831811904907,"0km"
7376,2007,8.38615036010742,12.2831811904907,"0km"
7377,2007,8.38615036010742,12.2831811904907,"0km"
7378,2007,8.38615036010742,12.2831811904907,"0km"
7379,2007,8.38615036010742,12.2831811904907,"0km"
7380,2007,8.38615036010742,12.2831811904907,"0km"
7381,2007,8.38615036010742,12.2831811904907,"0km"
7382,2007,8.38615036010742,12.2831811904907,"0km"
7383,2007,8.38615036010742,12.2831811904907,"0km"
7384,2007,8.38615036010742,12.2831811904907,"0km"
7385,2007,8.58165264129639,13.2089910507202,"0km"
7386,2007,8.58165264129639,13.2089910507202,"0km"
7387,2007,8.18582725524902,12.0260934829712,"0km"
7388,2007,8.16898059844971,12.312479019165,"0km"
7389,2007,8.06295967102051,12.9313945770264,"0km"
7390,2007,8.06295967102051,12.9313945770264,"0km"
7391,2007,8.06295967102051,12.9313945770264,"0km"
7392,2007,8.06295967102051,12.9313945770264,"0km"
7393,2007,8.06295967102051,12.9313945770264,"0km"
7394,2007,8.33359813690186,15.6216621398926,"0km"
7395,2007,7.84456920623779,13.4953765869141,"0km"
7396,2007,7.84456920623779,13.4953765869141,"0km"
7397,2007,7.84456920623779,13.4953765869141,"0km"
7398,2007,7.84456920623779,13.4953765869141,"0km"
7399,2007,7.84456920623779,13.4953765869141,"0km"
7400,2007,7.84456920623779,13.4953765869141,"0km"
7401,2007,7.84456920623779,13.4953765869141,"0km"
7402,2007,7.69899606704712,12.6083860397339,"0km"
7403,2007,7.69899606704712,12.6083860397339,"0km"
7404,2007,7.69899606704712,12.6083860397339,"0km"
7405,2007,7.69899606704712,12.6083860397339,"0km"
7406,2007,7.69899606704712,12.6083860397339,"0km"
7407,2007,7.69899606704712,12.6083860397339,"0km"
7408,2007,7.69899606704712,12.6083860397339,"0km"
7409,2007,7.69899606704712,12.6083860397339,"0km"
7410,2007,7.69899606704712,12.6083860397339,"0km"
7411,2007,7.69899606704712,12.6083860397339,"0km"
7412,2007,7.69899606704712,12.6083860397339,"0km"
7413,2007,7.69899606704712,12.6083860397339,"0km"
7414,2007,7.69899606704712,12.6083860397339,"0km"
7415,2007,7.69899606704712,12.6083860397339,"0km"
7416,2007,7.69899606704712,12.6083860397339,"0km"
7417,2007,8.23093318939209,14.5808591842651,"0km"
7418,2007,8.23093318939209,14.5808591842651,"0km"
7419,2007,8.23093318939209,14.5808591842651,"0km"
7420,2007,8.23093318939209,14.5808591842651,"0km"
7421,2007,7.71999263763428,13.7649154663086,"0km"
7422,2007,7.71999263763428,13.7649154663086,"0km"
7423,2007,7.71999263763428,13.7649154663086,"0km"
7424,2007,7.71999263763428,13.7649154663086,"0km"
7425,2007,7.87252426147461,14.0871915817261,"0km"
7426,2007,7.87252426147461,14.0871915817261,"0km"
7427,2007,7.87252426147461,14.0871915817261,"0km"
7428,2007,8.00704956054688,15.1367835998535,"0km"
7429,2007,8.24668121337891,15.8216190338135,"0km"
7430,2007,8.24668121337891,15.8216190338135,"0km"
7431,2007,8.24668121337891,15.8216190338135,"0km"
7432,2007,8.24668121337891,15.8216190338135,"0km"
7433,2007,8.24668121337891,15.8216190338135,"0km"
7434,2007,8.24668121337891,15.8216190338135,"0km"
7435,2007,8.24668121337891,15.8216190338135,"0km"
7436,2017,9.61415481567383,14.8555250167847,"0km"
7437,2017,9.61415481567383,14.8555250167847,"0km"
7438,2017,9.61415481567383,14.8555250167847,"0km"
7439,2017,9.26612186431885,14.0036926269531,"0km"
7440,2017,8.68834495544434,11.1669359207153,"0km"
7441,2017,9.89529132843018,15.4231700897217,"0km"
7442,2017,9.89529132843018,15.4231700897217,"0km"
7443,2017,9.89529132843018,15.4231700897217,"0km"
7444,2017,9.89529132843018,15.4231700897217,"0km"
7445,2017,7.85958433151245,8.6129035949707,"0km"
7446,2017,9.89529132843018,15.4231700897217,"0km"
7447,2017,9.86117172241211,15.470046043396,"0km"
7448,2017,9.86117172241211,15.470046043396,"0km"
7449,2017,9.86117172241211,15.470046043396,"0km"
7450,2017,9.89529132843018,15.4231700897217,"0km"
7451,2017,9.89529132843018,15.4231700897217,"0km"
7452,2017,9.86117172241211,15.470046043396,"0km"
7453,2017,9.76931095123291,14.9419536590576,"0km"
7454,2017,9.86117172241211,15.470046043396,"0km"
7455,2017,9.89529132843018,15.4231700897217,"0km"
7456,2017,9.86117172241211,15.470046043396,"0km"
7457,2017,9.61415481567383,14.8555250167847,"0km"
7458,2017,9.61415481567383,14.8555250167847,"0km"
7459,2017,8.37205123901367,10.8505201339722,"0km"
7460,2017,9.61415481567383,14.8555250167847,"0km"
7461,2017,9.61415481567383,14.8555250167847,"0km"
7462,2017,8.37205123901367,10.8505201339722,"0km"
7463,2017,7.85958433151245,8.6129035949707,"0km"
7464,2017,9.61415481567383,14.8555250167847,"0km"
7465,2017,9.86117172241211,15.470046043396,"0km"
7466,2017,9.89529132843018,15.4231700897217,"0km"
7467,2017,9.89529132843018,15.4231700897217,"0km"
7468,2017,9.89529132843018,15.4231700897217,"0km"
7469,2017,8.37205123901367,10.8505201339722,"0km"
7470,2017,9.74385833740234,14.9653921127319,"0km"
7471,2017,9.89529132843018,15.4231700897217,"0km"
7472,2017,9.61415481567383,14.8555250167847,"0km"
7473,2017,9.86117172241211,15.470046043396,"0km"
7474,2017,9.89529132843018,15.4231700897217,"0km"
7475,2017,9.89529132843018,15.4231700897217,"0km"
7476,2017,9.55232429504395,14.9749135971069,"0km"
7477,2015,8.56529426574707,15.7476425170898,"0km"
7478,2015,8.56529426574707,15.7476425170898,"0km"
7479,2015,8.56529426574707,15.7476425170898,"0km"
7480,2015,8.56529426574707,15.7476425170898,"0km"
7481,2015,8.56529426574707,15.7476425170898,"0km"
7482,2015,8.56529426574707,15.7476425170898,"0km"
7483,2015,8.76500701904297,15.4480724334717,"0km"
7484,2015,8.56529426574707,15.7476425170898,"0km"
7485,2015,8.56529426574707,15.7476425170898,"0km"
7486,2008,8.28098392486572,8.94470024108887,"0km"
7487,2008,8.13882827758789,10.5692615509033,"0km"
7488,2008,8.02053928375244,12.2817163467407,"0km"
7489,2008,8.02053928375244,12.2817163467407,"0km"
7490,2008,8.02053928375244,12.2817163467407,"0km"
7491,2008,8.02053928375244,12.2817163467407,"0km"
7492,2008,8.02053928375244,12.2817163467407,"0km"
7493,2008,8.02053928375244,12.2817163467407,"0km"
7494,2008,8.02053928375244,12.2817163467407,"0km"
7495,2008,8.02053928375244,12.2817163467407,"0km"
7496,2008,8.14682483673096,10.6637468338013,"0km"
7497,2008,7.96792507171631,11.6064023971558,"0km"
7498,2008,8.25662994384766,13.3261814117432,"0km"
7499,2008,8.25662994384766,13.3261814117432,"0km"
7500,2008,8.04592990875244,12.4399242401123,"0km"
7501,2008,8.11642837524414,12.6530656814575,"0km"
7502,2008,8.13882827758789,10.5692615509033,"0km"
7503,2008,8.04592990875244,12.4399242401123,"0km"
7504,2008,8.13882827758789,10.5692615509033,"0km"
7505,2008,8.11642837524414,12.6530656814575,"0km"
7506,2008,8.04592990875244,12.4399242401123,"0km"
7507,2008,8.13882827758789,10.5692615509033,"0km"
7508,2008,8.04592990875244,12.4399242401123,"0km"
7509,2008,8.25662994384766,13.3261814117432,"0km"
7510,2008,8.04592990875244,12.4399242401123,"0km"
7511,2008,8.11642837524414,12.6530656814575,"0km"
7512,2008,8.12189078330994,12.8268377780914,"10km"
7513,2008,8.11642837524414,12.6530656814575,"0km"
7514,2008,8.11642837524414,12.6530656814575,"0km"
7515,2008,8.11642837524414,12.6530656814575,"0km"
7516,2008,8.11642837524414,12.6530656814575,"0km"
7517,2008,8.11642837524414,12.6530656814575,"0km"
7518,2008,8.11642837524414,12.6530656814575,"0km"
7519,2008,8.11642837524414,12.6530656814575,"0km"
7520,2008,8.04592990875244,12.4399242401123,"0km"
7521,2008,8.04592990875244,12.4399242401123,"0km"
7522,2008,8.04592990875244,12.4399242401123,"0km"
7523,2008,8.06857490539551,12.8881797790527,"0km"
7524,2017,9.02587985992432,13.3818473815918,"0km"
7525,2017,9.02587985992432,13.3818473815918,"0km"
7526,2017,9.5531177520752,14.6746120452881,"0km"
7527,2017,9.02587985992432,13.3818473815918,"0km"
7528,2017,8.6225471496582,11.6247138977051,"0km"
7529,2017,9.35212230682373,13.70192527771,"0km"
7530,2017,9.35212230682373,13.70192527771,"0km"
7531,2017,8.41123676300049,11.3031711578369,"0km"
7532,2017,9.35212230682373,13.70192527771,"0km"
7533,2017,9.35212230682373,13.70192527771,"0km"
7534,2017,9.35212230682373,13.70192527771,"0km"
7535,2017,9.35212230682373,13.70192527771,"0km"
7536,2017,9.35212230682373,13.70192527771,"0km"
7537,2017,8.41123676300049,11.3031711578369,"0km"
7538,2017,8.41123676300049,11.3031711578369,"0km"
7539,2017,8.41123676300049,11.3031711578369,"0km"
7540,2017,8.41123676300049,11.3031711578369,"0km"
7541,2017,8.41123676300049,11.3031711578369,"0km"
7542,2017,8.41123676300049,11.3031711578369,"0km"
7543,2017,9.35212230682373,13.70192527771,"0km"
7544,2017,9.35212230682373,13.70192527771,"0km"
7545,2017,9.35212230682373,13.70192527771,"0km"
7546,2017,9.35212230682373,13.70192527771,"0km"
7547,2017,9.35212230682373,13.70192527771,"0km"
7548,2017,9.35212230682373,13.70192527771,"0km"
7549,2017,7.9513840675354,10.0126037597656,"0km"
7550,2017,7.9513840675354,10.0126037597656,"0km"
7551,2017,7.9513840675354,10.0126037597656,"0km"
7552,2017,7.9513840675354,10.0126037597656,"0km"
7553,2017,7.9513840675354,10.0126037597656,"0km"
7554,2017,7.9513840675354,10.0126037597656,"0km"
7555,2017,7.9513840675354,10.0126037597656,"0km"
7556,2017,9.67799949645996,14.9126558303833,"0km"
7557,2017,9.67799949645996,14.9126558303833,"0km"
7558,2017,9.67799949645996,14.9126558303833,"0km"
7559,2017,9.67799949645996,14.9126558303833,"0km"
7560,2017,9.91579914093018,15.3213596343994,"0km"
7561,2017,9.76931095123291,14.9419536590576,"0km"
7562,2017,9.76821231842041,15.1367835998535,"0km"
7563,2017,8.58238506317139,12.0956754684448,"0km"
7564,2017,9.67336082458496,14.9104585647583,"0km"
7565,2017,9.76931095123291,14.9419536590576,"0km"
7566,2017,9.67799949645996,14.9126558303833,"0km"
7567,2017,9.67799949645996,14.9126558303833,"0km"
7568,2017,9.67799949645996,14.9126558303833,"0km"
7569,2017,9.67799949645996,14.9126558303833,"0km"
7570,2017,8.59958704312642,12.5897091229757,"10km"
7571,2017,8.59958704312642,12.5897091229757,"10km"
7572,2017,9.0917387008667,13.4953765869141,"0km"
7573,2017,9.0917387008667,13.4953765869141,"0km"
7574,2017,9.0917387008667,13.4953765869141,"0km"
7575,2017,8.56230354309082,11.6518144607544,"0km"
7576,2017,8.56230354309082,11.6518144607544,"0km"
7577,2017,8.56230354309082,11.6518144607544,"0km"
7578,2017,8.56230354309082,11.6518144607544,"0km"
7579,2017,8.56230354309082,11.6518144607544,"0km"
7580,2017,8.56230354309082,11.6518144607544,"0km"
7581,2017,8.56230354309082,11.6518144607544,"0km"
7582,2017,8.56230354309082,11.6518144607544,"0km"
7583,2017,8.56230354309082,11.6518144607544,"0km"
7584,2017,9.0917387008667,13.4953765869141,"0km"
7585,2017,9.0917387008667,13.4953765869141,"0km"
7586,2017,9.0917387008667,13.4953765869141,"0km"
7587,2017,9.0917387008667,13.4953765869141,"0km"
7588,2017,9.0917387008667,13.4953765869141,"0km"
7589,2017,9.60017681121826,14.8438062667847,"0km"
7590,2017,9.22595882415771,13.3979616165161,"0km"
7591,2017,9.0917387008667,13.4953765869141,"0km"
7592,2017,9.0917387008667,13.4953765869141,"0km"
7593,2017,9.0917387008667,13.4953765869141,"0km"
7594,2017,9.0917387008667,13.4953765869141,"0km"
7595,2017,9.60310649871826,14.767632484436,"0km"
7596,2017,9.60310649871826,14.767632484436,"0km"
7597,2017,9.60310649871826,14.767632484436,"0km"
7598,2017,9.60310649871826,14.767632484436,"0km"
7599,2017,9.60310649871826,14.767632484436,"0km"
7600,2017,9.22595882415771,13.3979616165161,"0km"
7601,2017,9.22595882415771,13.3979616165161,"0km"
7602,2017,7.32294702529907,8.28257083892822,"0km"
7603,2017,7.32294702529907,8.28257083892822,"0km"
7604,2017,7.32294702529907,8.28257083892822,"0km"
7605,2017,7.32294702529907,8.28257083892822,"0km"
7606,2017,7.32294702529907,8.28257083892822,"0km"
7607,2017,7.32294702529907,8.28257083892822,"0km"
7608,2017,7.32294702529907,8.28257083892822,"0km"
7609,2017,7.32294702529907,8.28257083892822,"0km"
7610,2017,7.32294702529907,8.28257083892822,"0km"
7611,2017,7.32294702529907,8.28257083892822,"0km"
7612,2017,7.32294702529907,8.28257083892822,"0km"
7613,2017,9.15826892852783,13.0236825942993,"0km"
7614,2017,9.67773501078288,14.5964841842651,"10km"
7615,2017,9.58180522918701,14.865779876709,"0km"
7616,2017,9.15826892852783,13.0236825942993,"0km"
7617,2017,7.89382600784302,9.74086761474609,"0km"
7618,2017,7.89382600784302,9.74086761474609,"0km"
7619,2017,9.58180522918701,14.865779876709,"0km"
7620,2017,9.58180522918701,14.865779876709,"0km"
7621,2017,7.89382600784302,9.74086761474609,"0km"
7622,2017,7.89382600784302,9.74086761474609,"0km"
7623,2017,9.58180522918701,14.865779876709,"0km"
7624,2017,10.1800899505615,16.1314430236816,"0km"
7625,2017,10.1800899505615,16.1314430236816,"0km"
7626,2017,10.1800899505615,16.1314430236816,"0km"
7627,2017,7.89382600784302,9.74086761474609,"0km"
7628,2017,9.15826892852783,13.0236825942993,"0km"
7629,2017,9.58180522918701,14.865779876709,"0km"
7630,2017,7.89382600784302,9.74086761474609,"0km"
7631,2017,9.58180522918701,14.865779876709,"0km"
7632,2017,7.89382600784302,9.74086761474609,"0km"
7633,2017,9.15826892852783,13.0236825942993,"0km"
7634,2017,9.43507194519043,13.7268285751343,"0km"
7635,2017,9.43507194519043,13.7268285751343,"0km"
7636,2017,9.43507194519043,13.7268285751343,"0km"
7637,2017,9.43507194519043,13.7268285751343,"0km"
7638,2017,7.89382600784302,9.74086761474609,"0km"
7639,2017,9.2713098526001,12.7922296524048,"0km"
7640,2017,9.15826892852783,13.0236825942993,"0km"
7641,2017,9.2713098526001,12.7922296524048,"0km"
7642,2017,9.15826892852783,13.0236825942993,"0km"
7643,2017,9.43507194519043,13.7268285751343,"0km"
7644,2017,9.43507194519043,13.7268285751343,"0km"
7645,2017,9.15826892852783,13.0236825942993,"0km"
7646,2017,9.15826892852783,13.0236825942993,"0km"
7647,2017,7.89382600784302,9.74086761474609,"0km"
7648,2017,7.89382600784302,9.74086761474609,"0km"
7649,2017,9.15826892852783,13.0236825942993,"0km"
7650,2017,7.89382600784302,9.74086761474609,"0km"
7651,2017,9.15826892852783,13.0236825942993,"0km"
7652,2017,9.43507194519043,13.7268285751343,"0km"
7653,2017,7.89382600784302,9.74086761474609,"0km"
7654,2017,9.43507194519043,13.7268285751343,"0km"
7655,2017,9.43507194519043,13.7268285751343,"0km"
7656,2017,9.15826892852783,13.0236825942993,"0km"
7657,2017,7.89382600784302,9.74086761474609,"0km"
7658,2017,10.1800899505615,16.1314430236816,"0km"
7659,2017,9.2713098526001,12.7922296524048,"0km"
7660,2017,9.15826892852783,13.0236825942993,"0km"
7661,2017,9.43507194519043,13.7268285751343,"0km"
7662,2017,9.43507194519043,13.7268285751343,"0km"
7663,2017,9.2713098526001,12.7922296524048,"0km"
7664,2017,7.89382600784302,9.74086761474609,"0km"
7665,2017,9.15826892852783,13.0236825942993,"0km"
7666,2017,9.15826892852783,13.0236825942993,"0km"
7667,2017,9.15826892852783,13.0236825942993,"0km"
7668,2017,9.15826892852783,13.0236825942993,"0km"
7669,2017,9.2713098526001,12.7922296524048,"0km"
7670,2017,9.15826892852783,13.0236825942993,"0km"
7671,2017,9.2713098526001,12.7922296524048,"0km"
7672,2017,9.2713098526001,12.7922296524048,"0km"
7673,2017,9.2713098526001,12.7922296524048,"0km"
7674,2017,9.2713098526001,12.7922296524048,"0km"
7675,2017,9.2713098526001,12.7922296524048,"0km"
7676,2017,9.15826892852783,13.0236825942993,"0km"
7677,2017,9.2713098526001,12.7922296524048,"0km"
7678,2017,9.2713098526001,12.7922296524048,"0km"
7679,2017,9.15826892852783,13.0236825942993,"0km"
7680,2017,9.15826892852783,13.0236825942993,"0km"
7681,2017,10.1800899505615,16.1314430236816,"0km"
7682,2017,9.2713098526001,12.7922296524048,"0km"
7683,2017,9.58180522918701,14.865779876709,"0km"
7684,2017,10.1800899505615,16.1314430236816,"0km"
7685,2017,7.89382600784302,9.74086761474609,"0km"
7686,2017,10.1800899505615,16.1314430236816,"0km"
7687,2017,7.89382600784302,9.74086761474609,"0km"
7688,2017,7.89382600784302,9.74086761474609,"0km"
7689,2017,9.25339531898499,13.3801385561625,"10km"
7690,2017,9.25339531898499,13.3801385561625,"10km"
7691,2017,9.25339531898499,13.3801385561625,"10km"
7692,2017,9.54786849021912,14.2032837867737,"10km"
7693,2017,7.89382600784302,9.74086761474609,"0km"
7694,2017,7.89382600784302,9.74086761474609,"0km"
7695,2017,9.67773501078288,14.5964841842651,"10km"
7696,2017,9.72569990158081,14.4618363380432,"10km"
7697,2017,9.15826892852783,13.0236825942993,"0km"
7698,2017,9.2713098526001,12.7922296524048,"0km"
7699,2017,9.2713098526001,12.7922296524048,"0km"
7700,2017,9.2713098526001,12.7922296524048,"0km"
7701,2017,9.15826892852783,13.0236825942993,"0km"
7702,2017,9.43507194519043,13.7268285751343,"0km"
7703,2017,8.24588775634766,10.0126037597656,"0km"
7704,2017,9.43507194519043,13.7268285751343,"0km"
7705,2017,9.58180522918701,14.865779876709,"0km"
7706,2017,9.58180522918701,14.865779876709,"0km"
7707,2017,9.58180522918701,14.865779876709,"0km"
7708,2017,9.58180522918701,14.865779876709,"0km"
7709,2017,9.58180522918701,14.865779876709,"0km"
7710,2017,9.58180522918701,14.865779876709,"0km"
7711,2017,7.89382600784302,9.74086761474609,"0km"
7712,2017,7.89382600784302,9.74086761474609,"0km"
7713,2017,9.58180522918701,14.865779876709,"0km"
7714,2017,9.58180522918701,14.865779876709,"0km"
7715,2017,8.87914657592773,13.1247596740723,"0km"
7716,2017,9.86489486694336,15.2180852890015,"0km"
7717,2017,9.86489486694336,15.2180852890015,"0km"
7718,2017,9.86489486694336,15.2180852890015,"0km"
7719,2017,9.86489486694336,15.2180852890015,"0km"
7720,2017,8.87914657592773,13.1247596740723,"0km"
7721,2017,9.2713098526001,12.7922296524048,"0km"
7722,2017,9.86489486694336,15.2180852890015,"0km"
7723,2017,8.87914657592773,13.1247596740723,"0km"
7724,2017,9.86489486694336,15.2180852890015,"0km"
7725,2017,8.87914657592773,13.1247596740723,"0km"
7726,2017,8.87914657592773,13.1247596740723,"0km"
7727,2017,8.76110076904297,12.5717639923096,"0km"
7728,2017,9.86489486694336,15.2180852890015,"0km"
7729,2017,8.87914657592773,13.1247596740723,"0km"
7730,2017,8.26572513580322,10.6776638031006,"0km"
7731,2017,8.26572513580322,10.6776638031006,"0km"
7732,2017,8.83086681365967,12.7849054336548,"0km"
7733,2017,8.83086681365967,12.7849054336548,"0km"
7734,2017,8.83086681365967,12.7849054336548,"0km"
7735,2017,8.83086681365967,12.7849054336548,"0km"
7736,2017,8.83086681365967,12.7849054336548,"0km"
7737,2017,8.7098913192749,12.3813285827637,"0km"
7738,2017,8.7098913192749,12.3813285827637,"0km"
7739,2017,8.83086681365967,12.7849054336548,"0km"
7740,2017,8.83086681365967,12.7849054336548,"0km"
7741,2017,8.83086681365967,12.7849054336548,"0km"
7742,2017,8.7098913192749,12.3813285827637,"0km"
7743,2017,8.7098913192749,12.3813285827637,"0km"
7744,2017,8.83086681365967,12.7849054336548,"0km"
7745,2017,8.83086681365967,12.7849054336548,"0km"
7746,2017,8.7098913192749,12.3813285827637,"0km"
7747,2017,8.7098913192749,12.3813285827637,"0km"
7748,2017,8.7098913192749,12.3813285827637,"0km"
7749,2017,9.96346950531006,15.482497215271,"0km"
7750,2017,9.96346950531006,15.482497215271,"0km"
7751,2017,9.91232013702393,15.388011932373,"0km"
7752,2017,9.86489486694336,15.2180852890015,"0km"
7753,2017,9.91232013702393,15.388011932373,"0km"
7754,2017,9.91232013702393,15.388011932373,"0km"
7755,2017,9.91232013702393,15.388011932373,"0km"
7756,2017,9.91232013702393,15.388011932373,"0km"
7757,2017,9.96346950531006,15.482497215271,"0km"
7758,2017,9.91232013702393,15.388011932373,"0km"
7759,2017,9.91232013702393,15.388011932373,"0km"
7760,2017,9.83022594451904,15.1104164123535,"0km"
7761,2017,9.83022594451904,15.1104164123535,"0km"
7762,2017,9.97152638435364,15.5280921459198,"10km"
7763,2017,9.87127304077148,15.2492141723633,"10km"
7764,2017,9.83022594451904,15.1104164123535,"0km"
7765,2017,9.91232013702393,15.388011932373,"0km"
7766,2017,9.83022594451904,15.1104164123535,"0km"
7767,2017,9.91232013702393,15.388011932373,"0km"
7768,2017,9.91232013702393,15.388011932373,"0km"
7769,2017,9.91232013702393,15.388011932373,"0km"
7770,2017,9.91232013702393,15.388011932373,"0km"
7771,2017,9.83022594451904,15.1104164123535,"0km"
7772,2017,9.91232013702393,15.388011932373,"0km"
7773,2017,9.91232013702393,15.388011932373,"0km"
7774,2017,9.91232013702393,15.388011932373,"0km"
7775,2017,9.91232013702393,15.388011932373,"0km"
7776,2017,9.91232013702393,15.388011932373,"0km"
7777,2017,9.91232013702393,15.388011932373,"0km"
7778,2017,9.83022594451904,15.1104164123535,"0km"
7779,2017,9.83022594451904,15.1104164123535,"0km"
7780,2017,8.7098913192749,12.3813285827637,"0km"
7781,2017,8.7098913192749,12.3813285827637,"0km"
7782,2017,8.7098913192749,12.3813285827637,"0km"
7783,2017,8.7098913192749,12.3813285827637,"0km"
7784,2017,8.7098913192749,12.3813285827637,"0km"
7785,2017,9.83022594451904,15.1104164123535,"0km"
7786,2017,9.91232013702393,15.388011932373,"0km"
7787,2017,9.83022594451904,15.1104164123535,"0km"
7788,2017,9.83022594451904,15.1104164123535,"0km"
7789,2017,9.83022594451904,15.1104164123535,"0km"
7790,2017,9.83022594451904,15.1104164123535,"0km"
7791,2017,9.83022594451904,15.1104164123535,"0km"
7792,2017,9.91232013702393,15.388011932373,"0km"
7793,2017,9.96346950531006,15.482497215271,"0km"
7794,2017,9.96346950531006,15.482497215271,"0km"
7795,2017,9.83022594451904,15.1104164123535,"0km"
7796,2017,9.86489486694336,15.2180852890015,"0km"
7797,2017,9.91232013702393,15.388011932373,"0km"
7798,2017,9.91232013702393,15.388011932373,"0km"
7799,2017,9.91232013702393,15.388011932373,"0km"
7800,2017,9.91232013702393,15.388011932373,"0km"
7801,2017,9.91232013702393,15.388011932373,"0km"
7802,2017,9.91232013702393,15.388011932373,"0km"
7803,2017,9.91232013702393,15.388011932373,"0km"
7804,2017,9.91232013702393,15.388011932373,"0km"
7805,2017,9.96346950531006,15.482497215271,"0km"
7806,2017,9.91232013702393,15.388011932373,"0km"
7807,2017,9.91232013702393,15.388011932373,"0km"
7808,2017,9.91232013702393,15.388011932373,"0km"
7809,2017,9.91232013702393,15.388011932373,"0km"
7810,2017,9.91232013702393,15.388011932373,"0km"
7811,2017,9.91232013702393,15.388011932373,"0km"
7812,2017,10.1800899505615,16.1314430236816,"0km"
7813,2017,9.91232013702393,15.388011932373,"0km"
7814,2017,9.91232013702393,15.388011932373,"0km"
7815,2017,9.837051709493,15.0204472541809,"10km"
7816,2017,9.837051709493,15.0204472541809,"10km"
7817,2017,10.1800899505615,16.1314430236816,"0km"
7818,2017,9.97152638435364,15.5280921459198,"10km"
7819,2017,8.7098913192749,12.3813285827637,"0km"
7820,2017,8.7098913192749,12.3813285827637,"0km"
7821,2017,8.7098913192749,12.3813285827637,"0km"
7822,2017,9.91232013702393,15.388011932373,"0km"
7823,2017,9.83022594451904,15.1104164123535,"0km"
7824,2017,9.83022594451904,15.1104164123535,"0km"
7825,2017,9.83022594451904,15.1104164123535,"0km"
7826,2017,9.91232013702393,15.388011932373,"0km"
7827,2017,9.83022594451904,15.1104164123535,"0km"
7828,2017,9.83022594451904,15.1104164123535,"0km"
7829,2017,9.91232013702393,15.388011932373,"0km"
7830,2017,9.83022594451904,15.1104164123535,"0km"
7831,2017,9.83022594451904,15.1104164123535,"0km"
7832,2017,8.7098913192749,12.3813285827637,"0km"
7833,2017,8.7098913192749,12.3813285827637,"0km"
7834,2017,8.7098913192749,12.3813285827637,"0km"
7835,2017,8.7098913192749,12.3813285827637,"0km"
7836,2017,9.96346950531006,15.482497215271,"0km"
7837,2017,9.96346950531006,15.482497215271,"0km"
7838,2017,9.96346950531006,15.482497215271,"0km"
7839,2017,9.96346950531006,15.482497215271,"0km"
7840,2017,9.91232013702393,15.388011932373,"0km"
7841,2017,9.83022594451904,15.1104164123535,"0km"
7842,2017,9.96346950531006,15.482497215271,"0km"
7843,2017,9.96346950531006,15.482497215271,"0km"
7844,2017,9.91232013702393,15.388011932373,"0km"
7845,2017,9.91232013702393,15.388011932373,"0km"
7846,2017,9.96346950531006,15.482497215271,"0km"
7847,2017,9.96346950531006,15.482497215271,"0km"
7848,2017,9.96346950531006,15.482497215271,"0km"
7849,2017,9.96346950531006,15.482497215271,"0km"
7850,2017,9.96346950531006,15.482497215271,"0km"
7851,2017,9.83022594451904,15.1104164123535,"0km"
7852,2017,9.83022594451904,15.1104164123535,"0km"
7853,2017,9.83022594451904,15.1104164123535,"0km"
7854,2017,9.83022594451904,15.1104164123535,"0km"
7855,2017,9.91232013702393,15.388011932373,"0km"
7856,2017,9.91232013702393,15.388011932373,"0km"
7857,2017,9.83022594451904,15.1104164123535,"0km"
7858,2017,8.83086681365967,12.7849054336548,"0km"
7859,2017,8.83086681365967,12.7849054336548,"0km"
7860,2017,8.83086681365967,12.7849054336548,"0km"
7861,2017,8.66893482208252,12.3461713790894,"0km"
7862,2017,9.86489486694336,15.2180852890015,"0km"
7863,2017,9.86489486694336,15.2180852890015,"0km"
7864,2017,9.86489486694336,15.2180852890015,"0km"
7865,2017,9.86489486694336,15.2180852890015,"0km"
7866,2017,9.86489486694336,15.2180852890015,"0km"
7867,2017,8.87914657592773,13.1247596740723,"0km"
7868,2017,9.86489486694336,15.2180852890015,"0km"
7869,2017,8.87914657592773,13.1247596740723,"0km"
7870,2017,9.86489486694336,15.2180852890015,"0km"
7871,2017,9.86489486694336,15.2180852890015,"0km"
7872,2017,9.86489486694336,15.2180852890015,"0km"
7873,2017,8.87914657592773,13.1247596740723,"0km"
7874,2017,9.86489486694336,15.2180852890015,"0km"
7875,2017,9.86489486694336,15.2180852890015,"0km"
7876,2017,9.86489486694336,15.2180852890015,"0km"
7877,2017,9.86489486694336,15.2180852890015,"0km"
7878,2017,9.86489486694336,15.2180852890015,"0km"
7879,2017,9.86489486694336,15.2180852890015,"0km"
7880,2017,9.86489486694336,15.2180852890015,"0km"
7881,2017,9.86489486694336,15.2180852890015,"0km"
7882,2017,8.87914657592773,13.1247596740723,"0km"
7883,2017,8.87914657592773,13.1247596740723,"0km"
7884,2017,8.87914657592773,13.1247596740723,"0km"
7885,2017,8.87914657592773,13.1247596740723,"0km"
7886,2017,8.87914657592773,13.1247596740723,"0km"
7887,2017,9.91232013702393,15.388011932373,"0km"
7888,2017,9.91232013702393,15.388011932373,"0km"
7889,2017,9.91232013702393,15.388011932373,"0km"
7890,2017,9.91232013702393,15.388011932373,"0km"
7891,2017,9.91232013702393,15.388011932373,"0km"
7892,2017,9.91232013702393,15.388011932373,"0km"
7893,2017,9.91232013702393,15.388011932373,"0km"
7894,2017,9.91232013702393,15.388011932373,"0km"
7895,2017,9.91232013702393,15.388011932373,"0km"
7896,2017,9.91232013702393,15.388011932373,"0km"
7897,2017,9.91232013702393,15.388011932373,"0km"
7898,2017,9.91232013702393,15.388011932373,"0km"
7899,2017,9.91232013702393,15.388011932373,"0km"
7900,2017,9.91232013702393,15.388011932373,"0km"
7901,2017,9.91232013702393,15.388011932373,"0km"
7902,2017,9.91232013702393,15.388011932373,"0km"
7903,2017,9.91232013702393,15.388011932373,"0km"
7904,2017,9.91232013702393,15.388011932373,"0km"
7905,2017,9.91232013702393,15.388011932373,"0km"
7906,2017,9.91232013702393,15.388011932373,"0km"
7907,2017,9.91232013702393,15.388011932373,"0km"
7908,2017,6.07229852676392,8.02768039703369,"0km"
7909,2017,6.07229852676392,8.02768039703369,"0km"
7910,2017,6.07229852676392,8.02768039703369,"0km"
7911,2017,6.07229852676392,8.02768039703369,"0km"
7912,2017,6.07229852676392,8.02768039703369,"0km"
7913,2017,6.07229852676392,8.02768039703369,"0km"
7914,2017,6.07229852676392,8.02768039703369,"0km"
7915,2017,6.24417877197266,8.30161476135254,"0km"
7916,2017,6.22946882247925,8.16025257110596,"0km"
7917,2017,6.34891796112061,8.51622104644775,"0km"
7918,2017,6.24417877197266,8.30161476135254,"0km"
7919,2017,6.24417877197266,8.30161476135254,"0km"
7920,2017,6.51676988601685,8.89196491241455,"0km"
7921,2017,6.51676988601685,8.89196491241455,"0km"
7922,2017,6.51676988601685,8.89196491241455,"0km"
7923,2017,6.51676988601685,8.89196491241455,"0km"
7924,2017,6.51676988601685,8.89196491241455,"0km"
7925,2017,6.51676988601685,8.89196491241455,"0km"
7926,2017,6.51676988601685,8.89196491241455,"0km"
7927,2017,6.51676988601685,8.89196491241455,"0km"
7928,2017,6.51676988601685,8.89196491241455,"0km"
7929,2017,6.51676988601685,8.89196491241455,"0km"
7930,2017,6.51676988601685,8.89196491241455,"0km"
7931,2017,6.51676988601685,8.89196491241455,"0km"
7932,2017,6.51676988601685,8.89196491241455,"0km"
7933,2017,6.51676988601685,8.89196491241455,"0km"
7934,2017,6.51676988601685,8.89196491241455,"0km"
7935,2017,6.51676988601685,8.89196491241455,"0km"
7936,2017,6.51676988601685,8.89196491241455,"0km"
7937,2017,6.51676988601685,8.89196491241455,"0km"
7938,2017,6.51676988601685,8.89196491241455,"0km"
7939,2017,6.51676988601685,8.89196491241455,"0km"
7940,2017,6.51676988601685,8.89196491241455,"0km"
7941,2017,6.51676988601685,8.89196491241455,"0km"
7942,2017,6.51676988601685,8.89196491241455,"0km"
7943,2017,6.51676988601685,8.89196491241455,"0km"
7944,2017,6.51676988601685,8.89196491241455,"0km"
7945,2017,6.51676988601685,8.89196491241455,"0km"
7946,2017,6.51676988601685,8.89196491241455,"0km"
7947,2017,6.51676988601685,8.89196491241455,"0km"
7948,2017,6.51676988601685,8.89196491241455,"0km"
7949,2017,6.51676988601685,8.89196491241455,"0km"
7950,2017,6.51676988601685,8.89196491241455,"0km"
7951,2017,6.51676988601685,8.89196491241455,"0km"
7952,2017,6.51676988601685,8.89196491241455,"0km"
7953,2017,6.51676988601685,8.89196491241455,"0km"
7954,2017,6.51676988601685,8.89196491241455,"0km"
7955,2017,6.51676988601685,8.89196491241455,"0km"
7956,2017,6.51676988601685,8.89196491241455,"0km"
7957,2017,6.51676988601685,8.89196491241455,"0km"
7958,2017,6.51676988601685,8.89196491241455,"0km"
7959,2017,6.51676988601685,8.89196491241455,"0km"
7960,2017,6.51676988601685,8.89196491241455,"0km"
7961,2017,6.51676988601685,8.89196491241455,"0km"
7962,2017,6.51676988601685,8.89196491241455,"0km"
7963,2017,6.51676988601685,8.89196491241455,"0km"
7964,2017,6.51676988601685,8.89196491241455,"0km"
7965,2017,6.51676988601685,8.89196491241455,"0km"
7966,2017,6.51676988601685,8.89196491241455,"0km"
7967,2017,6.51676988601685,8.89196491241455,"0km"
7968,2017,6.51676988601685,8.89196491241455,"0km"
7969,2017,6.51676988601685,8.89196491241455,"0km"
7970,2017,6.51676988601685,8.89196491241455,"0km"
7971,2017,6.51676988601685,8.89196491241455,"0km"
7972,2017,6.51676988601685,8.89196491241455,"0km"
7973,2017,6.51676988601685,8.89196491241455,"0km"
7974,2017,6.51676988601685,8.89196491241455,"0km"
7975,2017,6.51676988601685,8.89196491241455,"0km"
7976,2017,6.51676988601685,8.89196491241455,"0km"
7977,2017,6.51676988601685,8.89196491241455,"0km"
7978,2017,6.51676988601685,8.89196491241455,"0km"
7979,2017,6.51676988601685,8.89196491241455,"0km"
7980,2017,6.22946882247925,8.16025257110596,"0km"
7981,2017,6.22946882247925,8.16025257110596,"0km"
7982,2017,6.22946882247925,8.16025257110596,"0km"
7983,2017,6.22946882247925,8.16025257110596,"0km"
7984,2017,6.22946882247925,8.16025257110596,"0km"
7985,2017,6.22946882247925,8.16025257110596,"0km"
7986,2017,6.22946882247925,8.16025257110596,"0km"
7987,2017,6.22946882247925,8.16025257110596,"0km"
7988,2017,6.22946882247925,8.16025257110596,"0km"
7989,2017,6.22946882247925,8.16025257110596,"0km"
7990,2017,6.22946882247925,8.16025257110596,"0km"
7991,2017,6.22946882247925,8.16025257110596,"0km"
7992,2017,6.22946882247925,8.16025257110596,"0km"
7993,2017,6.22946882247925,8.16025257110596,"0km"
7994,2017,6.22946882247925,8.16025257110596,"0km"
7995,2017,6.22946882247925,8.16025257110596,"0km"
7996,2017,6.22946882247925,8.16025257110596,"0km"
7997,2017,6.22946882247925,8.16025257110596,"0km"
7998,2017,6.22946882247925,8.16025257110596,"0km"
7999,2017,6.22946882247925,8.16025257110596,"0km"
8000,2017,6.22946882247925,8.16025257110596,"0km"
8001,2017,6.22946882247925,8.16025257110596,"0km"
8002,2017,6.22946882247925,8.16025257110596,"0km"
8003,2017,6.22946882247925,8.16025257110596,"0km"
8004,2017,6.22946882247925,8.16025257110596,"0km"
8005,2017,6.22946882247925,8.16025257110596,"0km"
8006,2017,6.22946882247925,8.16025257110596,"0km"
8007,2017,6.22946882247925,8.16025257110596,"0km"
8008,2017,6.22946882247925,8.16025257110596,"0km"
8009,2017,6.22946882247925,8.16025257110596,"0km"
8010,2017,6.22946882247925,8.16025257110596,"0km"
8011,2017,6.22946882247925,8.16025257110596,"0km"
8012,2017,6.51676988601685,8.89196491241455,"0km"
8013,2017,6.51676988601685,8.89196491241455,"0km"
8014,2017,6.51676988601685,8.89196491241455,"0km"
8015,2017,6.51676988601685,8.89196491241455,"0km"
8016,2017,6.51676988601685,8.89196491241455,"0km"
8017,2017,6.34891796112061,8.51622104644775,"0km"
8018,2017,6.34891796112061,8.51622104644775,"0km"
8019,2017,6.34891796112061,8.51622104644775,"0km"
8020,2017,6.34891796112061,8.51622104644775,"0km"
8021,2017,6.34891796112061,8.51622104644775,"0km"
8022,2017,6.34891796112061,8.51622104644775,"0km"
8023,2017,6.34891796112061,8.51622104644775,"0km"
8024,2017,6.35276365280151,8.56602668762207,"0km"
8025,2017,6.35276365280151,8.56602668762207,"0km"
8026,2017,6.35276365280151,8.56602668762207,"0km"
8027,2017,6.35276365280151,8.56602668762207,"0km"
8028,2017,6.35276365280151,8.56602668762207,"0km"
8029,2017,6.35276365280151,8.56602668762207,"0km"
8030,2017,6.35276365280151,8.56602668762207,"0km"
8031,2017,6.35276365280151,8.56602668762207,"0km"
8032,2017,6.35276365280151,8.56602668762207,"0km"
8033,2017,6.35276365280151,8.56602668762207,"0km"
8034,2017,6.35276365280151,8.56602668762207,"0km"
8035,2017,6.35276365280151,8.56602668762207,"0km"
8036,2017,6.35276365280151,8.56602668762207,"0km"
8037,2017,6.35276365280151,8.56602668762207,"0km"
8038,2017,6.07229852676392,8.02768039703369,"0km"
8039,2017,6.07229852676392,8.02768039703369,"0km"
8040,2017,6.07229852676392,8.02768039703369,"0km"
8041,2017,6.07229852676392,8.02768039703369,"0km"
8042,2017,6.07229852676392,8.02768039703369,"0km"
8043,2017,6.07229852676392,8.02768039703369,"0km"
8044,2017,6.07229852676392,8.02768039703369,"0km"
8045,2017,6.51676988601685,8.89196491241455,"0km"
8046,2017,6.51676988601685,8.89196491241455,"0km"
8047,2017,6.51676988601685,8.89196491241455,"0km"
8048,2017,6.34891796112061,8.51622104644775,"0km"
8049,2017,6.51676988601685,8.89196491241455,"0km"
8050,2017,6.51676988601685,8.89196491241455,"0km"
8051,2017,6.24417877197266,8.30161476135254,"0km"
8052,2017,6.34891796112061,8.51622104644775,"0km"
8053,2017,6.51676988601685,8.89196491241455,"0km"
8054,2017,6.51676988601685,8.89196491241455,"0km"
8055,2017,6.51676988601685,8.89196491241455,"0km"
8056,2017,6.51676988601685,8.89196491241455,"0km"
8057,2017,6.51676988601685,8.89196491241455,"0km"
8058,2017,6.51676988601685,8.89196491241455,"0km"
8059,2017,6.51676988601685,8.89196491241455,"0km"
8060,2017,6.51676988601685,8.89196491241455,"0km"
8061,2017,6.51676988601685,8.89196491241455,"0km"
8062,2017,6.51676988601685,8.89196491241455,"0km"
8063,2017,6.51676988601685,8.89196491241455,"0km"
8064,2017,6.51676988601685,8.89196491241455,"0km"
8065,2017,6.51676988601685,8.89196491241455,"0km"
8066,2017,6.51676988601685,8.89196491241455,"0km"
8067,2017,6.51676988601685,8.89196491241455,"0km"
8068,2017,6.51676988601685,8.89196491241455,"0km"
8069,2016,6.92864751815796,9.68080711364746,"0km"
8070,2016,6.92864751815796,9.68080711364746,"0km"
8071,2016,6.92864751815796,9.68080711364746,"0km"
8072,2016,6.92864751815796,9.68080711364746,"0km"
8073,2016,6.60655546188354,8.16318225860596,"0km"
8074,2016,6.60655546188354,8.16318225860596,"0km"
8075,2016,6.60655546188354,8.16318225860596,"0km"
8076,2016,6.60655546188354,8.16318225860596,"0km"
8077,2016,6.60655546188354,8.16318225860596,"0km"
8078,2016,6.92864751815796,9.68080711364746,"0km"
8079,2016,6.83624529838562,9.18503367900848,"10km"
8080,2016,6.83624529838562,9.18503367900848,"10km"
8081,2016,6.60655546188354,8.16318225860596,"0km"
8082,2016,6.83624529838562,9.18503367900848,"10km"
8083,2016,6.83624529838562,9.18503367900848,"10km"
8084,2016,6.92864751815796,9.68080711364746,"0km"
8085,2016,6.92864751815796,9.68080711364746,"0km"
8086,2016,6.859963621412,9.32808262961251,"10km"
8087,2016,6.859963621412,9.32808262961251,"10km"
8088,2016,6.859963621412,9.32808262961251,"10km"
8089,2016,6.84672838449478,9.46821486949921,"10km"
8090,2016,6.84672838449478,9.46821486949921,"10km"
8091,2016,6.84672838449478,9.46821486949921,"10km"
8092,2016,6.92864751815796,9.68080711364746,"0km"
8093,2016,6.60655546188354,8.16318225860596,"0km"
8094,2016,6.60655546188354,8.16318225860596,"0km"
8095,2016,6.60655546188354,8.16318225860596,"0km"
8096,2016,6.60655546188354,8.16318225860596,"0km"
8097,2016,6.60655546188354,8.16318225860596,"0km"
8098,2016,6.60655546188354,8.16318225860596,"0km"
8099,2016,6.60655546188354,8.16318225860596,"0km"
8100,2016,6.60655546188354,8.16318225860596,"0km"
8101,2016,6.60655546188354,8.16318225860596,"0km"
8102,2016,6.60655546188354,8.16318225860596,"0km"
8103,2016,6.60655546188354,8.16318225860596,"0km"
8104,2016,6.60655546188354,8.16318225860596,"0km"
8105,2016,6.60655546188354,8.16318225860596,"0km"
8106,2016,6.60655546188354,8.16318225860596,"0km"
8107,2016,6.60655546188354,8.16318225860596,"0km"
8108,2016,6.60655546188354,8.16318225860596,"0km"
8109,2016,6.60655546188354,8.16318225860596,"0km"
8110,2016,6.60655546188354,8.16318225860596,"0km"
8111,2016,6.60655546188354,8.16318225860596,"0km"
8112,2016,6.60655546188354,8.16318225860596,"0km"
8113,2016,6.60655546188354,8.16318225860596,"0km"
8114,2016,6.60655546188354,8.16318225860596,"0km"
8115,2016,6.62717068195343,10.3429362773895,"10km"
8116,2016,6.62717068195343,10.3429362773895,"10km"
8117,2016,6.62717068195343,10.3429362773895,"10km"
8118,2016,6.62717068195343,10.3429362773895,"10km"
8119,2016,6.62717068195343,10.3429362773895,"10km"
8120,2016,6.62717068195343,10.3429362773895,"10km"
8121,2016,6.62717068195343,10.3429362773895,"10km"
8122,2016,6.6076907157898,10.1943965911865,"10km"
8123,2016,6.6076907157898,10.1943965911865,"10km"
8124,2016,6.6076907157898,10.1943965911865,"10km"
8125,2016,6.6076907157898,10.1943965911865,"10km"
8126,2016,6.6076907157898,10.1943965911865,"10km"
8127,2016,6.6076907157898,10.1943965911865,"10km"
8128,2016,6.6076907157898,10.1943965911865,"10km"
8129,2016,6.6076907157898,10.1943965911865,"10km"
8130,2016,6.6076907157898,10.1943965911865,"10km"
8131,2016,6.6076907157898,10.1943965911865,"10km"
8132,2016,6.64934237798055,10.0205388069153,"10km"
8133,2016,6.64934237798055,10.0205388069153,"10km"
8134,2016,6.64934237798055,10.0205388069153,"10km"
8135,2016,6.64934237798055,10.0205388069153,"10km"
8136,2016,6.64934237798055,10.0205388069153,"10km"
8137,2016,6.64934237798055,10.0205388069153,"10km"
8138,2016,6.64934237798055,10.0205388069153,"10km"
8139,2016,6.86846542358398,9.79506778717041,"0km"
8140,2016,6.86846542358398,9.79506778717041,"0km"
8141,2016,6.86846542358398,9.79506778717041,"0km"
8142,2016,6.86846542358398,9.79506778717041,"0km"
8143,2016,6.86846542358398,9.79506778717041,"0km"
8144,2016,6.86846542358398,9.79506778717041,"0km"
8145,2016,6.86846542358398,9.79506778717041,"0km"
8146,2016,6.86846542358398,9.79506778717041,"0km"
8147,2016,6.86846542358398,9.79506778717041,"0km"
8148,2016,6.86846542358398,9.79506778717041,"0km"
8149,2016,6.86846542358398,9.79506778717041,"0km"
8150,2016,6.86846542358398,9.79506778717041,"0km"
8151,2016,6.86846542358398,9.79506778717041,"0km"
8152,2016,6.86846542358398,9.79506778717041,"0km"
8153,2016,6.86846542358398,9.79506778717041,"0km"
8154,2016,6.86846542358398,9.79506778717041,"0km"
8155,2016,6.86846542358398,9.79506778717041,"0km"
8156,2016,6.86846542358398,9.79506778717041,"0km"
8157,2016,6.86846542358398,9.79506778717041,"0km"
8158,2016,6.86846542358398,9.79506778717041,"0km"
8159,2016,6.86846542358398,9.79506778717041,"0km"
8160,2016,6.86846542358398,9.79506778717041,"0km"
8161,2016,6.86846542358398,9.79506778717041,"0km"
8162,2016,6.86846542358398,9.79506778717041,"0km"
8163,2016,6.86846542358398,9.79506778717041,"0km"
8164,2016,6.86846542358398,9.79506778717041,"0km"
8165,2016,6.86846542358398,9.79506778717041,"0km"
8166,2016,6.86846542358398,9.79506778717041,"0km"
8167,2016,6.86846542358398,9.79506778717041,"0km"
8168,2016,6.86846542358398,9.79506778717041,"0km"
8169,2016,6.86846542358398,9.79506778717041,"0km"
8170,2016,6.86846542358398,9.79506778717041,"0km"
8171,2016,6.86846542358398,9.79506778717041,"0km"
8172,2016,6.86846542358398,9.79506778717041,"0km"
8173,2016,6.86846542358398,9.79506778717041,"0km"
8174,2016,6.86846542358398,9.79506778717041,"0km"
8175,2016,6.85760068893433,9.15124988555908,"0km"
8176,2016,6.85760068893433,9.15124988555908,"0km"
8177,2016,6.85760068893433,9.15124988555908,"0km"
8178,2016,6.85760068893433,9.15124988555908,"0km"
8179,2016,6.85760068893433,9.15124988555908,"0km"
8180,2016,6.85760068893433,9.15124988555908,"0km"
8181,2016,6.85760068893433,9.15124988555908,"0km"
8182,2016,6.85760068893433,9.15124988555908,"0km"
8183,2016,6.85760068893433,9.15124988555908,"0km"
8184,2016,6.85760068893433,9.15124988555908,"0km"
8185,2016,6.85760068893433,9.15124988555908,"0km"
8186,2016,6.85760068893433,9.15124988555908,"0km"
8187,2016,6.85760068893433,9.15124988555908,"0km"
8188,2016,6.85760068893433,9.15124988555908,"0km"
8189,2016,6.85760068893433,9.15124988555908,"0km"
8190,2016,6.85760068893433,9.15124988555908,"0km"
8191,2016,6.85760068893433,9.15124988555908,"0km"
8192,2016,7.01202440261841,9.28308963775635,"0km"
8193,2016,7.01202440261841,9.28308963775635,"0km"
8194,2016,7.01202440261841,9.28308963775635,"0km"
8195,2016,7.01202440261841,9.28308963775635,"0km"
8196,2016,7.14789247512817,10.0462961196899,"0km"
8197,2016,7.14789247512817,10.0462961196899,"0km"
8198,2016,7.14789247512817,10.0462961196899,"0km"
8199,2016,7.14789247512817,10.0462961196899,"0km"
8200,2016,7.0993070602417,9.77016544342041,"0km"
8201,2016,7.0993070602417,9.77016544342041,"0km"
8202,2016,7.0993070602417,9.77016544342041,"0km"
8203,2016,7.0993070602417,9.77016544342041,"0km"
8204,2016,7.0993070602417,9.77016544342041,"0km"
8205,2016,7.0993070602417,9.77016544342041,"0km"
8206,2016,7.0993070602417,9.77016544342041,"0km"
8207,2016,7.0993070602417,9.77016544342041,"0km"
8208,2016,7.0993070602417,9.77016544342041,"0km"
8209,2016,7.0993070602417,9.77016544342041,"0km"
8210,2016,7.15942859649658,10.3502607345581,"0km"
8211,2016,7.15942859649658,10.3502607345581,"0km"
8212,2016,7.15942859649658,10.3502607345581,"0km"
8213,2016,7.15942859649658,10.3502607345581,"0km"
8214,2016,7.15942859649658,10.3502607345581,"0km"
8215,2016,7.15942859649658,10.3502607345581,"0km"
8216,2016,7.15942859649658,10.3502607345581,"0km"
8217,2016,7.15942859649658,10.3502607345581,"0km"
8218,2016,7.15942859649658,10.3502607345581,"0km"
8219,2016,7.15942859649658,10.3502607345581,"0km"
8220,2016,7.22870588302612,10.1876583099365,"0km"
8221,2016,7.22870588302612,10.1876583099365,"0km"
8222,2016,7.22870588302612,10.1876583099365,"0km"
8223,2016,7.22870588302612,10.1876583099365,"0km"
8224,2016,7.22870588302612,10.1876583099365,"0km"
8225,2016,7.22870588302612,10.1876583099365,"0km"
8226,2016,7.22870588302612,10.1876583099365,"0km"
8227,2016,7.22870588302612,10.1876583099365,"0km"
8228,2016,7.22870588302612,10.1876583099365,"0km"
8229,2016,7.22870588302612,10.1876583099365,"0km"
8230,2016,7.22870588302612,10.1876583099365,"0km"
8231,2016,7.22870588302612,10.1876583099365,"0km"
8232,2016,7.22870588302612,10.1876583099365,"0km"
8233,2016,7.22870588302612,10.1876583099365,"0km"
8234,2016,7.22870588302612,10.1876583099365,"0km"
8235,2016,7.22870588302612,10.1876583099365,"0km"
8236,2016,7.10803556442261,10.1327247619629,"0km"
8237,2016,7.10803556442261,10.1327247619629,"0km"
8238,2016,7.10803556442261,10.1327247619629,"0km"
8239,2016,7.10803556442261,10.1327247619629,"0km"
8240,2016,7.10803556442261,10.1327247619629,"0km"
8241,2016,7.10803556442261,10.1327247619629,"0km"
8242,2016,7.22870588302612,10.1876583099365,"0km"
8243,2016,7.22870588302612,10.1876583099365,"0km"
8244,2016,7.22870588302612,10.1876583099365,"0km"
8245,2016,7.22870588302612,10.1876583099365,"0km"
8246,2016,7.22870588302612,10.1876583099365,"0km"
8247,2016,7.22870588302612,10.1876583099365,"0km"
8248,2016,7.22870588302612,10.1876583099365,"0km"
8249,2016,7.22870588302612,10.1876583099365,"0km"
8250,2016,7.22870588302612,10.1876583099365,"0km"
8251,2016,7.22870588302612,10.1876583099365,"0km"
8252,2016,7.22870588302612,10.1876583099365,"0km"
8253,2016,7.22870588302612,10.1876583099365,"0km"
8254,2016,7.22870588302612,10.1876583099365,"0km"
8255,2016,7.22870588302612,10.1876583099365,"0km"
8256,2016,7.22870588302612,10.1876583099365,"0km"
8257,2016,7.22870588302612,10.1876583099365,"0km"
8258,2016,7.22870588302612,10.1876583099365,"0km"
8259,2016,7.22870588302612,10.1876583099365,"0km"
8260,2016,7.22870588302612,10.1876583099365,"0km"
8261,2016,7.22870588302612,10.1876583099365,"0km"
8262,2016,7.22870588302612,10.1876583099365,"0km"
8263,2016,7.22870588302612,10.1876583099365,"0km"
8264,2016,7.22870588302612,10.1876583099365,"0km"
8265,2016,7.10803556442261,10.1327247619629,"0km"
8266,2016,7.10803556442261,10.1327247619629,"0km"
8267,2016,7.10803556442261,10.1327247619629,"0km"
8268,2016,7.10803556442261,10.1327247619629,"0km"
8269,2016,7.10803556442261,10.1327247619629,"0km"
8270,2016,7.10803556442261,10.1327247619629,"0km"
8271,2016,7.10803556442261,10.1327247619629,"0km"
8272,2016,7.10803556442261,10.1327247619629,"0km"
8273,2016,7.10803556442261,10.1327247619629,"0km"
8274,2016,7.10803556442261,10.1327247619629,"0km"
8275,2016,7.10803556442261,10.1327247619629,"0km"
8276,2016,7.10803556442261,10.1327247619629,"0km"
8277,2016,7.10803556442261,10.1327247619629,"0km"
8278,2016,7.22870588302612,10.1876583099365,"0km"
8279,2016,7.22870588302612,10.1876583099365,"0km"
8280,2016,7.22870588302612,10.1876583099365,"0km"
8281,2016,7.10803556442261,10.1327247619629,"0km"
8282,2016,7.49305725097656,10.7648239135742,"0km"
8283,2016,7.49305725097656,10.7648239135742,"0km"
8284,2016,7.49305725097656,10.7648239135742,"0km"
8285,2016,7.49305725097656,10.7648239135742,"0km"
8286,2016,7.51527452468872,10.8768882751465,"0km"
8287,2016,7.49305725097656,10.7648239135742,"0km"
8288,2016,7.49305725097656,10.7648239135742,"0km"
8289,2016,7.49305725097656,10.7648239135742,"0km"
8290,2016,7.49305725097656,10.7648239135742,"0km"
8291,2016,7.49305725097656,10.7648239135742,"0km"
8292,2016,7.49305725097656,10.7648239135742,"0km"
8293,2016,7.49305725097656,10.7648239135742,"0km"
8294,2016,7.49305725097656,10.7648239135742,"0km"
8295,2016,7.49305725097656,10.7648239135742,"0km"
8296,2016,7.49305725097656,10.7648239135742,"0km"
8297,2016,7.49305725097656,10.7648239135742,"0km"
8298,2016,7.49305725097656,10.7648239135742,"0km"
8299,2016,7.49305725097656,10.7648239135742,"0km"
8300,2016,7.49305725097656,10.7648239135742,"0km"
8301,2016,7.49305725097656,10.7648239135742,"0km"
8302,2016,7.49305725097656,10.7648239135742,"0km"
8303,2016,7.49305725097656,10.7648239135742,"0km"
8304,2016,7.51527452468872,10.8768882751465,"0km"
8305,2016,7.51527452468872,10.8768882751465,"0km"
8306,2016,7.51527452468872,10.8768882751465,"0km"
8307,2016,7.51527452468872,10.8768882751465,"0km"
8308,2016,7.51527452468872,10.8768882751465,"0km"
8309,2016,7.51527452468872,10.8768882751465,"0km"
8310,2016,7.51527452468872,10.8768882751465,"0km"
8311,2016,7.51527452468872,10.8768882751465,"0km"
8312,2016,7.51527452468872,10.8768882751465,"0km"
8313,2016,7.51527452468872,10.8768882751465,"0km"
8314,2016,7.51527452468872,10.8768882751465,"0km"
8315,2016,7.51527452468872,10.8768882751465,"0km"
8316,2016,7.51527452468872,10.8768882751465,"0km"
8317,2016,7.51527452468872,10.8768882751465,"0km"
8318,2016,7.51527452468872,10.8768882751465,"0km"
8319,2016,7.49305725097656,10.7648239135742,"0km"
8320,2016,7.49305725097656,10.7648239135742,"0km"
8321,2016,7.49305725097656,10.7648239135742,"0km"
8322,2016,7.49305725097656,10.7648239135742,"0km"
8323,2016,7.49305725097656,10.7648239135742,"0km"
8324,2016,7.49305725097656,10.7648239135742,"0km"
8325,2016,7.49305725097656,10.7648239135742,"0km"
8326,2016,7.49305725097656,10.7648239135742,"0km"
8327,2016,7.49305725097656,10.7648239135742,"0km"
8328,2016,7.49305725097656,10.7648239135742,"0km"
8329,2016,7.49305725097656,10.7648239135742,"0km"
8330,2016,7.49305725097656,10.7648239135742,"0km"
8331,2016,7.49305725097656,10.7648239135742,"0km"
8332,2016,7.49305725097656,10.7648239135742,"0km"
8333,2016,7.49305725097656,10.7648239135742,"0km"
8334,2016,7.49305725097656,10.7648239135742,"0km"
8335,2016,7.49305725097656,10.7648239135742,"0km"
8336,2016,7.49305725097656,10.7648239135742,"0km"
8337,2016,7.49305725097656,10.7648239135742,"0km"
8338,2016,7.49305725097656,10.7648239135742,"0km"
8339,2016,7.49305725097656,10.7648239135742,"0km"
8340,2016,7.49305725097656,10.7648239135742,"0km"
8341,2016,7.51527452468872,10.8768882751465,"0km"
8342,2016,7.49305725097656,10.7648239135742,"0km"
8343,2016,7.49305725097656,10.7648239135742,"0km"
8344,2016,7.51527452468872,10.8768882751465,"0km"
8345,2016,7.51527452468872,10.8768882751465,"0km"
8346,2016,7.51527452468872,10.8768882751465,"0km"
8347,2016,7.51527452468872,10.8768882751465,"0km"
8348,2016,7.51527452468872,10.8768882751465,"0km"
8349,2016,6.91467046737671,10.0939054489136,"0km"
8350,2016,6.91467046737671,10.0939054489136,"0km"
8351,2016,6.91467046737671,10.0939054489136,"0km"
8352,2016,6.91467046737671,10.0939054489136,"0km"
8353,2016,6.91467046737671,10.0939054489136,"0km"
8354,2016,6.91467046737671,10.0939054489136,"0km"
8355,2016,6.91467046737671,10.0939054489136,"0km"
8356,2016,6.91467046737671,10.0939054489136,"0km"
8357,2016,6.91467046737671,10.0939054489136,"0km"
8358,2016,6.91467046737671,10.0939054489136,"0km"
8359,2016,6.91467046737671,10.0939054489136,"0km"
8360,2016,6.91467046737671,10.0939054489136,"0km"
8361,2016,6.91467046737671,10.0939054489136,"0km"
8362,2016,6.91467046737671,10.0939054489136,"0km"
8363,2016,6.91467046737671,10.0939054489136,"0km"
8364,2016,6.91467046737671,10.0939054489136,"0km"
8365,2016,6.91467046737671,10.0939054489136,"0km"
8366,2016,6.91467046737671,10.0939054489136,"0km"
8367,2016,6.91467046737671,10.0939054489136,"0km"
8368,2016,6.91467046737671,10.0939054489136,"0km"
8369,2016,6.91467046737671,10.0939054489136,"0km"
8370,2016,6.91467046737671,10.0939054489136,"0km"
8371,2016,6.91467046737671,10.0939054489136,"0km"
8372,2016,6.91467046737671,10.0939054489136,"0km"
8373,2016,6.91467046737671,10.0939054489136,"0km"
8374,2016,6.91467046737671,10.0939054489136,"0km"
8375,2016,6.91467046737671,10.0939054489136,"0km"
8376,2016,6.91467046737671,10.0939054489136,"0km"
8377,2016,6.91467046737671,10.0939054489136,"0km"
8378,2016,6.91467046737671,10.0939054489136,"0km"
8379,2016,6.91467046737671,10.0939054489136,"0km"
8380,2016,6.91467046737671,10.0939054489136,"0km"
8381,2016,6.91467046737671,10.0939054489136,"0km"
8382,2016,5.86745834350586,11.2409133911133,"10km"
8383,2016,5.86745834350586,11.2409133911133,"10km"
8384,2016,5.86745834350586,11.2409133911133,"10km"
8385,2016,5.86745834350586,11.2409133911133,"10km"
8386,2016,5.86745834350586,11.2409133911133,"10km"
8387,2016,6.60655546188354,8.16318225860596,"0km"
8388,2016,7.22870588302612,10.1876583099365,"0km"
8389,2016,6.92864751815796,9.68080711364746,"0km"
8390,2016,6.60655546188354,8.16318225860596,"0km"
8391,2016,6.60655546188354,8.16318225860596,"0km"
8392,2016,6.60655546188354,8.16318225860596,"0km"
8393,2016,6.60655546188354,8.16318225860596,"0km"
8394,2016,6.60655546188354,8.16318225860596,"0km"
8395,2016,6.60655546188354,8.16318225860596,"0km"
8396,2016,6.60655546188354,8.16318225860596,"0km"
8397,2016,6.60655546188354,8.16318225860596,"0km"
8398,2016,6.60655546188354,8.16318225860596,"0km"
8399,2016,6.60655546188354,8.16318225860596,"0km"
8400,2016,7.22870588302612,10.1876583099365,"0km"
8401,2016,7.10803556442261,10.1327247619629,"0km"
8402,2016,7.10803556442261,10.1327247619629,"0km"
8403,2016,7.10803556442261,10.1327247619629,"0km"
8404,2016,7.49305725097656,10.7648239135742,"0km"
8405,2016,7.49305725097656,10.7648239135742,"0km"
8406,2016,7.49305725097656,10.7648239135742,"0km"
8407,2016,7.51527452468872,10.8768882751465,"0km"
8408,2016,7.51527452468872,10.8768882751465,"0km"
8409,2016,7.51527452468872,10.8768882751465,"0km"
8410,2016,6.60655546188354,8.16318225860596,"0km"
8411,2016,6.60655546188354,8.16318225860596,"0km"
8412,2016,6.60655546188354,8.16318225860596,"0km"
8413,2016,7.10803556442261,10.1327247619629,"0km"
8414,2016,7.10803556442261,10.1327247619629,"0km"
8415,2016,7.10803556442261,10.1327247619629,"0km"
8416,2016,7.10803556442261,10.1327247619629,"0km"
8417,2016,7.10803556442261,10.1327247619629,"0km"
8418,2016,7.10803556442261,10.1327247619629,"0km"
8419,2016,7.49305725097656,10.7648239135742,"0km"
8420,2016,7.49305725097656,10.7648239135742,"0km"
8421,2016,7.51527452468872,10.8768882751465,"0km"
8422,2016,7.10803556442261,10.1327247619629,"0km"
8423,2016,6.92864751815796,9.68080711364746,"0km"
8424,2016,6.60655546188354,8.16318225860596,"0km"
8425,2016,6.60655546188354,8.16318225860596,"0km"
8426,2016,6.60655546188354,8.16318225860596,"0km"
8427,2016,6.60655546188354,8.16318225860596,"0km"
8428,2016,6.60655546188354,8.16318225860596,"0km"
8429,2016,7.15009021759033,10.4125185012817,"0km"
8430,2016,7.15942859649658,10.3502607345581,"0km"
8431,2016,7.15942859649658,10.3502607345581,"0km"
8432,2016,7.15942859649658,10.3502607345581,"0km"
8433,2016,7.15942859649658,10.3502607345581,"0km"
8434,2016,7.15942859649658,10.3502607345581,"0km"
8435,2016,7.22870588302612,10.1876583099365,"0km"
8436,2016,7.22870588302612,10.1876583099365,"0km"
8437,2016,7.10803556442261,10.1327247619629,"0km"
8438,2016,7.10803556442261,10.1327247619629,"0km"
8439,2016,7.10803556442261,10.1327247619629,"0km"
8440,2016,7.10803556442261,10.1327247619629,"0km"
8441,2016,7.49305725097656,10.7648239135742,"0km"
8442,2016,7.49305725097656,10.7648239135742,"0km"
8443,2016,7.49305725097656,10.7648239135742,"0km"
8444,2016,7.49305725097656,10.7648239135742,"0km"
8445,2016,7.49305725097656,10.7648239135742,"0km"
8446,2016,7.49305725097656,10.7648239135742,"0km"
8447,2016,7.49305725097656,10.7648239135742,"0km"
8448,2016,7.49305725097656,10.7648239135742,"0km"
8449,2016,7.49305725097656,10.7648239135742,"0km"
8450,2016,7.49305725097656,10.7648239135742,"0km"
8451,2016,7.49305725097656,10.7648239135742,"0km"
8452,2016,7.51527452468872,10.8768882751465,"0km"
8453,2016,7.51527452468872,10.8768882751465,"0km"
8454,2016,7.51527452468872,10.8768882751465,"0km"
8455,2016,7.51527452468872,10.8768882751465,"0km"
8456,2016,7.49305725097656,10.7648239135742,"0km"
8457,2016,7.49305725097656,10.7648239135742,"0km"
8458,2016,7.49305725097656,10.7648239135742,"0km"
8459,2016,7.49305725097656,10.7648239135742,"0km"
8460,2016,7.49305725097656,10.7648239135742,"0km"
8461,2016,7.49305725097656,10.7648239135742,"0km"
8462,2016,7.22870588302612,10.1876583099365,"0km"
8463,2016,7.22870588302612,10.1876583099365,"0km"
8464,2016,7.22870588302612,10.1876583099365,"0km"
8465,2008,8.00094604492188,9.24720001220703,"0km"
8466,2008,8.00094604492188,9.24720001220703,"0km"
8467,2008,8.00094604492188,9.24720001220703,"0km"
8468,2008,7.87887191772461,11.6452226638794,"0km"
8469,2008,8.14682483673096,10.6637468338013,"0km"
8470,2008,7.87887191772461,11.6452226638794,"0km"
8471,2008,7.87887191772461,11.6452226638794,"0km"
8472,2008,7.87887191772461,11.6452226638794,"0km"
8473,2008,8.00094604492188,9.24720001220703,"0km"
8474,2008,7.87887191772461,11.6452226638794,"0km"
8475,2008,8.00094604492188,9.24720001220703,"0km"
8476,2008,7.87887191772461,11.6452226638794,"0km"
8477,2008,8.00094604492188,9.24720001220703,"0km"
8478,2008,7.17487096786499,10.1429796218872,"0km"
8479,2008,7.17487096786499,10.1429796218872,"0km"
8480,2008,8.00094604492188,9.24720001220703,"0km"
8481,2008,8.00094604492188,9.24720001220703,"0km"
8482,2008,8.00094604492188,9.24720001220703,"0km"
8483,2008,8.00094604492188,9.24720001220703,"0km"
8484,2008,8.00094604492188,9.24720001220703,"0km"
8485,2008,7.87887191772461,11.6452226638794,"0km"
8486,2008,8.00094604492188,9.24720001220703,"0km"
8487,2008,7.87887191772461,11.6452226638794,"0km"
8488,2008,7.87887191772461,11.6452226638794,"0km"
8489,2008,7.87887191772461,11.6452226638794,"0km"
8490,2008,7.87887191772461,11.6452226638794,"0km"
8491,2008,8.17685508728027,13.2229070663452,"0km"
8492,2008,8.17685508728027,13.2229070663452,"0km"
8493,2008,8.04361057281494,11.4767599105835,"0km"
8494,2008,8.04361057281494,11.4767599105835,"0km"
8495,2008,8.04361057281494,11.4767599105835,"0km"
8496,2008,8.04361057281494,11.4767599105835,"0km"
8497,2015,8.38242721557617,11.4416027069092,"0km"
8498,2015,8.38242721557617,11.4416027069092,"0km"
8499,2015,8.38242721557617,11.4416027069092,"0km"
8500,2015,8.38242721557617,11.4416027069092,"0km"
8501,2015,8.38242721557617,11.4416027069092,"0km"
8502,2015,8.38242721557617,11.4416027069092,"0km"
8503,2015,8.38242721557617,11.4416027069092,"0km"
8504,2015,8.38242721557617,11.4416027069092,"0km"
8505,2015,8.38242721557617,11.4416027069092,"0km"
8506,2015,8.38242721557617,11.4416027069092,"0km"
8507,2015,8.38242721557617,11.4416027069092,"0km"
8508,2015,8.38242721557617,11.4416027069092,"0km"
8509,2015,8.38242721557617,11.4416027069092,"0km"
8510,2015,8.38242721557617,11.4416027069092,"0km"
8511,2015,8.38242721557617,11.4416027069092,"0km"
8512,2015,8.38242721557617,11.4416027069092,"0km"
8513,2015,8.38242721557617,11.4416027069092,"0km"
8514,2015,8.38242721557617,11.4416027069092,"0km"
8515,2015,8.38242721557617,11.4416027069092,"0km"
8516,2015,8.38242721557617,11.4416027069092,"0km"
8517,2015,8.38242721557617,11.4416027069092,"0km"
8518,2015,8.38242721557617,11.4416027069092,"0km"
8519,2015,8.38242721557617,11.4416027069092,"0km"
8520,2015,8.38242721557617,11.4416027069092,"0km"
8521,2015,8.38242721557617,11.4416027069092,"0km"
8522,2015,8.38242721557617,11.4416027069092,"0km"
8523,2015,8.38242721557617,11.4416027069092,"0km"
8524,2015,8.38242721557617,11.4416027069092,"0km"
8525,2015,8.38242721557617,11.4416027069092,"0km"
8526,2015,8.38242721557617,11.4416027069092,"0km"
8527,2015,8.38242721557617,11.4416027069092,"0km"
8528,2015,8.38242721557617,11.4416027069092,"0km"
8529,2015,8.38242721557617,11.4416027069092,"0km"
8530,2015,8.38242721557617,11.4416027069092,"0km"
8531,2015,8.38242721557617,11.4416027069092,"0km"
8532,2015,8.38242721557617,11.4416027069092,"0km"
8533,2015,8.38242721557617,11.4416027069092,"0km"
8534,2015,8.38242721557617,11.4416027069092,"0km"
8535,2015,8.38242721557617,11.4416027069092,"0km"
8536,2015,8.38242721557617,11.4416027069092,"0km"
8537,2015,8.38242721557617,11.4416027069092,"0km"
8538,2015,8.38242721557617,11.4416027069092,"0km"
8539,2015,8.38242721557617,11.4416027069092,"0km"
8540,2015,9.66249561309814,14.6035642623901,"0km"
8541,2015,9.66249561309814,14.6035642623901,"0km"
8542,2015,9.66249561309814,14.6035642623901,"0km"
8543,2015,9.66249561309814,14.6035642623901,"0km"
8544,2015,9.66249561309814,14.6035642623901,"0km"
8545,2015,9.66249561309814,14.6035642623901,"0km"
8546,2015,9.66249561309814,14.6035642623901,"0km"
8547,2015,9.66249561309814,14.6035642623901,"0km"
8548,2015,9.66249561309814,14.6035642623901,"0km"
8549,2015,9.66249561309814,14.6035642623901,"0km"
8550,2015,9.66249561309814,14.6035642623901,"0km"
8551,2015,9.66249561309814,14.6035642623901,"0km"
8552,2015,9.66249561309814,14.6035642623901,"0km"
8553,2015,9.66249561309814,14.6035642623901,"0km"
8554,2015,9.66249561309814,14.6035642623901,"0km"
8555,2015,9.66249561309814,14.6035642623901,"0km"
8556,2015,9.66249561309814,14.6035642623901,"0km"
8557,2015,9.66249561309814,14.6035642623901,"0km"
8558,2015,9.66249561309814,14.6035642623901,"0km"
8559,2015,9.66249561309814,14.6035642623901,"0km"
8560,2015,9.66249561309814,14.6035642623901,"0km"
8561,2015,9.66249561309814,14.6035642623901,"0km"
8562,2015,9.66249561309814,14.6035642623901,"0km"
8563,2015,9.66249561309814,14.6035642623901,"0km"
8564,2015,9.66249561309814,14.6035642623901,"0km"
8565,2015,9.66249561309814,14.6035642623901,"0km"
8566,2015,9.66249561309814,14.6035642623901,"0km"
8567,2015,9.66249561309814,14.6035642623901,"0km"
8568,2015,9.66249561309814,14.6035642623901,"0km"
8569,2015,9.66249561309814,14.6035642623901,"0km"
8570,2015,9.66249561309814,14.6035642623901,"0km"
8571,2015,9.66249561309814,14.6035642623901,"0km"
8572,2015,9.66249561309814,14.6035642623901,"0km"
8573,2015,9.66249561309814,14.6035642623901,"0km"
8574,2015,9.66249561309814,14.6035642623901,"0km"
8575,2015,9.66249561309814,14.6035642623901,"0km"
8576,2015,9.66249561309814,14.6035642623901,"0km"
8577,2015,9.66249561309814,14.6035642623901,"0km"
8578,2015,9.66249561309814,14.6035642623901,"0km"
8579,2015,9.66249561309814,14.6035642623901,"0km"
8580,2015,9.66249561309814,14.6035642623901,"0km"
8581,2015,9.66249561309814,14.6035642623901,"0km"
8582,2015,9.66249561309814,14.6035642623901,"0km"
8583,2015,8.38242721557617,11.4416027069092,"0km"
8584,2015,8.38242721557617,11.4416027069092,"0km"
8585,2015,8.38242721557617,11.4416027069092,"0km"
8586,2015,8.38242721557617,11.4416027069092,"0km"
8587,2015,8.38242721557617,11.4416027069092,"0km"
8588,2015,8.38242721557617,11.4416027069092,"0km"
8589,2015,8.38242721557617,11.4416027069092,"0km"
8590,2015,8.38242721557617,11.4416027069092,"0km"
8591,2015,8.38242721557617,11.4416027069092,"0km"
8592,2015,8.38242721557617,11.4416027069092,"0km"
8593,2015,8.38242721557617,11.4416027069092,"0km"
8594,2015,8.73918914794922,11.5185098648071,"0km"
8595,2015,8.73918914794922,11.5185098648071,"0km"
8596,2015,8.73918914794922,11.5185098648071,"0km"
8597,2015,8.38242721557617,11.4416027069092,"0km"
8598,2015,8.73918914794922,11.5185098648071,"0km"
8599,2015,8.73918914794922,11.5185098648071,"0km"
8600,2015,8.73918914794922,11.5185098648071,"0km"
8601,2015,8.73918914794922,11.5185098648071,"0km"
8602,2015,8.73918914794922,11.5185098648071,"0km"
8603,2015,8.73918914794922,11.5185098648071,"0km"
8604,2015,8.73918914794922,11.5185098648071,"0km"
8605,2015,8.73918914794922,11.5185098648071,"0km"
8606,2015,8.73918914794922,11.5185098648071,"0km"
8607,2015,8.73918914794922,11.5185098648071,"0km"
8608,2015,8.73918914794922,11.5185098648071,"0km"
8609,2015,8.73918914794922,11.5185098648071,"0km"
8610,2015,8.73918914794922,11.5185098648071,"0km"
8611,2015,8.73918914794922,11.5185098648071,"0km"
8612,2015,8.73918914794922,11.5185098648071,"0km"
8613,2015,8.73918914794922,11.5185098648071,"0km"
8614,2015,8.73918914794922,11.5185098648071,"0km"
8615,2015,8.73918914794922,11.5185098648071,"0km"
8616,2015,8.73918914794922,11.5185098648071,"0km"
8617,2015,8.73918914794922,11.5185098648071,"0km"
8618,2015,8.73918914794922,11.5185098648071,"0km"
8619,2015,8.73918914794922,11.5185098648071,"0km"
8620,2015,8.73918914794922,11.5185098648071,"0km"
8621,2015,8.73918914794922,11.5185098648071,"0km"
8622,2015,8.73918914794922,11.5185098648071,"0km"
8623,2015,8.73918914794922,11.5185098648071,"0km"
8624,2015,8.73918914794922,11.5185098648071,"0km"
8625,2015,8.73918914794922,11.5185098648071,"0km"
8626,2015,8.73918914794922,11.5185098648071,"0km"
8627,2015,8.73918914794922,11.5185098648071,"0km"
8628,2015,8.73918914794922,11.5185098648071,"0km"
8629,2015,8.73918914794922,11.5185098648071,"0km"
8630,2015,8.73918914794922,11.5185098648071,"0km"
8631,2015,8.73918914794922,11.5185098648071,"0km"
8632,2015,8.73918914794922,11.5185098648071,"0km"
8633,2015,8.73918914794922,11.5185098648071,"0km"
8634,2015,8.73918914794922,11.5185098648071,"0km"
8635,2015,8.73918914794922,11.5185098648071,"0km"
8636,2015,8.73918914794922,11.5185098648071,"0km"
8637,2014,8.22318172454834,12.6398811340332,"0km"
8638,2014,8.22318172454834,12.6398811340332,"0km"
8639,2014,8.22318172454834,12.6398811340332,"0km"
8640,2014,8.22318172454834,12.6398811340332,"0km"
8641,2014,8.22318172454834,12.6398811340332,"0km"
8642,2014,8.22318172454834,12.6398811340332,"0km"
8643,2014,8.22318172454834,12.6398811340332,"0km"
8644,2014,8.22318172454834,12.6398811340332,"0km"
8645,2014,8.22318172454834,12.6398811340332,"0km"
8646,2014,8.22318172454834,12.6398811340332,"0km"
8647,2014,8.22318172454834,12.6398811340332,"0km"
8648,2014,8.22318172454834,12.6398811340332,"0km"
8649,2014,8.22318172454834,12.6398811340332,"0km"
8650,2014,8.22318172454834,12.6398811340332,"0km"
8651,2014,8.22318172454834,12.6398811340332,"0km"
8652,2014,8.22318172454834,12.6398811340332,"0km"
8653,2014,8.22318172454834,12.6398811340332,"0km"
8654,2014,8.22318172454834,12.6398811340332,"0km"
8655,2014,8.22318172454834,12.6398811340332,"0km"
8656,2014,8.22318172454834,12.6398811340332,"0km"
8657,2014,8.22318172454834,12.6398811340332,"0km"
8658,2014,8.22318172454834,12.6398811340332,"0km"
8659,2014,7.80642127990723,9.65883350372314,"0km"
8660,2014,7.80642127990723,9.65883350372314,"0km"
8661,2014,7.80642127990723,9.65883350372314,"0km"
8662,2014,7.80642127990723,9.65883350372314,"0km"
8663,2014,7.80642127990723,9.65883350372314,"0km"
8664,2014,7.80642127990723,9.65883350372314,"0km"
8665,2014,7.80642127990723,9.65883350372314,"0km"
8666,2014,7.80642127990723,9.65883350372314,"0km"
8667,2014,7.80642127990723,9.65883350372314,"0km"
8668,2014,7.80642127990723,9.65883350372314,"0km"
8669,2014,7.80642127990723,9.65883350372314,"0km"
8670,2014,7.80642127990723,9.65883350372314,"0km"
8671,2014,8.22318172454834,12.6398811340332,"0km"
8672,2014,8.22318172454834,12.6398811340332,"0km"
8673,2014,8.22318172454834,12.6398811340332,"0km"
8674,2014,8.22318172454834,12.6398811340332,"0km"
8675,2014,8.22318172454834,12.6398811340332,"0km"
8676,2014,8.22318172454834,12.6398811340332,"0km"
8677,2014,7.80642127990723,9.65883350372314,"0km"
8678,2014,7.80642127990723,9.65883350372314,"0km"
8679,2014,7.80642127990723,9.65883350372314,"0km"
8680,2014,7.80642127990723,9.65883350372314,"0km"
8681,2014,7.80642127990723,9.65883350372314,"0km"
8682,2014,7.80642127990723,9.65883350372314,"0km"
8683,2014,7.80642127990723,9.65883350372314,"0km"
8684,2014,7.80642127990723,9.65883350372314,"0km"
8685,2014,7.80642127990723,9.65883350372314,"0km"
8686,2014,7.80642127990723,9.65883350372314,"0km"
8687,2014,7.80642127990723,9.65883350372314,"0km"
8688,2014,7.80642127990723,9.65883350372314,"0km"
8689,2014,7.80642127990723,9.65883350372314,"0km"
8690,2014,7.80642127990723,9.65883350372314,"0km"
8691,2014,7.80642127990723,9.65883350372314,"0km"
8692,2014,7.80642127990723,9.65883350372314,"0km"
8693,2014,7.80642127990723,9.65883350372314,"0km"
8694,2014,7.80642127990723,9.65883350372314,"0km"
8695,2014,7.80642127990723,9.65883350372314,"0km"
8696,2014,7.80642127990723,9.65883350372314,"0km"
8697,2014,7.80642127990723,9.65883350372314,"0km"
8698,2014,8.22318172454834,12.6398811340332,"0km"
8699,2014,8.22318172454834,12.6398811340332,"0km"
8700,2014,8.22318172454834,12.6398811340332,"0km"
8701,2014,8.22318172454834,12.6398811340332,"0km"
8702,2014,8.22318172454834,12.6398811340332,"0km"
8703,2014,8.22318172454834,12.6398811340332,"0km"
8704,2014,8.22318172454834,12.6398811340332,"0km"
8705,2014,8.22318172454834,12.6398811340332,"0km"
8706,2014,8.22318172454834,12.6398811340332,"0km"
8707,2014,8.22318172454834,12.6398811340332,"0km"
8708,2014,8.22318172454834,12.6398811340332,"0km"
8709,2014,8.22318172454834,12.6398811340332,"0km"
8710,2014,8.22318172454834,12.6398811340332,"0km"
8711,2014,8.22318172454834,12.6398811340332,"0km"
8712,2014,8.22318172454834,12.6398811340332,"0km"
8713,2014,8.22318172454834,12.6398811340332,"0km"
8714,2014,8.22318172454834,12.6398811340332,"0km"
8715,2014,8.22318172454834,12.6398811340332,"0km"
8716,2014,8.22318172454834,12.6398811340332,"0km"
8717,2014,8.22318172454834,12.6398811340332,"0km"
8718,2014,8.22318172454834,12.6398811340332,"0km"
8719,2014,8.22318172454834,12.6398811340332,"0km"
8720,2014,8.22318172454834,12.6398811340332,"0km"
8721,2014,8.22318172454834,12.6398811340332,"0km"
8722,2014,8.22318172454834,12.6398811340332,"0km"
8723,2014,8.22318172454834,12.6398811340332,"0km"
8724,2014,8.22318172454834,12.6398811340332,"0km"
8725,2014,8.22318172454834,12.6398811340332,"0km"
8726,2014,8.22318172454834,12.6398811340332,"0km"
8727,2014,8.22318172454834,12.6398811340332,"0km"
8728,2014,8.22318172454834,12.6398811340332,"0km"
8729,2014,8.22318172454834,12.6398811340332,"0km"
8730,2014,8.22318172454834,12.6398811340332,"0km"
8731,2014,8.22318172454834,12.6398811340332,"0km"
8732,2014,8.22318172454834,12.6398811340332,"0km"
8733,2014,8.22318172454834,12.6398811340332,"0km"
8734,2014,8.22318172454834,12.6398811340332,"0km"
8735,2014,8.22318172454834,12.6398811340332,"0km"
8736,2014,8.22318172454834,12.6398811340332,"0km"
8737,2014,8.22318172454834,12.6398811340332,"0km"
8738,2014,8.22318172454834,12.6398811340332,"0km"
8739,2014,8.22318172454834,12.6398811340332,"0km"
8740,2014,8.22318172454834,12.6398811340332,"0km"
8741,2014,8.22318172454834,12.6398811340332,"0km"
8742,2014,8.22318172454834,12.6398811340332,"0km"
8743,2014,8.22318172454834,12.6398811340332,"0km"
8744,2014,8.22318172454834,12.6398811340332,"0km"
8745,2014,8.22318172454834,12.6398811340332,"0km"
8746,2014,8.22318172454834,12.6398811340332,"0km"
8747,2014,8.22318172454834,12.6398811340332,"0km"
8748,2014,8.22318172454834,12.6398811340332,"0km"
8749,2014,8.22318172454834,12.6398811340332,"0km"
8750,2014,8.22318172454834,12.6398811340332,"0km"
8751,2014,8.22318172454834,12.6398811340332,"0km"
8752,2014,8.22318172454834,12.6398811340332,"0km"
8753,2014,8.22318172454834,12.6398811340332,"0km"
8754,2014,8.22318172454834,12.6398811340332,"0km"
8755,2014,8.90722370147705,12.4648275375366,"0km"
8756,2014,8.90722370147705,12.4648275375366,"0km"
8757,2014,8.90722370147705,12.4648275375366,"0km"
8758,2014,8.90722370147705,12.4648275375366,"0km"
8759,2014,8.90722370147705,12.4648275375366,"0km"
8760,2014,8.90722370147705,12.4648275375366,"0km"
8761,2014,8.90722370147705,12.4648275375366,"0km"
8762,2014,8.90722370147705,12.4648275375366,"0km"
8763,2014,8.90722370147705,12.4648275375366,"0km"
8764,2014,7.70760202407837,11.7880487442017,"0km"
8765,2014,8.90722370147705,12.4648275375366,"0km"
8766,2014,7.70760202407837,11.7880487442017,"0km"
8767,2014,8.90722370147705,12.4648275375366,"0km"
8768,2014,8.90722370147705,12.4648275375366,"0km"
8769,2014,8.90722370147705,12.4648275375366,"0km"
8770,2014,8.90722370147705,12.4648275375366,"0km"
8771,2014,8.90722370147705,12.4648275375366,"0km"
8772,2014,8.90722370147705,12.4648275375366,"0km"
8773,2014,8.90722370147705,12.4648275375366,"0km"
8774,2014,8.90722370147705,12.4648275375366,"0km"
8775,2014,8.90722370147705,12.4648275375366,"0km"
8776,2014,8.90722370147705,12.4648275375366,"0km"
8777,2014,8.90722370147705,12.4648275375366,"0km"
8778,2014,8.90722370147705,12.4648275375366,"0km"
8779,2014,8.90722370147705,12.4648275375366,"0km"
8780,2014,8.90722370147705,12.4648275375366,"0km"
8781,2014,8.90722370147705,12.4648275375366,"0km"
8782,2014,8.90722370147705,12.4648275375366,"0km"
8783,2014,8.90722370147705,12.4648275375366,"0km"
8784,2014,8.90722370147705,12.4648275375366,"0km"
8785,2014,8.90722370147705,12.4648275375366,"0km"
8786,2014,8.90722370147705,12.4648275375366,"0km"
8787,2014,8.90722370147705,12.4648275375366,"0km"
8788,2014,8.90722370147705,12.4648275375366,"0km"
8789,2014,8.90722370147705,12.4648275375366,"0km"
8790,2014,8.90722370147705,12.4648275375366,"0km"
8791,2014,8.90722370147705,12.4648275375366,"0km"
8792,2014,8.90722370147705,12.4648275375366,"0km"
8793,2014,8.90722370147705,12.4648275375366,"0km"
8794,2014,8.90722370147705,12.4648275375366,"0km"
8795,2014,8.90722370147705,12.4648275375366,"0km"
8796,2014,8.90722370147705,12.4648275375366,"0km"
8797,2014,8.90722370147705,12.4648275375366,"0km"
8798,2014,7.70760202407837,11.7880487442017,"0km"
8799,2014,8.90722370147705,12.4648275375366,"0km"
8800,2014,8.90722370147705,12.4648275375366,"0km"
8801,2014,8.36265182495117,13.1218299865723,"0km"
8802,2014,8.36265182495117,13.1218299865723,"0km"
8803,2014,8.36265182495117,13.1218299865723,"0km"
8804,2014,8.36265182495117,13.1218299865723,"0km"
8805,2014,8.36265182495117,13.1218299865723,"0km"
8806,2014,8.36265182495117,13.1218299865723,"0km"
8807,2014,8.36265182495117,13.1218299865723,"0km"
8808,2014,8.77336978912354,13.582537651062,"0km"
8809,2014,8.77336978912354,13.582537651062,"0km"
8810,2014,8.77336978912354,13.582537651062,"0km"
8811,2014,8.77336978912354,13.582537651062,"0km"
8812,2014,8.36265182495117,13.1218299865723,"0km"
8813,2014,8.36265182495117,13.1218299865723,"0km"
8814,2014,8.36265182495117,13.1218299865723,"0km"
8815,2014,8.36265182495117,13.1218299865723,"0km"
8816,2014,8.36265182495117,13.1218299865723,"0km"
8817,2014,8.36265182495117,13.1218299865723,"0km"
8818,2014,8.77336978912354,13.582537651062,"0km"
8819,2014,8.77336978912354,13.582537651062,"0km"
8820,2014,8.36265182495117,13.1218299865723,"0km"
8821,2014,8.36265182495117,13.1218299865723,"0km"
8822,2014,8.36265182495117,13.1218299865723,"0km"
8823,2014,8.36265182495117,13.1218299865723,"0km"
8824,2014,8.36265182495117,13.1218299865723,"0km"
8825,2015,9.96053981781006,15.0730609893799,"10km"
8826,2015,9.96053981781006,15.0730609893799,"10km"
8827,2015,9.96053981781006,15.0730609893799,"10km"
8828,2015,9.96053981781006,15.0730609893799,"10km"
8829,2015,9.96053981781006,15.0730609893799,"10km"
8830,2015,9.96053981781006,15.0730609893799,"10km"
8831,2015,9.96053981781006,15.0730609893799,"10km"
8832,2015,9.96053981781006,15.0730609893799,"10km"
8833,2015,9.96053981781006,15.0730609893799,"10km"
8834,2015,9.96053981781006,15.0730609893799,"10km"
8835,2015,9.96053981781006,15.0730609893799,"10km"
8836,2015,9.96053981781006,15.0730609893799,"10km"
8837,2015,9.96053981781006,15.0730609893799,"10km"
8838,2015,9.96053981781006,15.0730609893799,"10km"
8839,2015,9.96053981781006,15.0730609893799,"10km"
8840,2015,9.96053981781006,15.0730609893799,"10km"
8841,2015,9.96053981781006,15.0730609893799,"10km"
8842,2015,9.96053981781006,15.0730609893799,"10km"
8843,2015,9.96053981781006,15.0730609893799,"10km"
8844,2015,9.96053981781006,15.0730609893799,"10km"
8845,2015,9.96053981781006,15.0730609893799,"10km"
8846,2015,9.96053981781006,15.0730609893799,"10km"
8847,2015,9.96053981781006,15.0730609893799,"10km"
8848,2015,9.96053981781006,15.0730609893799,"10km"
8849,2015,9.96053981781006,15.0730609893799,"10km"
8850,2015,9.96053981781006,15.0730609893799,"10km"
8851,2015,9.96053981781006,15.0730609893799,"10km"
8852,2015,9.96053981781006,15.0730609893799,"10km"
8853,2015,9.96053981781006,15.0730609893799,"10km"
8854,2015,9.96053981781006,15.0730609893799,"10km"
8855,2015,9.96053981781006,15.0730609893799,"10km"
8856,2015,9.96053981781006,15.0730609893799,"10km"
8857,2015,8.28781986236572,11.3317365646362,"0km"
8858,2015,8.28781986236572,11.3317365646362,"0km"
8859,2015,8.28781986236572,11.3317365646362,"0km"
8860,2015,8.28781986236572,11.3317365646362,"0km"
8861,2015,8.28781986236572,11.3317365646362,"0km"
8862,2015,8.28781986236572,11.3317365646362,"0km"
8863,2015,8.28781986236572,11.3317365646362,"0km"
8864,2015,8.28781986236572,11.3317365646362,"0km"
8865,2015,8.28781986236572,11.3317365646362,"0km"
8866,2015,8.28781986236572,11.3317365646362,"0km"
8867,2015,8.28781986236572,11.3317365646362,"0km"
8868,2015,8.28781986236572,11.3317365646362,"0km"
8869,2015,8.28781986236572,11.3317365646362,"0km"
8870,2015,8.28781986236572,11.3317365646362,"0km"
8871,2015,8.28781986236572,11.3317365646362,"0km"
8872,2015,8.28781986236572,11.3317365646362,"0km"
8873,2015,8.28781986236572,11.3317365646362,"0km"
8874,2015,8.28781986236572,11.3317365646362,"0km"
8875,2015,8.28781986236572,11.3317365646362,"0km"
8876,2015,8.28781986236572,11.3317365646362,"0km"
8877,2015,8.28781986236572,11.3317365646362,"0km"
8878,2015,8.28781986236572,11.3317365646362,"0km"
8879,2015,8.28781986236572,11.3317365646362,"0km"
8880,2015,8.28781986236572,11.3317365646362,"0km"
8881,2015,8.28781986236572,11.3317365646362,"0km"
8882,2015,8.28781986236572,11.3317365646362,"0km"
8883,2015,8.28781986236572,11.3317365646362,"0km"
8884,2015,8.28781986236572,11.3317365646362,"0km"
8885,2015,8.28781986236572,11.3317365646362,"0km"
8886,2015,8.28781986236572,11.3317365646362,"0km"
8887,2015,8.28781986236572,11.3317365646362,"0km"
8888,2015,8.28781986236572,11.3317365646362,"0km"
8889,2015,8.28781986236572,11.3317365646362,"0km"
8890,2015,8.28781986236572,11.3317365646362,"0km"
8891,2015,8.28781986236572,11.3317365646362,"0km"
8892,2015,8.28781986236572,11.3317365646362,"0km"
8893,2015,8.28781986236572,11.3317365646362,"0km"
8894,2015,8.28781986236572,11.3317365646362,"0km"
8895,2015,8.28781986236572,11.3317365646362,"0km"
8896,2015,8.28781986236572,11.3317365646362,"0km"
8897,2015,8.28781986236572,11.3317365646362,"0km"
8898,2015,8.28781986236572,11.3317365646362,"0km"
8899,2014,7.52640771865845,11.0273323059082,"10km"
8900,2014,7.52640771865845,11.0273323059082,"10km"
8901,2014,7.76296281814575,10.7758111953735,"0km"
8902,2014,7.76296281814575,10.7758111953735,"0km"
8903,2014,7.76296281814575,10.7758111953735,"0km"
8904,2014,8.18820762634277,12.6691789627075,"0km"
8905,2014,8.18820762634277,12.6691789627075,"0km"
8906,2014,8.18820762634277,12.6691789627075,"0km"
8907,2014,8.18820762634277,12.6691789627075,"0km"
8908,2014,8.18820762634277,12.6691789627075,"0km"
8909,2014,8.18820762634277,12.6691789627075,"0km"
8910,2014,8.18820762634277,12.6691789627075,"0km"
8911,2014,8.18820762634277,12.6691789627075,"0km"
8912,2014,8.18820762634277,12.6691789627075,"0km"
8913,2014,8.18820762634277,12.6691789627075,"0km"
8914,2014,8.18820762634277,12.6691789627075,"0km"
8915,2014,8.18820762634277,12.6691789627075,"0km"
8916,2014,8.18820762634277,12.6691789627075,"0km"
8917,2014,8.18820762634277,12.6691789627075,"0km"
8918,2014,7.61160458458794,11.1146070692274,"10km"
8919,2014,7.61160458458794,11.1146070692274,"10km"
8920,2014,7.61160458458794,11.1146070692274,"10km"
8921,2014,7.61160458458794,11.1146070692274,"10km"
8922,2014,7.61160458458794,11.1146070692274,"10km"
8923,2014,7.61160458458794,11.1146070692274,"10km"
8924,2014,7.61160458458794,11.1146070692274,"10km"
8925,2014,7.75142669677734,11.0394906997681,"0km"
8926,2014,7.75142669677734,11.0394906997681,"0km"
8927,2014,7.75142669677734,11.0394906997681,"0km"
8928,2014,7.75142669677734,11.0394906997681,"0km"
8929,2014,7.75142669677734,11.0394906997681,"0km"
8930,2014,7.75142669677734,11.0394906997681,"0km"
8931,2014,7.75142669677734,11.0394906997681,"0km"
8932,2014,7.75142669677734,11.0394906997681,"0km"
8933,2014,7.75142669677734,11.0394906997681,"0km"
8934,2014,7.75142669677734,11.0394906997681,"0km"
8935,2014,7.30585670471191,11.0014038085938,"0km"
8936,2014,7.30585670471191,11.0014038085938,"0km"
8937,2014,7.30585670471191,11.0014038085938,"0km"
8938,2014,7.30585670471191,11.0014038085938,"0km"
8939,2014,7.30585670471191,11.0014038085938,"0km"
8940,2014,7.30585670471191,11.0014038085938,"0km"
8941,2014,7.30585670471191,11.0014038085938,"0km"
8942,2014,7.30585670471191,11.0014038085938,"0km"
8943,2014,7.75142669677734,11.0394906997681,"0km"
8944,2014,7.75142669677734,11.0394906997681,"0km"
8945,2014,8.04678535461426,11.9103670120239,"0km"
8946,2014,8.04678535461426,11.9103670120239,"0km"
8947,2014,8.04678535461426,11.9103670120239,"0km"
8948,2014,8.04678535461426,11.9103670120239,"0km"
8949,2014,8.04678535461426,11.9103670120239,"0km"
8950,2014,8.04678535461426,11.9103670120239,"0km"
8951,2014,8.04678535461426,11.9103670120239,"0km"
8952,2014,8.04678535461426,11.9103670120239,"0km"
8953,2014,8.04678535461426,11.9103670120239,"0km"
8954,2014,8.04678535461426,11.9103670120239,"0km"
8955,2014,7.38660860061646,10.8475904464722,"0km"
8956,2014,7.38660860061646,10.8475904464722,"0km"
8957,2014,7.38660860061646,10.8475904464722,"0km"
8958,2014,8.04678535461426,11.9103670120239,"0km"
8959,2014,8.04678535461426,11.9103670120239,"0km"
8960,2014,8.04678535461426,11.9103670120239,"0km"
8961,2014,8.04678535461426,11.9103670120239,"0km"
8962,2014,8.04678535461426,11.9103670120239,"0km"
8963,2014,8.04678535461426,11.9103670120239,"0km"
8964,2014,8.04678535461426,11.9103670120239,"0km"
8965,2014,8.04678535461426,11.9103670120239,"0km"
8966,2014,8.04678535461426,11.9103670120239,"0km"
8967,2014,8.04678535461426,11.9103670120239,"0km"
8968,2014,8.04678535461426,11.9103670120239,"0km"
8969,2014,8.04678535461426,11.9103670120239,"0km"
8970,2014,8.04678535461426,11.9103670120239,"0km"
8971,2014,8.04678535461426,11.9103670120239,"0km"
8972,2014,8.02035617828369,11.9997253417969,"0km"
8973,2014,8.02035617828369,11.9997253417969,"0km"
8974,2014,8.02035617828369,11.9997253417969,"0km"
8975,2014,8.02035617828369,11.9997253417969,"0km"
8976,2014,7.53834629058838,10.9039888381958,"0km"
8977,2014,7.53834629058838,10.9039888381958,"0km"
8978,2014,7.53834629058838,10.9039888381958,"0km"
8979,2014,7.23517560958862,10.9288921356201,"0km"
8980,2014,7.38660860061646,10.8475904464722,"0km"
8981,2014,7.38660860061646,10.8475904464722,"0km"
8982,2014,7.38660860061646,10.8475904464722,"0km"
8983,2014,7.26770830154419,9.79726600646973,"0km"
8984,2014,7.26770830154419,9.79726600646973,"0km"
8985,2014,7.26770830154419,9.79726600646973,"0km"
8986,2014,7.26770830154419,9.79726600646973,"0km"
8987,2014,7.26770830154419,9.79726600646973,"0km"
8988,2014,7.26770830154419,9.79726600646973,"0km"
8989,2014,7.23517560958862,10.9288921356201,"0km"
8990,2014,7.23517560958862,10.9288921356201,"0km"
8991,2013,7.52233441670736,11.1635179519653,"10km"
8992,2013,7.15106678009033,12.0422067642212,"0km"
8993,2013,7.15106678009033,12.0422067642212,"0km"
8994,2013,7.15106678009033,12.0422067642212,"0km"
8995,2013,7.15106678009033,12.0422067642212,"0km"
8996,2013,7.15106678009033,12.0422067642212,"0km"
8997,2013,7.15106678009033,12.0422067642212,"0km"
8998,2013,7.15106678009033,12.0422067642212,"0km"
8999,2013,7.15106678009033,12.0422067642212,"0km"
9000,2013,7.15106678009033,12.0422067642212,"0km"
9001,2013,7.15106678009033,12.0422067642212,"0km"
9002,2013,7.15106678009033,12.0422067642212,"0km"
9003,2013,7.15308094024658,11.8766746520996,"0km"
9004,2013,7.15308094024658,11.8766746520996,"0km"
9005,2013,7.15308094024658,11.8766746520996,"0km"
9006,2013,7.55146932601929,13.0822782516479,"0km"
9007,2013,7.55146932601929,13.0822782516479,"0km"
9008,2013,7.55146932601929,13.0822782516479,"0km"
9009,2013,7.55146932601929,13.0822782516479,"0km"
9010,2013,7.55146932601929,13.0822782516479,"0km"
9011,2013,7.05135835920061,11.3761014938354,"10km"
9012,2013,7.05135835920061,11.3761014938354,"10km"
9013,2013,7.05135835920061,11.3761014938354,"10km"
9014,2013,6.96441555023193,12.0861539840698,"0km"
9015,2013,6.96441555023193,12.0861539840698,"0km"
9016,2013,7.2854700088501,11.9858093261719,"0km"
9017,2013,7.2854700088501,11.9858093261719,"0km"
9018,2013,7.8570818901062,13.1452684402466,"0km"
9019,2013,7.8570818901062,13.1452684402466,"0km"
9020,2013,7.8570818901062,13.1452684402466,"0km"
9021,2013,7.8570818901062,13.1452684402466,"0km"
9022,2013,7.8570818901062,13.1452684402466,"0km"
9023,2013,7.8570818901062,13.1452684402466,"0km"
9024,2013,7.8570818901062,13.1452684402466,"0km"
9025,2013,7.8570818901062,13.1452684402466,"0km"
9026,2013,7.8570818901062,13.1452684402466,"0km"
9027,2013,7.87289047241211,13.0705585479736,"0km"
9028,2013,7.87289047241211,13.0705585479736,"0km"
9029,2013,7.35343486070633,11.160619020462,"10km"
9030,2013,7.35343486070633,11.160619020462,"10km"
9031,2013,7.87289047241211,13.0705585479736,"0km"
9032,2013,7.87289047241211,13.0705585479736,"0km"
9033,2013,7.732590675354,12.0552444458008,"10km"
9034,2014,7.12787246704102,10.1481065750122,"0km"
9035,2014,7.12787246704102,10.1481065750122,"0km"
9036,2014,7.08764934539795,8.75353240966797,"0km"
9037,2014,7.83791637420654,11.232855796814,"0km"
9038,2014,7.8565936088562,10.9164400100708,"0km"
9039,2014,7.8565936088562,10.9164400100708,"0km"
9040,2014,7.26538896560669,10.2652969360352,"0km"
9041,2014,7.11300392150879,9.05632495880127,"10km"
9042,2014,7.11300392150879,9.05632495880127,"10km"
9043,2014,7.11300392150879,9.05632495880127,"10km"
9044,2014,7.11300392150879,9.05632495880127,"10km"
9045,2014,7.11300392150879,9.05632495880127,"10km"
9046,2014,7.11300392150879,9.05632495880127,"10km"
9047,2014,7.13683280944824,9.31561012268066,"10km"
9048,2014,7.13683280944824,9.31561012268066,"10km"
9049,2014,7.8565936088562,10.9164400100708,"0km"
9050,2014,7.8565936088562,10.9164400100708,"0km"
9051,2014,7.8565936088562,10.9164400100708,"0km"
9052,2014,7.8565936088562,10.9164400100708,"0km"
9053,2014,7.8565936088562,10.9164400100708,"0km"
9054,2014,7.8565936088562,10.9164400100708,"0km"
9055,2014,7.8565936088562,10.9164400100708,"0km"
9056,2014,7.8565936088562,10.9164400100708,"0km"
9057,2014,7.8565936088562,10.9164400100708,"0km"
9058,2014,7.8565936088562,10.9164400100708,"0km"
9059,2014,7.8565936088562,10.9164400100708,"0km"
9060,2014,7.8565936088562,10.9164400100708,"0km"
9061,2014,7.8565936088562,10.9164400100708,"0km"
9062,2014,7.8565936088562,10.9164400100708,"0km"
9063,2014,7.13153457641602,8.8128604888916,"0km"
9064,2014,7.13153457641602,8.8128604888916,"0km"
9065,2014,7.13153457641602,8.8128604888916,"0km"
9066,2014,7.13153457641602,8.8128604888916,"0km"
9067,2014,7.26538896560669,10.2652969360352,"0km"
9068,2014,7.26538896560669,10.2652969360352,"0km"
9069,2014,7.26538896560669,10.2652969360352,"0km"
9070,2014,7.26538896560669,10.2652969360352,"0km"
9071,2014,7.26538896560669,10.2652969360352,"0km"
9072,2014,7.26538896560669,10.2652969360352,"0km"
9073,2014,7.26538896560669,10.2652969360352,"0km"
9074,2014,7.13153457641602,8.8128604888916,"0km"
9075,2014,7.13153457641602,8.8128604888916,"0km"
9076,2014,7.12171656744821,8.9844616481236,"10km"
9077,2014,7.12171656744821,8.9844616481236,"10km"
9078,2014,7.12171656744821,8.9844616481236,"10km"
9079,2014,7.12171656744821,8.9844616481236,"10km"
9080,2014,7.11300392150879,9.05632495880127,"10km"
9081,2014,7.11300392150879,9.05632495880127,"10km"
9082,2014,7.11300392150879,9.05632495880127,"10km"
9083,2014,7.11300392150879,9.05632495880127,"10km"
9084,2014,7.13687551021576,9.28785037994385,"10km"
9085,2014,7.13683280944824,9.31561012268066,"10km"
9086,2013,7.89382600784302,12.7731866836548,"0km"
9087,2013,7.89382600784302,12.7731866836548,"0km"
9088,2013,7.0856351852417,12.0964078903198,"0km"
9089,2013,7.0856351852417,12.0964078903198,"0km"
9090,2013,7.0856351852417,12.0964078903198,"0km"
9091,2013,7.0856351852417,12.0964078903198,"0km"
9092,2013,7.36835851669312,11.5007843017578,"10km"
9093,2013,7.35936578114827,11.6359446843465,"10km"
9094,2013,7.35936578114827,11.6359446843465,"10km"
9095,2013,7.35936578114827,11.6359446843465,"10km"
9096,2014,7.69100022315979,11.68678855896,"10km"
9097,2014,7.69100022315979,11.68678855896,"10km"
9098,2014,7.69100022315979,11.68678855896,"10km"
9099,2014,7.69100022315979,11.68678855896,"10km"
9100,2014,7.69100022315979,11.68678855896,"10km"
9101,2014,7.5965758562088,11.3540759086609,"10km"
9102,2014,7.53180038928986,11.2920010089874,"10km"
9103,2014,7.53180038928986,11.2920010089874,"10km"
9104,2014,7.5817437171936,11.1076078414917,"0km"
9105,2014,7.5817437171936,11.1076078414917,"0km"
9106,2014,7.5817437171936,11.1076078414917,"0km"
9107,2014,7.5817437171936,11.1076078414917,"0km"
9108,2014,8.14066028594971,12.1066617965698,"0km"
9109,2014,8.14066028594971,12.1066617965698,"0km"
9110,2014,8.14066028594971,12.1066617965698,"0km"
9111,2014,8.14066028594971,12.1066617965698,"0km"
9112,2014,8.14066028594971,12.1066617965698,"0km"
9113,2014,8.14066028594971,12.1066617965698,"0km"
9114,2014,8.14066028594971,12.1066617965698,"0km"
9115,2014,8.14066028594971,12.1066617965698,"0km"
9116,2014,8.14066028594971,12.1066617965698,"0km"
9117,2014,8.14066028594971,12.1066617965698,"0km"
9118,2014,8.14066028594971,12.1066617965698,"0km"
9119,2014,8.14066028594971,12.1066617965698,"0km"
9120,2014,7.15832996368408,8.84215831756592,"0km"
9121,2014,7.15832996368408,8.84215831756592,"0km"
9122,2014,7.09179973602295,8.69786643981934,"0km"
9123,2014,7.09179973602295,8.69786643981934,"0km"
9124,2014,7.09179973602295,8.69786643981934,"0km"
9125,2014,7.09179973602295,8.69786643981934,"0km"
9126,2014,7.15832996368408,8.84215831756592,"0km"
9127,2014,7.09179973602295,8.69786643981934,"0km"
9128,2014,7.09179973602295,8.69786643981934,"0km"
9129,2014,7.09179973602295,8.69786643981934,"0km"
9130,2014,7.09179973602295,8.69786643981934,"0km"
9131,2014,7.10119962692261,9.29627323150635,"0km"
9132,2014,7.10119962692261,9.29627323150635,"0km"
9133,2014,7.10119962692261,9.29627323150635,"0km"
9134,2014,7.10119962692261,9.29627323150635,"0km"
9135,2014,7.10119962692261,9.29627323150635,"0km"
9136,2014,7.14899158477783,8.95055961608887,"0km"
9137,2014,7.14899158477783,8.95055961608887,"0km"
9138,2014,7.14899158477783,8.95055961608887,"0km"
9139,2014,7.14899158477783,8.95055961608887,"0km"
9140,2014,7.53920125961304,10.9816274642944,"0km"
9141,2014,7.53920125961304,10.9816274642944,"0km"
9142,2014,7.53920125961304,10.9816274642944,"0km"
9143,2014,7.53920125961304,10.9816274642944,"0km"
9144,2014,7.53920125961304,10.9816274642944,"0km"
9145,2008,7.78933095932007,9.77455997467041,"0km"
9146,2008,7.78933095932007,9.77455997467041,"0km"
9147,2008,7.78933095932007,9.77455997467041,"0km"
9148,2008,7.78933095932007,9.77455997467041,"0km"
9149,2008,7.78933095932007,9.77455997467041,"0km"
9150,2008,7.78933095932007,9.77455997467041,"0km"
9151,2008,7.78933095932007,9.77455997467041,"0km"
9152,2008,7.78933095932007,9.77455997467041,"0km"
9153,2008,7.78933095932007,9.77455997467041,"0km"
9154,2008,7.78933095932007,9.77455997467041,"0km"
9155,2008,7.78933095932007,9.77455997467041,"0km"
9156,2008,7.78933095932007,9.77455997467041,"0km"
9157,2008,7.78933095932007,9.77455997467041,"0km"
9158,2008,7.78933095932007,9.77455997467041,"0km"
9159,2008,7.78933095932007,9.77455997467041,"0km"
9160,2008,7.78933095932007,9.77455997467041,"0km"
9161,2008,7.78933095932007,9.77455997467041,"0km"
9162,2008,7.78933095932007,9.77455997467041,"0km"
9163,2008,7.78933095932007,9.77455997467041,"0km"
9164,2008,7.78933095932007,9.77455997467041,"0km"
9165,2008,7.78933095932007,9.77455997467041,"0km"
9166,2008,7.78933095932007,9.77455997467041,"0km"
9167,2008,7.78933095932007,9.77455997467041,"0km"
9168,2008,7.78933095932007,9.77455997467041,"0km"
9169,2008,7.78933095932007,9.77455997467041,"0km"
9170,2008,7.78933095932007,9.77455997467041,"0km"
9171,2008,7.78933095932007,9.77455997467041,"0km"
9172,2008,7.78933095932007,9.77455997467041,"0km"
9173,2008,7.78933095932007,9.77455997467041,"0km"
9174,2008,7.78933095932007,9.77455997467041,"0km"
9175,2008,7.78933095932007,9.77455997467041,"0km"
9176,2008,7.78933095932007,9.77455997467041,"0km"
9177,2008,7.78933095932007,9.77455997467041,"0km"
9178,2008,7.78933095932007,9.77455997467041,"0km"
9179,2008,7.78933095932007,9.77455997467041,"0km"
9180,2008,7.78933095932007,9.77455997467041,"0km"
9181,2008,7.78933095932007,9.77455997467041,"0km"
9182,2008,7.78933095932007,9.77455997467041,"0km"
9183,2008,7.78933095932007,9.77455997467041,"0km"
9184,2008,7.78933095932007,9.77455997467041,"0km"
9185,2008,7.78933095932007,9.77455997467041,"0km"
9186,2008,7.78933095932007,9.77455997467041,"0km"
9187,2008,7.78933095932007,9.77455997467041,"0km"
9188,2008,7.78933095932007,9.77455997467041,"0km"
9189,2008,7.78933095932007,9.77455997467041,"0km"
9190,2008,7.78933095932007,9.77455997467041,"0km"
9191,2008,7.78933095932007,9.77455997467041,"0km"
9192,2008,7.78933095932007,9.77455997467041,"0km"
9193,2008,7.78933095932007,9.77455997467041,"0km"
9194,2008,7.78933095932007,9.77455997467041,"0km"
9195,2008,7.78933095932007,9.77455997467041,"0km"
9196,2008,7.78933095932007,9.77455997467041,"0km"
9197,2008,7.78933095932007,9.77455997467041,"0km"
9198,2008,7.78933095932007,9.77455997467041,"0km"
9199,2008,7.78933095932007,9.77455997467041,"0km"
9200,2008,7.78933095932007,9.77455997467041,"0km"
9201,2008,7.78933095932007,9.77455997467041,"0km"
9202,2008,7.78933095932007,9.77455997467041,"0km"
9203,2008,7.78933095932007,9.77455997467041,"0km"
9204,2008,7.78933095932007,9.77455997467041,"0km"
9205,2008,7.78933095932007,9.77455997467041,"0km"
9206,2008,7.78933095932007,9.77455997467041,"0km"
9207,2008,7.78933095932007,9.77455997467041,"0km"
9208,2008,7.78933095932007,9.77455997467041,"0km"
9209,2008,7.78933095932007,9.77455997467041,"0km"
9210,2008,7.78933095932007,9.77455997467041,"0km"
9211,2008,7.78933095932007,9.77455997467041,"0km"
9212,2008,7.78933095932007,9.77455997467041,"0km"
9213,2008,7.78933095932007,9.77455997467041,"0km"
9214,2008,7.78933095932007,9.77455997467041,"0km"
9215,2008,7.78933095932007,9.77455997467041,"0km"
9216,2008,7.78933095932007,9.77455997467041,"0km"
9217,2008,7.78933095932007,9.77455997467041,"0km"
9218,2005,9.81588172912598,14.5076141357422,"0km"
9219,2005,9.81588172912598,14.5076141357422,"0km"
9220,2005,10.0013122558594,15.8069705963135,"0km"
9221,2005,7.88076400756836,9.80751991271973,"0km"
9222,2005,9.81588172912598,14.5076141357422,"0km"
9223,2005,9.81588172912598,14.5076141357422,"0km"
9224,2005,9.81588172912598,14.5076141357422,"0km"
9225,2005,9.81588172912598,14.5076141357422,"0km"
9226,2005,9.81588172912598,14.5076141357422,"0km"
9227,2005,8.66551685333252,11.9132966995239,"0km"
9228,2005,8.66551685333252,11.9132966995239,"0km"
9229,2005,9.81588172912598,14.5076141357422,"0km"
9230,2005,9.81588172912598,14.5076141357422,"0km"
9231,2005,9.81588172912598,14.5076141357422,"0km"
9232,2005,9.81588172912598,14.5076141357422,"0km"
9233,2005,9.81588172912598,14.5076141357422,"0km"
9234,2006,10.0903043746948,15.7674188613892,"0km"
9235,2006,10.0903043746948,15.7674188613892,"0km"
9236,2006,10.0903043746948,15.7674188613892,"0km"
9237,2006,8.6142463684082,11.8678855895996,"0km"
9238,2006,8.6142463684082,11.8678855895996,"0km"
9239,2006,8.6142463684082,11.8678855895996,"0km"
9240,2006,8.6142463684082,11.8678855895996,"0km"
9241,2006,8.6142463684082,11.8678855895996,"0km"
9242,2006,8.6142463684082,11.8678855895996,"0km"
9243,2008,10.0409250259399,16.1299781799316,"0km"
9244,2008,10.0409250259399,16.1299781799316,"0km"
9245,2008,10.0409250259399,16.1299781799316,"0km"
9246,2008,10.0409250259399,16.1299781799316,"0km"
9247,2008,10.0409250259399,16.1299781799316,"0km"
9248,2008,10.0409250259399,16.1299781799316,"0km"
9249,2008,10.0409250259399,16.1299781799316,"0km"
9250,2008,10.0409250259399,16.1299781799316,"0km"
9251,2008,10.0409250259399,16.1299781799316,"0km"
9252,2008,10.0409250259399,16.1299781799316,"0km"
9253,2008,10.0409250259399,16.1299781799316,"0km"
9254,2008,10.0409250259399,16.1299781799316,"0km"
9255,2008,10.0409250259399,16.1299781799316,"0km"
9256,2008,10.0409250259399,16.1299781799316,"0km"
9257,2008,10.0409250259399,16.1299781799316,"0km"
9258,2008,10.0409250259399,16.1299781799316,"0km"
9259,2008,10.0409250259399,16.1299781799316,"0km"
9260,2008,10.0409250259399,16.1299781799316,"0km"
9261,2008,10.0409250259399,16.1299781799316,"0km"
9262,2008,8.71092891693115,11.812219619751,"0km"
9263,2008,8.71092891693115,11.812219619751,"0km"
9264,2008,9.74105072021484,15.0173959732056,"0km"
9265,2008,9.74105072021484,15.0173959732056,"0km"
9266,2008,9.74105072021484,15.0173959732056,"0km"
9267,2008,9.74105072021484,15.0173959732056,"0km"
9268,2008,9.74105072021484,15.0173959732056,"0km"
9269,2008,9.74105072021484,15.0173959732056,"0km"
9270,2008,8.71092891693115,11.812219619751,"0km"
9271,2008,8.71092891693115,11.812219619751,"0km"
9272,2008,8.71092891693115,11.812219619751,"0km"
9273,2008,9.74105072021484,15.0173959732056,"0km"
9274,2008,8.71092891693115,11.812219619751,"0km"
9275,2008,8.71092891693115,11.812219619751,"0km"
9276,2008,8.71092891693115,11.812219619751,"0km"
9277,2008,8.71092891693115,11.812219619751,"0km"
9278,2008,8.71092891693115,11.812219619751,"0km"
9279,2008,8.71092891693115,11.812219619751,"0km"
9280,2008,8.71092891693115,11.812219619751,"0km"
9281,2008,8.71092891693115,11.812219619751,"0km"
9282,2008,8.71092891693115,11.812219619751,"0km"
9283,2008,8.71092891693115,11.812219619751,"0km"
9284,2008,8.71092891693115,11.812219619751,"0km"
9285,2008,8.71092891693115,11.812219619751,"0km"
9286,2008,8.71092891693115,11.812219619751,"0km"
9287,2008,8.71092891693115,11.812219619751,"0km"
9288,2008,8.71092891693115,11.812219619751,"0km"
9289,2008,8.71092891693115,11.812219619751,"0km"
9290,2008,8.71092891693115,11.812219619751,"0km"
9291,2008,8.71092891693115,11.812219619751,"0km"
9292,2008,8.71092891693115,11.812219619751,"0km"
9293,2008,8.71092891693115,11.812219619751,"0km"
9294,2008,8.71092891693115,11.812219619751,"0km"
9295,2008,8.71092891693115,11.812219619751,"0km"
9296,2008,8.71092891693115,11.812219619751,"0km"
9297,2008,8.71092891693115,11.812219619751,"0km"
9298,2008,8.71092891693115,11.812219619751,"0km"
9299,2008,8.71092891693115,11.812219619751,"0km"
9300,2008,8.71092891693115,11.812219619751,"0km"
9301,2008,8.71092891693115,11.812219619751,"0km"
9302,2008,8.71092891693115,11.812219619751,"0km"
9303,2008,8.71092891693115,11.812219619751,"0km"
9304,2008,8.71092891693115,11.812219619751,"0km"
9305,2008,8.71092891693115,11.812219619751,"0km"
9306,2008,8.71092891693115,11.812219619751,"0km"
9307,2008,8.71092891693115,11.812219619751,"0km"
9308,2008,8.71092891693115,11.812219619751,"0km"
9309,2008,8.71092891693115,11.812219619751,"0km"
9310,2008,8.71092891693115,11.812219619751,"0km"
9311,2008,8.71092891693115,11.812219619751,"0km"
9312,2008,8.71092891693115,11.812219619751,"0km"
9313,2008,8.71092891693115,11.812219619751,"0km"
9314,2008,8.71092891693115,11.812219619751,"0km"
9315,2008,8.71092891693115,11.812219619751,"0km"
9316,2008,8.71092891693115,11.812219619751,"0km"
9317,2008,8.71092891693115,11.812219619751,"0km"
9318,2008,8.71092891693115,11.812219619751,"0km"
9319,2008,8.71092891693115,11.812219619751,"0km"
9320,2008,8.71092891693115,11.812219619751,"0km"
9321,2008,8.71092891693115,11.812219619751,"0km"
9322,2008,8.71092891693115,11.812219619751,"0km"
9323,2008,8.71092891693115,11.812219619751,"0km"
9324,2008,8.71092891693115,11.812219619751,"0km"
9325,2008,8.71092891693115,11.812219619751,"0km"
9326,2008,8.71092891693115,11.812219619751,"0km"
9327,2008,8.71092891693115,11.812219619751,"0km"
9328,2008,8.71092891693115,11.812219619751,"0km"
9329,2008,8.71092891693115,11.812219619751,"0km"
9330,2008,8.71092891693115,11.812219619751,"0km"
9331,2008,8.71092891693115,11.812219619751,"0km"
9332,2008,8.71092891693115,11.812219619751,"0km"
9333,2008,8.71092891693115,11.812219619751,"0km"
9334,2008,8.71092891693115,11.812219619751,"0km"
9335,2008,8.71092891693115,11.812219619751,"0km"
9336,2008,8.71092891693115,11.812219619751,"0km"
9337,2008,8.71092891693115,11.812219619751,"0km"
9338,2008,8.71092891693115,11.812219619751,"0km"
9339,2008,8.71092891693115,11.812219619751,"0km"
9340,2008,8.71092891693115,11.812219619751,"0km"
9341,2008,8.71092891693115,11.812219619751,"0km"
9342,2008,8.71092891693115,11.812219619751,"0km"
9343,2008,8.71092891693115,11.812219619751,"0km"
9344,2008,8.71092891693115,11.812219619751,"0km"
9345,2008,8.71092891693115,11.812219619751,"0km"
9346,2008,8.71092891693115,11.812219619751,"0km"
9347,2008,8.71092891693115,11.812219619751,"0km"
9348,2008,8.71092891693115,11.812219619751,"0km"
9349,2008,8.71092891693115,11.812219619751,"0km"
9350,2008,8.71092891693115,11.812219619751,"0km"
9351,2008,8.71092891693115,11.812219619751,"0km"
9352,2008,8.71092891693115,11.812219619751,"0km"
9353,2008,8.71092891693115,11.812219619751,"0km"
9354,2008,7.31659889221191,8.41367816925049,"0km"
9355,2008,7.31659889221191,8.41367816925049,"0km"
9356,2008,7.31659889221191,8.41367816925049,"0km"
9357,2008,7.31659889221191,8.41367816925049,"0km"
9358,2008,7.31659889221191,8.41367816925049,"0km"
9359,2008,7.31659889221191,8.41367816925049,"0km"
9360,2008,7.31659889221191,8.41367816925049,"0km"
9361,2008,7.31659889221191,8.41367816925049,"0km"
9362,2008,7.31659889221191,8.41367816925049,"0km"
9363,2008,7.31659889221191,8.41367816925049,"0km"
9364,2008,7.31659889221191,8.41367816925049,"0km"
9365,2008,7.31659889221191,8.41367816925049,"0km"
9366,2008,7.31659889221191,8.41367816925049,"0km"
9367,2008,7.31659889221191,8.41367816925049,"0km"
9368,2008,7.31659889221191,8.41367816925049,"0km"
9369,2008,7.31659889221191,8.41367816925049,"0km"
9370,2008,7.31659889221191,8.41367816925049,"0km"
9371,2008,7.31659889221191,8.41367816925049,"0km"
9372,2008,7.31659889221191,8.41367816925049,"0km"
9373,2008,7.31659889221191,8.41367816925049,"0km"
9374,2008,7.31659889221191,8.41367816925049,"0km"
9375,2008,7.31659889221191,8.41367816925049,"0km"
9376,2008,7.31659889221191,8.41367816925049,"0km"
9377,2008,7.31659889221191,8.41367816925049,"0km"
9378,2008,7.31659889221191,8.41367816925049,"0km"
9379,2008,7.31659889221191,8.41367816925049,"0km"
9380,2008,7.31659889221191,8.41367816925049,"0km"
9381,2008,7.31659889221191,8.41367816925049,"0km"
9382,2008,7.31659889221191,8.41367816925049,"0km"
9383,2008,7.31659889221191,8.41367816925049,"0km"
9384,2008,7.31659889221191,8.41367816925049,"0km"
9385,2008,7.31659889221191,8.41367816925049,"0km"
9386,2008,7.31659889221191,8.41367816925049,"0km"
9387,2008,7.31659889221191,8.41367816925049,"0km"
9388,2008,7.31659889221191,8.41367816925049,"0km"
9389,2008,7.31659889221191,8.41367816925049,"0km"
9390,2008,7.31659889221191,8.41367816925049,"0km"
9391,2008,7.31659889221191,8.41367816925049,"0km"
9392,2008,7.31659889221191,8.41367816925049,"0km"
9393,2008,7.31659889221191,8.41367816925049,"0km"
9394,2008,7.31659889221191,8.41367816925049,"0km"
9395,2008,7.31659889221191,8.41367816925049,"0km"
9396,2008,7.31659889221191,8.41367816925049,"0km"
9397,2007,8.19339561462402,9.95400905609131,"0km"
9398,2007,8.19339561462402,9.95400905609131,"0km"
9399,2007,8.19339561462402,9.95400905609131,"0km"
9400,2007,8.19339561462402,9.95400905609131,"0km"
9401,2007,8.19339561462402,9.95400905609131,"0km"
9402,2007,7.96537168820699,9.6927703221639,"10km"
9403,2007,7.96537168820699,9.6927703221639,"10km"
9404,2007,7.96537168820699,9.6927703221639,"10km"
9405,2007,7.96537168820699,9.6927703221639,"10km"
9406,2007,7.96537168820699,9.6927703221639,"10km"
9407,2007,8.34397411346436,10.5568103790283,"0km"
9408,2007,8.19339561462402,9.95400905609131,"0km"
9409,2007,7.99315776824951,9.73984203338623,"10km"
9410,2007,7.99315776824951,9.73984203338623,"10km"
9411,2007,7.99315776824951,9.73984203338623,"10km"
9412,2007,7.99315776824951,9.73984203338623,"10km"
9413,2007,7.99315776824951,9.73984203338623,"10km"
9414,2007,8.19339561462402,9.95400905609131,"0km"
9415,2007,8.19339561462402,9.95400905609131,"0km"
9416,2007,8.19339561462402,9.95400905609131,"0km"
9417,2007,8.19339561462402,9.95400905609131,"0km"
9418,2007,8.19339561462402,9.95400905609131,"0km"
9419,2008,7.97036647796631,11.0702533721924,"0km"
9420,2008,7.97036647796631,11.0702533721924,"0km"
9421,2008,7.97036647796631,11.0702533721924,"0km"
9422,2008,7.97036647796631,11.0702533721924,"0km"
9423,2008,7.97036647796631,11.0702533721924,"0km"
9424,2008,7.97036647796631,11.0702533721924,"0km"
9425,2008,7.97036647796631,11.0702533721924,"0km"
9426,2008,7.97036647796631,11.0702533721924,"0km"
9427,2008,7.97036647796631,11.0702533721924,"0km"
9428,2008,7.97036647796631,11.0702533721924,"0km"
9429,2008,7.97036647796631,11.0702533721924,"0km"
9430,2008,7.97036647796631,11.0702533721924,"0km"
9431,2008,7.97036647796631,11.0702533721924,"0km"
9432,2008,7.97036647796631,11.0702533721924,"0km"
9433,2008,7.97036647796631,11.0702533721924,"0km"
9434,2008,7.97036647796631,11.0702533721924,"0km"
9435,2008,7.97036647796631,11.0702533721924,"0km"
9436,2008,8.72533321380615,13.5363931655884,"0km"
9437,2008,8.72533321380615,13.5363931655884,"0km"
9438,2008,8.72533321380615,13.5363931655884,"0km"
9439,2008,8.72533321380615,13.5363931655884,"0km"
9440,2008,8.72533321380615,13.5363931655884,"0km"
9441,2008,8.72533321380615,13.5363931655884,"0km"
9442,2008,8.72533321380615,13.5363931655884,"0km"
9443,2008,8.72533321380615,13.5363931655884,"0km"
9444,2008,8.72533321380615,13.5363931655884,"0km"
9445,2008,8.72533321380615,13.5363931655884,"0km"
9446,2008,8.72533321380615,13.5363931655884,"0km"
9447,2008,7.89443635940552,11.3434553146362,"0km"
9448,2008,7.89443635940552,11.3434553146362,"0km"
9449,2016,6.36056598027547,10.197668393453,"10km"
9450,2016,6.88085556030273,9.13440322875977,"0km"
9451,2016,6.88085556030273,9.13440322875977,"0km"
9452,2016,6.88085556030273,9.13440322875977,"0km"
9453,2016,6.36056598027547,10.197668393453,"10km"
9454,2016,6.36056598027547,10.197668393453,"10km"
9455,2016,6.88085556030273,9.13440322875977,"0km"
9456,2016,6.36056598027547,10.197668393453,"10km"
9457,2016,6.88085556030273,9.13440322875977,"0km"
9458,2016,6.88085556030273,9.13440322875977,"0km"
9459,2016,6.88085556030273,9.13440322875977,"0km"
9460,2016,6.38871431350708,7.42194890975952,"0km"
9461,2016,6.88085556030273,9.13440322875977,"0km"
9462,2016,6.88085556030273,9.13440322875977,"0km"
9463,2016,6.41924495697022,10.5491928100586,"10km"
9464,2016,6.36056598027547,10.197668393453,"10km"
9465,2016,6.88085556030273,9.13440322875977,"0km"
9466,2016,6.88085556030273,9.13440322875977,"0km"
9467,2016,6.88085556030273,9.13440322875977,"0km"
9468,2016,6.88085556030273,9.13440322875977,"0km"
9469,2016,6.88085556030273,9.13440322875977,"0km"
9470,2016,6.88085556030273,9.13440322875977,"0km"
9471,2016,6.88085556030273,9.13440322875977,"0km"
9472,2016,6.88085556030273,9.13440322875977,"0km"
9473,2016,6.88085556030273,9.13440322875977,"0km"
9474,2016,6.88085556030273,9.13440322875977,"0km"
9475,2016,6.88085556030273,9.13440322875977,"0km"
9476,2016,6.88085556030273,9.13440322875977,"0km"
9477,2016,6.36056598027547,10.197668393453,"10km"
9478,2016,6.36056598027547,10.197668393453,"10km"
9479,2016,6.8153018951416,8.90734577178955,"0km"
9480,2016,6.36056598027547,10.197668393453,"10km"
9481,2016,6.88085556030273,9.13440322875977,"0km"
9482,2016,6.88085556030273,9.13440322875977,"0km"
9483,2016,6.36056598027547,10.197668393453,"10km"
9484,2016,6.36056598027547,10.197668393453,"10km"
9485,2016,6.36056598027547,10.197668393453,"10km"
9486,2016,6.88085556030273,9.13440322875977,"0km"
9487,2016,6.88085556030273,9.13440322875977,"0km"
9488,2016,6.88085556030273,9.13440322875977,"0km"
9489,2016,6.88085556030273,9.13440322875977,"0km"
9490,2016,6.88085556030273,9.13440322875977,"0km"
9491,2016,6.38871431350708,7.42194890975952,"0km"
9492,2016,6.41924495697022,10.5491928100586,"10km"
9493,2016,6.88085556030273,9.13440322875977,"0km"
9494,2016,6.88085556030273,9.13440322875977,"0km"
9495,2016,6.88085556030273,9.13440322875977,"0km"
9496,2016,6.88085556030273,9.13440322875977,"0km"
9497,2016,6.8153018951416,8.90734577178955,"0km"
9498,2016,6.88085556030273,9.13440322875977,"0km"
9499,2016,6.88085556030273,9.13440322875977,"0km"
9500,2016,6.88085556030273,9.13440322875977,"0km"
9501,2016,6.88085556030273,9.13440322875977,"0km"
9502,2016,6.38871431350708,7.42194890975952,"0km"
9503,2016,6.88085556030273,9.13440322875977,"0km"
9504,2016,6.8153018951416,8.90734577178955,"0km"
9505,2016,6.38871431350708,7.42194890975952,"0km"
9506,2016,6.38871431350708,7.42194890975952,"0km"
9507,2016,6.38871431350708,7.42194890975952,"0km"
9508,2016,6.38871431350708,7.42194890975952,"0km"
9509,2016,6.38871431350708,7.42194890975952,"0km"
9510,2016,6.8153018951416,8.90734577178955,"0km"
9511,2016,6.88085556030273,9.13440322875977,"0km"
9512,2016,6.38871431350708,7.42194890975952,"0km"
9513,2016,6.38871431350708,7.42194890975952,"0km"
9514,2016,6.88085556030273,9.13440322875977,"0km"
9515,2016,6.38871431350708,7.42194890975952,"0km"
9516,2016,6.38871431350708,7.42194890975952,"0km"
9517,2016,6.38871431350708,7.42194890975952,"0km"
9518,2016,6.88085556030273,9.13440322875977,"0km"
9519,2016,6.38871431350708,7.42194890975952,"0km"
9520,2016,6.8153018951416,8.90734577178955,"0km"
9521,2016,6.38871431350708,7.42194890975952,"0km"
9522,2016,6.88085556030273,9.13440322875977,"0km"
9523,2016,6.38871431350708,7.42194890975952,"0km"
9524,2016,6.36056598027547,10.197668393453,"10km"
9525,2016,6.36056598027547,10.197668393453,"10km"
9526,2016,6.36056598027547,10.197668393453,"10km"
9527,2016,6.36056598027547,10.197668393453,"10km"
9528,2016,6.36056598027547,10.197668393453,"10km"
9529,2016,6.38871431350708,7.42194890975952,"0km"
9530,2016,6.38871431350708,7.42194890975952,"0km"
9531,2016,6.38871431350708,7.42194890975952,"0km"
9532,2016,6.36056598027547,10.197668393453,"10km"
9533,2016,6.36056598027547,10.197668393453,"10km"
9534,2016,6.36056598027547,10.197668393453,"10km"
9535,2016,6.36056598027547,10.197668393453,"10km"
9536,2016,6.36056598027547,10.197668393453,"10km"
9537,2016,6.36056598027547,10.197668393453,"10km"
9538,2016,6.36056598027547,10.197668393453,"10km"
9539,2016,6.36056598027547,10.197668393453,"10km"
9540,2016,6.36056598027547,10.197668393453,"10km"
9541,2016,6.38871431350708,7.42194890975952,"0km"
9542,2016,6.38871431350708,7.42194890975952,"0km"
9543,2016,6.38871431350708,7.42194890975952,"0km"
9544,2016,6.38871431350708,7.42194890975952,"0km"
9545,2016,6.36056598027547,10.197668393453,"10km"
9546,2016,6.36056598027547,10.197668393453,"10km"
9547,2016,6.36056598027547,10.197668393453,"10km"
9548,2016,6.38871431350708,7.42194890975952,"0km"
9549,2016,6.38871431350708,7.42194890975952,"0km"
9550,2016,6.38871431350708,7.42194890975952,"0km"
9551,2016,6.38871431350708,7.42194890975952,"0km"
9552,2016,6.38871431350708,7.42194890975952,"0km"
9553,2016,6.38871431350708,7.42194890975952,"0km"
9554,2016,6.38871431350708,7.42194890975952,"0km"
9555,2016,6.38871431350708,7.42194890975952,"0km"
9556,2016,6.38871431350708,7.42194890975952,"0km"
9557,2016,6.38871431350708,7.42194890975952,"0km"
9558,2016,6.38871431350708,7.42194890975952,"0km"
9559,2016,6.38871431350708,7.42194890975952,"0km"
9560,2016,6.38871431350708,7.42194890975952,"0km"
9561,2016,6.38871431350708,7.42194890975952,"0km"
9562,2016,6.38871431350708,7.42194890975952,"0km"
9563,2016,6.38871431350708,7.42194890975952,"0km"
9564,2016,6.38871431350708,7.42194890975952,"0km"
9565,2016,6.88085556030273,9.13440322875977,"0km"
9566,2016,6.38871431350708,7.42194890975952,"0km"
9567,2016,6.36056598027547,10.197668393453,"10km"
9568,2016,6.36056598027547,10.197668393453,"10km"
9569,2016,6.36056598027547,10.197668393453,"10km"
9570,2016,6.36056598027547,10.197668393453,"10km"
9571,2016,6.88085556030273,9.13440322875977,"0km"
9572,2016,6.36056598027547,10.197668393453,"10km"
9573,2016,6.36056598027547,10.197668393453,"10km"
9574,2016,6.36056598027547,10.197668393453,"10km"
9575,2016,6.36056598027547,10.197668393453,"10km"
9576,2016,6.36056598027547,10.197668393453,"10km"
9577,2016,6.36056598027547,10.197668393453,"10km"
9578,2016,6.36056598027547,10.197668393453,"10km"
9579,2016,6.36056598027547,10.197668393453,"10km"
9580,2016,6.36056598027547,10.197668393453,"10km"
9581,2016,6.36056598027547,10.197668393453,"10km"
9582,2016,6.38871431350708,7.42194890975952,"0km"
9583,2016,6.36056598027547,10.197668393453,"10km"
9584,2016,6.36056598027547,10.197668393453,"10km"
9585,2016,6.38871431350708,7.42194890975952,"0km"
9586,2016,6.38871431350708,7.42194890975952,"0km"
9587,2016,6.38871431350708,7.42194890975952,"0km"
9588,2016,6.38871431350708,7.42194890975952,"0km"
9589,2016,6.38871431350708,7.42194890975952,"0km"
9590,2017,5.4809718132019,6.27127885818481,"0km"
9591,2017,5.4809718132019,6.27127885818481,"0km"
9592,2017,6.01028490066528,9.95986843109131,"0km"
9593,2017,6.01028490066528,9.95986843109131,"0km"
9594,2017,6.01028490066528,9.95986843109131,"0km"
9595,2017,5.4809718132019,6.27127885818481,"0km"
9596,2017,6.01028490066528,9.95986843109131,"0km"
9597,2017,6.01028490066528,9.95986843109131,"0km"
9598,2017,6.01028490066528,9.95986843109131,"0km"
9599,2017,6.01028490066528,9.95986843109131,"0km"
9600,2017,6.01028490066528,9.95986843109131,"0km"
9601,2017,6.01028490066528,9.95986843109131,"0km"
9602,2017,6.01028490066528,9.95986843109131,"0km"
9603,2017,6.01028490066528,9.95986843109131,"0km"
9604,2017,6.01028490066528,9.95986843109131,"0km"
9605,2017,5.88906526565552,7.72298336029053,"0km"
9606,2017,5.88906526565552,7.72298336029053,"0km"
9607,2017,5.88906526565552,7.72298336029053,"0km"
9608,2017,5.88906526565552,7.72298336029053,"0km"
9609,2017,5.4809718132019,6.27127885818481,"0km"
9610,2017,5.4809718132019,6.27127885818481,"0km"
9611,2017,5.88906526565552,7.72298336029053,"0km"
9612,2017,5.79830312728882,7.82406091690063,"0km"
9613,2017,5.79830312728882,7.82406091690063,"0km"
9614,2017,5.79830312728882,7.82406091690063,"0km"
9615,2017,5.75954484939575,7.96395778656006,"0km"
9616,2017,5.75954484939575,7.96395778656006,"0km"
9617,2017,5.75954484939575,7.96395778656006,"0km"
9618,2017,5.75954484939575,7.96395778656006,"0km"
9619,2017,5.75954484939575,7.96395778656006,"0km"
9620,2017,5.75954484939575,7.96395778656006,"0km"
9621,2017,5.75954484939575,7.96395778656006,"0km"
9622,2017,5.75954484939575,7.96395778656006,"0km"
9623,2017,5.75954484939575,7.96395778656006,"0km"
9624,2017,5.75954484939575,7.96395778656006,"0km"
9625,2017,5.75954484939575,7.96395778656006,"0km"
9626,2017,5.75954484939575,7.96395778656006,"0km"
9627,2017,5.75954484939575,7.96395778656006,"0km"
9628,2017,5.75954484939575,7.96395778656006,"0km"
9629,2017,5.75954484939575,7.96395778656006,"0km"
9630,2017,5.75954484939575,7.96395778656006,"0km"
9631,2017,5.75954484939575,7.96395778656006,"0km"
9632,2017,5.88906526565552,7.72298336029053,"0km"
9633,2017,5.75954484939575,7.96395778656006,"0km"
9634,2017,5.75954484939575,7.96395778656006,"0km"
9635,2017,5.4809718132019,6.27127885818481,"0km"
9636,2017,6.01028490066528,9.95986843109131,"0km"
9637,2017,6.01028490066528,9.95986843109131,"0km"
9638,2017,6.01028490066528,9.95986843109131,"0km"
9639,2017,5.75954484939575,7.96395778656006,"0km"
9640,2017,5.88906526565552,7.72298336029053,"0km"
9641,2017,5.88906526565552,7.72298336029053,"0km"
9642,2017,5.88906526565552,7.72298336029053,"0km"
9643,2017,5.88906526565552,7.72298336029053,"0km"
9644,2017,5.75954484939575,7.96395778656006,"0km"
9645,2017,5.4809718132019,6.27127885818481,"0km"
9646,2017,5.4809718132019,6.27127885818481,"0km"
9647,2017,5.4809718132019,6.27127885818481,"0km"
9648,2017,5.4809718132019,6.27127885818481,"0km"
9649,2017,5.4809718132019,6.27127885818481,"0km"
9650,2017,5.4809718132019,6.27127885818481,"0km"
9651,2017,5.4809718132019,6.27127885818481,"0km"
9652,2017,6.01028490066528,9.95986843109131,"0km"
9653,2017,6.01028490066528,9.95986843109131,"0km"
9654,2017,5.88906526565552,7.72298336029053,"0km"
9655,2017,5.88906526565552,7.72298336029053,"0km"
9656,2017,5.88906526565552,7.72298336029053,"0km"
9657,2017,5.88906526565552,7.72298336029053,"0km"
9658,2017,5.88906526565552,7.72298336029053,"0km"
9659,2017,5.4809718132019,6.27127885818481,"0km"
9660,2017,5.4809718132019,6.27127885818481,"0km"
9661,2017,5.4809718132019,6.27127885818481,"0km"
9662,2017,5.4809718132019,6.27127885818481,"0km"
9663,2017,5.75954484939575,7.96395778656006,"0km"
9664,2017,5.75954484939575,7.96395778656006,"0km"
9665,2017,5.75954484939575,7.96395778656006,"0km"
9666,2017,5.75954484939575,7.96395778656006,"0km"
9667,2017,5.72255611419678,7.55964851379395,"0km"
9668,2017,5.72255611419678,7.55964851379395,"0km"
9669,2017,5.75954484939575,7.96395778656006,"0km"
9670,2017,5.75954484939575,7.96395778656006,"0km"
9671,2017,5.75954484939575,7.96395778656006,"0km"
9672,2017,5.72255611419678,7.55964851379395,"0km"
9673,2017,5.4809718132019,6.27127885818481,"0km"
9674,2017,5.4809718132019,6.27127885818481,"0km"
9675,2017,5.75954484939575,7.96395778656006,"0km"
9676,2017,5.75954484939575,7.96395778656006,"0km"
9677,2017,5.75954484939575,7.96395778656006,"0km"
9678,2017,5.75954484939575,7.96395778656006,"0km"
9679,2017,5.75954484939575,7.96395778656006,"0km"
9680,2017,5.75954484939575,7.96395778656006,"0km"
9681,2017,5.72255611419678,7.55964851379395,"0km"
9682,2017,5.75954484939575,7.96395778656006,"0km"
9683,2017,5.75954484939575,7.96395778656006,"0km"
9684,2017,5.75954484939575,7.96395778656006,"0km"
9685,2017,5.75954484939575,7.96395778656006,"0km"
9686,2017,5.75954484939575,7.96395778656006,"0km"
9687,2017,5.75954484939575,7.96395778656006,"0km"
9688,2017,5.75954484939575,7.96395778656006,"0km"
9689,2017,5.75954484939575,7.96395778656006,"0km"
9690,2017,6.01040697097778,10.4520702362061,"0km"
9691,2017,5.75954484939575,7.96395778656006,"0km"
9692,2017,5.4809718132019,6.27127885818481,"0km"
9693,2017,5.4809718132019,6.27127885818481,"0km"
9694,2017,5.4809718132019,6.27127885818481,"0km"
9695,2017,5.4809718132019,6.27127885818481,"0km"
9696,2017,5.4871973991394,5.93581962585449,"0km"
9697,2017,5.4871973991394,5.93581962585449,"0km"
9698,2017,5.4809718132019,6.27127885818481,"0km"
9699,2017,5.4809718132019,6.27127885818481,"0km"
9700,2017,5.4809718132019,6.27127885818481,"0km"
9701,2017,5.4871973991394,5.93581962585449,"0km"
9702,2017,5.4871973991394,5.93581962585449,"0km"
9703,2017,5.4871973991394,5.93581962585449,"0km"
9704,2017,5.69606637954712,7.12604141235352,"0km"
9705,2017,5.4809718132019,6.27127885818481,"0km"
9706,2017,5.88906526565552,7.72298336029053,"0km"
9707,2017,5.4809718132019,6.27127885818481,"0km"
9708,2017,5.69606637954712,7.12604141235352,"0km"
9709,2017,5.69606637954712,7.12604141235352,"0km"
9710,2017,NA,NA,"15km"
9711,2017,NA,NA,"15km"
9712,2017,NA,NA,"15km"
9713,2017,NA,NA,"15km"
9714,2017,NA,NA,"15km"
9715,2017,NA,NA,"15km"
9716,2017,NA,NA,"15km"
9717,2017,NA,NA,"15km"
9718,2017,NA,NA,"15km"
9719,2017,NA,NA,"15km"
9720,2017,NA,NA,"15km"
9721,2017,NA,NA,"15km"
9722,2017,NA,NA,"15km"
9723,2017,NA,NA,"15km"
9724,2017,NA,NA,"15km"
9725,2017,NA,NA,"15km"
9726,2017,NA,NA,"15km"
9727,2017,NA,NA,"15km"
9728,2017,NA,NA,"15km"
9729,2017,NA,NA,"15km"
9730,2017,NA,NA,"15km"
9731,2017,NA,NA,"15km"
9732,2017,NA,NA,"15km"
9733,2017,NA,NA,"15km"
9734,2017,NA,NA,"15km"
9735,2017,NA,NA,"15km"
9736,2017,NA,NA,"15km"
9737,2017,NA,NA,"15km"
9738,2017,NA,NA,"15km"
9739,2017,NA,NA,"15km"
9740,2017,NA,NA,"15km"
9741,2017,NA,NA,"15km"
9742,2017,NA,NA,"15km"
9743,2017,NA,NA,"15km"
9744,2017,NA,NA,"15km"
9745,2017,NA,NA,"15km"
9746,2017,NA,NA,"15km"
9747,2017,NA,NA,"15km"
9748,2017,NA,NA,"15km"
9749,2017,NA,NA,"15km"
9750,2017,NA,NA,"15km"
9751,2017,NA,NA,"15km"
9752,2017,NA,NA,"15km"
9753,2017,NA,NA,"15km"
9754,2009,8.44828605651855,10.9230327606201,"0km"
9755,2009,8.44828605651855,10.9230327606201,"0km"
9756,2009,8.44828605651855,10.9230327606201,"0km"
9757,2009,8.44828605651855,10.9230327606201,"0km"
9758,2009,8.44828605651855,10.9230327606201,"0km"
9759,2009,9.06329536437988,15.2905969619751,"0km"
9760,2009,8.44828605651855,10.9230327606201,"0km"
9761,2009,8.44828605651855,10.9230327606201,"0km"
9762,2009,8.44828605651855,10.9230327606201,"0km"
9763,2009,8.44828605651855,10.9230327606201,"0km"
9764,2009,8.44828605651855,10.9230327606201,"0km"
9765,2009,9.06329536437988,15.2905969619751,"0km"
9766,2009,8.44828605651855,10.9230327606201,"0km"
9767,2009,9.06329536437988,15.2905969619751,"0km"
9768,2009,8.44828605651855,10.9230327606201,"0km"
9769,2009,8.44828605651855,10.9230327606201,"0km"
9770,2009,8.44828605651855,10.9230327606201,"0km"
9771,2009,8.44828605651855,10.9230327606201,"0km"
9772,2009,8.44828605651855,10.9230327606201,"0km"
9773,2009,8.44828605651855,10.9230327606201,"0km"
9774,2009,8.44828605651855,10.9230327606201,"0km"
9775,2009,8.44828605651855,10.9230327606201,"0km"
9776,2009,8.44828605651855,10.9230327606201,"0km"
9777,2009,8.44828605651855,10.9230327606201,"0km"
9778,2009,8.44828605651855,10.9230327606201,"0km"
9779,2009,8.44828605651855,10.9230327606201,"0km"
9780,2009,8.44828605651855,10.9230327606201,"0km"
9781,2009,8.44828605651855,10.9230327606201,"0km"
9782,2009,8.44828605651855,10.9230327606201,"0km"
9783,2009,9.06329536437988,15.2905969619751,"0km"
9784,2009,8.44828605651855,10.9230327606201,"0km"
9785,2009,8.44828605651855,10.9230327606201,"0km"
9786,2009,8.44828605651855,10.9230327606201,"0km"
9787,2009,8.44828605651855,10.9230327606201,"0km"
9788,2009,8.44828605651855,10.9230327606201,"0km"
9789,2009,8.44828605651855,10.9230327606201,"0km"
9790,2009,8.44828605651855,10.9230327606201,"0km"
9791,2009,8.44828605651855,10.9230327606201,"0km"
9792,2009,8.44828605651855,10.9230327606201,"0km"
9793,2009,8.44828605651855,10.9230327606201,"0km"
9794,2009,8.44828605651855,10.9230327606201,"0km"
9795,2009,8.44828605651855,10.9230327606201,"0km"
9796,2009,8.44828605651855,10.9230327606201,"0km"
9797,2009,8.44828605651855,10.9230327606201,"0km"
9798,2009,8.44828605651855,10.9230327606201,"0km"
9799,2009,8.44828605651855,10.9230327606201,"0km"
9800,2009,8.44828605651855,10.9230327606201,"0km"
9801,2009,8.44828605651855,10.9230327606201,"0km"
9802,2009,8.44828605651855,10.9230327606201,"0km"
9803,2009,8.44828605651855,10.9230327606201,"0km"
9804,2009,8.44828605651855,10.9230327606201,"0km"
9805,2009,8.44828605651855,10.9230327606201,"0km"
9806,2009,8.44828605651855,10.9230327606201,"0km"
9807,2009,8.44828605651855,10.9230327606201,"0km"
9808,2009,8.44828605651855,10.9230327606201,"0km"
9809,2009,8.44828605651855,10.9230327606201,"0km"
9810,2009,8.44828605651855,10.9230327606201,"0km"
9811,2009,8.44828605651855,10.9230327606201,"0km"
9812,2009,8.44828605651855,10.9230327606201,"0km"
9813,2009,8.44828605651855,10.9230327606201,"0km"
9814,2009,8.44828605651855,10.9230327606201,"0km"
9815,2009,8.44828605651855,10.9230327606201,"0km"
9816,2009,8.44828605651855,10.9230327606201,"0km"
9817,2009,8.44828605651855,10.9230327606201,"0km"
9818,2009,8.44828605651855,10.9230327606201,"0km"
9819,2009,8.44828605651855,10.9230327606201,"0km"
9820,2009,8.44828605651855,10.9230327606201,"0km"
9821,2009,8.44828605651855,10.9230327606201,"0km"
9822,2009,8.44828605651855,10.9230327606201,"0km"
9823,2009,8.44828605651855,10.9230327606201,"0km"
9824,2009,8.44828605651855,10.9230327606201,"0km"
9825,2009,8.44828605651855,10.9230327606201,"0km"
9826,2009,8.44828605651855,10.9230327606201,"0km"
9827,2009,8.44828605651855,10.9230327606201,"0km"
9828,2009,8.44828605651855,10.9230327606201,"0km"
9829,2009,8.44828605651855,10.9230327606201,"0km"
9830,2009,8.44828605651855,10.9230327606201,"0km"
9831,2009,8.44828605651855,10.9230327606201,"0km"
9832,2009,8.44828605651855,10.9230327606201,"0km"
9833,2009,8.44828605651855,10.9230327606201,"0km"
9834,2009,8.44828605651855,10.9230327606201,"0km"
9835,2009,9.03411960601807,14.4819784164429,"0km"
9836,2009,9.03411960601807,14.4819784164429,"0km"
9837,2009,9.03411960601807,14.4819784164429,"0km"
9838,2009,9.03411960601807,14.4819784164429,"0km"
9839,2009,9.03411960601807,14.4819784164429,"0km"
9840,2009,9.03411960601807,14.4819784164429,"0km"
9841,2009,9.03411960601807,14.4819784164429,"0km"
9842,2009,9.03411960601807,14.4819784164429,"0km"
9843,2009,9.03411960601807,14.4819784164429,"0km"
9844,2009,9.03411960601807,14.4819784164429,"0km"
9845,2009,9.03411960601807,14.4819784164429,"0km"
9846,2009,9.03411960601807,14.4819784164429,"0km"
9847,2009,9.03411960601807,14.4819784164429,"0km"
9848,2009,9.03411960601807,14.4819784164429,"0km"
9849,2009,9.03411960601807,14.4819784164429,"0km"
9850,2009,9.03411960601807,14.4819784164429,"0km"
9851,2009,9.03411960601807,14.4819784164429,"0km"
9852,2009,9.03411960601807,14.4819784164429,"0km"
9853,2009,9.03411960601807,14.4819784164429,"0km"
9854,2009,9.03411960601807,14.4819784164429,"0km"
9855,2009,9.03411960601807,14.4819784164429,"0km"
9856,2009,9.03411960601807,14.4819784164429,"0km"
9857,2009,9.03411960601807,14.4819784164429,"0km"
9858,2009,9.03411960601807,14.4819784164429,"0km"
9859,2009,9.03411960601807,14.4819784164429,"0km"
9860,2010,8.39555072784424,12.0004577636719,"0km"
9861,2010,8.39555072784424,12.0004577636719,"0km"
9862,2010,8.39555072784424,12.0004577636719,"0km"
9863,2010,8.39555072784424,12.0004577636719,"0km"
9864,2010,8.39555072784424,12.0004577636719,"0km"
9865,2010,8.39555072784424,12.0004577636719,"0km"
9866,2010,8.39555072784424,12.0004577636719,"0km"
9867,2010,8.39555072784424,12.0004577636719,"0km"
9868,2010,8.39555072784424,12.0004577636719,"0km"
9869,2010,8.39555072784424,12.0004577636719,"0km"
9870,2010,8.39555072784424,12.0004577636719,"0km"
9871,2010,8.39555072784424,12.0004577636719,"0km"
9872,2010,7.10193204879761,8.93884086608887,"0km"
9873,2010,8.39555072784424,12.0004577636719,"0km"
9874,2017,9.03889274597168,12.6255256652832,"10km"
9875,2017,9.05538082122803,12.7976012229919,"10km"
9876,2017,9.08154582977295,13.4961090087891,"0km"
9877,2017,9.2705774307251,14.4131288528442,"0km"
9878,2017,9.08154582977295,13.4961090087891,"0km"
9879,2017,9.2705774307251,14.4131288528442,"0km"
9880,2017,9.08154582977295,13.4961090087891,"0km"
9881,2017,9.30280462900797,13.8233893712362,"10km"
9882,2017,9.20711882909139,13.4162724812826,"10km"
9883,2017,9.08154582977295,13.4961090087891,"0km"
9884,2017,9.08154582977295,13.4961090087891,"0km"
9885,2017,9.30280462900797,13.8233893712362,"10km"
9886,2017,9.34705638885498,13.8888454437256,"10km"
9887,2017,9.22097835540771,13.3679311752319,"10km"
9888,2017,9.58381938934326,14.4695272445679,"0km"
9889,2017,9.08154582977295,13.4961090087891,"0km"
9890,2017,9.31537842750549,13.9668874740601,"10km"
9891,2017,9.34705638885498,13.8888454437256,"10km"
9892,2017,9.2705774307251,14.4131288528442,"0km"
9893,2017,9.07750686009725,12.9234595298767,"10km"
9894,2017,9.08154582977295,13.4961090087891,"0km"
9895,2017,9.58381938934326,14.4695272445679,"0km"
9896,2008,8.39341449737549,14.6255378723145,"0km"
9897,2008,8.39341449737549,14.6255378723145,"0km"
9898,2008,8.39341449737549,14.6255378723145,"0km"
9899,2009,7.26506344477336,9.37415679295858,"10km"
9900,2009,7.26506344477336,9.37415679295858,"10km"
9901,2009,6.58168280124664,7.15332496166229,"10km"
9902,2009,6.58168280124664,7.15332496166229,"10km"
9903,2009,6.58168280124664,7.15332496166229,"10km"
9904,2009,6.58168280124664,7.15332496166229,"10km"
9905,2009,6.58168280124664,7.15332496166229,"10km"
9906,2009,6.58532977104187,7.16486096382141,"10km"
9907,2009,6.57735935846965,7.18121894200643,"10km"
9908,2009,6.57735935846965,7.18121894200643,"10km"
9909,2009,6.57735935846965,7.18121894200643,"10km"
9910,2009,6.58110308647156,7.20441293716431,"10km"
9911,2009,6.58110308647156,7.20441293716431,"10km"
9912,2009,6.58110308647156,7.20441293716431,"10km"
9913,2010,5.83645153045654,6.95831155776978,"0km"
9914,2010,5.83645153045654,6.95831155776978,"0km"
9915,2010,5.83645153045654,6.95831155776978,"0km"
9916,2010,5.83645153045654,6.95831155776978,"0km"
9917,2010,5.83645153045654,6.95831155776978,"0km"
9918,2010,5.83645153045654,6.95831155776978,"0km"
9919,2010,5.83645153045654,6.95831155776978,"0km"
9920,2010,5.83645153045654,6.95831155776978,"0km"
9921,2010,5.83645153045654,6.95831155776978,"0km"
9922,2010,7.11377302805583,9.4918360710144,"10km"
9923,2010,7.11377302805583,9.4918360710144,"10km"
9924,2010,7.11377302805583,9.4918360710144,"10km"
9925,2010,7.11377302805583,9.4918360710144,"10km"
9926,2010,7.11377302805583,9.4918360710144,"10km"
9927,2010,7.11377302805583,9.4918360710144,"10km"
9928,2010,7.11377302805583,9.4918360710144,"10km"
9929,2010,6.38016907374064,7.69978936513265,"10km"
9930,2010,6.38016907374064,7.69978936513265,"10km"
9931,2010,6.38016907374064,7.69978936513265,"10km"
9932,2010,6.38016907374064,7.69978936513265,"10km"
9933,2010,6.38016907374064,7.69978936513265,"10km"
9934,2010,6.38016907374064,7.69978936513265,"10km"
9935,2010,6.38016907374064,7.69978936513265,"10km"
9936,2009,8.33332300186157,11.86678647995,"10km"
9937,2010,7.30201101303101,9.28821659088135,"0km"
9938,2010,7.30201101303101,9.28821659088135,"0km"
9939,2010,7.30201101303101,9.28821659088135,"0km"
9940,2010,7.30201101303101,9.28821659088135,"0km"
9941,2010,7.30201101303101,9.28821659088135,"0km"
9942,2010,7.30201101303101,9.28821659088135,"0km"
9943,2013,8.24576568603516,10.7238073348999,"0km"
9944,2013,8.24576568603516,10.7238073348999,"0km"
9945,2013,8.24576568603516,10.7238073348999,"0km"
9946,2013,8.24576568603516,10.7238073348999,"0km"
9947,2013,8.24576568603516,10.7238073348999,"0km"
9948,2013,8.24576568603516,10.7238073348999,"0km"
9949,2013,8.24576568603516,10.7238073348999,"0km"
9950,2013,8.24576568603516,10.7238073348999,"0km"
9951,2013,8.24576568603516,10.7238073348999,"0km"
9952,2013,8.24576568603516,10.7238073348999,"0km"
9953,2013,8.24576568603516,10.7238073348999,"0km"
9954,2013,8.24576568603516,10.7238073348999,"0km"
9955,2013,8.24576568603516,10.7238073348999,"0km"
9956,2013,8.24576568603516,10.7238073348999,"0km"
9957,2013,8.24576568603516,10.7238073348999,"0km"
9958,2013,8.24576568603516,10.7238073348999,"0km"
9959,2013,8.24576568603516,10.7238073348999,"0km"
9960,2013,8.24576568603516,10.7238073348999,"0km"
9961,2013,8.24576568603516,10.7238073348999,"0km"
9962,2013,8.24576568603516,10.7238073348999,"0km"
9963,2013,8.24576568603516,10.7238073348999,"0km"
9964,2013,8.24576568603516,10.7238073348999,"0km"
9965,2013,8.24576568603516,10.7238073348999,"0km"
9966,2013,8.24576568603516,10.7238073348999,"0km"
9967,2013,8.24576568603516,10.7238073348999,"0km"
9968,2013,8.24576568603516,10.7238073348999,"0km"
9969,2013,8.24576568603516,10.7238073348999,"0km"
9970,2013,8.24576568603516,10.7238073348999,"0km"
9971,2013,8.24576568603516,10.7238073348999,"0km"
9972,2013,8.59819348653158,12.3395795822144,"10km"
9973,2013,8.59819348653158,12.3395795822144,"10km"
9974,2013,8.59819348653158,12.3395795822144,"10km"
9975,2013,8.59819348653158,12.3395795822144,"10km"
9976,2013,8.59819348653158,12.3395795822144,"10km"
9977,2013,8.59819348653158,12.3395795822144,"10km"
9978,2013,8.59819348653158,12.3395795822144,"10km"
9979,2013,8.59819348653158,12.3395795822144,"10km"
9980,2013,8.24576568603516,10.7238073348999,"0km"
9981,2013,8.24576568603516,10.7238073348999,"0km"
9982,2013,8.24576568603516,10.7238073348999,"0km"
9983,2013,8.24576568603516,10.7238073348999,"0km"
9984,2013,8.24576568603516,10.7238073348999,"0km"
9985,2013,8.24576568603516,10.7238073348999,"0km"
9986,2013,8.24576568603516,10.7238073348999,"0km"
9987,2013,8.24576568603516,10.7238073348999,"0km"
9988,2013,8.24576568603516,10.7238073348999,"0km"
9989,2013,8.24576568603516,10.7238073348999,"0km"
9990,2012,8.66569995880127,10.7802057266235,"0km"
9991,2012,8.66569995880127,10.7802057266235,"0km"
9992,2012,8.66569995880127,10.7802057266235,"0km"
9993,2012,8.66569995880127,10.7802057266235,"0km"
9994,2012,8.66569995880127,10.7802057266235,"0km"
9995,2012,8.66569995880127,10.7802057266235,"0km"
9996,2012,8.66569995880127,10.7802057266235,"0km"
9997,2012,8.66569995880127,10.7802057266235,"0km"
9998,2012,8.66569995880127,10.7802057266235,"0km"
9999,2012,8.66569995880127,10.7802057266235,"0km"
10000,2012,8.66569995880127,10.7802057266235,"0km"
10001,2012,8.66569995880127,10.7802057266235,"0km"
10002,2012,8.66569995880127,10.7802057266235,"0km"
10003,2012,8.66569995880127,10.7802057266235,"0km"
10004,2012,8.66569995880127,10.7802057266235,"0km"
10005,2012,8.66569995880127,10.7802057266235,"0km"
10006,2012,8.66569995880127,10.7802057266235,"0km"
10007,2012,8.66569995880127,10.7802057266235,"0km"
10008,2012,8.66569995880127,10.7802057266235,"0km"
10009,2012,8.66569995880127,10.7802057266235,"0km"
10010,2012,8.66569995880127,10.7802057266235,"0km"
10011,2012,8.66569995880127,10.7802057266235,"0km"
10012,2012,7.90322589874268,8.8004093170166,"0km"
10013,2012,7.90322589874268,8.8004093170166,"0km"
10014,2012,8.66569995880127,10.7802057266235,"0km"
10015,2012,7.90322589874268,8.8004093170166,"0km"
10016,2012,7.90322589874268,8.8004093170166,"0km"
10017,2012,7.90322589874268,8.8004093170166,"0km"
10018,2011,7.74111127853394,9.89175128936768,"0km"
10019,2011,7.74111127853394,9.89175128936768,"0km"
10020,2011,8.17526817321777,11.4972686767578,"0km"
10021,2011,8.17526817321777,11.4972686767578,"0km"
10022,2011,8.18771934509277,12.9504375457764,"0km"
10023,2012,8.73723602294922,12.1198463439941,"0km"
10024,2012,8.92657279968262,11.8561658859253,"0km"
10025,2012,8.10122966766357,9.52479648590088,"0km"
10026,2012,8.64238452911377,11.4818868637085,"0km"
10027,2012,8.92657279968262,11.8561658859253,"0km"
10028,2012,8.56956672668457,10.1649522781372,"0km"
10029,2012,8.92657279968262,11.8561658859253,"0km"
10030,2012,8.92657279968262,11.8561658859253,"0km"
10031,2012,8.92657279968262,11.8561658859253,"0km"
10032,2012,8.92657279968262,11.8561658859253,"0km"
10033,2012,8.92657279968262,11.8561658859253,"0km"
10034,2012,8.92657279968262,11.8561658859253,"0km"
10035,2012,8.92657279968262,11.8561658859253,"0km"
10036,2012,8.92657279968262,11.8561658859253,"0km"
10037,2012,8.92657279968262,11.8561658859253,"0km"
10038,2012,8.92657279968262,11.8561658859253,"0km"
10039,2012,8.92657279968262,11.8561658859253,"0km"
10040,2012,8.92657279968262,11.8561658859253,"0km"
10041,2012,8.92657279968262,11.8561658859253,"0km"
10042,2012,8.92657279968262,11.8561658859253,"0km"
10043,2012,8.92657279968262,11.8561658859253,"0km"
10044,2012,8.92657279968262,11.8561658859253,"0km"
10045,2012,8.64238452911377,11.4818868637085,"0km"
10046,2012,8.64238452911377,11.4818868637085,"0km"
10047,2012,8.64238452911377,11.4818868637085,"0km"
10048,2012,8.64238452911377,11.4818868637085,"0km"
10049,2012,8.64238452911377,11.4818868637085,"0km"
10050,2012,8.64238452911377,11.4818868637085,"0km"
10051,2012,8.64238452911377,11.4818868637085,"0km"
10052,2012,8.64238452911377,11.4818868637085,"0km"
10053,2012,8.64238452911377,11.4818868637085,"0km"
10054,2012,8.64238452911377,11.4818868637085,"0km"
10055,2012,8.64238452911377,11.4818868637085,"0km"
10056,2012,8.64238452911377,11.4818868637085,"0km"
10057,2012,8.73723602294922,12.1198463439941,"0km"
10058,2012,8.02755832672119,8.77330875396729,"0km"
10059,2012,8.02755832672119,8.77330875396729,"0km"
10060,2012,8.02755832672119,8.77330875396729,"0km"
10061,2012,8.02755832672119,8.77330875396729,"0km"
10062,2012,8.92657279968262,11.8561658859253,"0km"
10063,2012,8.73723602294922,12.1198463439941,"0km"
10064,2012,8.73723602294922,12.1198463439941,"0km"
10065,2012,8.64238452911377,11.4818868637085,"0km"
10066,2012,8.64238452911377,11.4818868637085,"0km"
10067,2012,8.64238452911377,11.4818868637085,"0km"
10068,2012,8.25211334228516,10.9310894012451,"0km"
10069,2012,8.25211334228516,10.9310894012451,"0km"
10070,2012,8.25211334228516,10.9310894012451,"0km"
10071,2012,8.25211334228516,10.9310894012451,"0km"
10072,2012,8.25211334228516,10.9310894012451,"0km"
10073,2012,8.16568470001221,9.99356079101562,"0km"
10074,2012,8.16568470001221,9.99356079101562,"0km"
10075,2012,8.16568470001221,9.99356079101562,"0km"
10076,2012,8.56956672668457,10.1649522781372,"0km"
10077,2012,8.56956672668457,10.1649522781372,"0km"
10078,2012,8.56956672668457,10.1649522781372,"0km"
10079,2012,8.56956672668457,10.1649522781372,"0km"
10080,2012,8.56956672668457,10.1649522781372,"0km"
10081,2012,8.56956672668457,10.1649522781372,"0km"
10082,2012,8.56956672668457,10.1649522781372,"0km"
10083,2012,8.56956672668457,10.1649522781372,"0km"
10084,2012,8.56956672668457,10.1649522781372,"0km"
10085,2012,8.92657279968262,11.8561658859253,"0km"
10086,2012,8.92657279968262,11.8561658859253,"0km"
10087,2012,8.92657279968262,11.8561658859253,"0km"
10088,2012,8.92657279968262,11.8561658859253,"0km"
10089,2012,8.92657279968262,11.8561658859253,"0km"
10090,2012,8.92657279968262,11.8561658859253,"0km"
10091,2012,8.92657279968262,11.8561658859253,"0km"
10092,2012,8.92657279968262,11.8561658859253,"0km"
10093,2012,8.92657279968262,11.8561658859253,"0km"
10094,2012,8.92657279968262,11.8561658859253,"0km"
10095,2012,8.92657279968262,11.8561658859253,"0km"
10096,2012,8.92657279968262,11.8561658859253,"0km"
10097,2012,8.92657279968262,11.8561658859253,"0km"
10098,2012,8.64238452911377,11.4818868637085,"0km"
10099,2012,8.64238452911377,11.4818868637085,"0km"
10100,2012,8.64238452911377,11.4818868637085,"0km"
10101,2012,8.64238452911377,11.4818868637085,"0km"
10102,2012,8.73723602294922,12.1198463439941,"0km"
10103,2012,8.02755832672119,8.77330875396729,"0km"
10104,2012,8.02755832672119,8.77330875396729,"0km"
10105,2012,8.02755832672119,8.77330875396729,"0km"
10106,2012,8.02755832672119,8.77330875396729,"0km"
10107,2012,8.73723602294922,12.1198463439941,"0km"
10108,2012,8.64238452911377,11.4818868637085,"0km"
10109,2012,8.25211334228516,10.9310894012451,"0km"
10110,2012,8.25211334228516,10.9310894012451,"0km"
10111,2012,8.92657279968262,11.8561658859253,"0km"
10112,2012,8.92657279968262,11.8561658859253,"0km"
10113,2012,8.92657279968262,11.8561658859253,"0km"
10114,2012,8.92657279968262,11.8561658859253,"0km"
10115,2012,8.92657279968262,11.8561658859253,"0km"
10116,2012,8.92657279968262,11.8561658859253,"0km"
10117,2012,8.92657279968262,11.8561658859253,"0km"
10118,2012,8.92657279968262,11.8561658859253,"0km"
10119,2012,8.92657279968262,11.8561658859253,"0km"
10120,2012,8.92657279968262,11.8561658859253,"0km"
10121,2012,8.64238452911377,11.4818868637085,"0km"
10122,2012,8.64238452911377,11.4818868637085,"0km"
10123,2012,8.64238452911377,11.4818868637085,"0km"
10124,2012,8.73723602294922,12.1198463439941,"0km"
10125,2012,8.73723602294922,12.1198463439941,"0km"
10126,2012,8.73723602294922,12.1198463439941,"0km"
10127,2012,8.56956672668457,10.1649522781372,"0km"
10128,2012,8.92657279968262,11.8561658859253,"0km"
10129,2012,8.10122966766357,9.52479648590088,"0km"
10130,2012,8.10122966766357,9.52479648590088,"0km"
10131,2012,8.10122966766357,9.52479648590088,"0km"
10132,2012,8.10122966766357,9.52479648590088,"0km"
10133,2012,8.10122966766357,9.52479648590088,"0km"
10134,2012,8.10122966766357,9.52479648590088,"0km"
10135,2012,8.10122966766357,9.52479648590088,"0km"
10136,2012,8.10122966766357,9.52479648590088,"0km"
10137,2012,8.10122966766357,9.52479648590088,"0km"
10138,2012,8.10122966766357,9.52479648590088,"0km"
10139,2012,8.10122966766357,9.52479648590088,"0km"
10140,2012,8.10122966766357,9.52479648590088,"0km"
10141,2012,8.10122966766357,9.52479648590088,"0km"
10142,2012,8.10122966766357,9.52479648590088,"0km"
10143,2012,8.10122966766357,9.52479648590088,"0km"
10144,2013,8.67400169372559,11.5302286148071,"0km"
10145,2013,8.67400169372559,11.5302286148071,"0km"
10146,2013,8.67400169372559,11.5302286148071,"0km"
10147,2013,8.67400169372559,11.5302286148071,"0km"
10148,2013,8.67400169372559,11.5302286148071,"0km"
10149,2013,7.40675067901611,8.20566463470459,"0km"
10150,2013,8.67400169372559,11.5302286148071,"0km"
10151,2013,8.67400169372559,11.5302286148071,"0km"
10152,2013,7.40675067901611,8.20566463470459,"0km"
10153,2013,7.40675067901611,8.20566463470459,"0km"
10154,2013,7.40675067901611,8.20566463470459,"0km"
10155,2013,7.40675067901611,8.20566463470459,"0km"
10156,2013,7.40675067901611,8.20566463470459,"0km"
10157,2013,7.40675067901611,8.20566463470459,"0km"
10158,2013,7.40675067901611,8.20566463470459,"0km"
10159,2013,7.40675067901611,8.20566463470459,"0km"
10160,2013,7.40675067901611,8.20566463470459,"0km"
10161,2013,7.40675067901611,8.20566463470459,"0km"
10162,2013,7.40675067901611,8.20566463470459,"0km"
10163,2013,7.40675067901611,8.20566463470459,"0km"
10164,2013,7.40675067901611,8.20566463470459,"0km"
10165,2013,7.40675067901611,8.20566463470459,"0km"
10166,2013,7.40675067901611,8.20566463470459,"0km"
10167,2013,7.40675067901611,8.20566463470459,"0km"
10168,2013,7.40675067901611,8.20566463470459,"0km"
10169,2013,7.40675067901611,8.20566463470459,"0km"
10170,2013,7.40675067901611,8.20566463470459,"0km"
10171,2013,7.40675067901611,8.20566463470459,"0km"
10172,2013,7.40675067901611,8.20566463470459,"0km"
10173,2013,7.40675067901611,8.20566463470459,"0km"
10174,2013,7.40675067901611,8.20566463470459,"0km"
10175,2013,8.67400169372559,11.5302286148071,"0km"
10176,2013,8.67400169372559,11.5302286148071,"0km"
10177,2013,8.67400169372559,11.5302286148071,"0km"
10178,2013,8.67400169372559,11.5302286148071,"0km"
10179,2013,8.67400169372559,11.5302286148071,"0km"
10180,2013,8.00863647460938,10.5487537384033,"0km"
10181,2013,8.00863647460938,10.5487537384033,"0km"
10182,2013,8.00863647460938,10.5487537384033,"0km"
10183,2013,8.00863647460938,10.5487537384033,"0km"
10184,2013,8.00863647460938,10.5487537384033,"0km"
10185,2013,8.00863647460938,10.5487537384033,"0km"
10186,2013,8.00863647460938,10.5487537384033,"0km"
10187,2013,8.00863647460938,10.5487537384033,"0km"
10188,2013,8.00863647460938,10.5487537384033,"0km"
10189,2013,8.00863647460938,10.5487537384033,"0km"
10190,2013,8.00863647460938,10.5487537384033,"0km"
10191,2013,8.00863647460938,10.5487537384033,"0km"
10192,2013,8.00863647460938,10.5487537384033,"0km"
10193,2013,8.00863647460938,10.5487537384033,"0km"
10194,2013,8.00863647460938,10.5487537384033,"0km"
10195,2013,8.00863647460938,10.5487537384033,"0km"
10196,2013,8.00863647460938,10.5487537384033,"0km"
10197,2013,8.00863647460938,10.5487537384033,"0km"
10198,2013,8.00863647460938,10.5487537384033,"0km"
10199,2013,8.00863647460938,10.5487537384033,"0km"
10200,2013,8.00863647460938,10.5487537384033,"0km"
10201,2013,8.00863647460938,10.5487537384033,"0km"
10202,2013,8.00863647460938,10.5487537384033,"0km"
10203,2013,8.00863647460938,10.5487537384033,"0km"
10204,2013,8.00863647460938,10.5487537384033,"0km"
10205,2013,8.00863647460938,10.5487537384033,"0km"
10206,2013,8.00863647460938,10.5487537384033,"0km"
10207,2013,8.00863647460938,10.5487537384033,"0km"
10208,2013,8.00863647460938,10.5487537384033,"0km"
10209,2013,8.00863647460938,10.5487537384033,"0km"
10210,2013,8.00863647460938,10.5487537384033,"0km"
10211,2013,8.00863647460938,10.5487537384033,"0km"
10212,2013,8.00863647460938,10.5487537384033,"0km"
10213,2013,8.00863647460938,10.5487537384033,"0km"
10214,2012,8.31553077697754,10.8724937438965,"0km"
10215,2012,8.31553077697754,10.8724937438965,"0km"
10216,2012,8.31553077697754,10.8724937438965,"0km"
10217,2012,8.31553077697754,10.8724937438965,"10km"
10218,2012,8.31553077697754,10.8724937438965,"0km"
10219,2012,8.31553077697754,10.8724937438965,"0km"
10220,2012,8.31553077697754,10.8724937438965,"0km"
10221,2012,8.31553077697754,10.8724937438965,"0km"
10222,2012,8.31553077697754,10.8724937438965,"0km"
10223,2012,7.94436454772949,8.77550601959229,"0km"
10224,2012,7.94436454772949,8.77550601959229,"0km"
10225,2012,7.94436454772949,8.77550601959229,"0km"
10226,2012,7.94436454772949,8.77550601959229,"0km"
10227,2012,7.94436454772949,8.77550601959229,"0km"
10228,2012,8.8174991607666,12.0920133590698,"0km"
10229,2012,8.31553077697754,10.8724937438965,"0km"
10230,2012,8.76714420318604,11.6532793045044,"0km"
10231,2012,8.76714420318604,11.6532793045044,"0km"
10232,2012,8.76714420318604,11.6532793045044,"0km"
10233,2012,8.76714420318604,11.6532793045044,"0km"
10234,2012,8.76714420318604,11.6532793045044,"0km"
10235,2012,8.76714420318604,11.6532793045044,"0km"
10236,2012,8.76714420318604,11.6532793045044,"0km"
10237,2012,8.76714420318604,11.6532793045044,"0km"
10238,2012,8.76714420318604,11.6532793045044,"0km"
10239,2012,8.76714420318604,11.6532793045044,"0km"
10240,2012,8.76714420318604,11.6532793045044,"0km"
10241,2012,8.76714420318604,11.6532793045044,"0km"
10242,2012,8.76714420318604,11.6532793045044,"0km"
10243,2012,8.76714420318604,11.6532793045044,"0km"
10244,2012,8.76714420318604,11.6532793045044,"0km"
10245,2012,8.76714420318604,11.6532793045044,"0km"
10246,2012,8.76714420318604,11.6532793045044,"0km"
10247,2012,8.76714420318604,11.6532793045044,"0km"
10248,2012,8.76714420318604,11.6532793045044,"0km"
10249,2012,8.76714420318604,11.6532793045044,"0km"
10250,2012,8.76714420318604,11.6532793045044,"0km"
10251,2012,8.76714420318604,11.6532793045044,"0km"
10252,2012,8.76714420318604,11.6532793045044,"0km"
10253,2012,8.76714420318604,11.6532793045044,"0km"
10254,2012,8.76714420318604,11.6532793045044,"0km"
10255,2012,8.76714420318604,11.6532793045044,"0km"
10256,2012,8.76714420318604,11.6532793045044,"0km"
10257,2012,8.76714420318604,11.6532793045044,"0km"
10258,2012,8.76714420318604,11.6532793045044,"0km"
10259,2012,8.76714420318604,11.6532793045044,"0km"
10260,2012,8.76714420318604,11.6532793045044,"0km"
10261,2012,8.76714420318604,11.6532793045044,"0km"
10262,2012,8.76714420318604,11.6532793045044,"0km"
10263,2013,6.94811868667603,7.90829181671143,"0km"
10264,2013,6.94811868667603,7.90829181671143,"0km"
10265,2013,6.94811868667603,7.90829181671143,"0km"
10266,2013,6.94811868667603,7.90829181671143,"0km"
10267,2013,6.94811868667603,7.90829181671143,"0km"
10268,2013,6.94811868667603,7.90829181671143,"0km"
10269,2013,6.94811868667603,7.90829181671143,"0km"
10270,2013,6.94811868667603,7.90829181671143,"0km"
10271,2013,6.94811868667603,7.90829181671143,"0km"
10272,2013,6.94811868667603,7.90829181671143,"0km"
10273,2013,6.94811868667603,7.90829181671143,"0km"
10274,2013,7.98361158370972,10.1759395599365,"0km"
10275,2013,7.98361158370972,10.1759395599365,"0km"
10276,2013,7.98361158370972,10.1759395599365,"0km"
10277,2013,7.98361158370972,10.1759395599365,"0km"
10278,2013,7.98361158370972,10.1759395599365,"0km"
10279,2013,7.98361158370972,10.1759395599365,"0km"
10280,2013,7.98361158370972,10.1759395599365,"0km"
10281,2013,7.98361158370972,10.1759395599365,"0km"
10282,2013,7.98361158370972,10.1759395599365,"0km"
10283,2013,7.98361158370972,10.1759395599365,"0km"
10284,2013,7.98361158370972,10.1759395599365,"0km"
10285,2013,7.98361158370972,10.1759395599365,"0km"
10286,2013,7.98361158370972,10.1759395599365,"0km"
10287,2013,7.98361158370972,10.1759395599365,"0km"
10288,2013,7.98361158370972,10.1759395599365,"0km"
10289,2013,7.98361158370972,10.1759395599365,"0km"
10290,2013,7.98361158370972,10.1759395599365,"0km"
10291,2013,7.98361158370972,10.1759395599365,"0km"
10292,2013,7.98361158370972,10.1759395599365,"0km"
10293,2013,7.98361158370972,10.1759395599365,"0km"
10294,2013,7.98361158370972,10.1759395599365,"0km"
10295,2013,7.98361158370972,10.1759395599365,"0km"
10296,2013,7.98361158370972,10.1759395599365,"0km"
10297,2013,7.98361158370972,10.1759395599365,"0km"
10298,2013,7.98361158370972,10.1759395599365,"0km"
10299,2013,7.98361158370972,10.1759395599365,"0km"
10300,2013,7.98361158370972,10.1759395599365,"0km"
10301,2013,7.98361158370972,10.1759395599365,"0km"
10302,2013,7.98361158370972,10.1759395599365,"0km"
10303,2013,7.98361158370972,10.1759395599365,"0km"
10304,2013,7.98361158370972,10.1759395599365,"0km"
10305,2013,7.98361158370972,10.1759395599365,"0km"
10306,2013,7.98361158370972,10.1759395599365,"0km"
10307,2013,7.98361158370972,10.1759395599365,"0km"
10308,2013,7.98361158370972,10.1759395599365,"0km"
10309,2013,7.98361158370972,10.1759395599365,"0km"
10310,2013,7.98361158370972,10.1759395599365,"0km"
10311,2013,7.98361158370972,10.1759395599365,"0km"
10312,2013,7.98361158370972,10.1759395599365,"0km"
10313,2013,6.94811868667603,7.90829181671143,"0km"
10314,2013,7.98361158370972,10.1759395599365,"0km"
10315,2013,7.98361158370972,10.1759395599365,"0km"
10316,2013,7.98361158370972,10.1759395599365,"0km"
10317,2013,7.98361158370972,10.1759395599365,"0km"
10318,2013,6.94811868667603,7.90829181671143,"0km"
10319,2013,6.94811868667603,7.90829181671143,"0km"
10320,2013,6.94811868667603,7.90829181671143,"0km"
10321,2013,6.94811868667603,7.90829181671143,"0km"
10322,2013,6.94811868667603,7.90829181671143,"0km"
10323,2013,6.94811868667603,7.90829181671143,"0km"
10324,2013,6.94811868667603,7.90829181671143,"0km"
10325,2013,6.94811868667603,7.90829181671143,"0km"
10326,2013,6.94811868667603,7.90829181671143,"0km"
10327,2013,6.94811868667603,7.90829181671143,"0km"
10328,2013,6.94811868667603,7.90829181671143,"0km"
10329,2013,8.58610820770264,12.0136413574219,"0km"
10330,2013,8.58610820770264,12.0136413574219,"0km"
10331,2013,8.58610820770264,12.0136413574219,"0km"
10332,2013,8.58610820770264,12.0136413574219,"0km"
10333,2013,8.58610820770264,12.0136413574219,"0km"
10334,2013,8.58610820770264,12.0136413574219,"0km"
10335,2013,7.92251348495483,10.5839109420776,"0km"
10336,2013,7.92251348495483,10.5839109420776,"0km"
10337,2013,7.92251348495483,10.5839109420776,"0km"
10338,2013,7.92251348495483,10.5839109420776,"0km"
10339,2013,7.92251348495483,10.5839109420776,"0km"
10340,2013,7.92251348495483,10.5839109420776,"0km"
10341,2013,7.92251348495483,10.5839109420776,"0km"
10342,2013,7.92251348495483,10.5839109420776,"0km"
10343,2013,7.92251348495483,10.5839109420776,"0km"
10344,2013,7.92251348495483,10.5839109420776,"0km"
10345,2013,7.92251348495483,10.5839109420776,"0km"
10346,2013,7.92251348495483,10.5839109420776,"0km"
10347,2013,7.92251348495483,10.5839109420776,"0km"
10348,2013,7.92251348495483,10.5839109420776,"0km"
10349,2013,7.92251348495483,10.5839109420776,"0km"
10350,2013,7.92251348495483,10.5839109420776,"0km"
10351,2013,7.92251348495483,10.5839109420776,"0km"
10352,2013,7.92251348495483,10.5839109420776,"0km"
10353,2013,7.92251348495483,10.5839109420776,"0km"
10354,2013,7.92251348495483,10.5839109420776,"0km"
10355,2013,7.92251348495483,10.5839109420776,"0km"
10356,2013,7.92251348495483,10.5839109420776,"0km"
10357,2013,7.92251348495483,10.5839109420776,"0km"
10358,2013,7.92251348495483,10.5839109420776,"0km"
10359,2013,7.92251348495483,10.5839109420776,"0km"
10360,2013,7.92251348495483,10.5839109420776,"0km"
10361,2013,7.92251348495483,10.5839109420776,"0km"
10362,2012,8.95666408538818,11.7462997436523,"0km"
10363,2012,8.47965908050537,10.4850311279297,"0km"
10364,2012,8.47965908050537,10.4850311279297,"0km"
10365,2012,8.47965908050537,10.4850311279297,"0km"
10366,2012,8.47965908050537,10.4850311279297,"0km"
10367,2012,8.47965908050537,10.4850311279297,"0km"
10368,2012,8.47965908050537,10.4850311279297,"0km"
10369,2012,8.47965908050537,10.4850311279297,"0km"
10370,2012,8.47965908050537,10.4850311279297,"0km"
10371,2012,8.47965908050537,10.4850311279297,"0km"
10372,2012,8.47965908050537,10.4850311279297,"0km"
10373,2012,8.47965908050537,10.4850311279297,"0km"
10374,2012,8.47965908050537,10.4850311279297,"0km"
10375,2012,8.47965908050537,10.4850311279297,"0km"
10376,2012,8.47965908050537,10.4850311279297,"0km"
10377,2012,8.47965908050537,10.4850311279297,"0km"
10378,2012,8.47965908050537,10.4850311279297,"0km"
10379,2012,8.47965908050537,10.4850311279297,"0km"
10380,2012,8.47965908050537,10.4850311279297,"0km"
10381,2012,8.47965908050537,10.4850311279297,"0km"
10382,2012,8.47965908050537,10.4850311279297,"0km"
10383,2012,8.47965908050537,10.4850311279297,"0km"
10384,2012,8.47965908050537,10.4850311279297,"0km"
10385,2012,8.47965908050537,10.4850311279297,"0km"
10386,2012,8.47965908050537,10.4850311279297,"0km"
10387,2012,8.47965908050537,10.4850311279297,"0km"
10388,2012,8.47965908050537,10.4850311279297,"0km"
10389,2012,8.47965908050537,10.4850311279297,"0km"
10390,2012,8.47965908050537,10.4850311279297,"0km"
10391,2012,8.47965908050537,10.4850311279297,"0km"
10392,2012,8.47965908050537,10.4850311279297,"0km"
10393,2012,8.47965908050537,10.4850311279297,"0km"
10394,2012,8.47965908050537,10.4850311279297,"0km"
10395,2012,8.47965908050537,10.4850311279297,"0km"
10396,2012,8.83196544647217,12.3849906921387,"0km"
10397,2012,8.83196544647217,12.3849906921387,"0km"
10398,2012,8.83196544647217,12.3849906921387,"0km"
10399,2012,8.83196544647217,12.3849906921387,"0km"
10400,2012,8.83196544647217,12.3849906921387,"0km"
10401,2012,8.83196544647217,12.3849906921387,"0km"
10402,2012,8.83196544647217,12.3849906921387,"0km"
10403,2012,8.83196544647217,12.3849906921387,"0km"
10404,2012,8.83196544647217,12.3849906921387,"0km"
10405,2012,8.83196544647217,12.3849906921387,"0km"
10406,2012,8.83196544647217,12.3849906921387,"0km"
10407,2012,8.83196544647217,12.3849906921387,"0km"
10408,2012,8.83196544647217,12.3849906921387,"0km"
10409,2012,8.83196544647217,12.3849906921387,"0km"
10410,2012,8.83196544647217,12.3849906921387,"0km"
10411,2012,8.83196544647217,12.3849906921387,"0km"
10412,2012,8.83196544647217,12.3849906921387,"0km"
10413,2012,8.83196544647217,12.3849906921387,"0km"
10414,2012,8.83196544647217,12.3849906921387,"0km"
10415,2012,8.83196544647217,12.3849906921387,"0km"
10416,2012,8.83196544647217,12.3849906921387,"0km"
10417,2012,8.83196544647217,12.3849906921387,"0km"
10418,2012,8.83196544647217,12.3849906921387,"0km"
10419,2012,8.83196544647217,12.3849906921387,"0km"
10420,2012,8.83196544647217,12.3849906921387,"0km"
10421,2012,8.83196544647217,12.3849906921387,"0km"
10422,2012,8.83196544647217,12.3849906921387,"0km"
10423,2012,8.83196544647217,12.3849906921387,"0km"
10424,2012,8.83196544647217,12.3849906921387,"0km"
10425,2012,8.83196544647217,12.3849906921387,"0km"
10426,2012,9.00791954994202,12.7799618244171,"10km"
10427,2012,9.00791954994202,12.7799618244171,"10km"
10428,2012,9.00791954994202,12.7799618244171,"10km"
10429,2012,9.00791954994202,12.7799618244171,"10km"
10430,2012,8.77044010162354,12.2062749862671,"0km"
10431,2012,8.77044010162354,12.2062749862671,"0km"
10432,2012,8.53709506988525,10.3356122970581,"0km"
10433,2012,7.86837387084961,8.69347190856934,"0km"
10434,2012,7.99923706054688,8.74474334716797,"0km"
10435,2013,7.79073476791382,9.87270736694336,"0km"
10436,2013,7.68996238708496,9.52699375152588,"0km"
10437,2013,7.68996238708496,9.52699375152588,"0km"
10438,2013,7.68996238708496,9.52699375152588,"0km"
10439,2013,7.68996238708496,9.52699375152588,"0km"
10440,2013,7.68996238708496,9.52699375152588,"0km"
10441,2013,7.68996238708496,9.52699375152588,"0km"
10442,2013,7.68996238708496,9.52699375152588,"0km"
10443,2013,7.68996238708496,9.52699375152588,"0km"
10444,2013,7.68996238708496,9.52699375152588,"0km"
10445,2013,7.68996238708496,9.52699375152588,"0km"
10446,2013,7.68996238708496,9.52699375152588,"0km"
10447,2013,7.68996238708496,9.52699375152588,"0km"
10448,2013,7.68996238708496,9.52699375152588,"0km"
10449,2013,7.68996238708496,9.52699375152588,"0km"
10450,2013,7.25067901611328,8.05111885070801,"0km"
10451,2013,7.68996238708496,9.52699375152588,"0km"
10452,2013,7.68996238708496,9.52699375152588,"0km"
10453,2013,7.68996238708496,9.52699375152588,"0km"
10454,2013,7.68996238708496,9.52699375152588,"0km"
10455,2013,7.68996238708496,9.52699375152588,"0km"
10456,2013,7.68996238708496,9.52699375152588,"0km"
10457,2013,7.68996238708496,9.52699375152588,"0km"
10458,2013,7.68996238708496,9.52699375152588,"0km"
10459,2013,7.68996238708496,9.52699375152588,"0km"
10460,2013,7.25067901611328,8.05111885070801,"0km"
10461,2013,7.25067901611328,8.05111885070801,"0km"
10462,2013,7.25067901611328,8.05111885070801,"0km"
10463,2013,7.25067901611328,8.05111885070801,"0km"
10464,2013,7.25067901611328,8.05111885070801,"0km"
10465,2013,7.25067901611328,8.05111885070801,"0km"
10466,2013,7.25067901611328,8.05111885070801,"0km"
10467,2013,7.68996238708496,9.52699375152588,"0km"
10468,2013,7.68996238708496,9.52699375152588,"0km"
10469,2013,7.68996238708496,9.52699375152588,"0km"
10470,2013,7.68996238708496,9.52699375152588,"0km"
10471,2013,8.28055667877197,11.3683586120605,"0km"
10472,2013,8.28055667877197,11.3683586120605,"0km"
10473,2013,7.89187288284302,10.1798946380615,"10km"
10474,2013,8.05217134952545,10.7120885848999,"10km"
10475,2013,7.89187288284302,10.1798946380615,"10km"
10476,2013,7.89187288284302,10.1798946380615,"10km"
10477,2013,7.89187288284302,10.1798946380615,"10km"
10478,2013,8.05217134952545,10.7120885848999,"10km"
10479,2013,8.05217134952545,10.7120885848999,"10km"
10480,2013,8.05217134952545,10.7120885848999,"10km"
10481,2013,7.89187288284302,10.1798946380615,"10km"
10482,2013,7.89187288284302,10.1798946380615,"10km"
10483,2013,7.89187288284302,10.1798946380615,"10km"
10484,2013,7.89187288284302,10.1798946380615,"10km"
10485,2013,8.05217134952545,10.7120885848999,"10km"
10486,2013,7.89187288284302,10.1798946380615,"10km"
10487,2013,8.28055667877197,11.3683586120605,"0km"
10488,2013,7.89187288284302,10.1798946380615,"10km"
10489,2013,7.89187288284302,10.1798946380615,"10km"
10490,2013,7.89187288284302,10.1798946380615,"10km"
10491,2013,7.89187288284302,10.1798946380615,"10km"
10492,2013,8.05217134952545,10.7120885848999,"10km"
10493,2013,7.89187288284302,10.1798946380615,"10km"
10494,2013,7.89187288284302,10.1798946380615,"10km"
10495,2013,7.89187288284302,10.1798946380615,"10km"
10496,2013,7.89187288284302,10.1798946380615,"10km"
10497,2013,7.89187288284302,10.1798946380615,"10km"
10498,2013,7.89187288284302,10.1798946380615,"10km"
10499,2013,7.89187288284302,10.1798946380615,"10km"
10500,2013,7.89187288284302,10.1798946380615,"10km"
10501,2013,7.89187288284302,10.1798946380615,"10km"
10502,2013,8.05217134952545,10.7120885848999,"10km"
10503,2013,7.89187288284302,10.1798946380615,"10km"
10504,2013,8.05217134952545,10.7120885848999,"10km"
10505,2013,7.89187288284302,10.1798946380615,"10km"
10506,2013,7.89187288284302,10.1798946380615,"10km"
10507,2013,8.28055667877197,11.3683586120605,"0km"
10508,2013,8.28055667877197,11.3683586120605,"0km"
10509,2013,8.28055667877197,11.3683586120605,"0km"
10510,2013,7.89187288284302,10.1798946380615,"10km"
10511,2013,8.05217134952545,10.7120885848999,"10km"
10512,2013,8.28055667877197,11.3683586120605,"0km"
10513,2013,8.05217134952545,10.7120885848999,"10km"
10514,2012,8.65388965606689,12.0411086082458,"10km"
10515,2012,8.96527004241943,12.5029144287109,"0km"
10516,2012,8.96527004241943,12.5029144287109,"0km"
10517,2012,8.25211334228516,10.9310894012451,"0km"
10518,2012,8.25211334228516,10.9310894012451,"0km"
10519,2012,8.25211334228516,10.9310894012451,"0km"
10520,2012,8.96527004241943,12.5029144287109,"0km"
10521,2012,8.25211334228516,10.9310894012451,"0km"
10522,2011,8.9523606300354,14.2708518505096,"10km"
10523,2012,9.16833972930908,14.8547925949097,"0km"
10524,2012,9.16833972930908,14.8547925949097,"0km"
10525,2012,9.16833972930908,14.8547925949097,"0km"
10526,2012,9.16833972930908,14.8547925949097,"0km"
10527,2012,9.16833972930908,14.8547925949097,"0km"
10528,2012,9.16833972930908,14.8547925949097,"0km"
10529,2012,9.16833972930908,14.8547925949097,"0km"
10530,2012,9.16833972930908,14.8547925949097,"0km"
10531,2012,9.16833972930908,14.8547925949097,"0km"
10532,2012,9.16833972930908,14.8547925949097,"0km"
10533,2012,9.16833972930908,14.8547925949097,"0km"
10534,2012,9.20801448822021,13.6345405578613,"0km"
10535,2012,9.08838176727295,13.1342811584473,"0km"
10536,2012,9.08838176727295,13.1342811584473,"0km"
10537,2012,9.20801448822021,13.6345405578613,"0km"
10538,2012,9.20801448822021,13.6345405578613,"0km"
10539,2012,9.20801448822021,13.6345405578613,"0km"
10540,2012,9.20801448822021,13.6345405578613,"0km"
10541,2012,9.20801448822021,13.6345405578613,"0km"
10542,2012,9.08838176727295,13.1342811584473,"0km"
10543,2012,9.08838176727295,13.1342811584473,"0km"
10544,2012,9.20801448822021,13.6345405578613,"0km"
10545,2012,9.20801448822021,13.6345405578613,"0km"
10546,2012,9.20801448822021,13.6345405578613,"0km"
10547,2012,9.20801448822021,13.6345405578613,"0km"
10548,2012,9.20801448822021,13.6345405578613,"0km"
10549,2012,9.08838176727295,13.1342811584473,"0km"
10550,2012,9.08838176727295,13.1342811584473,"0km"
10551,2012,9.08838176727295,13.1342811584473,"0km"
10552,2012,9.20801448822021,13.6345405578613,"0km"
10553,2012,9.20801448822021,13.6345405578613,"0km"
10554,2012,9.20801448822021,13.6345405578613,"0km"
10555,2012,9.08838176727295,13.1342811584473,"0km"
10556,2012,9.20801448822021,13.6345405578613,"0km"
10557,2012,9.20801448822021,13.6345405578613,"0km"
10558,2012,9.20801448822021,13.6345405578613,"0km"
10559,2012,9.08838176727295,13.1342811584473,"0km"
10560,2012,9.08838176727295,13.1342811584473,"0km"
10561,2012,9.08838176727295,13.1342811584473,"0km"
10562,2012,9.20801448822021,13.6345405578613,"0km"
10563,2012,9.20801448822021,13.6345405578613,"0km"
10564,2012,9.20801448822021,13.6345405578613,"0km"
10565,2012,9.20801448822021,13.6345405578613,"0km"
10566,2012,9.20801448822021,13.6345405578613,"0km"
10567,2012,9.20801448822021,13.6345405578613,"0km"
10568,2012,9.20801448822021,13.6345405578613,"0km"
10569,2012,9.08838176727295,13.1342811584473,"0km"
10570,2012,9.08838176727295,13.1342811584473,"0km"
10571,2012,9.08838176727295,13.1342811584473,"0km"
10572,2012,9.20801448822021,13.6345405578613,"0km"
10573,2012,9.20801448822021,13.6345405578613,"0km"
10574,2012,9.20801448822021,13.6345405578613,"0km"
10575,2012,9.20801448822021,13.6345405578613,"0km"
10576,2012,9.20801448822021,13.6345405578613,"0km"
10577,2012,9.20801448822021,13.6345405578613,"0km"
10578,2012,9.20801448822021,13.6345405578613,"0km"
10579,2012,9.13562393188477,12.6494035720825,"0km"
10580,2012,9.20801448822021,13.6345405578613,"0km"
10581,2012,9.20801448822021,13.6345405578613,"0km"
10582,2012,9.20801448822021,13.6345405578613,"0km"
10583,2012,9.20801448822021,13.6345405578613,"0km"
10584,2012,9.20801448822021,13.6345405578613,"0km"
10585,2012,9.13562393188477,12.6494035720825,"0km"
10586,2012,9.13562393188477,12.6494035720825,"0km"
10587,2012,9.13562393188477,12.6494035720825,"0km"
10588,2012,9.13562393188477,12.6494035720825,"0km"
10589,2012,9.20801448822021,13.6345405578613,"0km"
10590,2012,9.20801448822021,13.6345405578613,"0km"
10591,2012,9.20801448822021,13.6345405578613,"0km"
10592,2012,9.13562393188477,12.6494035720825,"0km"
10593,2012,9.13562393188477,12.6494035720825,"0km"
10594,2012,9.13562393188477,12.6494035720825,"0km"
10595,2012,9.88302230834961,16.5438098907471,"0km"
10596,2012,9.88302230834961,16.5438098907471,"0km"
10597,2012,9.13562393188477,12.6494035720825,"0km"
10598,2012,9.88302230834961,16.5438098907471,"0km"
10599,2012,9.88302230834961,16.5438098907471,"0km"
10600,2012,9.88302230834961,16.5438098907471,"0km"
10601,2012,9.88302230834961,16.5438098907471,"0km"
10602,2012,9.88302230834961,16.5438098907471,"0km"
10603,2012,9.13562393188477,12.6494035720825,"0km"
10604,2012,9.13562393188477,12.6494035720825,"0km"
10605,2012,9.13562393188477,12.6494035720825,"0km"
10606,2012,9.20801448822021,13.6345405578613,"0km"
10607,2012,9.88302230834961,16.5438098907471,"0km"
10608,2012,9.88302230834961,16.5438098907471,"0km"
10609,2012,9.13562393188477,12.6494035720825,"0km"
10610,2012,9.13562393188477,12.6494035720825,"0km"
10611,2012,9.13562393188477,12.6494035720825,"0km"
10612,2012,9.13562393188477,12.6494035720825,"0km"
10613,2012,9.13562393188477,12.6494035720825,"0km"
10614,2012,9.13562393188477,12.6494035720825,"0km"
10615,2012,9.13562393188477,12.6494035720825,"0km"
10616,2012,9.13562393188477,12.6494035720825,"0km"
10617,2012,9.13562393188477,12.6494035720825,"0km"
10618,2012,8.80352210998535,12.6450090408325,"0km"
10619,2012,9.88302230834961,16.5438098907471,"0km"
10620,2012,9.88302230834961,16.5438098907471,"0km"
10621,2012,9.13562393188477,12.6494035720825,"0km"
10622,2012,8.80352210998535,12.6450090408325,"0km"
10623,2012,8.80352210998535,12.6450090408325,"0km"
10624,2012,8.80352210998535,12.6450090408325,"0km"
10625,2012,8.80352210998535,12.6450090408325,"0km"
10626,2012,8.80352210998535,12.6450090408325,"0km"
10627,2012,8.80352210998535,12.6450090408325,"0km"
10628,2012,8.80352210998535,12.6450090408325,"0km"
10629,2012,8.80352210998535,12.6450090408325,"0km"
10630,2012,8.80352210998535,12.6450090408325,"0km"
10631,2012,8.80352210998535,12.6450090408325,"0km"
10632,2012,9.20331478118896,14.9946899414062,"0km"
10633,2012,9.20331478118896,14.9946899414062,"0km"
10634,2012,9.20331478118896,14.9946899414062,"0km"
10635,2012,9.20331478118896,14.9946899414062,"0km"
10636,2012,9.20331478118896,14.9946899414062,"0km"
10637,2012,9.20331478118896,14.9946899414062,"0km"
10638,2012,9.20331478118896,14.9946899414062,"0km"
10639,2012,9.88302230834961,16.5438098907471,"0km"
10640,2012,8.80352210998535,12.6450090408325,"0km"
10641,2012,8.80352210998535,12.6450090408325,"0km"
10642,2012,8.80352210998535,12.6450090408325,"0km"
10643,2012,8.80352210998535,12.6450090408325,"0km"
10644,2012,8.80352210998535,12.6450090408325,"0km"
10645,2012,8.80352210998535,12.6450090408325,"0km"
10646,2012,9.20331478118896,14.9946899414062,"0km"
10647,2012,9.20331478118896,14.9946899414062,"0km"
10648,2012,9.88302230834961,16.5438098907471,"0km"
10649,2012,8.80352210998535,12.6450090408325,"0km"
10650,2012,8.80352210998535,12.6450090408325,"0km"
10651,2012,8.80352210998535,12.6450090408325,"0km"
10652,2012,9.88302230834961,16.5438098907471,"0km"
10653,2012,8.80352210998535,12.6450090408325,"0km"
10654,2013,9.16199207305908,14.9866333007812,"0km"
10655,2013,9.16199207305908,14.9866333007812,"0km"
10656,2013,8.74388885498047,12.2890405654907,"0km"
10657,2013,8.74388885498047,12.2890405654907,"0km"
10658,2013,8.74388885498047,12.2890405654907,"0km"
10659,2013,8.74388885498047,12.2890405654907,"0km"
10660,2013,8.74388885498047,12.2890405654907,"0km"
10661,2013,8.74388885498047,12.2890405654907,"0km"
10662,2013,8.74388885498047,12.2890405654907,"0km"
10663,2013,8.74388885498047,12.2890405654907,"0km"
10664,2013,8.74388885498047,12.2890405654907,"0km"
10665,2013,8.74388885498047,12.2890405654907,"0km"
10666,2013,8.74388885498047,12.2890405654907,"0km"
10667,2013,8.74388885498047,12.2890405654907,"0km"
10668,2013,8.74388885498047,12.2890405654907,"0km"
10669,2013,8.74388885498047,12.2890405654907,"0km"
10670,2013,8.74388885498047,12.2890405654907,"0km"
10671,2013,8.74388885498047,12.2890405654907,"0km"
10672,2013,8.74388885498047,12.2890405654907,"0km"
10673,2013,8.74388885498047,12.2890405654907,"0km"
10674,2013,8.74388885498047,12.2890405654907,"0km"
10675,2013,8.74388885498047,12.2890405654907,"0km"
10676,2013,8.74388885498047,12.2890405654907,"0km"
10677,2013,8.74388885498047,12.2890405654907,"0km"
10678,2012,8.8174991607666,12.0920133590698,"0km"
10679,2012,8.8174991607666,12.0920133590698,"0km"
10680,2012,8.8174991607666,12.0920133590698,"0km"
10681,2012,9.20331478118896,14.9946899414062,"0km"
10682,2012,8.8174991607666,12.0920133590698,"0km"
10683,2013,8.90575885772705,13.5658376693726,"10km"
10684,2013,8.90575885772705,13.5658376693726,"10km"
10685,2013,8.90575885772705,13.5658376693726,"10km"
10686,2013,8.90575885772705,13.5658376693726,"10km"
10687,2013,8.90575885772705,13.5658376693726,"10km"
10688,2013,8.90575885772705,13.5658376693726,"10km"
10689,2013,8.87438583374023,12.3893852233887,"0km"
10690,2013,8.87438583374023,12.3893852233887,"0km"
10691,2013,8.87438583374023,12.3893852233887,"0km"
10692,2013,8.87438583374023,12.3893852233887,"0km"
10693,2013,8.87438583374023,12.3893852233887,"0km"
10694,2013,8.87438583374023,12.3893852233887,"0km"
10695,2013,8.90575885772705,13.5658376693726,"10km"
10696,2013,8.90575885772705,13.5658376693726,"10km"
10697,2013,8.90575885772705,13.5658376693726,"10km"
10698,2013,8.90575885772705,13.5658376693726,"10km"
10699,2013,8.90575885772705,13.5658376693726,"10km"
10700,2013,8.90575885772705,13.5658376693726,"10km"
10701,2013,8.90575885772705,13.5658376693726,"10km"
10702,2013,8.90575885772705,13.5658376693726,"10km"
10703,2013,8.90575885772705,13.5658376693726,"10km"
10704,2013,8.90575885772705,13.5658376693726,"10km"
10705,2013,8.90575885772705,13.5658376693726,"10km"
10706,2013,8.90575885772705,13.5658376693726,"10km"
10707,2013,8.90575885772705,13.5658376693726,"10km"
10708,2013,8.90575885772705,13.5658376693726,"10km"
10709,2013,8.90575885772705,13.5658376693726,"10km"
10710,2013,9.00679039955139,13.9732964038849,"10km"
10711,2013,9.00679039955139,13.9732964038849,"10km"
10712,2013,9.00679039955139,13.9732964038849,"10km"
10713,2013,9.00679039955139,13.9732964038849,"10km"
10714,2013,9.00679039955139,13.9732964038849,"10km"
10715,2013,9.00679039955139,13.9732964038849,"10km"
10716,2013,9.00679039955139,13.9732964038849,"10km"
10717,2013,9.00679039955139,13.9732964038849,"10km"
10718,2013,8.87438583374023,12.3893852233887,"0km"
10719,2013,8.87438583374023,12.3893852233887,"10km"
10720,2013,7.93661308288574,8.57554817199707,"0km"
10721,2013,8.87438583374023,12.3893852233887,"0km"
10722,2012,8.75713348388672,11.9616384506226,"0km"
10723,2012,8.75713348388672,11.9616384506226,"0km"
10724,2012,8.75713348388672,11.9616384506226,"0km"
10725,2012,8.75713348388672,11.9616384506226,"0km"
10726,2012,8.75713348388672,11.9616384506226,"0km"
10727,2012,8.75713348388672,11.9616384506226,"0km"
10728,2012,8.75713348388672,11.9616384506226,"0km"
10729,2012,8.75713348388672,11.9616384506226,"0km"
10730,2012,8.75713348388672,11.9616384506226,"0km"
10731,2012,8.75713348388672,11.9616384506226,"0km"
10732,2012,8.75713348388672,11.9616384506226,"0km"
10733,2012,8.75713348388672,11.9616384506226,"0km"
10734,2012,8.75713348388672,11.9616384506226,"0km"
10735,2012,8.75713348388672,11.9616384506226,"0km"
10736,2012,8.75713348388672,11.9616384506226,"0km"
10737,2012,8.75713348388672,11.9616384506226,"0km"
10738,2012,8.75713348388672,11.9616384506226,"0km"
10739,2012,8.75713348388672,11.9616384506226,"0km"
10740,2012,8.75713348388672,11.9616384506226,"0km"
10741,2012,8.75713348388672,11.9616384506226,"0km"
10742,2012,8.75713348388672,11.9616384506226,"0km"
10743,2012,8.75713348388672,11.9616384506226,"0km"
10744,2012,8.75713348388672,11.9616384506226,"0km"
10745,2012,8.75713348388672,11.9616384506226,"0km"
10746,2012,8.75713348388672,11.9616384506226,"0km"
10747,2012,8.75713348388672,11.9616384506226,"0km"
10748,2012,8.75713348388672,11.9616384506226,"0km"
10749,2012,8.75713348388672,11.9616384506226,"0km"
10750,2012,8.75713348388672,11.9616384506226,"0km"
10751,2012,8.75713348388672,11.9616384506226,"0km"
10752,2012,8.75713348388672,11.9616384506226,"0km"
10753,2012,8.75713348388672,11.9616384506226,"0km"
10754,2012,8.75713348388672,11.9616384506226,"0km"
10755,2012,8.75713348388672,11.9616384506226,"0km"
10756,2012,8.75713348388672,11.9616384506226,"0km"
10757,2012,8.75713348388672,11.9616384506226,"0km"
10758,2012,8.75713348388672,11.9616384506226,"0km"
10759,2012,8.75713348388672,11.9616384506226,"0km"
10760,2012,8.75713348388672,11.9616384506226,"0km"
10761,2012,8.75713348388672,11.9616384506226,"0km"
10762,2012,7.76442766189575,8.56163215637207,"0km"
10763,2012,8.03250217437744,9.04651069641113,"0km"
10764,2012,7.76442766189575,8.56163215637207,"0km"
10765,2012,8.03250217437744,9.04651069641113,"0km"
10766,2012,7.76442766189575,8.56163215637207,"0km"
10767,2012,7.76442766189575,8.56163215637207,"0km"
10768,2012,7.76442766189575,8.56163215637207,"0km"
10769,2012,7.76442766189575,8.56163215637207,"0km"
10770,2012,8.03250217437744,9.04651069641113,"0km"
10771,2012,7.76442766189575,8.56163215637207,"0km"
10772,2012,8.03250217437744,9.04651069641113,"0km"
10773,2012,7.76442766189575,8.56163215637207,"0km"
10774,2012,7.76442766189575,8.56163215637207,"0km"
10775,2012,7.76442766189575,8.56163215637207,"0km"
10776,2012,7.76442766189575,8.56163215637207,"0km"
10777,2012,8.03250217437744,9.04651069641113,"0km"
10778,2012,8.03250217437744,9.04651069641113,"0km"
10779,2012,8.03250217437744,9.04651069641113,"0km"
10780,2012,7.76442766189575,8.56163215637207,"0km"
10781,2012,7.76442766189575,8.56163215637207,"0km"
10782,2012,8.03250217437744,9.04651069641113,"0km"
10783,2012,7.76442766189575,8.56163215637207,"0km"
10784,2012,8.03250217437744,9.04651069641113,"0km"
10785,2012,8.03250217437744,9.04651069641113,"0km"
10786,2012,8.03250217437744,9.04651069641113,"0km"
10787,2012,8.03250217437744,9.04651069641113,"0km"
10788,2012,7.76442766189575,8.56163215637207,"0km"
10789,2012,8.03250217437744,9.04651069641113,"0km"
10790,2012,8.03250217437744,9.04651069641113,"0km"
10791,2012,8.03250217437744,9.04651069641113,"0km"
10792,2012,7.76442766189575,8.56163215637207,"0km"
10793,2012,7.76442766189575,8.56163215637207,"0km"
10794,2012,8.03250217437744,9.04651069641113,"0km"
10795,2012,8.03250217437744,9.04651069641113,"0km"
10796,2012,7.76442766189575,8.56163215637207,"0km"
10797,2012,7.76442766189575,8.56163215637207,"0km"
10798,2012,7.76442766189575,8.56163215637207,"0km"
10799,2012,7.76442766189575,8.56163215637207,"0km"
10800,2012,7.76442766189575,8.56163215637207,"0km"
10801,2012,7.76442766189575,8.56163215637207,"0km"
10802,2012,7.76442766189575,8.56163215637207,"0km"
10803,2012,7.76442766189575,8.56163215637207,"0km"
10804,2012,7.76442766189575,8.56163215637207,"0km"
10805,2012,7.76442766189575,8.56163215637207,"0km"
10806,2012,7.76442766189575,8.56163215637207,"0km"
10807,2012,7.76442766189575,8.56163215637207,"0km"
10808,2012,7.76442766189575,8.56163215637207,"0km"
10809,2012,7.76442766189575,8.56163215637207,"0km"
10810,2012,8.94128227233887,12.6347541809082,"0km"
10811,2012,8.94128227233887,12.6347541809082,"0km"
10812,2012,8.94128227233887,12.6347541809082,"0km"
10813,2012,8.94128227233887,12.6347541809082,"0km"
10814,2012,8.94128227233887,12.6347541809082,"0km"
10815,2012,8.94128227233887,12.6347541809082,"0km"
10816,2012,8.94128227233887,12.6347541809082,"0km"
10817,2012,8.94128227233887,12.6347541809082,"0km"
10818,2012,8.94128227233887,12.6347541809082,"0km"
10819,2012,8.94128227233887,12.6347541809082,"0km"
10820,2012,8.94128227233887,12.6347541809082,"0km"
10821,2012,8.94128227233887,12.6347541809082,"0km"
10822,2012,8.94128227233887,12.6347541809082,"0km"
10823,2012,8.94128227233887,12.6347541809082,"0km"
10824,2012,8.94128227233887,12.6347541809082,"0km"
10825,2012,8.94128227233887,12.6347541809082,"0km"
10826,2012,8.94128227233887,12.6347541809082,"0km"
10827,2012,8.94128227233887,12.6347541809082,"0km"
10828,2012,8.94128227233887,12.6347541809082,"0km"
10829,2012,8.94128227233887,12.6347541809082,"0km"
10830,2012,8.94128227233887,12.6347541809082,"0km"
10831,2012,8.94128227233887,12.6347541809082,"0km"
10832,2012,8.94128227233887,12.6347541809082,"0km"
10833,2012,8.94128227233887,12.6347541809082,"0km"
10834,2012,8.94128227233887,12.6347541809082,"0km"
10835,2012,8.94128227233887,12.6347541809082,"0km"
10836,2012,8.57213020324707,10.9457378387451,"0km"
10837,2012,8.57213020324707,10.9457378387451,"0km"
10838,2012,8.17136096954346,8.95349025726318,"0km"
10839,2012,8.94128227233887,12.6347541809082,"0km"
10840,2012,8.94128227233887,12.6347541809082,"0km"
10841,2012,8.17136096954346,8.95349025726318,"0km"
10842,2012,8.94128227233887,12.6347541809082,"0km"
10843,2012,8.94128227233887,12.6347541809082,"0km"
10844,2012,8.94128227233887,12.6347541809082,"0km"
10845,2012,8.94128227233887,12.6347541809082,"0km"
10846,2012,8.94128227233887,12.6347541809082,"0km"
10847,2012,8.94128227233887,12.6347541809082,"0km"
10848,2012,8.94128227233887,12.6347541809082,"0km"
10849,2012,8.94128227233887,12.6347541809082,"0km"
10850,2012,8.94128227233887,12.6347541809082,"0km"
10851,2012,8.94128227233887,12.6347541809082,"0km"
10852,2012,8.94128227233887,12.6347541809082,"0km"
10853,2012,8.94128227233887,12.6347541809082,"0km"
10854,2012,8.94128227233887,12.6347541809082,"0km"
10855,2012,8.94128227233887,12.6347541809082,"0km"
10856,2012,8.94128227233887,12.6347541809082,"0km"
10857,2012,8.94128227233887,12.6347541809082,"0km"
10858,2012,8.94128227233887,12.6347541809082,"0km"
10859,2012,8.17136096954346,8.95349025726318,"0km"
10860,2012,8.17136096954346,8.95349025726318,"0km"
10861,2012,8.17136096954346,8.95349025726318,"0km"
10862,2012,8.17136096954346,8.95349025726318,"0km"
10863,2012,8.17136096954346,8.95349025726318,"0km"
10864,2012,8.17136096954346,8.95349025726318,"0km"
10865,2012,8.17136096954346,8.95349025726318,"0km"
10866,2012,8.17136096954346,8.95349025726318,"0km"
10867,2012,8.17136096954346,8.95349025726318,"0km"
10868,2012,8.17136096954346,8.95349025726318,"0km"
10869,2012,8.17136096954346,8.95349025726318,"0km"
10870,2012,8.17136096954346,8.95349025726318,"0km"
10871,2012,8.17136096954346,8.95349025726318,"0km"
10872,2012,8.17136096954346,8.95349025726318,"0km"
10873,2012,8.17136096954346,8.95349025726318,"0km"
10874,2012,8.17136096954346,8.95349025726318,"0km"
10875,2012,8.17136096954346,8.95349025726318,"0km"
10876,2012,8.17136096954346,8.95349025726318,"0km"
10877,2012,8.17136096954346,8.95349025726318,"0km"
10878,2012,8.57213020324707,10.9457378387451,"0km"
10879,2012,8.17136096954346,8.95349025726318,"0km"
10880,2012,8.17136096954346,8.95349025726318,"0km"
10881,2012,8.17136096954346,8.95349025726318,"0km"
10882,2012,8.17136096954346,8.95349025726318,"0km"
10883,2012,8.17136096954346,8.95349025726318,"0km"
10884,2012,8.94128227233887,12.6347541809082,"0km"
10885,2012,8.17136096954346,8.95349025726318,"0km"
10886,2012,8.94128227233887,12.6347541809082,"0km"
10887,2012,8.94128227233887,12.6347541809082,"0km"
10888,2012,8.94128227233887,12.6347541809082,"0km"
10889,2012,8.94128227233887,12.6347541809082,"0km"
10890,2012,7.82857751846313,8.76891422271729,"0km"
10891,2012,8.36069869995117,10.0448312759399,"0km"
10892,2012,8.36069869995117,10.0448312759399,"0km"
10893,2012,8.94128227233887,12.6347541809082,"0km"
10894,2012,8.94128227233887,12.6347541809082,"0km"
10895,2012,8.94128227233887,12.6347541809082,"0km"
10896,2012,8.94128227233887,12.6347541809082,"0km"
10897,2012,8.36069869995117,10.0448312759399,"0km"
10898,2011,8.82721948623657,13.8013548851013,"10km"
10899,2011,8.82721948623657,13.8013548851013,"10km"
10900,2011,9.07788372039795,14.9258403778076,"0km"
10901,2012,9.16101551055908,13.5180826187134,"0km"
10902,2012,9.16101551055908,13.5180826187134,"0km"
10903,2012,9.16101551055908,13.5180826187134,"0km"
10904,2012,9.16101551055908,13.5180826187134,"0km"
10905,2012,9.16101551055908,13.5180826187134,"0km"
10906,2012,9.16101551055908,13.5180826187134,"0km"
10907,2012,9.16101551055908,13.5180826187134,"0km"
10908,2012,9.16101551055908,13.5180826187134,"0km"
10909,2012,9.16101551055908,13.5180826187134,"0km"
10910,2012,9.16101551055908,13.5180826187134,"0km"
10911,2012,9.16101551055908,13.5180826187134,"0km"
10912,2012,9.16833972930908,14.8547925949097,"0km"
10913,2012,9.16833972930908,14.8547925949097,"0km"
10914,2012,9.16833972930908,14.8547925949097,"0km"
10915,2012,9.16833972930908,14.8547925949097,"0km"
10916,2012,9.16833972930908,14.8547925949097,"0km"
10917,2012,9.16833972930908,14.8547925949097,"0km"
10918,2012,9.16833972930908,14.8547925949097,"0km"
10919,2012,9.16833972930908,14.8547925949097,"0km"
10920,2012,9.16833972930908,14.8547925949097,"0km"
10921,2012,9.16833972930908,14.8547925949097,"0km"
10922,2012,9.16833972930908,14.8547925949097,"0km"
10923,2012,9.16833972930908,14.8547925949097,"0km"
10924,2012,9.16833972930908,14.8547925949097,"0km"
10925,2012,9.16833972930908,14.8547925949097,"0km"
10926,2012,9.16833972930908,14.8547925949097,"0km"
10927,2012,9.16101551055908,13.5180826187134,"0km"
10928,2012,9.16101551055908,13.5180826187134,"0km"
10929,2012,9.16101551055908,13.5180826187134,"0km"
10930,2012,9.16101551055908,13.5180826187134,"0km"
10931,2012,9.16101551055908,13.5180826187134,"0km"
10932,2012,9.16101551055908,13.5180826187134,"0km"
10933,2012,9.16101551055908,13.5180826187134,"0km"
10934,2012,9.16101551055908,13.5180826187134,"0km"
10935,2012,9.16101551055908,13.5180826187134,"0km"
10936,2012,9.16101551055908,13.5180826187134,"0km"
10937,2012,9.16101551055908,13.5180826187134,"0km"
10938,2012,9.16101551055908,13.5180826187134,"0km"
10939,2012,9.16101551055908,13.5180826187134,"0km"
10940,2012,9.16101551055908,13.5180826187134,"0km"
10941,2012,9.16101551055908,13.5180826187134,"0km"
10942,2012,9.16101551055908,13.5180826187134,"0km"
10943,2012,9.16101551055908,13.5180826187134,"0km"
10944,2012,9.16101551055908,13.5180826187134,"0km"
10945,2012,9.16101551055908,13.5180826187134,"0km"
10946,2012,9.16101551055908,13.5180826187134,"0km"
10947,2012,9.16101551055908,13.5180826187134,"0km"
10948,2012,9.16101551055908,13.5180826187134,"0km"
10949,2012,9.16101551055908,13.5180826187134,"0km"
10950,2012,9.16101551055908,13.5180826187134,"0km"
10951,2013,8.76702213287354,13.0588397979736,"0km"
10952,2013,8.76702213287354,13.0588397979736,"0km"
10953,2013,8.76702213287354,13.0588397979736,"0km"
10954,2009,8.49906921386719,10.8300123214722,"0km"
10955,2009,8.49906921386719,10.8300123214722,"0km"
10956,2009,8.49906921386719,10.8300123214722,"0km"
10957,2009,8.49906921386719,10.8300123214722,"0km"
10958,2009,8.49906921386719,10.8300123214722,"0km"
10959,2009,8.49906921386719,10.8300123214722,"0km"
10960,2009,8.49906921386719,10.8300123214722,"0km"
10961,2009,8.49906921386719,10.8300123214722,"0km"
10962,2009,8.49906921386719,10.8300123214722,"0km"
10963,2009,8.49906921386719,10.8300123214722,"0km"
10964,2009,8.49906921386719,10.8300123214722,"0km"
10965,2009,8.49906921386719,10.8300123214722,"0km"
10966,2009,8.49906921386719,10.8300123214722,"0km"
10967,2009,8.49906921386719,10.8300123214722,"0km"
10968,2009,8.49906921386719,10.8300123214722,"0km"
10969,2009,8.49906921386719,10.8300123214722,"0km"
10970,2009,8.49906921386719,10.8300123214722,"0km"
10971,2009,8.49906921386719,10.8300123214722,"0km"
10972,2009,8.49906921386719,10.8300123214722,"0km"
10973,2009,9.18854331970215,15.0371713638306,"0km"
10974,2009,9.18854331970215,15.0371713638306,"0km"
10975,2009,9.18854331970215,15.0371713638306,"0km"
10976,2009,9.18854331970215,15.0371713638306,"0km"
10977,2009,9.18854331970215,15.0371713638306,"0km"
10978,2009,9.18854331970215,15.0371713638306,"0km"
10979,2009,9.18854331970215,15.0371713638306,"0km"
10980,2009,9.18854331970215,15.0371713638306,"0km"
10981,2009,9.18854331970215,15.0371713638306,"0km"
10982,2009,9.18854331970215,15.0371713638306,"0km"
10983,2009,9.18854331970215,15.0371713638306,"0km"
10984,2009,9.18854331970215,15.0371713638306,"0km"
10985,2009,9.18854331970215,15.0371713638306,"0km"
10986,2009,9.18854331970215,15.0371713638306,"0km"
10987,2009,9.18854331970215,15.0371713638306,"0km"
10988,2009,9.18854331970215,15.0371713638306,"0km"
10989,2009,9.18854331970215,15.0371713638306,"0km"
10990,2009,8.32114601135254,10.3707695007324,"0km"
10991,2009,8.49906921386719,10.8300123214722,"0km"
10992,2009,8.49906921386719,10.8300123214722,"0km"
10993,2009,8.49906921386719,10.8300123214722,"0km"
10994,2009,8.49906921386719,10.8300123214722,"0km"
10995,2009,8.49906921386719,10.8300123214722,"0km"
10996,2009,8.49906921386719,10.8300123214722,"0km"
10997,2009,8.49906921386719,10.8300123214722,"0km"
10998,2009,8.49906921386719,10.8300123214722,"0km"
10999,2009,8.49906921386719,10.8300123214722,"0km"
11000,2009,8.49906921386719,10.8300123214722,"0km"
11001,2009,8.49906921386719,10.8300123214722,"0km"
11002,2009,8.49906921386719,10.8300123214722,"0km"
11003,2009,8.49906921386719,10.8300123214722,"0km"
11004,2009,8.49906921386719,10.8300123214722,"0km"
11005,2009,8.49906921386719,10.8300123214722,"0km"
11006,2009,8.49906921386719,10.8300123214722,"0km"
11007,2009,8.49906921386719,10.8300123214722,"0km"
11008,2009,8.49906921386719,10.8300123214722,"0km"
11009,2009,8.49906921386719,10.8300123214722,"0km"
11010,2009,8.49906921386719,10.8300123214722,"0km"
11011,2009,8.49906921386719,10.8300123214722,"0km"
11012,2009,8.49906921386719,10.8300123214722,"0km"
11013,2009,8.49906921386719,10.8300123214722,"0km"
11014,2009,8.49906921386719,10.8300123214722,"0km"
11015,2009,9.18854331970215,15.0371713638306,"0km"
11016,2009,9.18854331970215,15.0371713638306,"0km"
11017,2009,9.18854331970215,15.0371713638306,"0km"
11018,2009,9.18854331970215,15.0371713638306,"0km"
11019,2009,9.18854331970215,15.0371713638306,"0km"
11020,2009,9.18854331970215,15.0371713638306,"0km"
11021,2009,9.18854331970215,15.0371713638306,"0km"
11022,2009,9.18854331970215,15.0371713638306,"0km"
11023,2009,9.18854331970215,15.0371713638306,"0km"
11024,2009,9.18854331970215,15.0371713638306,"0km"
11025,2009,9.18854331970215,15.0371713638306,"0km"
11026,2009,9.18854331970215,15.0371713638306,"0km"
11027,2009,9.18854331970215,15.0371713638306,"0km"
11028,2009,9.18854331970215,15.0371713638306,"0km"
11029,2009,9.18854331970215,15.0371713638306,"0km"
11030,2009,9.18854331970215,15.0371713638306,"0km"
11031,2009,9.75453948974609,16.779655456543,"0km"
11032,2009,9.18854331970215,15.0371713638306,"0km"
11033,2009,9.18854331970215,15.0371713638306,"0km"
11034,2009,9.75453948974609,16.779655456543,"0km"
11035,2009,9.18854331970215,15.0371713638306,"0km"
11036,2009,9.75453948974609,16.779655456543,"0km"
11037,2009,9.18854331970215,15.0371713638306,"0km"
11038,2009,9.75453948974609,16.779655456543,"0km"
11039,2009,9.75453948974609,16.779655456543,"0km"
11040,2009,9.75453948974609,16.779655456543,"0km"
11041,2009,9.18854331970215,15.0371713638306,"0km"
11042,2009,9.18854331970215,15.0371713638306,"0km"
11043,2009,9.18854331970215,15.0371713638306,"0km"
11044,2009,9.18854331970215,15.0371713638306,"0km"
11045,2009,9.18854331970215,15.0371713638306,"0km"
11046,2009,9.18854331970215,15.0371713638306,"0km"
11047,2010,8.92858695983887,14.8372144699097,"0km"
11048,2010,8.92858695983887,14.8372144699097,"0km"
11049,2010,8.92858695983887,14.8372144699097,"0km"
11050,2010,8.92858695983887,14.8372144699097,"0km"
11051,2010,8.92858695983887,14.8372144699097,"0km"
11052,2010,8.92858695983887,14.8372144699097,"0km"
11053,2010,8.92858695983887,14.8372144699097,"0km"
11054,2010,8.92858695983887,14.8372144699097,"0km"
11055,2010,8.92858695983887,14.8372144699097,"0km"
11056,2010,8.92858695983887,14.8372144699097,"0km"
11057,2010,8.524827003479,12.3542280197144,"0km"
11058,2010,8.524827003479,12.3542280197144,"0km"
11059,2010,8.524827003479,12.3542280197144,"0km"
11060,2010,8.524827003479,12.3542280197144,"0km"
11061,2010,8.524827003479,12.3542280197144,"0km"
11062,2010,8.524827003479,12.3542280197144,"0km"
11063,2010,8.40073871612549,10.633716583252,"0km"
11064,2010,8.92858695983887,14.8372144699097,"0km"
11065,2010,8.40073871612549,10.633716583252,"0km"
11066,2010,8.92858695983887,14.8372144699097,"0km"
11067,2010,8.40073871612549,10.633716583252,"0km"
11068,2010,8.92858695983887,14.8372144699097,"0km"
11069,2010,8.40073871612549,10.633716583252,"0km"
11070,2012,8.9014253616333,12.8801231384277,"0km"
11071,2012,8.9014253616333,12.8801231384277,"0km"
11072,2012,8.9014253616333,12.8801231384277,"0km"
11073,2012,8.9014253616333,12.8801231384277,"0km"
11074,2012,8.9014253616333,12.8801231384277,"0km"
11075,2012,8.9014253616333,12.8801231384277,"0km"
11076,2012,8.9014253616333,12.8801231384277,"0km"
11077,2012,8.9014253616333,12.8801231384277,"0km"
11078,2012,8.9014253616333,12.8801231384277,"0km"
11079,2012,8.9014253616333,12.8801231384277,"0km"
11080,2012,8.9014253616333,12.8801231384277,"0km"
11081,2012,8.9014253616333,12.8801231384277,"0km"
11082,2012,8.9014253616333,12.8801231384277,"0km"
11083,2012,8.9014253616333,12.8801231384277,"0km"
11084,2012,8.9014253616333,12.8801231384277,"0km"
11085,2012,8.9014253616333,12.8801231384277,"0km"
11086,2012,8.9014253616333,12.8801231384277,"0km"
11087,2012,8.9014253616333,12.8801231384277,"0km"
11088,2012,8.9014253616333,12.8801231384277,"0km"
11089,2012,8.9014253616333,12.8801231384277,"0km"
11090,2012,8.9014253616333,12.8801231384277,"0km"
11091,2012,8.9014253616333,12.8801231384277,"0km"
11092,2012,8.9014253616333,12.8801231384277,"0km"
11093,2012,8.9014253616333,12.8801231384277,"0km"
11094,2012,8.9014253616333,12.8801231384277,"0km"
11095,2012,8.9014253616333,12.8801231384277,"0km"
11096,2012,8.9014253616333,12.8801231384277,"0km"
11097,2012,8.9014253616333,12.8801231384277,"0km"
11098,2012,8.9014253616333,12.8801231384277,"0km"
11099,2012,8.9014253616333,12.8801231384277,"0km"
11100,2012,8.9014253616333,12.8801231384277,"0km"
11101,2012,8.9014253616333,12.8801231384277,"0km"
11102,2012,8.9014253616333,12.8801231384277,"0km"
11103,2012,8.9014253616333,12.8801231384277,"0km"
11104,2012,8.9014253616333,12.8801231384277,"0km"
11105,2012,8.9014253616333,12.8801231384277,"0km"
11106,2012,8.9014253616333,12.8801231384277,"0km"
11107,2012,8.9014253616333,12.8801231384277,"0km"
11108,2012,8.9014253616333,12.8801231384277,"0km"
11109,2012,8.9014253616333,12.8801231384277,"0km"
11110,2012,8.9014253616333,12.8801231384277,"0km"
11111,2012,8.9014253616333,12.8801231384277,"0km"
11112,2012,8.9014253616333,12.8801231384277,"0km"
11113,2012,8.9014253616333,12.8801231384277,"0km"
11114,2012,8.9014253616333,12.8801231384277,"0km"
11115,2012,8.9014253616333,12.8801231384277,"0km"
11116,2012,8.15921497344971,9.64784717559814,"0km"
11117,2012,8.45049610137939,10.9203954696655,"10km"
11118,2013,8.73920917510986,13.6245304743449,"10km"
11119,2012,9.10107707977295,13.2185125350952,"0km"
11120,2012,9.10107707977295,13.2185125350952,"0km"
11121,2012,9.10107707977295,13.2185125350952,"0km"
11122,2012,9.10107707977295,13.2185125350952,"0km"
11123,2012,8.58159160614014,11.0307016372681,"0km"
11124,2013,7.9550461769104,10.537034034729,"0km"
11125,2013,7.9550461769104,10.537034034729,"0km"
11126,2013,7.9550461769104,10.537034034729,"0km"
11127,2013,7.9550461769104,10.537034034729,"0km"
11128,2013,7.9550461769104,10.537034034729,"0km"
11129,2013,7.9550461769104,10.537034034729,"0km"
11130,2013,7.9550461769104,10.537034034729,"0km"
11131,2013,7.9550461769104,10.537034034729,"0km"
11132,2013,7.9550461769104,10.537034034729,"0km"
11133,2013,7.9550461769104,10.537034034729,"0km"
11134,2013,7.9550461769104,10.537034034729,"0km"
11135,2013,7.9550461769104,10.537034034729,"0km"
11136,2013,7.9550461769104,10.537034034729,"0km"
11137,2013,7.9550461769104,10.537034034729,"0km"
11138,2013,7.9550461769104,10.537034034729,"0km"
11139,2013,7.9550461769104,10.537034034729,"0km"
11140,2013,7.9550461769104,10.537034034729,"0km"
11141,2013,7.9550461769104,10.537034034729,"0km"
11142,2013,7.9550461769104,10.537034034729,"0km"
11143,2013,7.9550461769104,10.537034034729,"0km"
11144,2013,7.9550461769104,10.537034034729,"0km"
11145,2013,8.68004417419434,12.5190286636353,"0km"
11146,2013,8.68004417419434,12.5190286636353,"0km"
11147,2013,8.68004417419434,12.5190286636353,"0km"
11148,2013,7.9550461769104,10.537034034729,"0km"
11149,2013,7.9550461769104,10.537034034729,"0km"
11150,2012,8.75713348388672,11.9616384506226,"0km"
11151,2012,8.75713348388672,11.9616384506226,"0km"
11152,2012,8.75713348388672,11.9616384506226,"0km"
11153,2012,8.75713348388672,11.9616384506226,"0km"
11154,2012,8.75713348388672,11.9616384506226,"0km"
11155,2012,8.75713348388672,11.9616384506226,"0km"
11156,2008,8.64629077911377,12.1747798919678,"0km"
11157,2008,8.64629077911377,12.1747798919678,"0km"
11158,2008,8.64629077911377,12.1747798919678,"0km"
11159,2008,8.64629077911377,12.1747798919678,"0km"
11160,2008,8.64629077911377,12.1747798919678,"0km"
11161,2008,8.64629077911377,12.1747798919678,"0km"
11162,2008,8.64629077911377,12.1747798919678,"0km"
11163,2008,8.64629077911377,12.1747798919678,"0km"
11164,2008,8.64629077911377,12.1747798919678,"0km"
11165,2008,8.64629077911377,12.1747798919678,"0km"
11166,2008,8.64629077911377,12.1747798919678,"0km"
11167,2008,8.64629077911377,12.1747798919678,"0km"
11168,2008,8.64629077911377,12.1747798919678,"0km"
11169,2008,8.64629077911377,12.1747798919678,"0km"
11170,2008,8.19882774353027,11.118595123291,"0km"
11171,2008,8.64629077911377,12.1747798919678,"0km"
11172,2008,8.19882774353027,11.118595123291,"0km"
11173,2008,8.19882774353027,11.118595123291,"0km"
11174,2008,8.19882774353027,11.118595123291,"0km"
11175,2008,8.19882774353027,11.118595123291,"0km"
11176,2008,8.64629077911377,12.1747798919678,"0km"
11177,2008,8.19882774353027,11.118595123291,"0km"
11178,2008,8.19882774353027,11.118595123291,"0km"
11179,2008,8.64629077911377,12.1747798919678,"0km"
11180,2008,8.64629077911377,12.1747798919678,"0km"
11181,2008,8.19882774353027,11.118595123291,"0km"
11182,2008,8.64629077911377,12.1747798919678,"0km"
11183,2008,8.64629077911377,12.1747798919678,"0km"
11184,2008,8.64629077911377,12.1747798919678,"0km"
11185,2008,8.64629077911377,12.1747798919678,"0km"
11186,2008,9.96200466156006,17.2857761383057,"0km"
11187,2008,9.96200466156006,17.2857761383057,"0km"
11188,2008,10.1152076721191,17.7384262084961,"0km"
11189,2008,10.1152076721191,17.7384262084961,"0km"
11190,2008,10.1152076721191,17.7384262084961,"0km"
11191,2008,10.1152076721191,17.7384262084961,"0km"
11192,2008,10.1152076721191,17.7384262084961,"0km"
11193,2008,10.1152076721191,17.7384262084961,"0km"
11194,2008,10.1152076721191,17.7384262084961,"0km"
11195,2008,9.96200466156006,17.2857761383057,"0km"
11196,2008,10.1152076721191,17.7384262084961,"0km"
11197,2008,10.1152076721191,17.7384262084961,"0km"
11198,2008,10.1152076721191,17.7384262084961,"0km"
11199,2008,10.1152076721191,17.7384262084961,"0km"
11200,2008,10.1152076721191,17.7384262084961,"0km"
11201,2008,10.1152076721191,17.7384262084961,"0km"
11202,2008,10.1152076721191,17.7384262084961,"0km"
11203,2008,10.1152076721191,17.7384262084961,"0km"
11204,2008,9.96200466156006,17.2857761383057,"0km"
11205,2008,10.1152076721191,17.7384262084961,"0km"
11206,2008,10.1152076721191,17.7384262084961,"0km"
11207,2008,10.1152076721191,17.7384262084961,"0km"
11208,2008,10.1152076721191,17.7384262084961,"0km"
11209,2008,10.1152076721191,17.7384262084961,"0km"
11210,2008,10.1152076721191,17.7384262084961,"0km"
11211,2008,10.1152076721191,17.7384262084961,"0km"
11212,2008,9.96200466156006,17.2857761383057,"0km"
11213,2008,9.96200466156006,17.2857761383057,"0km"
11214,2008,10.1152076721191,17.7384262084961,"0km"
11215,2008,10.1152076721191,17.7384262084961,"0km"
11216,2008,10.1152076721191,17.7384262084961,"0km"
11217,2008,10.1152076721191,17.7384262084961,"0km"
11218,2008,9.96200466156006,17.2857761383057,"0km"
11219,2008,10.1152076721191,17.7384262084961,"0km"
11220,2008,10.1152076721191,17.7384262084961,"0km"
11221,2008,9.96200466156006,17.2857761383057,"0km"
11222,2008,9.96200466156006,17.2857761383057,"0km"
11223,2008,10.1152076721191,17.7384262084961,"0km"
11224,2008,10.1152076721191,17.7384262084961,"0km"
11225,2008,10.1152076721191,17.7384262084961,"0km"
11226,2008,10.1152076721191,17.7384262084961,"0km"
11227,2008,10.1152076721191,17.7384262084961,"0km"
11228,2008,10.1152076721191,17.7384262084961,"0km"
11229,2008,10.1152076721191,17.7384262084961,"0km"
11230,2008,10.1152076721191,17.7384262084961,"0km"
11231,2008,10.1152076721191,17.7384262084961,"0km"
11232,2008,10.1152076721191,17.7384262084961,"0km"
11233,2008,10.1152076721191,17.7384262084961,"0km"
11234,2008,10.1152076721191,17.7384262084961,"0km"
11235,2008,10.1152076721191,17.7384262084961,"0km"
11236,2008,10.1152076721191,17.7384262084961,"0km"
11237,2008,10.1152076721191,17.7384262084961,"0km"
11238,2008,10.1152076721191,17.7384262084961,"0km"
11239,2008,10.1152076721191,17.7384262084961,"0km"
11240,2008,10.1152076721191,17.7384262084961,"0km"
11241,2008,10.1152076721191,17.7384262084961,"0km"
11242,2008,10.1152076721191,17.7384262084961,"0km"
11243,2008,10.1152076721191,17.7384262084961,"0km"
11244,2008,10.1152076721191,17.7384262084961,"0km"
11245,2008,10.1152076721191,17.7384262084961,"0km"
11246,2008,10.1152076721191,17.7384262084961,"0km"
11247,2008,10.1152076721191,17.7384262084961,"0km"
11248,2008,10.1152076721191,17.7384262084961,"0km"
11249,2008,10.1152076721191,17.7384262084961,"0km"
11250,2008,10.1152076721191,17.7384262084961,"0km"
11251,2008,10.1152076721191,17.7384262084961,"0km"
11252,2008,10.1152076721191,17.7384262084961,"0km"
11253,2008,10.1152076721191,17.7384262084961,"0km"
11254,2008,10.1152076721191,17.7384262084961,"0km"
11255,2008,10.1152076721191,17.7384262084961,"0km"
11256,2008,10.1152076721191,17.7384262084961,"0km"
11257,2008,9.96200466156006,17.2857761383057,"0km"
11258,2008,8.64629077911377,12.1747798919678,"0km"
11259,2008,8.64629077911377,12.1747798919678,"0km"
11260,2008,8.64629077911377,12.1747798919678,"0km"
11261,2008,8.64629077911377,12.1747798919678,"0km"
11262,2008,8.64629077911377,12.1747798919678,"0km"
11263,2008,8.64629077911377,12.1747798919678,"0km"
11264,2008,8.64629077911377,12.1747798919678,"0km"
11265,2008,8.64629077911377,12.1747798919678,"0km"
11266,2008,8.64629077911377,12.1747798919678,"0km"
11267,2008,8.64629077911377,12.1747798919678,"0km"
11268,2008,8.64629077911377,12.1747798919678,"0km"
11269,2008,8.64629077911377,12.1747798919678,"0km"
11270,2008,8.64629077911377,12.1747798919678,"0km"
11271,2008,8.64629077911377,12.1747798919678,"0km"
11272,2008,8.64629077911377,12.1747798919678,"0km"
11273,2008,8.64629077911377,12.1747798919678,"0km"
11274,2008,8.27451419830322,11.1727962493896,"0km"
11275,2008,8.64629077911377,12.1747798919678,"0km"
11276,2008,8.64629077911377,12.1747798919678,"0km"
11277,2008,8.64629077911377,12.1747798919678,"0km"
11278,2008,8.64629077911377,12.1747798919678,"0km"
11279,2008,8.64629077911377,12.1747798919678,"0km"
11280,2008,8.64629077911377,12.1747798919678,"0km"
11281,2008,8.64629077911377,12.1747798919678,"0km"
11282,2008,8.64629077911377,12.1747798919678,"0km"
11283,2008,8.64629077911377,12.1747798919678,"0km"
11284,2008,8.64629077911377,12.1747798919678,"0km"
11285,2008,8.64629077911377,12.1747798919678,"0km"
11286,2008,8.64629077911377,12.1747798919678,"0km"
11287,2008,8.64629077911377,12.1747798919678,"0km"
11288,2008,8.64629077911377,12.1747798919678,"0km"
11289,2008,8.64629077911377,12.1747798919678,"0km"
11290,2008,8.64629077911377,12.1747798919678,"0km"
11291,2008,8.64629077911377,12.1747798919678,"0km"
11292,2008,8.64629077911377,12.1747798919678,"0km"
11293,2008,8.64629077911377,12.1747798919678,"0km"
11294,2008,8.64629077911377,12.1747798919678,"0km"
11295,2008,8.64629077911377,12.1747798919678,"0km"
11296,2008,8.64629077911377,12.1747798919678,"0km"
11297,2008,8.64629077911377,12.1747798919678,"0km"
11298,2008,8.64629077911377,12.1747798919678,"0km"
11299,2008,8.64629077911377,12.1747798919678,"0km"
11300,2008,8.64629077911377,12.1747798919678,"0km"
11301,2008,8.64629077911377,12.1747798919678,"0km"
11302,2008,8.64629077911377,12.1747798919678,"0km"
11303,2008,8.64629077911377,12.1747798919678,"0km"
11304,2008,8.64629077911377,12.1747798919678,"0km"
11305,2008,7.31019020080566,8.06503486633301,"0km"
11306,2008,7.31019020080566,8.06503486633301,"0km"
11307,2008,7.31019020080566,8.06503486633301,"0km"
11308,2008,7.31019020080566,8.06503486633301,"0km"
11309,2008,7.31019020080566,8.06503486633301,"0km"
11310,2008,7.31019020080566,8.06503486633301,"0km"
11311,2008,7.31019020080566,8.06503486633301,"0km"
11312,2008,7.31019020080566,8.06503486633301,"0km"
11313,2008,7.31019020080566,8.06503486633301,"0km"
11314,2008,7.31019020080566,8.06503486633301,"0km"
11315,2008,7.31019020080566,8.06503486633301,"0km"
11316,2008,7.31019020080566,8.06503486633301,"0km"
11317,2008,7.31019020080566,8.06503486633301,"0km"
11318,2008,7.31019020080566,8.06503486633301,"0km"
11319,2008,7.31019020080566,8.06503486633301,"0km"
11320,2008,7.31019020080566,8.06503486633301,"0km"
11321,2008,7.31019020080566,8.06503486633301,"0km"
11322,2008,7.31019020080566,8.06503486633301,"0km"
11323,2008,7.31019020080566,8.06503486633301,"0km"
11324,2008,7.31019020080566,8.06503486633301,"0km"
11325,2008,7.31019020080566,8.06503486633301,"0km"
11326,2008,7.31019020080566,8.06503486633301,"0km"
11327,2008,7.31019020080566,8.06503486633301,"0km"
11328,2008,7.31019020080566,8.06503486633301,"0km"
11329,2008,7.31019020080566,8.06503486633301,"0km"
11330,2008,7.31019020080566,8.06503486633301,"0km"
11331,2008,7.31019020080566,8.06503486633301,"0km"
11332,2008,7.31019020080566,8.06503486633301,"0km"
11333,2008,7.31019020080566,8.06503486633301,"0km"
11334,2008,7.31019020080566,8.06503486633301,"0km"
11335,2008,7.31019020080566,8.06503486633301,"0km"
11336,2008,7.31019020080566,8.06503486633301,"0km"
11337,2008,7.31019020080566,8.06503486633301,"0km"
11338,2008,7.31019020080566,8.06503486633301,"0km"
11339,2008,7.31019020080566,8.06503486633301,"0km"
11340,2008,7.31019020080566,8.06503486633301,"0km"
11341,2008,7.31019020080566,8.06503486633301,"0km"
11342,2008,7.31019020080566,8.06503486633301,"0km"
11343,2008,7.31019020080566,8.06503486633301,"0km"
11344,2008,7.31019020080566,8.06503486633301,"0km"
11345,2008,7.31019020080566,8.06503486633301,"0km"
11346,2008,7.31019020080566,8.06503486633301,"0km"
11347,2008,7.31019020080566,8.06503486633301,"0km"
11348,2008,7.31019020080566,8.06503486633301,"0km"
11349,2008,7.31019020080566,8.06503486633301,"0km"
11350,2008,7.31019020080566,8.06503486633301,"0km"
11351,2008,7.31019020080566,8.06503486633301,"0km"
11352,2008,7.31019020080566,8.06503486633301,"0km"
11353,2008,7.31019020080566,8.06503486633301,"0km"
11354,2008,7.31019020080566,8.06503486633301,"0km"
11355,2008,7.31019020080566,8.06503486633301,"0km"
11356,2008,7.31019020080566,8.06503486633301,"0km"
11357,2008,7.31019020080566,8.06503486633301,"0km"
11358,2008,7.31019020080566,8.06503486633301,"0km"
11359,2008,7.31019020080566,8.06503486633301,"0km"
11360,2008,7.31019020080566,8.06503486633301,"0km"
11361,2008,8.19882774353027,11.118595123291,"0km"
11362,2008,7.31019020080566,8.06503486633301,"0km"
11363,2008,7.31019020080566,8.06503486633301,"0km"
11364,2008,7.31019020080566,8.06503486633301,"0km"
11365,2008,7.31019020080566,8.06503486633301,"0km"
11366,2008,7.31019020080566,8.06503486633301,"0km"
11367,2008,7.31019020080566,8.06503486633301,"0km"
11368,2008,7.31019020080566,8.06503486633301,"0km"
11369,2008,7.31019020080566,8.06503486633301,"0km"
11370,2008,7.31019020080566,8.06503486633301,"0km"
11371,2008,7.31019020080566,8.06503486633301,"0km"
11372,2008,7.31019020080566,8.06503486633301,"0km"
11373,2008,7.31019020080566,8.06503486633301,"0km"
11374,2008,7.31019020080566,8.06503486633301,"0km"
11375,2008,7.31019020080566,8.06503486633301,"0km"
11376,2008,7.31019020080566,8.06503486633301,"0km"
11377,2008,7.31019020080566,8.06503486633301,"0km"
11378,2008,7.31019020080566,8.06503486633301,"0km"
11379,2008,7.31019020080566,8.06503486633301,"0km"
11380,2008,7.31019020080566,8.06503486633301,"0km"
11381,2008,7.31019020080566,8.06503486633301,"0km"
11382,2008,7.31019020080566,8.06503486633301,"0km"
11383,2008,7.31019020080566,8.06503486633301,"0km"
11384,2008,7.31019020080566,8.06503486633301,"0km"
11385,2008,7.31019020080566,8.06503486633301,"0km"
11386,2018,NA,NA,"15km"
11387,2018,NA,NA,"15km"
11388,2018,NA,NA,"15km"
11389,2018,NA,NA,"15km"
11390,2018,NA,NA,"15km"
11391,2018,NA,NA,"15km"
11392,2018,NA,NA,"15km"
11393,2018,NA,NA,"15km"
11394,2018,NA,NA,"15km"
11395,2018,NA,NA,"15km"
11396,2018,NA,NA,"15km"
11397,2018,NA,NA,"15km"
11398,2018,NA,NA,"15km"
11399,2018,NA,NA,"15km"
11400,2018,NA,NA,"15km"
11401,2018,NA,NA,"15km"
11402,2018,NA,NA,"15km"
11403,2018,NA,NA,"15km"
11404,2018,NA,NA,"15km"
11405,2018,NA,NA,"15km"
11406,2018,NA,NA,"15km"
11407,2018,NA,NA,"15km"
11408,2018,NA,NA,"15km"
11409,2018,NA,NA,"15km"
11410,2018,NA,NA,"15km"
11411,2018,NA,NA,"15km"
11412,2018,NA,NA,"15km"
11413,2018,NA,NA,"15km"
11414,2018,NA,NA,"15km"
11415,2018,NA,NA,"15km"
11416,2018,NA,NA,"15km"
11417,2018,NA,NA,"15km"
11418,2018,NA,NA,"15km"
11419,2018,NA,NA,"15km"
11420,2018,NA,NA,"15km"
11421,2018,NA,NA,"15km"
11422,2018,NA,NA,"15km"
11423,2018,NA,NA,"15km"
11424,2018,NA,NA,"15km"
11425,2018,NA,NA,"15km"
11426,2018,NA,NA,"15km"
11427,2018,NA,NA,"15km"
11428,2018,NA,NA,"15km"
11429,2018,NA,NA,"15km"
11430,2018,NA,NA,"15km"
11431,2018,NA,NA,"15km"
11432,2018,NA,NA,"15km"
11433,2018,NA,NA,"15km"
11434,2018,NA,NA,"15km"
11435,2018,NA,NA,"15km"
11436,2018,NA,NA,"15km"
11437,2018,NA,NA,"15km"
11438,2018,NA,NA,"15km"
11439,2018,NA,NA,"15km"
11440,2018,NA,NA,"15km"
11441,2018,NA,NA,"15km"
11442,2018,NA,NA,"15km"
11443,2018,NA,NA,"15km"
11444,2018,NA,NA,"15km"
11445,2018,NA,NA,"15km"
11446,2018,NA,NA,"15km"
11447,2018,NA,NA,"15km"
11448,2018,NA,NA,"15km"
11449,2018,NA,NA,"15km"
11450,2018,NA,NA,"15km"
11451,2018,NA,NA,"15km"
11452,2018,NA,NA,"15km"
11453,2018,NA,NA,"15km"
11454,2018,NA,NA,"15km"
11455,2018,NA,NA,"15km"
11456,2018,NA,NA,"15km"
11457,2018,NA,NA,"15km"
11458,2018,NA,NA,"15km"
11459,2018,NA,NA,"15km"
11460,2018,NA,NA,"15km"
11461,2018,NA,NA,"15km"
11462,2018,NA,NA,"15km"
11463,2018,NA,NA,"15km"
11464,2018,NA,NA,"15km"
11465,2018,NA,NA,"15km"
11466,2018,NA,NA,"15km"
11467,2018,NA,NA,"15km"
11468,2018,NA,NA,"15km"
11469,2018,NA,NA,"15km"
11470,2018,NA,NA,"15km"
11471,2018,NA,NA,"15km"
11472,2018,NA,NA,"15km"
11473,2018,NA,NA,"15km"
11474,2018,NA,NA,"15km"
11475,2018,NA,NA,"15km"
11476,2018,NA,NA,"15km"
11477,2018,NA,NA,"15km"
11478,2018,NA,NA,"15km"
11479,2018,NA,NA,"15km"
11480,2018,NA,NA,"15km"
11481,2018,NA,NA,"15km"
11482,2018,NA,NA,"15km"
11483,2018,NA,NA,"15km"
11484,2018,NA,NA,"15km"
11485,2018,NA,NA,"15km"
11486,2018,8.08072185516357,8.48985290527344,"10km"
11487,2018,8.08072185516357,8.48985290527344,"10km"
11488,2018,8.08072185516357,8.48985290527344,"10km"
11489,2018,8.08072185516357,8.48985290527344,"10km"
11490,2018,8.08072185516357,8.48985290527344,"10km"
11491,2018,8.08072185516357,8.48985290527344,"10km"
11492,2018,8.08072185516357,8.48985290527344,"10km"
11493,2018,8.08072185516357,8.48985290527344,"10km"
11494,2018,8.08072185516357,8.48985290527344,"10km"
11495,2018,8.08072185516357,8.48985290527344,"10km"
11496,2018,8.08072185516357,8.48985290527344,"10km"
11497,2018,8.08072185516357,8.48985290527344,"10km"
11498,2018,8.08072185516357,8.48985290527344,"10km"
11499,2018,8.08072185516357,8.48985290527344,"10km"
11500,2018,8.08072185516357,8.48985290527344,"10km"
11501,2018,8.08072185516357,8.48985290527344,"10km"
11502,2018,8.08072185516357,8.48985290527344,"10km"
11503,2018,8.08072185516357,8.48985290527344,"10km"
11504,2018,8.08072185516357,8.48985290527344,"10km"
11505,2018,8.08072185516357,8.48985290527344,"10km"
11506,2018,8.08072185516357,8.48985290527344,"10km"
11507,2018,8.08072185516357,8.48985290527344,"10km"
11508,2018,8.08072185516357,8.48985290527344,"10km"
11509,2018,8.08072185516357,8.48985290527344,"10km"
11510,2018,8.08072185516357,8.48985290527344,"10km"
11511,2018,8.08072185516357,8.48985290527344,"10km"
11512,2018,8.08072185516357,8.48985290527344,"10km"
11513,2018,8.08072185516357,8.48985290527344,"10km"
11514,2018,8.08072185516357,8.48985290527344,"10km"
11515,2018,8.08072185516357,8.48985290527344,"10km"
11516,2018,8.08072185516357,8.48985290527344,"10km"
11517,2018,8.08072185516357,8.48985290527344,"10km"
11518,2018,8.08072185516357,8.48985290527344,"10km"
11519,2018,8.08072185516357,8.48985290527344,"10km"
11520,2018,8.08072185516357,8.48985290527344,"10km"
11521,2018,8.08072185516357,8.48985290527344,"10km"
11522,2018,8.08072185516357,8.48985290527344,"10km"
11523,2018,8.08072185516357,8.48985290527344,"10km"
11524,2018,8.08072185516357,8.48985290527344,"10km"
11525,2018,8.08072185516357,8.48985290527344,"10km"
11526,2018,8.08072185516357,8.48985290527344,"10km"
11527,2018,8.08072185516357,8.48985290527344,"10km"
11528,2018,8.08072185516357,8.48985290527344,"10km"
11529,2018,8.08072185516357,8.48985290527344,"10km"
11530,2018,8.08072185516357,8.48985290527344,"10km"
11531,2018,8.08072185516357,8.48985290527344,"10km"
11532,2018,8.08072185516357,8.48985290527344,"10km"
11533,2018,8.08072185516357,8.48985290527344,"10km"
11534,2018,8.08072185516357,8.48985290527344,"10km"
11535,2018,8.08072185516357,8.48985290527344,"10km"
11536,2018,8.08072185516357,8.48985290527344,"10km"
11537,2018,8.08072185516357,8.48985290527344,"10km"
11538,2018,8.08072185516357,8.48985290527344,"10km"
11539,2018,8.08072185516357,8.48985290527344,"10km"
11540,2018,8.08072185516357,8.48985290527344,"10km"
11541,2018,8.08072185516357,8.48985290527344,"10km"
11542,2018,8.08072185516357,8.48985290527344,"10km"
11543,2018,8.08072185516357,8.48985290527344,"10km"
11544,2018,8.08072185516357,8.48985290527344,"10km"
11545,2018,8.08072185516357,8.48985290527344,"10km"
11546,2018,8.08072185516357,8.48985290527344,"10km"
11547,2018,8.08072185516357,8.48985290527344,"10km"
11548,2018,8.08072185516357,8.48985290527344,"10km"
11549,2018,8.08072185516357,8.48985290527344,"10km"
11550,2018,8.08072185516357,8.48985290527344,"10km"
11551,2018,8.08072185516357,8.48985290527344,"10km"
11552,2018,8.08072185516357,8.48985290527344,"10km"
11553,2018,8.08072185516357,8.48985290527344,"10km"
11554,2018,8.08072185516357,8.48985290527344,"10km"
11555,2018,8.08072185516357,8.48985290527344,"10km"
11556,2018,8.08072185516357,8.48985290527344,"10km"
11557,2018,8.08072185516357,8.48985290527344,"10km"
11558,2018,8.08072185516357,8.48985290527344,"10km"
11559,2018,8.08072185516357,8.48985290527344,"10km"
11560,2018,8.08072185516357,8.48985290527344,"10km"
11561,2018,8.08072185516357,8.48985290527344,"10km"
11562,2018,8.08072185516357,8.48985290527344,"10km"
11563,2018,8.08072185516357,8.48985290527344,"10km"
11564,2018,8.39210224151611,10.877254486084,"10km"
11565,2018,8.39210224151611,10.877254486084,"10km"
11566,2018,8.39210224151611,10.877254486084,"10km"
11567,2018,8.39210224151611,10.877254486084,"10km"
11568,2018,8.39210224151611,10.877254486084,"10km"
11569,2018,8.39210224151611,10.877254486084,"10km"
11570,2018,8.39210224151611,10.877254486084,"10km"
11571,2018,8.39210224151611,10.877254486084,"10km"
11572,2018,8.39210224151611,10.877254486084,"10km"
11573,2018,8.39210224151611,10.877254486084,"10km"
11574,2018,8.39210224151611,10.877254486084,"10km"
11575,2018,8.39210224151611,10.877254486084,"10km"
11576,2018,8.39210224151611,10.877254486084,"10km"
11577,2018,8.39210224151611,10.877254486084,"10km"
11578,2018,8.39210224151611,10.877254486084,"10km"
11579,2018,8.39210224151611,10.877254486084,"10km"
11580,2018,8.39210224151611,10.877254486084,"10km"
11581,2018,8.39210224151611,10.877254486084,"10km"
11582,2018,8.39210224151611,10.877254486084,"10km"
11583,2018,8.39210224151611,10.877254486084,"10km"
11584,2018,8.39210224151611,10.877254486084,"10km"
11585,2018,8.39210224151611,10.877254486084,"10km"
11586,2018,8.39210224151611,10.877254486084,"10km"
11587,2018,8.39210224151611,10.877254486084,"10km"
11588,2018,8.39210224151611,10.877254486084,"10km"
11589,2018,8.39210224151611,10.877254486084,"10km"
11590,2018,8.39210224151611,10.877254486084,"10km"
11591,2018,8.39210224151611,10.877254486084,"10km"
11592,2018,8.39210224151611,10.877254486084,"10km"
11593,2018,8.39210224151611,10.877254486084,"10km"
11594,2018,8.39210224151611,10.877254486084,"10km"
11595,2018,8.08072185516357,8.48985290527344,"15km"
11596,2018,8.08072185516357,8.48985290527344,"15km"
11597,2018,8.08072185516357,8.48985290527344,"15km"
11598,2018,8.08072185516357,8.48985290527344,"15km"
11599,2018,8.08072185516357,8.48985290527344,"15km"
11600,2018,8.08072185516357,8.48985290527344,"15km"
11601,2018,8.08072185516357,8.48985290527344,"15km"
11602,2018,8.08072185516357,8.48985290527344,"15km"
11603,2018,8.08072185516357,8.48985290527344,"15km"
11604,2018,8.08072185516357,8.48985290527344,"15km"
11605,2018,8.08072185516357,8.48985290527344,"15km"
11606,2018,8.08072185516357,8.48985290527344,"15km"
11607,2018,8.08072185516357,8.48985290527344,"15km"
11608,2018,8.08072185516357,8.48985290527344,"15km"
11609,2018,8.08072185516357,8.48985290527344,"15km"
11610,2018,8.08072185516357,8.48985290527344,"15km"
11611,2018,8.08072185516357,8.48985290527344,"15km"
11612,2018,8.08072185516357,8.48985290527344,"15km"
11613,2018,8.08072185516357,8.48985290527344,"15km"
11614,2018,8.08072185516357,8.48985290527344,"15km"
11615,2018,8.08072185516357,8.48985290527344,"15km"
11616,2018,NA,NA,"15km"
11617,2018,NA,NA,"15km"
11618,2018,NA,NA,"15km"
11619,2018,8.08072185516357,8.48985290527344,"0km"
11620,2018,8.08072185516357,8.48985290527344,"0km"
11621,2018,8.08072185516357,8.48985290527344,"0km"
11622,2018,8.08072185516357,8.48985290527344,"0km"
11623,2018,8.08072185516357,8.48985290527344,"0km"
11624,2018,8.08072185516357,8.48985290527344,"0km"
11625,2018,8.08072185516357,8.48985290527344,"0km"
11626,2018,8.08072185516357,8.48985290527344,"0km"
11627,2018,8.08072185516357,8.48985290527344,"0km"
11628,2018,8.08072185516357,8.48985290527344,"0km"
11629,2018,8.08072185516357,8.48985290527344,"0km"
11630,2018,8.08072185516357,8.48985290527344,"0km"
11631,2018,8.08072185516357,8.48985290527344,"0km"
11632,2018,8.08072185516357,8.48985290527344,"0km"
11633,2018,8.08072185516357,8.48985290527344,"0km"
11634,2018,8.08072185516357,8.48985290527344,"0km"
11635,2018,8.08072185516357,8.48985290527344,"0km"
11636,2018,8.08072185516357,8.48985290527344,"0km"
11637,2018,8.08072185516357,8.48985290527344,"0km"
11638,2018,8.08072185516357,8.48985290527344,"0km"
11639,2018,8.08072185516357,8.48985290527344,"0km"
11640,2018,8.08072185516357,8.48985290527344,"0km"
11641,2018,8.08072185516357,8.48985290527344,"0km"
11642,2018,8.08072185516357,8.48985290527344,"0km"
11643,2018,8.08072185516357,8.48985290527344,"0km"
11644,2018,8.08072185516357,8.48985290527344,"0km"
11645,2018,8.08072185516357,8.48985290527344,"0km"
11646,2018,8.08072185516357,8.48985290527344,"0km"
11647,2018,8.08072185516357,8.48985290527344,"0km"
11648,2018,8.08072185516357,8.48985290527344,"0km"
11649,2018,8.08072185516357,8.48985290527344,"0km"
11650,2018,8.08072185516357,8.48985290527344,"0km"
11651,2018,8.08072185516357,8.48985290527344,"0km"
11652,2018,8.08072185516357,8.48985290527344,"0km"
11653,2018,8.08072185516357,8.48985290527344,"0km"
11654,2018,8.08072185516357,8.48985290527344,"0km"
11655,2018,8.38935542106628,11.0301523208618,"10km"
11656,2018,8.38935542106628,11.0301523208618,"10km"
11657,2018,8.38935542106628,11.0301523208618,"10km"
11658,2018,8.27825800577799,10.1769158045451,"10km"
11659,2018,8.27825800577799,10.1769158045451,"10km"
11660,2018,8.27825800577799,10.1769158045451,"10km"
11661,2018,8.27825800577799,10.1769158045451,"10km"
11662,2018,8.27825800577799,10.1769158045451,"10km"
11663,2018,8.27825800577799,10.1769158045451,"10km"
11664,2018,8.27825800577799,10.1769158045451,"10km"
11665,2018,8.39210224151611,10.877254486084,"10km"
11666,2018,8.39210224151611,10.877254486084,"10km"
11667,2018,8.39210224151611,10.877254486084,"10km"
11668,2018,8.39210224151611,10.877254486084,"10km"
11669,2018,8.39210224151611,10.877254486084,"10km"
11670,2018,8.39210224151611,10.877254486084,"10km"
11671,2018,8.39210224151611,10.877254486084,"10km"
11672,2018,8.08072185516357,8.48985290527344,"10km"
11673,2018,8.08072185516357,8.48985290527344,"10km"
11674,2018,8.08072185516357,8.48985290527344,"10km"
11675,2018,8.08072185516357,8.48985290527344,"10km"
11676,2018,8.08072185516357,8.48985290527344,"10km"
11677,2018,8.08072185516357,8.48985290527344,"10km"
11678,2018,8.08072185516357,8.48985290527344,"10km"
11679,2018,8.06564569473267,8.63304567337036,"15km"
11680,2018,8.06564569473267,8.63304567337036,"15km"
11681,2018,8.06564569473267,8.63304567337036,"15km"
11682,2018,8.08072185516357,8.48985290527344,"15km"
11683,2018,8.08072185516357,8.48985290527344,"15km"
11684,2018,8.08072185516357,8.48985290527344,"15km"
11685,2018,8.08072185516357,8.48985290527344,"15km"
11686,2018,8.08072185516357,8.48985290527344,"15km"
11687,2018,8.08072185516357,8.48985290527344,"15km"
11688,2018,8.08072185516357,8.48985290527344,"15km"
11689,2018,8.08072185516357,8.48985290527344,"15km"
11690,2018,8.08072185516357,8.48985290527344,"15km"
11691,2018,8.08072185516357,8.48985290527344,"15km"
11692,2018,8.08072185516357,8.48985290527344,"15km"
11693,2018,8.08072185516357,8.48985290527344,"15km"
11694,2018,8.08072185516357,8.48985290527344,"15km"
11695,2018,8.08072185516357,8.48985290527344,"15km"
11696,2018,8.08072185516357,8.48985290527344,"15km"
11697,2018,8.08072185516357,8.48985290527344,"15km"
11698,2018,8.08072185516357,8.48985290527344,"15km"
11699,2018,8.08072185516357,8.48985290527344,"15km"
11700,2018,8.08072185516357,8.48985290527344,"15km"
11701,2018,8.08072185516357,8.48985290527344,"15km"
11702,2018,8.08072185516357,8.48985290527344,"15km"
11703,2018,8.08072185516357,8.48985290527344,"15km"
11704,2018,8.08072185516357,8.48985290527344,"15km"
11705,2018,8.08072185516357,8.48985290527344,"15km"
11706,2018,8.08072185516357,8.48985290527344,"15km"
11707,2018,8.08072185516357,8.48985290527344,"15km"
11708,2018,8.08072185516357,8.48985290527344,"15km"
11709,2018,8.08072185516357,8.48985290527344,"15km"
11710,2018,8.3223876953125,10.4010438919067,"10km"
11711,2018,8.3223876953125,10.4010438919067,"10km"
11712,2018,8.3223876953125,10.4010438919067,"10km"
11713,2018,8.3223876953125,10.4010438919067,"10km"
11714,2018,8.3223876953125,10.4010438919067,"10km"
11715,2018,8.3223876953125,10.4010438919067,"10km"
11716,2018,8.3223876953125,10.4010438919067,"10km"
11717,2018,8.3223876953125,10.4010438919067,"10km"
11718,2018,8.3223876953125,10.4010438919067,"10km"
11719,2018,8.3223876953125,10.4010438919067,"10km"
11720,2018,8.3223876953125,10.4010438919067,"10km"
11721,2018,8.3223876953125,10.4010438919067,"10km"
11722,2018,8.3223876953125,10.4010438919067,"10km"
11723,2018,8.3223876953125,10.4010438919067,"10km"
11724,2018,8.3223876953125,10.4010438919067,"10km"
11725,2018,8.3223876953125,10.4010438919067,"10km"
11726,2018,8.3223876953125,10.4010438919067,"10km"
11727,2018,8.3223876953125,10.4010438919067,"10km"
11728,2018,8.3223876953125,10.4010438919067,"10km"
11729,2018,8.3223876953125,10.4010438919067,"10km"
11730,2018,8.3223876953125,10.4010438919067,"10km"
11731,2018,8.3223876953125,10.4010438919067,"10km"
11732,2018,8.3223876953125,10.4010438919067,"10km"
11733,2018,8.3223876953125,10.4010438919067,"10km"
11734,2018,8.3223876953125,10.4010438919067,"10km"
11735,2018,8.3223876953125,10.4010438919067,"10km"
11736,2018,8.3223876953125,10.4010438919067,"10km"
11737,2018,8.3223876953125,10.4010438919067,"10km"
11738,2018,8.3223876953125,10.4010438919067,"10km"
11739,2018,8.3223876953125,10.4010438919067,"10km"
11740,2018,8.3223876953125,10.4010438919067,"10km"
11741,2018,8.3223876953125,10.4010438919067,"10km"
11742,2018,8.3223876953125,10.4010438919067,"10km"
11743,2018,8.3223876953125,10.4010438919067,"10km"
11744,2018,8.3223876953125,10.4010438919067,"10km"
11745,2018,8.3223876953125,10.4010438919067,"10km"
11746,2018,8.3223876953125,10.4010438919067,"10km"
11747,2018,8.3223876953125,10.4010438919067,"10km"
11748,2018,8.3223876953125,10.4010438919067,"10km"
11749,2018,8.3223876953125,10.4010438919067,"10km"
11750,2018,8.3223876953125,10.4010438919067,"10km"
11751,2018,8.3223876953125,10.4010438919067,"10km"
11752,2018,8.3223876953125,10.4010438919067,"10km"
11753,2018,8.3223876953125,10.4010438919067,"10km"
11754,2018,8.3223876953125,10.4010438919067,"10km"
11755,2018,8.3223876953125,10.4010438919067,"10km"
11756,2018,8.3223876953125,10.4010438919067,"10km"
11757,2018,8.3223876953125,10.4010438919067,"10km"
11758,2018,8.3223876953125,10.4010438919067,"10km"
11759,2018,8.67766380310059,11.3126928806305,"10km"
11760,2018,8.67766380310059,11.3126928806305,"10km"
11761,2018,8.05056953430176,8.77623844146729,"0km"
11762,2018,8.05056953430176,8.77623844146729,"0km"
11763,2018,8.05056953430176,8.77623844146729,"0km"
11764,2018,8.05056953430176,8.77623844146729,"0km"
11765,2018,8.05056953430176,8.77623844146729,"0km"
11766,2018,8.05056953430176,8.77623844146729,"0km"
11767,2018,8.05056953430176,8.77623844146729,"0km"
11768,2018,8.08072185516357,8.48985290527344,"0km"
11769,2018,8.50228404998779,11.7814569473267,"10km"
11770,2018,8.38935542106628,11.0301523208618,"10km"
11771,2018,8.38935542106628,11.0301523208618,"10km"
11772,2018,8.38935542106628,11.0301523208618,"10km"
11773,2018,8.70348262786865,13.2646560668945,"0km"
11774,2018,8.70348262786865,13.2646560668945,"0km"
11775,2018,8.70348262786865,13.2646560668945,"0km"
11776,2018,8.70348262786865,13.2646560668945,"0km"
11777,2018,9.69698143005371,14.5742664337158,"0km"
11778,2018,9.69698143005371,14.5742664337158,"0km"
11779,2018,9.69698143005371,14.5742664337158,"0km"
11780,2018,9.69698143005371,14.5742664337158,"0km"
11781,2018,9.69698143005371,14.5742664337158,"0km"
11782,2018,9.69698143005371,14.5742664337158,"0km"
11783,2018,9.69698143005371,14.5742664337158,"0km"
11784,2018,9.69698143005371,14.5742664337158,"0km"
11785,2018,8.36002731323242,11.3222141265869,"0km"
11786,2018,8.36002731323242,11.3222141265869,"0km"
11787,2018,8.36002731323242,11.3222141265869,"0km"
11788,2018,8.36002731323242,11.3222141265869,"0km"
11789,2018,8.36002731323242,11.3222141265869,"0km"
11790,2018,8.72264766693115,13.589861869812,"0km"
11791,2018,8.72264766693115,13.589861869812,"0km"
11792,2018,8.72264766693115,13.589861869812,"0km"
11793,2018,8.72264766693115,13.589861869812,"0km"
11794,2018,8.72264766693115,13.589861869812,"0km"
11795,2018,8.70348262786865,13.2646560668945,"0km"
11796,2018,8.89513874053955,13.9216594696045,"0km"
11797,2018,8.89513874053955,13.9216594696045,"0km"
11798,2018,8.70348262786865,13.2646560668945,"0km"
11799,2018,8.70348262786865,13.2646560668945,"0km"
11800,2018,8.70348262786865,13.2646560668945,"0km"
11801,2018,8.70348262786865,13.2646560668945,"0km"
11802,2018,8.70348262786865,13.2646560668945,"0km"
11803,2018,8.70348262786865,13.2646560668945,"0km"
11804,2018,8.70348262786865,13.2646560668945,"0km"
11805,2018,8.70348262786865,13.2646560668945,"0km"
11806,2018,8.70348262786865,13.2646560668945,"0km"
11807,2018,8.70348262786865,13.2646560668945,"0km"
11808,2018,9.09973430633545,11.7616806030273,"0km"
11809,2018,9.38557052612305,13.6162300109863,"0km"
11810,2018,9.38557052612305,13.6162300109863,"0km"
11811,2018,9.38557052612305,13.6162300109863,"0km"
11812,2018,9.38557052612305,13.6162300109863,"0km"
11813,2018,9.38557052612305,13.6162300109863,"0km"
11814,2018,9.38557052612305,13.6162300109863,"0km"
11815,2018,9.38557052612305,13.6162300109863,"0km"
11816,2018,9.38557052612305,13.6162300109863,"0km"
11817,2018,8.89513874053955,13.9216594696045,"0km"
11818,2018,8.89513874053955,13.9216594696045,"0km"
11819,2018,8.89513874053955,13.9216594696045,"0km"
11820,2018,8.89513874053955,13.9216594696045,"0km"
11821,2018,8.89513874053955,13.9216594696045,"0km"
11822,2018,8.89513874053955,13.9216594696045,"0km"
11823,2018,9.07690620422363,14.0395822525024,"0km"
11824,2018,9.07690620422363,14.0395822525024,"0km"
11825,2018,9.07690620422363,14.0395822525024,"0km"
11826,2018,9.07690620422363,14.0395822525024,"0km"
11827,2018,9.07690620422363,14.0395822525024,"0km"
11828,2018,9.07690620422363,14.0395822525024,"0km"
11829,2018,9.07690620422363,14.0395822525024,"0km"
11830,2018,9.07690620422363,14.0395822525024,"0km"
11831,2018,10.0944547653198,15.7234716415405,"0km"
11832,2018,10.0944547653198,15.7234716415405,"0km"
11833,2018,10.0944547653198,15.7234716415405,"0km"
11834,2018,10.0944547653198,15.7234716415405,"0km"
11835,2018,10.0944547653198,15.7234716415405,"0km"
11836,2018,10.0944547653198,15.7234716415405,"0km"
11837,2018,10.0944547653198,15.7234716415405,"0km"
11838,2018,10.0944547653198,15.7234716415405,"0km"
11839,2018,10.1047086715698,15.6993007659912,"0km"
11840,2018,10.1047086715698,15.6993007659912,"0km"
11841,2018,10.1047086715698,15.6993007659912,"0km"
11842,2018,9.61220169067383,14.3882255554199,"0km"
11843,2018,9.61220169067383,14.3882255554199,"0km"
11844,2018,9.61220169067383,14.3882255554199,"0km"
11845,2018,8.38047409057617,10.9677114486694,"0km"
11846,2018,9.24024200439453,14.3640556335449,"0km"
11847,2018,9.24024200439453,14.3640556335449,"0km"
11848,2018,9.24024200439453,14.3640556335449,"0km"
11849,2018,9.07690620422363,14.0395822525024,"0km"
11850,2018,9.07690620422363,14.0395822525024,"0km"
11851,2018,9.21546077728271,14.4255809783936,"0km"
11852,2018,9.24024200439453,14.3640556335449,"0km"
11853,2018,9.21546077728271,14.4255809783936,"0km"
11854,2018,9.21546077728271,14.4255809783936,"0km"
11855,2018,9.24024200439453,14.3640556335449,"0km"
11856,2018,9.24024200439453,14.3640556335449,"0km"
11857,2018,9.24024200439453,14.3640556335449,"0km"
11858,2018,9.24024200439453,14.3640556335449,"0km"
11859,2018,9.07690620422363,14.0395822525024,"0km"
11860,2018,9.07690620422363,14.0395822525024,"0km"
11861,2018,9.07690620422363,14.0395822525024,"0km"
11862,2018,9.61220169067383,14.3882255554199,"0km"
11863,2018,9.38557052612305,13.6162300109863,"0km"
11864,2018,8.51707553863525,10.4337596893311,"0km"
11865,2018,9.90206623077393,14.8152408599854,"0km"
11866,2018,9.90206623077393,14.8152408599854,"0km"
11867,2018,9.90206623077393,14.8152408599854,"0km"
11868,2018,10.1006803512573,15.8589735031128,"0km"
11869,2018,10.1006803512573,15.8589735031128,"0km"
11870,2018,10.1006803512573,15.8589735031128,"0km"
11871,2018,9.90206623077393,14.8152408599854,"0km"
11872,2018,9.90206623077393,14.8152408599854,"0km"
11873,2018,9.90206623077393,14.8152408599854,"0km"
11874,2018,9.90206623077393,14.8152408599854,"0km"
11875,2018,9.90206623077393,14.8152408599854,"0km"
11876,2018,9.90206623077393,14.8152408599854,"0km"
11877,2018,9.90206623077393,14.8152408599854,"0km"
11878,2018,9.90206623077393,14.8152408599854,"0km"
11879,2018,9.90206623077393,14.8152408599854,"0km"
11880,2018,9.90206623077393,14.8152408599854,"0km"
11881,2018,9.90206623077393,14.8152408599854,"0km"
11882,2018,9.90206623077393,14.8152408599854,"0km"
11883,2018,9.90206623077393,14.8152408599854,"0km"
11884,2018,9.90206623077393,14.8152408599854,"0km"
11885,2018,9.90206623077393,14.8152408599854,"0km"
11886,2018,9.90206623077393,14.8152408599854,"0km"
11887,2018,9.90206623077393,14.8152408599854,"0km"
11888,2018,10.1006803512573,15.8589735031128,"0km"
11889,2018,10.1006803512573,15.8589735031128,"0km"
11890,2018,10.0324411392212,15.6634111404419,"0km"
11891,2018,10.0324411392212,15.6634111404419,"0km"
11892,1981,NA,NA,"15km"
11893,1981,NA,NA,"15km"
11894,1981,NA,NA,"15km"
11895,1981,NA,NA,"15km"
11896,1981,NA,NA,"15km"
11897,1981,NA,NA,"15km"
11898,1990,NA,NA,"0km"
11899,1990,NA,NA,"0km"
11900,1990,NA,NA,"0km"
11901,1990,NA,NA,"0km"
11902,1990,NA,NA,"0km"
11903,1990,NA,NA,"0km"
11904,1990,NA,NA,"0km"
11905,1990,NA,NA,"0km"
11906,1990,NA,NA,"0km"
11907,1990,NA,NA,"0km"
11908,1990,NA,NA,"0km"
11909,1990,NA,NA,"0km"
11910,1990,NA,NA,"0km"
11911,1990,NA,NA,"0km"
11912,1990,NA,NA,"10km"
11913,1990,NA,NA,"0km"
11914,1990,NA,NA,"0km"
11915,1990,NA,NA,"0km"
11916,1990,NA,NA,"0km"
11917,1990,NA,NA,"0km"
11918,1990,NA,NA,"0km"
11919,1990,NA,NA,"0km"
11920,1990,NA,NA,"0km"
11921,1990,NA,NA,"0km"
11922,1990,NA,NA,"0km"
11923,1991,NA,NA,"0km"
11924,1991,NA,NA,"0km"
11925,1992,NA,NA,"10km"
11926,1992,NA,NA,"0km"
11927,1992,NA,NA,"0km"
11928,1995,6.94177055358887,9.54237461090088,"0km"
11929,1995,7.22583675384521,9.48744201660156,"0km"
11930,1995,7.22583675384521,9.48744201660156,"0km"
11931,1996,7.99124097824097,10.8527173995972,"0km"
11932,1999,9.87795639038086,16.1783199310303,"0km"
11933,1999,7.49903869628906,9.75258636474609,"0km"
11934,1999,9.87795639038086,16.1783199310303,"0km"
11935,1999,9.87795639038086,16.1783199310303,"0km"
11936,1999,6.98773145675659,8.08554363250732,"0km"
11937,1999,7.49903869628906,9.75258636474609,"0km"
11938,1999,10.5146331787109,18.9872436523438,"0km"
11939,2000,9.01306200027466,12.660756111145,"10km"
11940,2000,9.01306200027466,12.660756111145,"10km"
11941,2000,9.27735233306885,13.1013212203979,"10km"
11942,2000,9.27735233306885,13.1013212203979,"10km"
11943,2002,9.12634658813477,14.3618583679199,"0km"
11944,2002,10.0187692642212,18.7499313354492,"0km"
11945,2002,10.3987245559692,20.9077129364014,"0km"
11946,2003,8.6216926574707,11.9001131057739,"0km"
11947,2003,10.2875757217407,19.1901302337646,"0km"
11948,2003,9.50447082519531,14.5259256362915,"0km"
11949,2004,9.89980792999268,16.5811634063721,"0km"
11950,2004,10.1269264221191,18.1778926849365,"0km"
11951,2004,10.1269264221191,18.1778926849365,"0km"
11952,2004,10.1269264221191,18.1778926849365,"0km"
11953,2004,9.89980792999268,16.5811634063721,"0km"
11954,2004,9.89980792999268,16.5811634063721,"0km"
11955,2004,9.89980792999268,16.5811634063721,"0km"
11956,2004,9.89980792999268,16.5811634063721,"0km"
11957,2004,9.89980792999268,16.5811634063721,"0km"
11958,2004,9.79494571685791,16.3313999176025,"0km"
11959,2004,9.79494571685791,16.3313999176025,"0km"
11960,2004,9.79494571685791,16.3313999176025,"0km"
11961,2004,9.79494571685791,16.3313999176025,"0km"
11962,2004,9.79494571685791,16.3313999176025,"0km"
11963,2004,9.79494571685791,16.3313999176025,"0km"
11964,2004,9.79494571685791,16.3313999176025,"0km"
11965,2004,9.79494571685791,16.3313999176025,"0km"
11966,2004,9.79494571685791,16.3313999176025,"0km"
11967,2004,9.79494571685791,16.3313999176025,"0km"
11968,2004,9.79494571685791,16.3313999176025,"0km"
11969,2004,9.80288124084473,17.0865497589111,"0km"
11970,2004,9.80288124084473,17.0865497589111,"0km"
11971,2004,9.80288124084473,17.0865497589111,"0km"
11972,2004,9.80288124084473,17.0865497589111,"0km"
11973,2004,9.80288124084473,17.0865497589111,"0km"
11974,2004,9.80288124084473,17.0865497589111,"0km"
11975,2004,9.80288124084473,17.0865497589111,"0km"
11976,2004,9.79494571685791,16.3313999176025,"0km"
11977,2004,9.79494571685791,16.3313999176025,"0km"
11978,2004,9.79494571685791,16.3313999176025,"0km"
11979,2004,9.79494571685791,16.3313999176025,"0km"
11980,2004,9.89980792999268,16.5811634063721,"0km"
11981,2004,9.89980792999268,16.5811634063721,"0km"
11982,2004,10.1269264221191,18.1778926849365,"0km"
11983,2004,10.1269264221191,18.1778926849365,"0km"
11984,2004,10.1269264221191,18.1778926849365,"0km"
11985,2004,10.0899381637573,18.8854331970215,"0km"
11986,2004,10.0899381637573,18.8854331970215,"0km"
11987,2004,10.0899381637573,18.8854331970215,"0km"
11988,2004,9.50929260253906,16.2164058685303,"0km"
11989,2004,9.50929260253906,16.2164058685303,"0km"
11990,2004,9.50929260253906,16.2164058685303,"0km"
11991,2004,10.2715845108032,19.7006435394287,"0km"
11992,2004,10.2715845108032,19.7006435394287,"0km"
11993,2004,10.2715845108032,19.7006435394287,"0km"
11994,2004,9.44331169128418,15.6795253753662,"0km"
11995,2004,9.90920734405518,16.6558723449707,"0km"
11996,2004,9.30127906799316,14.6335945129395,"0km"
11997,2004,9.56709480285645,15.8597068786621,"0km"
11998,2004,9.56709480285645,15.8597068786621,"0km"
11999,2004,8.16202259063721,10.4550008773804,"0km"
12000,2004,9.90920734405518,16.6558723449707,"0km"
12001,2004,9.90920734405518,16.6558723449707,"0km"
12002,2004,9.04097628593445,13.9310585657756,"10km"
12003,2004,9.30127906799316,14.6335945129395,"0km"
12004,2004,8.49516296386719,11.6847743988037,"0km"
12005,2004,8.49516296386719,11.6847743988037,"0km"
12006,2004,8.49516296386719,11.6847743988037,"0km"
12007,2004,8.49516296386719,11.6847743988037,"0km"
12008,2004,9.95632839202881,17.0191650390625,"0km"
12009,2004,9.95632839202881,17.0191650390625,"0km"
12010,2004,8.49516296386719,11.6847743988037,"0km"
12011,2004,9.95632839202881,17.0191650390625,"0km"
12012,2004,8.94909477233887,13.8301038742065,"0km"
12013,2004,9.66640186309814,15.5769824981689,"0km"
12014,2004,8.94909477233887,13.8301038742065,"0km"
12015,2004,8.94909477233887,13.8301038742065,"0km"
12016,2004,8.94909477233887,13.8301038742065,"0km"
12017,2004,8.94909477233887,13.8301038742065,"0km"
12018,2004,8.94909477233887,13.8301038742065,"0km"
12019,2004,9.44959831237793,16.2310562133789,"0km"
12020,2004,9.62025833129883,16.3335971832275,"0km"
12021,2004,9.57209968566895,16.2947788238525,"0km"
12022,2004,9.57209968566895,16.2947788238525,"0km"
12023,2004,9.57209968566895,16.2947788238525,"0km"
12024,2004,9.57209968566895,16.2947788238525,"0km"
12025,2004,9.57209968566895,16.2947788238525,"0km"
12026,2004,10.0196237564087,19.3644523620605,"0km"
12027,2004,10.0196237564087,19.3644523620605,"0km"
12028,2004,10.0196237564087,19.3644523620605,"0km"
12029,2004,10.0196237564087,19.3644523620605,"0km"
12030,2004,10.0196237564087,19.3644523620605,"0km"
12031,2004,10.0196237564087,19.3644523620605,"0km"
12032,2004,10.1389503479004,20.0082702636719,"0km"
12033,2004,10.1269264221191,18.1778926849365,"0km"
12034,2004,9.80288124084473,17.0865497589111,"0km"
12035,2004,8.96313381195068,14.1055021286011,"0km"
12036,2004,8.96313381195068,14.1055021286011,"0km"
12037,2004,9.50929260253906,16.2164058685303,"0km"
12038,2004,8.16202259063721,10.4550008773804,"0km"
12039,2004,9.95632839202881,17.0191650390625,"0km"
12040,2004,8.49516296386719,11.6847743988037,"0km"
12041,2004,9.95632839202881,17.0191650390625,"0km"
12042,2004,8.94909477233887,13.8301038742065,"0km"
12043,2004,9.62025833129883,16.3335971832275,"0km"
12044,2004,9.62025833129883,16.3335971832275,"0km"
12045,2004,9.44959831237793,16.2310562133789,"0km"
12046,2004,9.62025833129883,16.3335971832275,"0km"
12047,2004,9.72670650482178,16.5943489074707,"0km"
12048,2004,9.72670650482178,16.5943489074707,"0km"
12049,2004,9.72670650482178,16.5943489074707,"0km"
12050,2004,9.57209968566895,16.2947788238525,"0km"
12051,2004,7.31562232971191,7.96249294281006,"0km"
12052,2004,8.96313381195068,14.1055021286011,"0km"
12053,2004,9.50929260253906,16.2164058685303,"0km"
12054,2004,9.44331169128418,15.6795253753662,"0km"
12055,2004,9.95632839202881,17.0191650390625,"0km"
12056,2004,8.94909477233887,13.8301038742065,"0km"
12057,2004,8.94909477233887,13.8301038742065,"0km"
12058,2004,9.60512065887451,16.3182163238525,"0km"
12059,2004,9.60512065887451,16.3182163238525,"0km"
12060,2004,9.60512065887451,16.3182163238525,"0km"
12061,2004,9.72670650482178,16.5943489074707,"0km"
12062,2004,9.50929260253906,16.2164058685303,"0km"
12063,2004,9.50929260253906,16.2164058685303,"0km"
12064,2005,8.33469676971436,10.9376811981201,"0km"
12065,2005,8.60393047332764,11.1749935150146,"0km"
12066,2005,9.92867851257324,14.5149383544922,"0km"
12067,2005,9.92867851257324,14.5149383544922,"0km"
12068,2005,9.01043701171875,12.7556076049805,"0km"
12069,2005,9.01043701171875,12.7556076049805,"0km"
12070,2005,9.01043701171875,12.7556076049805,"0km"
12071,2005,9.01043701171875,12.7556076049805,"0km"
12072,2005,9.01043701171875,12.7556076049805,"0km"
12073,2005,8.23297834396362,9.72988033294678,"15km"
12074,2005,8.23297834396362,9.72988033294678,"15km"
12075,2005,8.23297834396362,9.72988033294678,"15km"
12076,2005,8.23297834396362,9.72988033294678,"15km"
12077,2005,8.23297834396362,9.72988033294678,"15km"
12078,2005,9.0115966796875,12.2787866592407,"0km"
12079,2005,10.2506484985352,14.767632484436,"0km"
12080,2005,9.48432922363281,14.5925779342651,"0km"
12081,2005,8.73436737060547,10.9025239944458,"0km"
12082,2005,9.0115966796875,12.2787866592407,"0km"
12083,2005,9.0115966796875,12.2787866592407,"0km"
12084,2005,9.97970485687256,14.6379890441895,"0km"
12085,2005,8.25797271728516,9.49110412597656,"0km"
12086,2005,8.25797271728516,9.49110412597656,"0km"
12087,2005,8.25797271728516,9.49110412597656,"0km"
12088,2005,9.74941253662109,14.7346725463867,"0km"
12089,2005,9.74941253662109,14.7346725463867,"0km"
12090,2005,9.74941253662109,14.7346725463867,"0km"
12091,2005,9.74941253662109,14.7346725463867,"0km"
12092,2005,9.74941253662109,14.7346725463867,"0km"
12093,2005,9.74941253662109,14.7346725463867,"0km"
12094,2005,9.74941253662109,14.7346725463867,"0km"
12095,2005,8.34861278533936,11.3163547515869,"0km"
12096,2005,9.82583045959473,15.2612991333008,"0km"
12097,2005,7.36622190475464,7.52522373199463,"0km"
12098,2005,7.36622190475464,7.52522373199463,"0km"
12099,2005,9.92867851257324,14.5149383544922,"0km"
12100,2005,9.92867851257324,14.5149383544922,"0km"
12101,2005,9.01043701171875,12.7556076049805,"0km"
12102,2005,8.51025931040446,10.5580307642619,"10km"
12103,2005,8.51025931040446,10.5580307642619,"10km"
12104,2005,9.12091445922852,12.1630601882935,"0km"
12105,2005,9.0115966796875,12.2787866592407,"0km"
12106,2005,10.2506484985352,14.767632484436,"0km"
12107,2005,9.1076078414917,12.7204504013062,"0km"
12108,2005,9.48432922363281,14.5925779342651,"0km"
12109,2005,9.0115966796875,12.2787866592407,"0km"
12110,2005,9.0115966796875,12.2787866592407,"0km"
12111,2005,8.25797271728516,9.49110412597656,"0km"
12112,2005,8.75377678871155,11.5666675567627,"10km"
12113,2005,8.75377678871155,11.5666675567627,"10km"
12114,2005,8.51025931040446,10.5580307642619,"10km"
12115,2005,8.75377678871155,11.5666675567627,"10km"
12116,2005,8.25797271728516,9.49110412597656,"0km"
12117,2005,8.55833625793457,10.4246039390564,"10km"
12118,2005,7.91946172714233,11.3859367370605,"0km"
12119,2005,9.06903266906738,13.2782068252563,"15km"
12120,2005,9.08966318766276,13.5063632329305,"15km"
12121,2005,9.25568389892578,14.0981779098511,"10km"
12122,2005,9.25568389892578,14.0981779098511,"10km"
12123,2005,9.08966318766276,13.5063632329305,"10km"
12124,2005,9.08966318766276,13.5063632329305,"10km"
12125,2005,9.25568389892578,14.0981779098511,"10km"
12126,2005,9.08966318766276,13.5063632329305,"10km"
12127,2005,9.08966318766276,13.5063632329305,"10km"
12128,2005,9.25568389892578,14.0981779098511,"10km"
12129,2005,9.08966318766276,13.5063632329305,"10km"
12130,2005,8.33469676971436,10.9376811981201,"0km"
12131,2005,8.33469676971436,10.9376811981201,"0km"
12132,2005,8.33469676971436,10.9376811981201,"0km"
12133,2005,8.73809051513672,11.7858514785767,"0km"
12134,2005,9.92867851257324,14.5149383544922,"0km"
12135,2005,9.92867851257324,14.5149383544922,"0km"
12136,2005,9.01043701171875,12.7556076049805,"0km"
12137,2005,8.32869958877563,10.8922696113586,"10km"
12138,2005,8.43632316589355,11.4540548324585,"0km"
12139,2005,8.43632316589355,11.4540548324585,"0km"
12140,2005,8.23297834396362,9.72988033294678,"15km"
12141,2005,8.23297834396362,9.72988033294678,"15km"
12142,2005,9.0115966796875,12.2787866592407,"0km"
12143,2005,9.1076078414917,12.7204504013062,"0km"
12144,2005,8.25797271728516,9.49110412597656,"0km"
12145,2005,8.33469676971436,10.9376811981201,"0km"
12146,2005,8.1386456489563,9.98745679855347,"10km"
12147,2005,8.60393047332764,11.1749935150146,"0km"
12148,2005,8.60393047332764,11.1749935150146,"0km"
12149,2005,8.73809051513672,11.7858514785767,"0km"
12150,2005,8.97018361091614,12.5133519172668,"10km"
12151,2005,9.01043701171875,12.7556076049805,"0km"
12152,2005,8.32869958877563,10.8922696113586,"10km"
12153,2005,9.12091445922852,12.1630601882935,"0km"
12154,2005,8.73436737060547,10.9025239944458,"0km"
12155,2005,9.0115966796875,12.2787866592407,"0km"
12156,2005,9.16606140136719,12.4684896469116,"10km"
12157,2005,9.16606140136719,12.4684896469116,"10km"
12158,2005,8.25797271728516,9.49110412597656,"0km"
12159,2005,8.33469676971436,10.9376811981201,"0km"
12160,2005,7.36622190475464,7.52522373199463,"0km"
12161,2005,8.73809051513672,11.7858514785767,"0km"
12162,2005,8.73809051513672,11.7858514785767,"0km"
12163,2005,8.73809051513672,11.7858514785767,"0km"
12164,2005,8.73809051513672,11.7858514785767,"0km"
12165,2005,8.60393047332764,11.1749935150146,"0km"
12166,2005,8.60393047332764,11.1749935150146,"0km"
12167,2005,8.73809051513672,11.7858514785767,"0km"
12168,2005,9.16792526245117,12.8851039886475,"10km"
12169,2005,8.32869958877563,10.8922696113586,"10km"
12170,2005,8.43632316589355,11.4540548324585,"0km"
12171,2005,8.32869958877563,10.8922696113586,"10km"
12172,2005,9.38227462768555,13.2705163955688,"0km"
12173,2005,8.68327903747559,10.8373365402222,"0km"
12174,2005,8.68327903747559,10.8373365402222,"0km"
12175,2005,9.12744522094727,12.4210638999939,"10km"
12176,2005,8.73436737060547,10.9025239944458,"0km"
12177,2005,8.73436737060547,10.9025239944458,"0km"
12178,2005,7.94405937194824,8.47886562347412,"0km"
12179,2005,9.16606140136719,12.4684896469116,"10km"
12180,2005,8.25797271728516,9.49110412597656,"0km"
12181,2006,NA,NA,"15km"
12182,2006,8.87107467651367,11.2114322185516,"10km"
12183,2006,NA,NA,"15km"
12184,2006,NA,NA,"15km"
12185,2006,NA,NA,"15km"
12186,2006,NA,NA,"15km"
12187,2006,8.99867757161458,13.0180667241414,"10km"
12188,2006,9.18121910095215,13.7400124867757,"10km"
12189,2006,NA,NA,"15km"
12190,2006,NA,NA,"15km"
12191,2006,NA,NA,"15km"
12192,2006,NA,NA,"15km"
12193,2006,NA,NA,"15km"
12194,2006,NA,NA,"15km"
12195,2006,9.19638681411743,12.5373392105103,"15km"
12196,2006,NA,NA,"15km"
12197,2006,7.23187971115112,7.60213041305542,"0km"
12198,2006,8.2561571598053,11.071352481842,"10km"
12199,2006,7.9451584815979,9.98403930664062,"0km"
12200,2006,8.60928153991699,11.2340768178304,"10km"
12201,2006,8.32590675354004,9.97488307952881,"15km"
12202,2006,9.82613563537598,15.2642288208008,"0km"
12203,2006,8.40360736846924,10.3744316101074,"0km"
12204,2006,8.91349506378174,12.241614818573,"10km"
12205,2006,8.91349506378174,12.241614818573,"10km"
12206,2006,8.91349506378174,12.241614818573,"10km"
12207,2006,10.2264776229858,18.0211486816406,"0km"
12208,2006,9.51582431793213,15.0086059570312,"0km"
12209,2006,8.79122304916382,11.2841274738312,"15km"
12210,2006,8.78307437896729,12.8947725296021,"10km"
12211,2006,9.23957061767578,14.0805997848511,"15km"
12212,2006,8.78307437896729,12.8947725296021,"10km"
12213,2006,9.26404619216919,14.0192568302155,"10km"
12214,2006,7.75179290771484,8.93810844421387,"10km"
12215,2006,7.80983924865723,9.29480838775635,"0km"
12216,2006,7.75179290771484,8.93810844421387,"10km"
12217,2006,8.67006433010101,11.793359041214,"10km"
12218,2006,7.7699818611145,8.89635944366455,"0km"
12219,2006,9.18121910095215,13.7400124867757,"10km"
12220,2006,8.90466022491455,12.961790561676,"10km"
12221,2006,8.90466022491455,12.961790561676,"10km"
12222,2006,NA,NA,"15km"
12223,2006,NA,NA,"15km"
12224,2006,NA,NA,"15km"
12225,2006,8.09475994110107,10.6432390213013,"0km"
12226,2006,8.26395416259766,10.3385419845581,"0km"
12227,2006,8.26395416259766,10.3385419845581,"0km"
12228,2006,8.45866298675537,13.0808134078979,"0km"
12229,2006,8.45866298675537,13.0808134078979,"0km"
12230,2006,8.12662124633789,11.4408702850342,"0km"
12231,2006,8.12662124633789,11.4408702850342,"0km"
12232,2006,8.08249187469482,10.4725790023804,"0km"
12233,2006,8.08249187469482,10.4725790023804,"0km"
12234,2006,7.23187971115112,7.60213041305542,"0km"
12235,2006,8.07800531387329,10.0339670181274,"10km"
12236,2006,8.10019207000732,10.1459093093872,"0km"
12237,2006,8.10019207000732,10.1459093093872,"0km"
12238,2006,7.9451584815979,9.98403930664062,"0km"
12239,2006,7.9451584815979,9.98403930664062,"0km"
12240,2006,8.32590675354004,9.97488307952881,"10km"
12241,2006,8.60928153991699,11.2340768178304,"10km"
12242,2006,8.60928153991699,11.2340768178304,"10km"
12243,2006,8.41990375518799,10.9992065429688,"15km"
12244,2006,8.32590675354004,9.97488307952881,"15km"
12245,2006,8.41990375518799,10.9992065429688,"10km"
12246,2006,8.32590675354004,9.97488307952881,"15km"
12247,2006,8.38877487182617,10.7450485229492,"0km"
12248,2006,8.40360736846924,10.3744316101074,"0km"
12249,2006,8.40360736846924,10.3744316101074,"0km"
12250,2006,8.36442184448242,9.86391830444336,"0km"
12251,2006,8.61479568481445,11.1881771087646,"0km"
12252,2006,8.36442184448242,9.86391830444336,"0km"
12253,2006,8.38877487182617,10.7450485229492,"0km"
12254,2006,8.38877487182617,10.7450485229492,"0km"
12255,2006,8.38877487182617,10.7450485229492,"0km"
12256,2006,9.1760311126709,13.7524642944336,"0km"
12257,2006,9.1760311126709,13.7524642944336,"0km"
12258,2006,9.1760311126709,13.7524642944336,"0km"
12259,2006,9.95040702819824,14.9624624252319,"0km"
12260,2006,8.64641284942627,12.7651290893555,"0km"
12261,2006,10.2470474243164,16.6785793304443,"0km"
12262,2006,10.2470474243164,16.6785793304443,"0km"
12263,2006,10.752799987793,19.3607902526855,"0km"
12264,2006,8.87107467651367,11.2114322185516,"10km"
12265,2006,8.78307437896729,12.8947725296021,"10km"
12266,2006,7.84810924530029,9.71596431732178,"0km"
12267,2006,7.80983924865723,9.29480838775635,"0km"
12268,2006,7.7699818611145,8.89635944366455,"10km"
12269,2006,8.3333535194397,10.79656346639,"10km"
12270,2006,8.67006433010101,11.793359041214,"10km"
12271,2006,8.99867757161458,13.0180667241414,"10km"
12272,2006,8.99867757161458,13.0180667241414,"10km"
12273,2006,8.99867757161458,13.0180667241414,"10km"
12274,2006,10.0962252616882,16.2142100334167,"10km"
12275,2006,10.0962252616882,16.2142100334167,"10km"
12276,2006,10.0962252616882,16.2142100334167,"10km"
12277,2006,8.30854225158691,11.6935639381409,"10km"
12278,2006,8.30854225158691,11.6935639381409,"10km"
12279,2006,8.09475994110107,10.6432390213013,"0km"
12280,2006,8.92480278015137,11.3881340026855,"0km"
12281,2006,9.25061798095703,14.2838530540466,"10km"
12282,2006,8.45866298675537,13.0808134078979,"10km"
12283,2006,8.45701456069946,12.4917447566986,"10km"
12284,2006,8.71874141693115,14.0937833786011,"10km"
12285,2006,8.07800531387329,10.0339670181274,"10km"
12286,2006,7.23187971115112,7.60213041305542,"0km"
12287,2006,7.23187971115112,7.60213041305542,"0km"
12288,2006,8.07800531387329,10.0339670181274,"10km"
12289,2006,8.08249187469482,10.4725790023804,"0km"
12290,2006,8.07800531387329,10.0339670181274,"10km"
12291,2006,7.9451584815979,9.98403930664062,"0km"
12292,2006,7.9451584815979,9.98403930664062,"0km"
12293,2006,8.32590675354004,9.97488307952881,"10km"
12294,2006,8.32590675354004,9.97488307952881,"15km"
12295,2006,9.11932754516602,14.3010654449463,"0km"
12296,2006,9.11932754516602,14.3010654449463,"0km"
12297,2006,8.40360736846924,10.3744316101074,"0km"
12298,2006,8.40360736846924,10.3744316101074,"0km"
12299,2006,8.40360736846924,10.3744316101074,"0km"
12300,2006,8.40360736846924,10.3744316101074,"0km"
12301,2006,8.38877487182617,10.7450485229492,"0km"
12302,2006,9.95040702819824,14.9624624252319,"0km"
12303,2006,10.2378921508789,17.2000789642334,"0km"
12304,2006,9.71816158294678,15.2869348526001,"0km"
12305,2006,10.0072631835938,16.2585225105286,"10km"
12306,2006,8.97047853469849,11.9616381327311,"10km"
12307,2006,8.51741075515747,11.423291683197,"10km"
12308,2006,7.84810924530029,9.71596431732178,"0km"
12309,2006,7.7699818611145,8.89635944366455,"0km"
12310,2006,7.78991055488586,9.09558391571045,"10km"
12311,2006,7.7699818611145,8.89635944366455,"0km"
12312,2006,7.78991055488586,9.09558391571045,"10km"
12313,2006,7.73598432540894,8.79821157455444,"10km"
12314,2006,7.7699818611145,8.89635944366455,"0km"
12315,2006,7.7699818611145,8.89635944366455,"0km"
12316,2006,7.7699818611145,8.89635944366455,"0km"
12317,2006,7.7699818611145,8.89635944366455,"0km"
12318,2006,9.40333271026611,13.2192449569702,"0km"
12319,2006,10.0962252616882,16.2142100334167,"10km"
12320,2006,8.30854225158691,11.6935639381409,"10km"
12321,2006,8.32987475395203,10.7025666236877,"10km"
12322,2006,8.27801370620728,10.8834803899129,"10km"
12323,2006,8.27801370620728,10.8834803899129,"10km"
12324,2006,8.92480278015137,11.3881340026855,"0km"
12325,2006,8.92480278015137,11.3881340026855,"0km"
12326,2006,8.32987475395203,10.7025666236877,"10km"
12327,2006,8.92480278015137,11.3881340026855,"0km"
12328,2006,10.2125005722046,16.3233432769775,"0km"
12329,2006,8.45866298675537,13.0808134078979,"10km"
12330,2006,8.26395416259766,10.3385419845581,"0km"
12331,2006,8.71874141693115,14.0937833786011,"10km"
12332,2006,8.08249187469482,10.4725790023804,"0km"
12333,2006,7.88796663284302,9.24793243408203,"0km"
12334,2006,7.9451584815979,9.98403930664062,"0km"
12335,2006,9.1760311126709,13.7524642944336,"0km"
12336,2006,8.13772964477539,10.1144142150879,"0km"
12337,2006,10.0072631835938,16.2585225105286,"10km"
12338,2006,9.51163260142008,14.7278359731038,"10km"
12339,2006,8.99867757161458,13.0180667241414,"10km"
12340,2006,9.18671226501465,13.1306190490723,"0km"
12341,2006,7.9549241065979,8.58946514129639,"0km"
12342,2006,7.80983924865723,9.29480838775635,"0km"
12343,2006,7.7699818611145,8.89635944366455,"0km"
12344,2006,8.988525390625,13.1840877532959,"0km"
12345,2006,9.77745914459229,15.1525318622589,"10km"
12346,2006,9.40333271026611,13.2192449569702,"0km"
12347,2006,10.3313398361206,17.1597957611084,"0km"
12348,2006,9.59283224741618,14.4834438959757,"10km"
12349,2006,9.78836441040039,15.0429093043009,"10km"
12350,2006,9.57439931233724,14.5210428237915,"10km"
12351,2006,9.5458033879598,14.5507067044576,"10km"
12352,2006,9.40333271026611,13.2192449569702,"0km"
12353,2006,10.3313398361206,17.1597957611084,"0km"
12354,2006,9.40333271026611,13.2192449569702,"0km"
12355,2006,10.3313398361206,17.1597957611084,"0km"
12356,2006,10.3313398361206,17.1597957611084,"0km"
12357,2006,8.85827159881592,10.9860229492188,"0km"
12358,2006,7.87235336303711,9.87856693267822,"10km"
12359,2006,8.30854225158691,11.6935639381409,"10km"
12360,2006,10.4031801223755,17.1253700256348,"0km"
12361,2006,8.30854225158691,11.6935639381409,"10km"
12362,2006,10.4031801223755,17.1253700256348,"0km"
12363,2006,10.2125005722046,16.3233432769775,"0km"
12364,2006,10.2125005722046,16.3233432769775,"0km"
12365,2006,10.2125005722046,16.3233432769775,"0km"
12366,2006,9.19638681411743,12.5373392105103,"10km"
12367,2006,8.92480278015137,11.3881340026855,"10km"
12368,2006,8.92480278015137,11.3881340026855,"10km"
12369,2006,10.2125005722046,16.3233432769775,"0km"
12370,2006,8.45866298675537,13.0808134078979,"10km"
12371,2006,8.848282178243,13.4033330281576,"10km"
12372,2006,8.97881984710693,15.1067533493042,"0km"
12373,2006,8.08249187469482,10.4725790023804,"0km"
12374,2006,8.08249187469482,10.4725790023804,"0km"
12375,2006,9.34101390838623,15.0430307388306,"0km"
12376,2006,8.08249187469482,10.4725790023804,"0km"
12377,2006,8.08249187469482,10.4725790023804,"0km"
12378,2006,8.08249187469482,10.4725790023804,"0km"
12379,2006,7.99661254882812,9.40394306182861,"0km"
12380,2006,7.99661254882812,9.40394306182861,"0km"
12381,2006,9.71816158294678,15.2869348526001,"0km"
12382,2006,10.4774618148804,17.7618637084961,"0km"
12383,2007,7.92860498428345,9.35237884521484,"10km"
12384,2007,7.92860498428345,9.35237884521484,"10km"
12385,2007,7.3504745165507,7.54866186777751,"10km"
12386,2007,7.80448317527771,8.24045538902283,"10km"
12387,2007,7.18292808532715,7.2820520401001,"0km"
12388,2007,7.26435136795044,7.32306909561157,"0km"
12389,2007,7.31202125549316,7.36262083053589,"0km"
12390,2007,7.62746047973633,8.05551338195801,"0km"
12391,2007,8.65520191192627,9.71523189544678,"0km"
12392,2007,8.65520191192627,9.71523189544678,"0km"
12393,2007,8.65520191192627,9.71523189544678,"0km"
12394,2007,8.65520191192627,9.71523189544678,"0km"
12395,2007,8.31357765197754,8.78942203521729,"0km"
12396,2007,8.31357765197754,8.78942203521729,"0km"
12397,2007,8.31357765197754,8.78942203521729,"0km"
12398,2007,7.18292808532715,7.2820520401001,"0km"
12399,2007,7.80448317527771,8.24045538902283,"10km"
12400,2007,7.88381624221802,8.52647495269775,"0km"
12401,2007,7.88381624221802,8.52647495269775,"0km"
12402,2007,7.49635314941406,7.65779590606689,"0km"
12403,2007,7.60233774185181,7.97933902740479,"10km"
12404,2007,7.60233774185181,7.97933902740479,"10km"
12405,2007,7.26435136795044,7.32306909561157,"0km"
12406,2007,9.01361083984375,11.7821893692017,"0km"
12407,2007,9.01361083984375,11.7821893692017,"0km"
12408,2007,9.01361083984375,11.7821893692017,"0km"
12409,2007,8.44103312492371,9.82522042592367,"10km"
12410,2007,8.24423933029175,9.32337379455566,"10km"
12411,2007,10.1317481994629,15.7088232040405,"0km"
12412,2007,10.3338422775269,16.4090404510498,"0km"
12413,2007,10.3338422775269,16.4090404510498,"0km"
12414,2007,10.3338422775269,16.4090404510498,"0km"
12415,2007,10.3338422775269,16.4090404510498,"0km"
12416,2007,10.1317481994629,15.7088232040405,"0km"
12417,2007,7.62825393676758,8.26718997955322,"0km"
12418,2007,7.62825393676758,8.26718997955322,"0km"
12419,2007,7.62825393676758,8.26718997955322,"0km"
12420,2007,7.53041172027588,7.94418144226074,"0km"
12421,2007,10.3338422775269,16.4090404510498,"0km"
12422,2007,10.3338422775269,16.4090404510498,"0km"
12423,2007,10.3338422775269,16.4090404510498,"0km"
12424,2007,10.3338422775269,16.4090404510498,"0km"
12425,2007,7.53041172027588,7.94418144226074,"0km"
12426,2007,7.62825393676758,8.26718997955322,"0km"
12427,2007,9.63698196411133,14.7134313583374,"0km"
12428,2007,9.63698196411133,14.7134313583374,"0km"
12429,2007,10.1003141403198,15.9717702865601,"0km"
12430,2007,9.97360134124756,15.3242893218994,"0km"
12431,2007,9.92977666854858,15.4949491024017,"10km"
12432,2007,9.97360134124756,15.3242893218994,"0km"
12433,2007,9.24555206298828,12.6061887741089,"0km"
12434,2007,9.24555206298828,12.6061887741089,"0km"
12435,2007,10.639820098877,17.935453414917,"0km"
12436,2007,10.4521312713623,17.6534614562988,"0km"
12437,2007,10.639820098877,17.935453414917,"0km"
12438,2007,10.4521312713623,17.6534614562988,"0km"
12439,2007,7.80526161193848,8.8106632232666,"0km"
12440,2007,7.80526161193848,8.8106632232666,"0km"
12441,2007,7.80526161193848,8.8106632232666,"0km"
12442,2007,7.80526161193848,8.8106632232666,"0km"
12443,2007,7.80526161193848,8.8106632232666,"0km"
12444,2007,7.80526161193848,8.8106632232666,"0km"
12445,2007,10.1456651687622,16.9312725067139,"0km"
12446,2007,8.06613349914551,9.29334354400635,"0km"
12447,2007,7.56509602069855,8.40177607536316,"10km"
12448,2007,7.70412302017212,8.63878281911214,"10km"
12449,2007,8.31357765197754,8.78942203521729,"0km"
12450,2007,7.7663197517395,8.12729263305664,"0km"
12451,2007,7.7663197517395,8.12729263305664,"0km"
12452,2007,7.39728975296021,7.75594329833984,"0km"
12453,2007,7.39728975296021,7.75594329833984,"0km"
12454,2007,7.77950382232666,8.33750438690186,"0km"
12455,2007,8.31357765197754,8.78942203521729,"0km"
12456,2007,8.44103312492371,9.82522042592367,"10km"
12457,2007,8.24423933029175,9.32337379455566,"15km"
12458,2007,8.28171634674072,9.35633373260498,"0km"
12459,2007,9.04937934875488,12.8493604660034,"0km"
12460,2007,8.59062480926514,10.7589645385742,"10km"
12461,2007,8.38914108276367,10.2052373886108,"0km"
12462,2007,9.20300960540771,12.4772787094116,"0km"
12463,2007,10.3646659851074,18.0438556671143,"0km"
12464,2007,10.2098150253296,17.6065864562988,"0km"
12465,2007,10.4605550765991,18.1376075744629,"0km"
12466,2007,8.13187026977539,8.86779403686523,"0km"
12467,2007,7.56509602069855,8.40177607536316,"10km"
12468,2007,8.06613349914551,9.29334354400635,"0km"
12469,2007,7.92860498428345,9.35237884521484,"10km"
12470,2007,7.56509602069855,8.40177607536316,"10km"
12471,2007,8.01663303375244,8.37852096557617,"0km"
12472,2007,7.77950382232666,8.33750438690186,"0km"
12473,2007,7.39728975296021,7.75594329833984,"0km"
12474,2007,9.61403274536133,15.0459604263306,"0km"
12475,2007,9.61403274536133,15.0459604263306,"0km"
12476,2007,9.5533618927002,14.0234689712524,"0km"
12477,2007,8.4299144744873,9.61195755004883,"0km"
12478,2007,9.51075744628906,14.9719839096069,"0km"
12479,2007,8.92272758483887,11.2636184692383,"0km"
12480,2007,9.85409069061279,15.5506153106689,"0km"
12481,2007,10.4605550765991,18.1376075744629,"0km"
12482,2007,8.18948936462402,10.7113561630249,"0km"
12483,2007,8.06613349914551,9.29334354400635,"0km"
12484,2007,8.06613349914551,9.29334354400635,"0km"
12485,2007,7.70412302017212,8.63878281911214,"10km"
12486,2007,7.77430033683777,8.69365501403809,"10km"
12487,2007,7.7663197517395,8.12729263305664,"0km"
12488,2007,7.7663197517395,8.12729263305664,"0km"
12489,2007,8.01663303375244,8.37852096557617,"0km"
12490,2007,7.39728975296021,7.75594329833984,"0km"
12491,2007,8.75176239013672,10.6512956619263,"0km"
12492,2007,9.63698196411133,14.7134313583374,"0km"
12493,2007,8.06613349914551,9.29334354400635,"0km"
12494,2007,8.06613349914551,9.29334354400635,"0km"
12495,2007,8.06613349914551,9.29334354400635,"0km"
12496,2007,7.7663197517395,8.12729263305664,"0km"
12497,2007,8.01663303375244,8.37852096557617,"0km"
12498,2007,7.84069957733154,8.48560428619385,"10km"
12499,2007,8.01663303375244,8.37852096557617,"0km"
12500,2007,9.5533618927002,14.0234689712524,"0km"
12501,2007,9.5533618927002,14.0234689712524,"0km"
12502,2008,NA,NA,"15km"
12503,2008,8.48783874511719,10.640308380127,"0km"
12504,2008,8.74663543701172,12.9394512176514,"10km"
12505,2008,8.31644630432129,10.3480634689331,"0km"
12506,2008,7.18795331319173,7.43122673034668,"10km"
12507,2008,8.53404331207275,9.93716239929199,"0km"
12508,2008,8.17929649353027,9.03405857086182,"0km"
12509,2008,7.48113050460815,8.04643077850342,"10km"
12510,2008,7.48113050460815,8.04643077850342,"10km"
12511,2008,7.40327167510986,7.63802003860474,"0km"
12512,2008,8.24350738525391,10.6842555999756,"0km"
12513,2008,8.1811580657959,9.64528322219849,"10km"
12514,2008,8.23166561126709,9.41639423370361,"0km"
12515,2008,8.23038387298584,9.71303462982178,"0km"
12516,2008,10.8192691802979,18.3082675933838,"0km"
12517,2008,10.412579536438,17.0916767120361,"0km"
12518,2008,9.33765697479248,13.8469495773315,"0km"
12519,2008,9.33765697479248,13.8469495773315,"0km"
12520,2008,10.8502759933472,19.117618560791,"0km"
12521,2008,10.8502759933472,19.117618560791,"0km"
12522,2008,7.78933095932007,9.77455997467041,"0km"
12523,2008,9.91976642608643,16.5569934844971,"0km"
12524,2008,8.18326377868652,10.6666765213013,"0km"
12525,2008,8.18326377868652,10.6666765213013,"0km"
12526,2008,9.96200466156006,17.2857761383057,"0km"
12527,2008,10.6420793533325,19.3512687683105,"0km"
12528,2008,10.6420793533325,19.3512687683105,"0km"
12529,2008,10.6420793533325,19.3512687683105,"0km"
12530,2008,10.8301954269409,19.795129776001,"0km"
12531,2008,8.31644630432129,10.3480634689331,"0km"
12532,2008,7.90520942211151,8.71105074882507,"10km"
12533,2008,7.0045166015625,7.10406827926636,"0km"
12534,2008,7.12347793579102,7.19708871841431,"0km"
12535,2008,7.59134705861409,8.2767113049825,"10km"
12536,2008,7.36982345581055,7.64754152297974,"0km"
12537,2008,8.24350738525391,10.6842555999756,"0km"
12538,2008,9.00491333007812,12.7482833862305,"10km"
12539,2008,8.1811580657959,9.64528322219849,"15km"
12540,2008,8.23038387298584,9.71303462982178,"0km"
12541,2008,8.60832500457764,11.1544847488403,"0km"
12542,2008,8.23166561126709,9.41639423370361,"0km"
12543,2008,9.76039886474609,16.9722900390625,"0km"
12544,2008,9.76039886474609,16.9722900390625,"0km"
12545,2008,9.76039886474609,16.9722900390625,"0km"
12546,2008,9.96200466156006,17.2857761383057,"0km"
12547,2008,10.6420793533325,19.3512687683105,"0km"
12548,2008,10.6420793533325,19.3512687683105,"0km"
12549,2008,10.6420793533325,19.3512687683105,"0km"
12550,2008,7.99663273493449,9.01013215382894,"10km"
12551,2008,7.94622030258179,8.89899597167969,"10km"
12552,2008,7.99663273493449,9.01013215382894,"10km"
12553,2008,7.73464155197144,8.72350215911865,"0km"
12554,2008,7.63612794876099,8.46861171722412,"0km"
12555,2008,7.36982345581055,7.64754152297974,"0km"
12556,2008,7.26178789138794,7.75447845458984,"0km"
12557,2008,7.26178789138794,7.75447845458984,"0km"
12558,2008,7.40327167510986,7.63802003860474,"0km"
12559,2008,7.26178789138794,7.75447845458984,"0km"
12560,2008,8.1811580657959,9.64528322219849,"10km"
12561,2008,8.23038387298584,9.71303462982178,"0km"
12562,2008,8.13937759399414,10.1759395599365,"0km"
12563,2008,8.13937759399414,10.1759395599365,"0km"
12564,2008,10.412579536438,17.0916767120361,"0km"
12565,2008,10.0524616241455,17.6183052062988,"0km"
12566,2008,10.0524616241455,17.6183052062988,"0km"
12567,2008,9.96200466156006,17.2857761383057,"0km"
12568,2008,9.36115646362305,14.6394538879395,"0km"
12569,2008,8.18326377868652,10.6666765213013,"0km"
12570,2008,9.76039886474609,16.9722900390625,"0km"
12571,2008,10.2717065811157,16.8279972076416,"0km"
12572,2008,10.2717065811157,16.8279972076416,"0km"
12573,2008,9.31299781799316,15.4502696990967,"0km"
12574,2008,8.31644630432129,10.3480634689331,"0km"
12575,2008,8.31644630432129,10.3480634689331,"0km"
12576,2008,8.31644630432129,10.3480634689331,"0km"
12577,2008,8.1811580657959,9.64528322219849,"15km"
12578,2008,9.36115646362305,14.6394538879395,"0km"
12579,2009,7.98257398605347,10.0151677131653,"10km"
12580,2009,9.64656543731689,15.9080476760864,"0km"
12581,2009,7.71456027030945,8.83465075492859,"10km"
12582,2009,8.10629558563232,10.8659019470215,"0km"
12583,2009,8.24450397491455,10.8053531646729,"10km"
12584,2009,9.48786926269531,15.8831443786621,"0km"
12585,2009,9.82296180725098,16.057466506958,"0km"
12586,2009,9.22455501556396,13.5158853530884,"0km"
12587,2009,10.1411485671997,17.6190376281738,"0km"
12588,2009,9.80050086975098,17.1956844329834,"0km"
12589,2009,8.43717765808105,10.6417741775513,"0km"
12590,2009,10.3076572418213,19.6325263977051,"0km"
12591,2009,9.96047878265381,17.8475608825684,"0km"
12592,2009,9.67738914489746,15.4253673553467,"0km"
12593,2009,8.73705291748047,12.6486711502075,"0km"
12594,2009,10.0065002441406,17.8402347564697,"0km"
12595,2010,9.40626239776611,19.3402805328369,"0km"
12596,2010,9.42634391784668,15.8135623931885,"0km"
12597,2012,8.31760597229004,14.1318702697754,"10km"
12598,2012,8.31760597229004,14.1318702697754,"10km"
12599,2012,8.25630950927734,12.9359719753265,"15km"
12600,2012,8.25630950927734,12.9359719753265,"15km"
12601,2012,8.16151396433512,12.5173190434774,"15km"
12602,2012,8.16151396433512,12.5173190434774,"15km"
12603,2012,8.16151396433512,12.5173190434774,"15km"
12604,2012,8.16151396433512,12.5173190434774,"15km"
12605,2012,8.16151396433512,12.5173190434774,"15km"
12606,2012,8.44230461120605,13.9509563446045,"15km"
12607,2012,8.44230461120605,13.9509563446045,"15km"
12608,2012,8.44230461120605,13.9509563446045,"15km"
12609,2012,8.44230461120605,13.9509563446045,"15km"
12610,2012,8.44230461120605,13.9509563446045,"15km"
12611,2012,8.44230461120605,13.9509563446045,"15km"
12612,2012,8.44230461120605,13.9509563446045,"15km"
12613,2012,8.44230461120605,13.9509563446045,"15km"
12614,2012,8.44230461120605,13.9509563446045,"15km"
12615,2012,8.44230461120605,13.9509563446045,"15km"
12616,2012,8.44230461120605,13.9509563446045,"15km"
12617,2012,8.44230461120605,13.9509563446045,"15km"
12618,2012,8.44230461120605,13.9509563446045,"15km"
12619,2012,8.44230461120605,13.9509563446045,"15km"
12620,2012,8.44230461120605,13.9509563446045,"15km"
12621,2012,8.44230461120605,13.9509563446045,"15km"
12622,2012,8.44230461120605,13.9509563446045,"15km"
12623,2012,8.44230461120605,13.9509563446045,"15km"
12624,2012,8.44230461120605,13.9509563446045,"15km"
12625,2012,8.44230461120605,13.9509563446045,"15km"
12626,2012,8.44230461120605,13.9509563446045,"15km"
12627,2012,8.44230461120605,13.9509563446045,"15km"
12628,2012,8.44230461120605,13.9509563446045,"15km"
12629,2012,NA,NA,"15km"
12630,2012,NA,NA,"15km"
12631,2012,8.44230461120605,13.9509563446045,"15km"
12632,2012,8.44230461120605,13.9509563446045,"15km"
12633,2012,8.44230461120605,13.9509563446045,"15km"
12634,2012,8.44230461120605,13.9509563446045,"15km"
12635,2012,8.44230461120605,13.9509563446045,"15km"
12636,2012,8.44230461120605,13.9509563446045,"15km"
12637,2012,8.44230461120605,13.9509563446045,"15km"
12638,2012,8.44230461120605,13.9509563446045,"15km"
12639,2012,8.44230461120605,13.9509563446045,"15km"
12640,2012,8.37995529174805,14.0414133071899,"15km"
12641,2012,8.37995529174805,14.0414133071899,"15km"
12642,2012,8.31760597229004,14.1318702697754,"10km"
12643,2012,8.98052883148193,14.3069248199463,"0km"
12644,2012,8.98052883148193,14.3069248199463,"0km"
12645,2012,8.98052883148193,14.3069248199463,"0km"
12646,2012,8.98052883148193,14.3069248199463,"0km"
12647,2012,8.98052883148193,14.3069248199463,"0km"
12648,2012,8.98052883148193,14.3069248199463,"0km"
12649,2012,8.98052883148193,14.3069248199463,"0km"
12650,2012,8.18273176465716,11.6489892687116,"10km"
12651,2012,8.42153183619181,12.3058870633443,"10km"
12652,2012,8.42153183619181,12.3058870633443,"10km"
12653,2012,8.90650653839111,13.6581621170044,"10km"
12654,2012,8.37913145337786,12.1700709206717,"10km"
12655,2012,8.37913145337786,12.1700709206717,"10km"
12656,2012,8.37913145337786,12.1700709206717,"10km"
12657,2012,8.37913145337786,12.1700709206717,"10km"
12658,2012,7.32496118545532,9.12121963500977,"0km"
12659,2012,7.32496118545532,9.12121963500977,"0km"
12660,2012,7.32496118545532,9.12121963500977,"0km"
12661,2012,7.32496118545532,9.12121963500977,"0km"
12662,2012,7.32496118545532,9.12121963500977,"0km"
12663,2012,7.32496118545532,9.12121963500977,"0km"
12664,2012,7.32496118545532,9.12121963500977,"0km"
12665,2012,7.32496118545532,9.12121963500977,"0km"
12666,2012,7.43678092956543,9.32923412322998,"0km"
12667,2012,7.43678092956543,9.32923412322998,"0km"
12668,2012,7.43678092956543,9.32923412322998,"0km"
12669,2012,7.43678092956543,9.32923412322998,"0km"
12670,2012,8.48942565917969,12.6325569152832,"0km"
12671,2012,8.48942565917969,12.6325569152832,"0km"
12672,2012,7.90597248077393,10.4110536575317,"0km"
12673,2012,7.90597248077393,10.4110536575317,"0km"
12674,2012,7.90597248077393,10.4110536575317,"0km"
12675,2012,7.90597248077393,10.4110536575317,"0km"
12676,2012,7.90597248077393,10.4110536575317,"0km"
12677,2012,7.90597248077393,10.4110536575317,"0km"
12678,2012,8.35007762908936,12.2253179550171,"0km"
12679,2012,8.35007762908936,12.2253179550171,"0km"
12680,2012,8.35007762908936,12.2253179550171,"0km"
12681,2012,8.35007762908936,12.2253179550171,"0km"
12682,2012,8.35007762908936,12.2253179550171,"0km"
12683,2012,8.35007762908936,12.2253179550171,"0km"
12684,2012,8.35007762908936,12.2253179550171,"0km"
12685,2012,8.35007762908936,12.2253179550171,"0km"
12686,2012,8.75872039794922,13.2580642700195,"0km"
12687,2012,7.80800819396973,8.66637134552002,"0km"
12688,2012,7.81972694396973,9.74965667724609,"0km"
12689,2012,7.80800819396973,8.66637134552002,"0km"
12690,2012,7.80800819396973,8.66637134552002,"0km"
12691,2012,7.80800819396973,8.66637134552002,"0km"
12692,2012,8.09639923913138,10.2335931232997,"10km"
12693,2012,8.0652529171535,10.3670026234218,"10km"
12694,2012,8.16151396433512,12.5173190434774,"10km"
12695,2012,8.31760597229004,14.1318702697754,"0km"
12696,2012,8.31760597229004,14.1318702697754,"0km"
12697,2012,8.31760597229004,14.1318702697754,"0km"
12698,2012,8.31760597229004,14.1318702697754,"0km"
12699,2012,8.31760597229004,14.1318702697754,"0km"
12700,2012,8.31760597229004,14.1318702697754,"0km"
12701,2012,8.31760597229004,14.1318702697754,"0km"
12702,2012,8.31760597229004,14.1318702697754,"0km"
12703,2012,8.31760597229004,14.1318702697754,"0km"
12704,2012,8.31760597229004,14.1318702697754,"0km"
12705,2012,8.31760597229004,14.1318702697754,"0km"
12706,2012,8.31760597229004,14.1318702697754,"0km"
12707,2012,8.31760597229004,14.1318702697754,"0km"
12708,2012,8.31760597229004,14.1318702697754,"0km"
12709,2012,8.31760597229004,14.1318702697754,"0km"
12710,2012,8.31760597229004,14.1318702697754,"0km"
12711,2012,8.540696144104,14.191930770874,"0km"
12712,2012,8.540696144104,14.191930770874,"0km"
12713,2012,8.540696144104,14.191930770874,"0km"
12714,2012,8.540696144104,14.191930770874,"0km"
12715,2012,8.38037236531576,12.1552476882935,"10km"
12716,2012,8.38037236531576,12.1552476882935,"10km"
12717,2012,8.38037236531576,12.1552476882935,"10km"
12718,2012,8.38037236531576,12.1552476882935,"10km"
12719,2012,8.26966142654419,12.0868864059448,"10km"
12720,2012,8.26966142654419,12.0868864059448,"10km"
12721,2012,NA,NA,"15km"
12722,2012,NA,NA,"15km"
12723,2012,NA,NA,"15km"
12724,2012,NA,NA,"15km"
12725,2012,NA,NA,"15km"
12726,2012,NA,NA,"15km"
12727,2012,NA,NA,"15km"
12728,2012,NA,NA,"15km"
12729,2012,NA,NA,"15km"
12730,2012,NA,NA,"15km"
12731,2012,NA,NA,"15km"
12732,2012,NA,NA,"15km"
12733,2012,NA,NA,"15km"
12734,2012,NA,NA,"15km"
12735,2012,NA,NA,"15km"
12736,2012,NA,NA,"15km"
12737,2012,NA,NA,"15km"
12738,2012,NA,NA,"15km"
12739,2012,NA,NA,"15km"
12740,2012,7.88332796096802,9.09192180633545,"0km"
12741,2012,NA,NA,"15km"
12742,2012,NA,NA,"15km"
12743,2012,NA,NA,"15km"
12744,2012,NA,NA,"15km"
12745,2012,NA,NA,"15km"
12746,2012,NA,NA,"15km"
12747,2012,NA,NA,"15km"
12748,2012,NA,NA,"15km"
12749,2012,NA,NA,"15km"
12750,2012,NA,NA,"15km"
12751,2012,8.93304252624512,12.6215705871582,"15km"
12752,2012,8.93304252624512,12.6215705871582,"15km"
12753,2012,8.93304252624512,12.6215705871582,"15km"
12754,2012,8.79647207260132,11.8429822921753,"15km"
12755,2012,8.58786273002625,11.3176364898682,"15km"
12756,2012,8.65990161895752,11.0643939971924,"10km"
12757,2012,8.65990161895752,11.0643939971924,"10km"
12758,2012,8.65990161895752,11.0643939971924,"10km"
12759,2012,8.33429956436157,10.539231300354,"10km"
12760,2012,8.33429956436157,10.539231300354,"10km"
12761,2012,8.33429956436157,10.539231300354,"10km"
12762,2012,8.33429956436157,10.539231300354,"10km"
12763,2012,8.33429956436157,10.539231300354,"10km"
12764,2012,8.33429956436157,10.539231300354,"10km"
12765,2012,8.33429956436157,10.539231300354,"10km"
12766,2012,8.33429956436157,10.539231300354,"10km"
12767,2012,8.33429956436157,10.539231300354,"10km"
12768,2012,8.33429956436157,10.539231300354,"10km"
12769,2012,8.33429956436157,10.539231300354,"10km"
12770,2012,8.33429956436157,10.539231300354,"10km"
12771,2012,8.33429956436157,10.539231300354,"10km"
12772,2012,8.33429956436157,10.539231300354,"10km"
12773,2012,8.33429956436157,10.539231300354,"10km"
12774,2012,8.33429956436157,10.539231300354,"10km"
12775,2012,8.33429956436157,10.539231300354,"10km"
12776,2012,8.33429956436157,10.539231300354,"10km"
12777,2012,8.33429956436157,10.539231300354,"10km"
12778,2012,8.33429956436157,10.539231300354,"10km"
12779,2012,7.87795639038086,8.70152854919434,"0km"
12780,2012,7.87795639038086,8.70152854919434,"0km"
12781,2012,7.87795639038086,8.70152854919434,"0km"
12782,2012,7.87795639038086,8.70152854919434,"0km"
12783,2012,7.87795639038086,8.70152854919434,"0km"
12784,2012,7.87795639038086,8.70152854919434,"0km"
12785,2012,7.87795639038086,8.70152854919434,"0km"
12786,2012,7.88332796096802,9.09192180633545,"0km"
12787,2012,7.88332796096802,9.09192180633545,"0km"
12788,2012,7.88332796096802,9.09192180633545,"0km"
12789,2012,7.88332796096802,9.09192180633545,"0km"
12790,2012,7.87795639038086,8.70152854919434,"0km"
12791,2012,7.87795639038086,8.70152854919434,"0km"
12792,2012,7.87795639038086,8.70152854919434,"0km"
12793,2012,7.87795639038086,8.70152854919434,"0km"
12794,2012,7.87795639038086,8.70152854919434,"0km"
12795,2012,7.80440711975098,8.69420433044434,"0km"
12796,2012,7.87795639038086,8.70152854919434,"0km"
12797,2012,7.87795639038086,8.70152854919434,"0km"
12798,2012,7.87795639038086,8.70152854919434,"0km"
12799,2012,7.87795639038086,8.70152854919434,"0km"
12800,2012,7.87795639038086,8.70152854919434,"0km"
12801,2012,7.87795639038086,8.70152854919434,"0km"
12802,2012,7.87795639038086,8.70152854919434,"0km"
12803,2012,7.87795639038086,8.70152854919434,"0km"
12804,2012,7.80440711975098,8.69420433044434,"0km"
12805,2012,7.80440711975098,8.69420433044434,"0km"
12806,2012,7.80440711975098,8.69420433044434,"0km"
12807,2012,7.80440711975098,8.69420433044434,"0km"
12808,2012,7.80440711975098,8.69420433044434,"0km"
12809,2012,7.77761161327362,8.60960721969604,"10km"
12810,2012,7.77761161327362,8.60960721969604,"10km"
12811,2012,7.77761161327362,8.60960721969604,"10km"
12812,2012,7.77761161327362,8.60960721969604,"10km"
12813,2012,7.74416335423787,8.57896677652995,"10km"
12814,2012,7.74416335423787,8.57896677652995,"10km"
12815,2012,7.74416335423787,8.57896677652995,"10km"
12816,2012,NA,NA,"15km"
12817,2012,NA,NA,"15km"
12818,2012,NA,NA,"15km"
12819,2012,NA,NA,"15km"
12820,2012,NA,NA,"15km"
12821,2012,NA,NA,"15km"
12822,2012,NA,NA,"15km"
12823,2012,NA,NA,"15km"
12824,2012,NA,NA,"15km"
12825,2012,NA,NA,"15km"
12826,2012,NA,NA,"15km"
12827,2012,NA,NA,"15km"
12828,2012,NA,NA,"15km"
12829,2012,NA,NA,"15km"
12830,2012,NA,NA,"15km"
12831,2012,NA,NA,"15km"
12832,2012,NA,NA,"15km"
12833,2012,NA,NA,"15km"
12834,2012,NA,NA,"15km"
12835,2012,NA,NA,"15km"
12836,2012,NA,NA,"15km"
12837,2012,NA,NA,"15km"
12838,2012,NA,NA,"15km"
12839,2012,NA,NA,"15km"
12840,2012,NA,NA,"15km"
12841,2012,NA,NA,"15km"
12842,2012,NA,NA,"15km"
12843,2012,NA,NA,"15km"
12844,2012,NA,NA,"15km"
12845,2012,NA,NA,"15km"
12846,2012,NA,NA,"15km"
12847,2012,NA,NA,"15km"
12848,2012,NA,NA,"15km"
12849,2012,NA,NA,"15km"
12850,2012,NA,NA,"15km"
12851,2012,NA,NA,"15km"
12852,2012,NA,NA,"15km"
12853,2012,NA,NA,"15km"
12854,2012,NA,NA,"15km"
12855,2012,NA,NA,"15km"
12856,2012,NA,NA,"15km"
12857,2012,NA,NA,"15km"
12858,2012,NA,NA,"15km"
12859,2012,7.51518297195435,8.15219593048096,"10km"
12860,2012,7.71404147148132,8.52134799957275,"10km"
12861,2012,7.71404147148132,8.52134799957275,"10km"
12862,2012,7.71404147148132,8.52134799957275,"10km"
12863,2012,7.71404147148132,8.52134799957275,"10km"
12864,2012,7.71404147148132,8.52134799957275,"10km"
12865,2012,7.58809169133504,8.23227659861247,"10km"
12866,2012,7.58809169133504,8.23227659861247,"10km"
12867,2012,7.58809169133504,8.23227659861247,"10km"
12868,2012,7.58809169133504,8.23227659861247,"10km"
12869,2012,7.64217054843903,8.34775853157043,"15km"
12870,2012,7.64217054843903,8.34775853157043,"15km"
12871,2012,7.54029989242554,8.4407787322998,"0km"
12872,2012,7.54029989242554,8.4407787322998,"0km"
12873,2012,7.54029989242554,8.4407787322998,"0km"
12874,2012,7.54029989242554,8.4407787322998,"0km"
12875,2012,7.54029989242554,8.4407787322998,"0km"
12876,2012,7.54029989242554,8.4407787322998,"0km"
12877,2012,7.54029989242554,8.4407787322998,"0km"
12878,2012,7.54029989242554,8.4407787322998,"0km"
12879,2012,7.65419483184814,8.76158905029297,"0km"
12880,2012,7.65419483184814,8.76158905029297,"0km"
12881,2012,7.65419483184814,8.76158905029297,"0km"
12882,2012,7.41164898872375,8.05587935447693,"10km"
12883,2012,7.41164898872375,8.05587935447693,"10km"
12884,2012,7.41164898872375,8.05587935447693,"10km"
12885,2012,7.41164898872375,8.05587935447693,"10km"
12886,2012,7.41164898872375,8.05587935447693,"10km"
12887,2012,7.41164898872375,8.05587935447693,"10km"
12888,2012,7.41164898872375,8.05587935447693,"10km"
12889,2012,7.41164898872375,8.05587935447693,"10km"
12890,2012,7.41164898872375,8.05587935447693,"10km"
12891,2012,7.32057867050171,7.91473731994629,"10km"
12892,2012,7.25855302810669,7.51057481765747,"0km"
12893,2012,7.25855302810669,7.51057481765747,"0km"
12894,2012,7.25855302810669,7.51057481765747,"0km"
12895,2012,7.25855302810669,7.51057481765747,"0km"
12896,2012,7.25855302810669,7.51057481765747,"0km"
12897,2012,7.25855302810669,7.51057481765747,"0km"
12898,2012,7.25855302810669,7.51057481765747,"0km"
12899,2012,7.25855302810669,7.51057481765747,"0km"
12900,2012,7.25855302810669,7.51057481765747,"0km"
12901,2012,7.25855302810669,7.51057481765747,"0km"
12902,2012,7.25855302810669,7.51057481765747,"0km"
12903,2012,7.25855302810669,7.51057481765747,"0km"
12904,2012,8.80352210998535,12.6450090408325,"0km"
12905,2012,8.80352210998535,12.6450090408325,"0km"
12906,2012,8.80352210998535,12.6450090408325,"0km"
12907,2012,8.80352210998535,12.6450090408325,"0km"
12908,2012,8.80352210998535,12.6450090408325,"0km"
12909,2012,8.80352210998535,12.6450090408325,"0km"
12910,2012,9.20331478118896,14.9946899414062,"0km"
12911,2012,9.20331478118896,14.9946899414062,"0km"
12912,2012,9.88302230834961,16.5438098907471,"0km"
12913,2012,9.88302230834961,16.5438098907471,"0km"
12914,2012,9.88302230834961,16.5438098907471,"0km"
12915,2012,9.88302230834961,16.5438098907471,"0km"
12916,2012,8.56956672668457,10.1649522781372,"0km"
12917,2012,8.56956672668457,10.1649522781372,"0km"
12918,2012,8.92657279968262,11.8561658859253,"0km"
12919,2012,8.92657279968262,11.8561658859253,"0km"
12920,2012,8.92657279968262,11.8561658859253,"0km"
12921,2012,8.92657279968262,11.8561658859253,"0km"
12922,2012,8.92657279968262,11.8561658859253,"0km"
12923,2012,8.92657279968262,11.8561658859253,"0km"
12924,2012,8.92657279968262,11.8561658859253,"0km"
12925,2012,8.92657279968262,11.8561658859253,"0km"
12926,2012,8.92657279968262,11.8561658859253,"0km"
12927,2012,8.92657279968262,11.8561658859253,"0km"
12928,2012,8.92657279968262,11.8561658859253,"0km"
12929,2012,8.92657279968262,11.8561658859253,"0km"
12930,2012,8.92657279968262,11.8561658859253,"0km"
12931,2012,8.92657279968262,11.8561658859253,"0km"
12932,2012,8.92657279968262,11.8561658859253,"0km"
12933,2012,8.92657279968262,11.8561658859253,"0km"
12934,2012,8.92657279968262,11.8561658859253,"0km"
12935,2012,8.92657279968262,11.8561658859253,"0km"
12936,2012,8.92657279968262,11.8561658859253,"0km"
12937,2012,8.02755832672119,8.77330875396729,"0km"
12938,2012,8.02755832672119,8.77330875396729,"0km"
12939,2012,8.92657279968262,11.8561658859253,"0km"
12940,2012,8.16568470001221,9.99356079101562,"0km"
12941,2012,8.16568470001221,9.99356079101562,"0km"
12942,2012,8.10122966766357,9.52479648590088,"0km"
12943,2012,8.25211334228516,10.9310894012451,"0km"
12944,2012,8.64238452911377,11.4818868637085,"0km"
12945,2012,8.64238452911377,11.4818868637085,"0km"
12946,2012,8.64238452911377,11.4818868637085,"0km"
12947,2012,8.64238452911377,11.4818868637085,"0km"
12948,2012,8.64238452911377,11.4818868637085,"0km"
12949,2012,8.64238452911377,11.4818868637085,"0km"
12950,2012,8.64238452911377,11.4818868637085,"0km"
12951,2012,8.64238452911377,11.4818868637085,"0km"
12952,2012,8.64238452911377,11.4818868637085,"0km"
12953,2012,8.64238452911377,11.4818868637085,"0km"
12954,2012,8.64238452911377,11.4818868637085,"0km"
12955,2012,8.73723602294922,12.1198463439941,"0km"
12956,2012,8.73723602294922,12.1198463439941,"0km"
12957,2012,8.73723602294922,12.1198463439941,"0km"
12958,2012,8.64238452911377,11.4818868637085,"0km"
12959,2012,9.34919261932373,14.2197637557983,"0km"
12960,2012,9.34919261932373,14.2197637557983,"0km"
12961,2012,9.34919261932373,14.2197637557983,"0km"
12962,2012,8.31760597229004,14.1318702697754,"10km"
12963,2012,8.31760597229004,14.1318702697754,"10km"
12964,2012,8.16151396433512,12.5173190434774,"15km"
12965,2012,8.16151396433512,12.5173190434774,"15km"
12966,2012,8.16151396433512,12.5173190434774,"15km"
12967,2012,8.37995529174805,14.0414133071899,"15km"
12968,2012,8.31760597229004,14.1318702697754,"10km"
12969,2012,8.31760597229004,14.1318702697754,"10km"
12970,2012,8.31760597229004,14.1318702697754,"10km"
12971,2012,8.98052883148193,14.3069248199463,"0km"
12972,2012,8.98052883148193,14.3069248199463,"0km"
12973,2012,8.18273176465716,11.6489892687116,"10km"
12974,2012,8.18273176465716,11.6489892687116,"10km"
12975,2012,8.42153183619181,12.3058870633443,"10km"
12976,2012,8.90650653839111,13.6581621170044,"10km"
12977,2012,8.90650653839111,13.6581621170044,"10km"
12978,2012,7.32496118545532,9.12121963500977,"0km"
12979,2012,7.32496118545532,9.12121963500977,"0km"
12980,2012,7.90597248077393,10.4110536575317,"0km"
12981,2012,8.35007762908936,12.2253179550171,"0km"
12982,2012,8.16151396433512,12.5173190434774,"10km"
12983,2012,8.31760597229004,14.1318702697754,"0km"
12984,2012,8.31760597229004,14.1318702697754,"0km"
12985,2012,8.31760597229004,14.1318702697754,"0km"
12986,2012,8.31760597229004,14.1318702697754,"0km"
12987,2012,8.540696144104,14.191930770874,"0km"
12988,2012,8.540696144104,14.191930770874,"0km"
12989,2012,8.540696144104,14.191930770874,"0km"
12990,2012,8.540696144104,14.191930770874,"0km"
12991,2012,8.540696144104,14.191930770874,"0km"
12992,2012,NA,NA,"15km"
12993,2012,NA,NA,"15km"
12994,2012,7.88332796096802,9.09192180633545,"0km"
12995,2012,NA,NA,"15km"
12996,2012,8.65990161895752,11.0643939971924,"10km"
12997,2012,8.65990161895752,11.0643939971924,"10km"
12998,2012,8.33429956436157,10.539231300354,"10km"
12999,2012,8.33429956436157,10.539231300354,"10km"
13000,2012,7.88332796096802,9.09192180633545,"0km"
13001,2012,7.87795639038086,8.70152854919434,"0km"
13002,2012,7.87795639038086,8.70152854919434,"0km"
13003,2012,7.87795639038086,8.70152854919434,"0km"
13004,2012,7.87795639038086,8.70152854919434,"0km"
13005,2012,7.87795639038086,8.70152854919434,"0km"
13006,2012,7.87795639038086,8.70152854919434,"0km"
13007,2012,7.80440711975098,8.69420433044434,"0km"
13008,2012,7.80440711975098,8.69420433044434,"0km"
13009,2012,7.58809169133504,8.23227659861247,"10km"
13010,2012,7.54029989242554,8.4407787322998,"0km"
13011,2012,7.41164898872375,8.05587935447693,"10km"
13012,2012,7.25855302810669,7.51057481765747,"0km"
13013,2012,7.25855302810669,7.51057481765747,"0km"
13014,2012,9.88302230834961,16.5438098907471,"0km"
13015,2012,8.92657279968262,11.8561658859253,"0km"
13016,2012,8.92657279968262,11.8561658859253,"0km"
13017,2012,8.73723602294922,12.1198463439941,"0km"
13018,2012,8.31760597229004,14.1318702697754,"10km"
13019,2012,8.16151396433512,12.5173190434774,"15km"
13020,2012,8.16151396433512,12.5173190434774,"15km"
13021,2012,8.16151396433512,12.5173190434774,"15km"
13022,2012,8.16151396433512,12.5173190434774,"15km"
13023,2012,8.16151396433512,12.5173190434774,"15km"
13024,2012,8.98052883148193,14.3069248199463,"0km"
13025,2012,8.98052883148193,14.3069248199463,"0km"
13026,2012,8.98052883148193,14.3069248199463,"0km"
13027,2012,8.18273176465716,11.6489892687116,"10km"
13028,2012,8.37913145337786,12.1700709206717,"10km"
13029,2012,8.42153183619181,12.3058870633443,"10km"
13030,2012,8.42153183619181,12.3058870633443,"10km"
13031,2012,8.90650653839111,13.6581621170044,"10km"
13032,2012,8.90650653839111,13.6581621170044,"10km"
13033,2012,8.93814913431803,13.8852809270223,"10km"
13034,2012,8.48942565917969,12.6325569152832,"0km"
13035,2012,8.48942565917969,12.6325569152832,"0km"
13036,2012,8.48942565917969,12.6325569152832,"0km"
13037,2012,8.35007762908936,12.2253179550171,"0km"
13038,2012,7.80800819396973,8.66637134552002,"0km"
13039,2012,7.81972694396973,9.74965667724609,"0km"
13040,2012,7.81972694396973,9.74965667724609,"0km"
13041,2012,8.02946050961812,9.82033745447795,"10km"
13042,2012,8.09639923913138,10.2335931232997,"10km"
13043,2012,8.16151396433512,12.5173190434774,"10km"
13044,2012,8.31760597229004,14.1318702697754,"0km"
13045,2012,8.31760597229004,14.1318702697754,"0km"
13046,2012,8.31760597229004,14.1318702697754,"0km"
13047,2012,8.31760597229004,14.1318702697754,"0km"
13048,2012,8.31760597229004,14.1318702697754,"0km"
13049,2012,8.540696144104,14.191930770874,"0km"
13050,2012,8.540696144104,14.191930770874,"0km"
13051,2012,8.540696144104,14.191930770874,"0km"
13052,2012,8.540696144104,14.191930770874,"0km"
13053,2012,8.540696144104,14.191930770874,"0km"
13054,2012,8.540696144104,14.191930770874,"0km"
13055,2012,8.540696144104,14.191930770874,"0km"
13056,2012,8.540696144104,14.191930770874,"0km"
13057,2012,8.540696144104,14.191930770874,"0km"
13058,2012,8.58786273002625,11.3176364898682,"15km"
13059,2012,8.65990161895752,11.0643939971924,"10km"
13060,2012,NA,NA,"15km"
13061,2012,7.88332796096802,9.09192180633545,"0km"
13062,2012,7.87795639038086,8.70152854919434,"0km"
13063,2012,7.87795639038086,8.70152854919434,"0km"
13064,2012,7.87795639038086,8.70152854919434,"0km"
13065,2012,7.87795639038086,8.70152854919434,"0km"
13066,2012,7.87795639038086,8.70152854919434,"0km"
13067,2012,7.80440711975098,8.69420433044434,"0km"
13068,2012,7.87795639038086,8.70152854919434,"0km"
13069,2012,7.87795639038086,8.70152854919434,"0km"
13070,2012,7.80440711975098,8.69420433044434,"0km"
13071,2012,7.80440711975098,8.69420433044434,"0km"
13072,2012,7.80440711975098,8.69420433044434,"0km"
13073,2012,7.74416335423787,8.57896677652995,"10km"
13074,2012,NA,NA,"15km"
13075,2012,7.51518297195435,8.15219593048096,"10km"
13076,2012,7.51518297195435,8.15219593048096,"10km"
13077,2012,7.51518297195435,8.15219593048096,"10km"
13078,2012,7.51518297195435,8.15219593048096,"10km"
13079,2012,7.58809169133504,8.23227659861247,"10km"
13080,2012,7.41164898872375,8.05587935447693,"10km"
13081,2012,7.32057867050171,7.91473731994629,"10km"
13082,2012,7.25855302810669,7.51057481765747,"0km"
13083,2012,7.25855302810669,7.51057481765747,"0km"
13084,2012,7.25855302810669,7.51057481765747,"0km"
13085,2012,7.25855302810669,7.51057481765747,"0km"
13086,2012,7.25855302810669,7.51057481765747,"0km"
13087,2012,8.80352210998535,12.6450090408325,"0km"
13088,2012,8.80352210998535,12.6450090408325,"0km"
13089,2012,8.80352210998535,12.6450090408325,"0km"
13090,2012,9.88302230834961,16.5438098907471,"0km"
13091,2012,8.56956672668457,10.1649522781372,"0km"
13092,2012,8.64238452911377,11.4818868637085,"0km"
13093,2012,8.25630950927734,12.9359719753265,"15km"
13094,2012,8.16151396433512,12.5173190434774,"15km"
13095,2012,8.16151396433512,12.5173190434774,"15km"
13096,2012,8.16151396433512,12.5173190434774,"15km"
13097,2012,8.16151396433512,12.5173190434774,"15km"
13098,2012,8.98052883148193,14.3069248199463,"0km"
13099,2012,8.98052883148193,14.3069248199463,"0km"
13100,2012,8.98052883148193,14.3069248199463,"0km"
13101,2012,8.98052883148193,14.3069248199463,"0km"
13102,2012,8.42153183619181,12.3058870633443,"10km"
13103,2012,8.90650653839111,13.6581621170044,"10km"
13104,2012,8.90650653839111,13.6581621170044,"10km"
13105,2012,8.93814913431803,13.8852809270223,"10km"
13106,2012,8.37913145337786,12.1700709206717,"10km"
13107,2012,8.37913145337786,12.1700709206717,"10km"
13108,2012,7.32496118545532,9.12121963500977,"0km"
13109,2012,7.32496118545532,9.12121963500977,"0km"
13110,2012,7.43678092956543,9.32923412322998,"0km"
13111,2012,8.48942565917969,12.6325569152832,"0km"
13112,2012,8.35007762908936,12.2253179550171,"0km"
13113,2012,8.35007762908936,12.2253179550171,"0km"
13114,2012,8.35007762908936,12.2253179550171,"0km"
13115,2012,8.35007762908936,12.2253179550171,"0km"
13116,2012,8.75872039794922,13.2580642700195,"0km"
13117,2012,7.80800819396973,8.66637134552002,"0km"
13118,2012,8.02946050961812,9.82033745447795,"10km"
13119,2012,8.16151396433512,12.5173190434774,"10km"
13120,2012,8.31760597229004,14.1318702697754,"0km"
13121,2012,8.31760597229004,14.1318702697754,"0km"
13122,2012,8.540696144104,14.191930770874,"0km"
13123,2012,8.540696144104,14.191930770874,"0km"
13124,2012,8.26966142654419,12.0868864059448,"10km"
13125,2012,7.87795639038086,8.70152854919434,"0km"
13126,2012,7.88332796096802,9.09192180633545,"0km"
13127,2012,7.80440711975098,8.69420433044434,"0km"
13128,2012,7.80440711975098,8.69420433044434,"0km"
13129,2012,7.71404147148132,8.52134799957275,"10km"
13130,2012,7.54029989242554,8.4407787322998,"0km"
13131,2012,7.54029989242554,8.4407787322998,"0km"
13132,2012,7.54029989242554,8.4407787322998,"0km"
13133,2012,7.25855302810669,7.51057481765747,"0km"
13134,2012,8.31760597229004,14.1318702697754,"10km"
13135,2012,8.98052883148193,14.3069248199463,"0km"
13136,2012,8.98052883148193,14.3069248199463,"0km"
13137,2012,8.98052883148193,14.3069248199463,"0km"
13138,2012,8.98052883148193,14.3069248199463,"0km"
13139,2012,8.90650653839111,13.6581621170044,"10km"
13140,2012,7.32496118545532,9.12121963500977,"0km"
13141,2012,7.32496118545532,9.12121963500977,"0km"
13142,2012,7.32496118545532,9.12121963500977,"0km"
13143,2012,7.32496118545532,9.12121963500977,"0km"
13144,2012,7.32496118545532,9.12121963500977,"0km"
13145,2012,7.32496118545532,9.12121963500977,"0km"
13146,2012,7.32496118545532,9.12121963500977,"0km"
13147,2012,7.32496118545532,9.12121963500977,"0km"
13148,2012,7.43678092956543,9.32923412322998,"0km"
13149,2012,8.48942565917969,12.6325569152832,"0km"
13150,2012,7.90597248077393,10.4110536575317,"0km"
13151,2012,7.90597248077393,10.4110536575317,"0km"
13152,2012,8.35007762908936,12.2253179550171,"0km"
13153,2012,8.35007762908936,12.2253179550171,"0km"
13154,2012,8.35007762908936,12.2253179550171,"0km"
13155,2012,8.35007762908936,12.2253179550171,"0km"
13156,2012,8.35007762908936,12.2253179550171,"0km"
13157,2012,8.35007762908936,12.2253179550171,"0km"
13158,2012,8.75872039794922,13.2580642700195,"0km"
13159,2012,7.80800819396973,8.66637134552002,"0km"
13160,2012,7.80800819396973,8.66637134552002,"0km"
13161,2012,7.81972694396973,9.74965667724609,"0km"
13162,2012,8.0652529171535,10.3670026234218,"10km"
13163,2012,8.38037236531576,12.1552476882935,"10km"
13164,2012,8.38037236531576,12.1552476882935,"10km"
13165,2012,8.26966142654419,12.0868864059448,"10km"
13166,2016,6.36056598027547,10.197668393453,"10km"
13167,2016,NA,NA,"15km"
13168,2016,6.64635133743286,11.0094604492188,"15km"
13169,2016,6.10208463668823,9.10657024383545,"0km"
13170,2016,6.58199803034465,11.0668357213338,"15km"
13171,2016,6.58199803034465,11.0668357213338,"15km"
13172,2016,6.88085556030273,9.13440322875977,"0km"
13173,2016,6.88085556030273,9.13440322875977,"0km"
13174,2016,6.7224645614624,8.4429759979248,"0km"
13175,2016,6.88085556030273,9.13440322875977,"0km"
13176,2016,6.10208463668823,9.10657024383545,"0km"
13177,2016,6.57411408424377,11.075747013092,"15km"
13178,2016,6.36056598027547,10.197668393453,"10km"
13179,2016,6.36056598027547,10.197668393453,"10km"
13180,2016,6.10208463668823,9.10657024383545,"0km"
13181,2016,6.88085556030273,9.13440322875977,"0km"
13182,2016,6.36056598027547,10.197668393453,"10km"
13183,2016,6.58199803034465,11.0668357213338,"15km"
13184,2016,6.88085556030273,9.13440322875977,"0km"
13185,2016,6.88085556030273,9.13440322875977,"0km"
13186,2016,6.58199803034465,11.0668357213338,"15km"
13187,2016,6.88085556030273,9.13440322875977,"0km"
13188,2016,6.38871431350708,7.42194890975952,"0km"
13189,2016,6.10208463668823,9.10657024383545,"0km"
13190,2016,6.57411408424377,11.075747013092,"15km"
13191,2016,6.58199803034465,11.0668357213338,"15km"
13192,2016,6.88085556030273,9.13440322875977,"0km"
13193,2016,6.88085556030273,9.13440322875977,"0km"
13194,2016,6.64635133743286,11.0094604492188,"15km"
13195,2016,6.58199803034465,11.0668357213338,"15km"
13196,2016,6.57411408424377,11.075747013092,"15km"
13197,2016,6.57411408424377,11.075747013092,"15km"
13198,2016,6.41924495697022,10.5491928100586,"10km"
13199,2016,6.7224645614624,8.4429759979248,"0km"
13200,2016,6.58199803034465,11.0668357213338,"15km"
13201,2016,6.36056598027547,10.197668393453,"10km"
13202,2016,6.7224645614624,8.4429759979248,"0km"
13203,2016,6.64635133743286,11.0094604492188,"15km"
13204,2016,6.88085556030273,9.13440322875977,"0km"
13205,2016,6.88085556030273,9.13440322875977,"0km"
13206,2016,6.7224645614624,8.4429759979248,"0km"
13207,2016,6.7224645614624,8.4429759979248,"0km"
13208,2016,6.88085556030273,9.13440322875977,"0km"
13209,2016,6.88085556030273,9.13440322875977,"0km"
13210,2016,6.64635133743286,11.0094604492188,"15km"
13211,2016,6.57411408424377,11.075747013092,"15km"
13212,2016,6.88085556030273,9.13440322875977,"0km"
13213,2016,6.64635133743286,11.0094604492188,"15km"
13214,2016,6.88085556030273,9.13440322875977,"0km"
13215,2016,6.88085556030273,9.13440322875977,"0km"
13216,2016,6.64635133743286,11.0094604492188,"15km"
13217,2016,6.57411408424377,11.075747013092,"15km"
13218,2016,6.57411408424377,11.075747013092,"15km"
13219,2016,6.88085556030273,9.13440322875977,"0km"
13220,2016,6.88085556030273,9.13440322875977,"0km"
13221,2016,6.7224645614624,8.4429759979248,"0km"
13222,2016,6.64635133743286,11.0094604492188,"15km"
13223,2016,6.88085556030273,9.13440322875977,"0km"
13224,2016,6.88085556030273,9.13440322875977,"0km"
13225,2016,6.7224645614624,8.4429759979248,"0km"
13226,2016,6.57411408424377,11.075747013092,"15km"
13227,2016,6.88085556030273,9.13440322875977,"0km"
13228,2016,6.58199803034465,11.0668357213338,"15km"
13229,2016,6.10190153121948,8.94982719421387,"0km"
13230,2016,6.7224645614624,8.4429759979248,"0km"
13231,2016,6.7224645614624,8.4429759979248,"0km"
13232,2016,6.36056598027547,10.197668393453,"10km"
13233,2016,6.42501907348633,10.391131401062,"10km"
13234,2016,6.36056598027547,10.197668393453,"10km"
13235,2016,6.72862958908081,8.52427768707275,"0km"
13236,2016,6.10190153121948,8.94982719421387,"0km"
13237,2016,6.8153018951416,8.90734577178955,"0km"
13238,2016,6.7224645614624,8.4429759979248,"0km"
13239,2016,6.64635133743286,11.0094604492188,"15km"
13240,2016,6.64635133743286,11.0094604492188,"15km"
13241,2016,6.42501907348633,10.391131401062,"10km"
13242,2016,6.36056598027547,10.197668393453,"10km"
13243,2016,6.88085556030273,9.13440322875977,"0km"
13244,2016,6.10208463668823,9.10657024383545,"0km"
13245,2016,6.10208463668823,9.10657024383545,"0km"
13246,2016,6.10190153121948,8.94982719421387,"0km"
13247,2016,6.88085556030273,9.13440322875977,"0km"
13248,2016,6.10208463668823,9.10657024383545,"0km"
13249,2016,6.36056598027547,10.197668393453,"10km"
13250,2016,6.7224645614624,8.4429759979248,"0km"
13251,2016,6.72862958908081,8.52427768707275,"0km"
13252,2016,6.42764568328857,10.5142064094543,"10km"
13253,2016,6.7224645614624,8.4429759979248,"0km"
13254,2016,6.36056598027547,10.197668393453,"10km"
13255,2016,6.36056598027547,10.197668393453,"10km"
13256,2016,6.57411408424377,11.075747013092,"15km"
13257,2016,6.88085556030273,9.13440322875977,"0km"
13258,2016,6.10190153121948,8.94982719421387,"0km"
13259,2016,6.10208463668823,9.10657024383545,"0km"
13260,2016,6.10208463668823,9.10657024383545,"0km"
13261,2016,6.10190153121948,8.94982719421387,"0km"
13262,2016,6.57411408424377,11.075747013092,"15km"
13263,2016,6.7224645614624,8.4429759979248,"0km"
13264,2016,6.10208463668823,9.10657024383545,"0km"
13265,2016,6.57411408424377,11.075747013092,"15km"
13266,2016,6.7224645614624,8.4429759979248,"0km"
13267,2016,6.88085556030273,9.13440322875977,"0km"
13268,2016,6.10190153121948,8.94982719421387,"0km"
13269,2016,6.42501907348633,10.391131401062,"10km"
13270,2016,6.58199803034465,11.0668357213338,"15km"
13271,2016,6.10208463668823,9.10657024383545,"0km"
13272,2016,6.42501907348633,10.391131401062,"10km"
13273,2016,6.88085556030273,9.13440322875977,"0km"
13274,2016,6.64635133743286,11.0094604492188,"15km"
13275,2016,6.88085556030273,9.13440322875977,"0km"
13276,2016,6.42764568328857,10.5142064094543,"10km"
13277,2016,6.88085556030273,9.13440322875977,"0km"
13278,2016,6.72862958908081,8.52427768707275,"0km"
13279,2016,6.38871431350708,7.42194890975952,"0km"
13280,2016,6.41924495697022,10.5491928100586,"10km"
13281,2016,6.88085556030273,9.13440322875977,"0km"
13282,2016,6.10208463668823,9.10657024383545,"0km"
13283,2016,6.72862958908081,8.52427768707275,"0km"
13284,2016,6.57411408424377,11.075747013092,"15km"
13285,2016,6.72862958908081,8.52427768707275,"0km"
13286,2016,6.72862958908081,8.52427768707275,"0km"
13287,2016,6.72862958908081,8.52427768707275,"0km"
13288,2016,6.88085556030273,9.13440322875977,"0km"
13289,2016,6.88085556030273,9.13440322875977,"0km"
13290,2016,6.10208463668823,9.10657024383545,"0km"
13291,2016,6.72862958908081,8.52427768707275,"0km"
13292,2016,6.88085556030273,9.13440322875977,"0km"
13293,2016,6.72862958908081,8.52427768707275,"0km"
13294,2016,6.57411408424377,11.075747013092,"15km"
13295,2016,6.10190153121948,8.94982719421387,"0km"
13296,2016,6.10208463668823,9.10657024383545,"0km"
13297,2016,6.8153018951416,8.90734577178955,"0km"
13298,2016,6.10190153121948,8.94982719421387,"0km"
13299,2016,6.57411408424377,11.075747013092,"15km"
13300,2016,6.57411408424377,11.075747013092,"15km"
13301,2016,6.57411408424377,11.075747013092,"15km"
13302,2016,6.10190153121948,8.94982719421387,"0km"
13303,2016,6.57411408424377,11.075747013092,"15km"
13304,2016,6.88085556030273,9.13440322875977,"0km"
13305,2016,6.88085556030273,9.13440322875977,"0km"
13306,2016,6.57411408424377,11.075747013092,"15km"
13307,2016,6.88085556030273,9.13440322875977,"0km"
13308,2016,6.72862958908081,8.52427768707275,"0km"
13309,2016,6.10208463668823,9.10657024383545,"0km"
13310,2016,6.88085556030273,9.13440322875977,"0km"
13311,2016,6.38871431350708,7.42194890975952,"0km"
13312,2016,6.58199803034465,11.0668357213338,"15km"
13313,2016,6.88085556030273,9.13440322875977,"0km"
13314,2016,6.10190153121948,8.94982719421387,"0km"
13315,2016,6.8153018951416,8.90734577178955,"0km"
13316,2016,6.72862958908081,8.52427768707275,"0km"
13317,2016,6.42764568328857,10.5142064094543,"10km"
13318,2016,6.57411408424377,11.075747013092,"15km"
13319,2016,6.10190153121948,8.94982719421387,"0km"
13320,2016,6.10208463668823,9.10657024383545,"0km"
13321,2016,6.10208463668823,9.10657024383545,"0km"
13322,2016,6.10208463668823,9.10657024383545,"0km"
13323,2016,6.57411408424377,11.075747013092,"15km"
13324,2016,6.58199803034465,11.0668357213338,"15km"
13325,2016,6.58199803034465,11.0668357213338,"15km"
13326,2016,6.38871431350708,7.42194890975952,"0km"
13327,2016,6.38871431350708,7.42194890975952,"0km"
13328,2016,6.38871431350708,7.42194890975952,"0km"
13329,2016,6.7224645614624,8.4429759979248,"0km"
13330,2016,6.38871431350708,7.42194890975952,"0km"
13331,2016,6.38871431350708,7.42194890975952,"0km"
13332,2016,6.8153018951416,8.90734577178955,"0km"
13333,2016,6.88085556030273,9.13440322875977,"0km"
13334,2016,6.7224645614624,8.4429759979248,"0km"
13335,2016,6.38871431350708,7.42194890975952,"0km"
13336,2016,6.38871431350708,7.42194890975952,"0km"
13337,2016,6.88085556030273,9.13440322875977,"0km"
13338,2016,6.10190153121948,8.94982719421387,"0km"
13339,2016,6.72862958908081,8.52427768707275,"0km"
13340,2016,6.38871431350708,7.42194890975952,"0km"
13341,2016,6.10190153121948,8.94982719421387,"0km"
13342,2016,6.10190153121948,8.94982719421387,"0km"
13343,2016,6.7224645614624,8.4429759979248,"0km"
13344,2016,6.10190153121948,8.94982719421387,"0km"
13345,2016,6.7224645614624,8.4429759979248,"0km"
13346,2016,6.10208463668823,9.10657024383545,"0km"
13347,2016,6.7224645614624,8.4429759979248,"0km"
13348,2016,6.7224645614624,8.4429759979248,"0km"
13349,2016,6.38871431350708,7.42194890975952,"0km"
13350,2016,6.38871431350708,7.42194890975952,"0km"
13351,2016,6.88085556030273,9.13440322875977,"0km"
13352,2016,6.38871431350708,7.42194890975952,"0km"
13353,2016,6.8153018951416,8.90734577178955,"0km"
13354,2016,6.7224645614624,8.4429759979248,"0km"
13355,2016,6.10208463668823,9.10657024383545,"0km"
13356,2016,6.10208463668823,9.10657024383545,"0km"
13357,2016,6.7224645614624,8.4429759979248,"0km"
13358,2016,6.7224645614624,8.4429759979248,"0km"
13359,2016,6.7224645614624,8.4429759979248,"0km"
13360,2016,6.72862958908081,8.52427768707275,"0km"
13361,2016,6.10208463668823,9.10657024383545,"0km"
13362,2016,6.72862958908081,8.52427768707275,"0km"
13363,2016,6.7224645614624,8.4429759979248,"0km"
13364,2016,6.38871431350708,7.42194890975952,"0km"
13365,2016,6.72862958908081,8.52427768707275,"0km"
13366,2016,6.72862958908081,8.52427768707275,"0km"
13367,2016,6.72862958908081,8.52427768707275,"0km"
13368,2016,6.7224645614624,8.4429759979248,"0km"
13369,2016,6.88085556030273,9.13440322875977,"0km"
13370,2016,6.38871431350708,7.42194890975952,"0km"
13371,2016,6.7224645614624,8.4429759979248,"0km"
13372,2016,6.36056598027547,10.197668393453,"10km"
13373,2016,6.36056598027547,10.197668393453,"10km"
13374,2016,6.36056598027547,10.197668393453,"10km"
13375,2016,6.36056598027547,10.197668393453,"10km"
13376,2016,6.36056598027547,10.197668393453,"10km"
13377,2016,6.38871431350708,7.42194890975952,"0km"
13378,2016,6.38871431350708,7.42194890975952,"0km"
13379,2016,6.38871431350708,7.42194890975952,"0km"
13380,2016,6.36056598027547,10.197668393453,"10km"
13381,2016,6.36056598027547,10.197668393453,"10km"
13382,2016,6.36056598027547,10.197668393453,"10km"
13383,2016,6.36056598027547,10.197668393453,"10km"
13384,2016,6.36056598027547,10.197668393453,"10km"
13385,2016,6.36056598027547,10.197668393453,"10km"
13386,2016,6.36056598027547,10.197668393453,"10km"
13387,2016,6.36056598027547,10.197668393453,"10km"
13388,2016,6.36056598027547,10.197668393453,"10km"
13389,2016,6.38871431350708,7.42194890975952,"0km"
13390,2016,6.38871431350708,7.42194890975952,"0km"
13391,2016,6.10208463668823,9.10657024383545,"0km"
13392,2016,6.38871431350708,7.42194890975952,"0km"
13393,2016,6.38871431350708,7.42194890975952,"0km"
13394,2016,6.36056598027547,10.197668393453,"10km"
13395,2016,6.36056598027547,10.197668393453,"10km"
13396,2016,6.36056598027547,10.197668393453,"10km"
13397,2016,6.38871431350708,7.42194890975952,"0km"
13398,2016,6.38871431350708,7.42194890975952,"0km"
13399,2016,6.38871431350708,7.42194890975952,"0km"
13400,2016,6.38871431350708,7.42194890975952,"0km"
13401,2016,6.38871431350708,7.42194890975952,"0km"
13402,2016,6.38871431350708,7.42194890975952,"0km"
13403,2016,6.38871431350708,7.42194890975952,"0km"
13404,2016,6.38871431350708,7.42194890975952,"0km"
13405,2016,6.38871431350708,7.42194890975952,"0km"
13406,2016,6.38871431350708,7.42194890975952,"0km"
13407,2016,6.38871431350708,7.42194890975952,"0km"
13408,2016,6.38871431350708,7.42194890975952,"0km"
13409,2016,6.38871431350708,7.42194890975952,"0km"
13410,2016,6.38871431350708,7.42194890975952,"0km"
13411,2016,6.38871431350708,7.42194890975952,"0km"
13412,2016,6.10208463668823,9.10657024383545,"0km"
13413,2016,6.38871431350708,7.42194890975952,"0km"
13414,2016,6.38871431350708,7.42194890975952,"0km"
13415,2016,6.88085556030273,9.13440322875977,"0km"
13416,2016,6.10208463668823,9.10657024383545,"0km"
13417,2016,6.10208463668823,9.10657024383545,"0km"
13418,2016,6.38871431350708,7.42194890975952,"0km"
13419,2016,6.36056598027547,10.197668393453,"10km"
13420,2016,6.10208463668823,9.10657024383545,"0km"
13421,2016,6.36056598027547,10.197668393453,"10km"
13422,2016,6.36056598027547,10.197668393453,"10km"
13423,2016,6.36056598027547,10.197668393453,"10km"
13424,2016,6.88085556030273,9.13440322875977,"0km"
13425,2016,6.36056598027547,10.197668393453,"10km"
13426,2016,6.36056598027547,10.197668393453,"10km"
13427,2016,6.36056598027547,10.197668393453,"10km"
13428,2016,6.36056598027547,10.197668393453,"10km"
13429,2016,6.36056598027547,10.197668393453,"10km"
13430,2016,6.36056598027547,10.197668393453,"10km"
13431,2016,6.36056598027547,10.197668393453,"10km"
13432,2016,6.36056598027547,10.197668393453,"10km"
13433,2016,6.36056598027547,10.197668393453,"10km"
13434,2016,6.36056598027547,10.197668393453,"10km"
13435,2016,6.38871431350708,7.42194890975952,"0km"
13436,2016,6.36056598027547,10.197668393453,"10km"
13437,2016,6.36056598027547,10.197668393453,"10km"
13438,2016,6.38871431350708,7.42194890975952,"0km"
13439,2016,6.10208463668823,9.10657024383545,"0km"
13440,2016,6.38871431350708,7.42194890975952,"0km"
13441,2016,6.38871431350708,7.42194890975952,"0km"
13442,2016,6.38871431350708,7.42194890975952,"0km"
13443,2016,6.10208463668823,9.10657024383545,"0km"
13444,2016,6.10208463668823,9.10657024383545,"0km"
13445,2016,6.38871431350708,7.42194890975952,"0km"
13446,2017,7.07312250137329,10.7867975234985,"0km"
13447,2014,8.06230862935384,10.8912928899129,"10km"
13448,2014,8.06230862935384,10.8912928899129,"10km"
13449,2014,8.06230862935384,10.8912928899129,"10km"
13450,2014,8.06230862935384,10.8912928899129,"10km"
13451,2014,8.06230862935384,10.8912928899129,"10km"
13452,2014,8.06230862935384,10.8912928899129,"10km"
13453,2014,8.06230862935384,10.8912928899129,"10km"
13454,2014,8.06230862935384,10.8912928899129,"10km"
13455,2014,8.06230862935384,10.8912928899129,"10km"
13456,2014,8.06230862935384,10.8912928899129,"10km"
13457,2014,8.06230862935384,10.8912928899129,"10km"
13458,2014,8.06230862935384,10.8912928899129,"10km"
13459,2014,8.06230862935384,10.8912928899129,"10km"
13460,2014,8.06230862935384,10.8912928899129,"10km"
13461,2014,8.06230862935384,10.8912928899129,"10km"
13462,2014,8.06230862935384,10.8912928899129,"10km"
13463,2014,8.06230862935384,10.8912928899129,"10km"
13464,2014,8.06230862935384,10.8912928899129,"10km"
13465,2014,7.97086715698242,10.9680044174194,"10km"
13466,2014,7.76403093338013,10.5727407932281,"10km"
13467,2014,7.97086715698242,10.9680044174194,"10km"
13468,2014,7.97086715698242,10.9680044174194,"10km"
13469,2014,7.97086715698242,10.9680044174194,"10km"
13470,2014,7.97086715698242,10.9680044174194,"10km"
13471,2014,7.93034672737122,10.9293802579244,"10km"
13472,2014,7.93034672737122,10.9293802579244,"10km"
13473,2014,7.93034672737122,10.9293802579244,"10km"
13474,2014,7.93034672737122,10.9293802579244,"10km"
13475,2014,7.93034672737122,10.9293802579244,"10km"
13476,2014,7.93034672737122,10.9293802579244,"10km"
13477,2014,7.97086715698242,10.9680044174194,"10km"
13478,2014,7.76403093338013,10.5727407932281,"10km"
13479,2014,7.76403093338013,10.5727407932281,"10km"
13480,2014,7.97086715698242,10.9680044174194,"10km"
13481,2014,7.97086715698242,10.9680044174194,"10km"
13482,2014,7.97086715698242,10.9680044174194,"10km"
13483,2014,7.97086715698242,10.9680044174194,"10km"
13484,2014,7.97086715698242,10.9680044174194,"10km"
13485,2014,7.97086715698242,10.9680044174194,"10km"
13486,2014,7.97086715698242,10.9680044174194,"10km"
13487,2014,7.97086715698242,10.9680044174194,"10km"
13488,2014,7.76403093338013,10.5727407932281,"10km"
13489,2014,7.97086715698242,10.9680044174194,"10km"
13490,2014,7.97086715698242,10.9680044174194,"10km"
13491,2014,8.13332525889079,11.3504134813944,"10km"
13492,2014,8.13332525889079,11.3504134813944,"10km"
13493,2014,7.97086715698242,10.9680044174194,"10km"
13494,2014,8.13332525889079,11.3504134813944,"10km"
13495,2014,8.13332525889079,11.3504134813944,"10km"
13496,2014,7.97086715698242,10.9680044174194,"10km"
13497,2014,7.93034672737122,10.9293802579244,"10km"
13498,2014,7.93034672737122,10.9293802579244,"10km"
13499,2014,7.97086715698242,10.9680044174194,"10km"
13500,2014,8.13332525889079,11.3504134813944,"10km"
13501,2014,8.13332525889079,11.3504134813944,"10km"
13502,2014,7.76403093338013,10.5727407932281,"10km"
13503,2014,7.93034672737122,10.9293802579244,"10km"
13504,2014,7.97086715698242,10.9680044174194,"10km"
13505,2014,7.97086715698242,10.9680044174194,"10km"
13506,2014,7.97086715698242,10.9680044174194,"10km"
13507,2014,7.97086715698242,10.9680044174194,"10km"
13508,2014,7.97086715698242,10.9680044174194,"10km"
13509,2014,7.97086715698242,10.9680044174194,"10km"
13510,2014,7.79909666379293,10.6145513852437,"10km"
13511,2014,7.84188365936279,10.8959320068359,"10km"
13512,2014,7.84188365936279,10.8959320068359,"10km"
13513,2014,7.84188365936279,10.8959320068359,"10km"
13514,2014,7.84188365936279,10.8959320068359,"10km"
13515,2014,7.84188365936279,10.8959320068359,"10km"
13516,2014,7.84188365936279,10.8959320068359,"10km"
13517,2014,7.84188365936279,10.8959320068359,"10km"
13518,2014,7.84188365936279,10.8959320068359,"10km"
13519,2014,7.84188365936279,10.8959320068359,"10km"
13520,2014,7.84188365936279,10.8959320068359,"10km"
13521,2014,7.79909666379293,10.6145513852437,"10km"
13522,2014,7.84188365936279,10.8959320068359,"10km"
13523,2014,7.79909666379293,10.6145513852437,"10km"
13524,2014,7.79909666379293,10.6145513852437,"10km"
13525,2014,7.79909666379293,10.6145513852437,"10km"
13526,2014,7.79909666379293,10.6145513852437,"10km"
13527,2014,7.79909666379293,10.6145513852437,"10km"
13528,2014,7.84188365936279,10.8959320068359,"10km"
13529,2014,7.79909666379293,10.6145513852437,"10km"
13530,2014,7.7057507832845,10.4459670384725,"10km"
13531,2014,7.84188365936279,10.8959320068359,"10km"
13532,2014,7.79909666379293,10.6145513852437,"10km"
13533,2014,7.84188365936279,10.8959320068359,"10km"
13534,2014,7.79909666379293,10.6145513852437,"10km"
13535,2014,7.79909666379293,10.6145513852437,"10km"
13536,2014,7.79909666379293,10.6145513852437,"10km"
13537,2014,7.7057507832845,10.4459670384725,"10km"
13538,2014,7.84188365936279,10.8959320068359,"10km"
13539,2014,8.65135669708252,13.0939970016479,"0km"
13540,2014,7.79909666379293,10.6145513852437,"10km"
13541,2014,7.84188365936279,10.8959320068359,"10km"
13542,2014,8.65135669708252,13.0939970016479,"0km"
13543,2014,8.65135669708252,13.0939970016479,"0km"
13544,2014,7.84188365936279,10.8959320068359,"10km"
13545,2014,7.79909666379293,10.6145513852437,"10km"
13546,2014,7.79909666379293,10.6145513852437,"10km"
13547,2014,7.84188365936279,10.8959320068359,"10km"
13548,2014,7.79909666379293,10.6145513852437,"10km"
13549,2014,7.79909666379293,10.6145513852437,"10km"
13550,2014,7.79909666379293,10.6145513852437,"10km"
13551,2014,7.79909666379293,10.6145513852437,"10km"
13552,2014,7.84188365936279,10.8959320068359,"10km"
13553,2014,7.84188365936279,10.8959320068359,"10km"
13554,2014,7.84188365936279,10.8959320068359,"10km"
13555,2014,7.7057507832845,10.4459670384725,"10km"
13556,2014,7.79909666379293,10.6145513852437,"10km"
13557,2014,7.69533395767212,11.3720207214355,"0km"
13558,2014,7.69533395767212,11.3720207214355,"0km"
13559,2014,7.69533395767212,11.3720207214355,"0km"
13560,2014,7.69533395767212,11.3720207214355,"0km"
13561,2014,7.69533395767212,11.3720207214355,"0km"
13562,2014,7.69533395767212,11.3720207214355,"0km"
13563,2014,7.69533395767212,11.3720207214355,"0km"
13564,2014,7.69533395767212,11.3720207214355,"0km"
13565,2014,7.69533395767212,11.3720207214355,"0km"
13566,2014,7.69533395767212,11.3720207214355,"0km"
13567,2014,7.69533395767212,11.3720207214355,"0km"
13568,2014,7.69533395767212,11.3720207214355,"0km"
13569,2014,7.69533395767212,11.3720207214355,"0km"
13570,2014,7.69533395767212,11.3720207214355,"0km"
13571,2014,7.69533395767212,11.3720207214355,"0km"
13572,2014,7.69533395767212,11.3720207214355,"0km"
13573,2014,7.69533395767212,11.3720207214355,"0km"
13574,2014,7.69533395767212,11.3720207214355,"0km"
13575,2014,7.69533395767212,11.3720207214355,"0km"
13576,2014,7.69533395767212,11.3720207214355,"0km"
13577,2014,7.69533395767212,11.3720207214355,"0km"
13578,2014,7.69533395767212,11.3720207214355,"0km"
13579,2014,7.69533395767212,11.3720207214355,"0km"
13580,2014,7.69533395767212,11.3720207214355,"0km"
13581,2014,7.69533395767212,11.3720207214355,"0km"
13582,2014,7.69533395767212,11.3720207214355,"0km"
13583,2014,7.69533395767212,11.3720207214355,"0km"
13584,2014,7.69533395767212,11.3720207214355,"0km"
13585,2014,7.69533395767212,11.3720207214355,"0km"
13586,2014,7.69533395767212,11.3720207214355,"0km"
13587,2014,7.69533395767212,11.3720207214355,"0km"
13588,2014,7.69533395767212,11.3720207214355,"0km"
13589,2014,7.69533395767212,11.3720207214355,"0km"
13590,2014,7.69533395767212,11.3720207214355,"0km"
13591,2014,7.69533395767212,11.3720207214355,"0km"
13592,2014,7.69533395767212,11.3720207214355,"0km"
13593,2014,7.69533395767212,11.3720207214355,"0km"
13594,2014,7.69533395767212,11.3720207214355,"0km"
13595,2014,7.69533395767212,11.3720207214355,"0km"
13596,2014,7.69533395767212,11.3720207214355,"0km"
13597,2014,7.69533395767212,11.3720207214355,"0km"
13598,2014,7.69533395767212,11.3720207214355,"0km"
13599,2014,7.69533395767212,11.3720207214355,"0km"
13600,2014,7.69533395767212,11.3720207214355,"0km"
13601,2014,7.69533395767212,11.3720207214355,"0km"
13602,2015,8.70198678970337,11.56978058815,"10km"
13603,2015,8.70198678970337,11.56978058815,"10km"
13604,2015,8.70198678970337,11.56978058815,"10km"
13605,2015,8.41965961456299,10.2272100448608,"0km"
13606,2015,8.70198678970337,11.56978058815,"10km"
13607,2015,8.41965961456299,10.2272100448608,"0km"
13608,2015,8.41965961456299,10.2272100448608,"0km"
13609,2015,8.41965961456299,10.2272100448608,"0km"
13610,2015,8.41965961456299,10.2272100448608,"0km"
13611,2015,8.70198678970337,11.56978058815,"10km"
13612,2015,8.70198678970337,11.56978058815,"10km"
13613,2015,8.41965961456299,10.2272100448608,"0km"
13614,2015,8.41965961456299,10.2272100448608,"0km"
13615,2015,8.41965961456299,10.2272100448608,"0km"
13616,2015,8.41965961456299,10.2272100448608,"0km"
13617,2015,8.41965961456299,10.2272100448608,"0km"
13618,2015,8.41965961456299,10.2272100448608,"0km"
13619,2015,8.70198678970337,11.56978058815,"10km"
13620,2015,8.41965961456299,10.2272100448608,"0km"
13621,2015,8.41965961456299,10.2272100448608,"0km"
13622,2015,8.41965961456299,10.2272100448608,"0km"
13623,2015,8.70198678970337,11.56978058815,"10km"
13624,2015,8.41965961456299,10.2272100448608,"0km"
13625,2015,8.41965961456299,10.2272100448608,"0km"
13626,2015,8.41965961456299,10.2272100448608,"0km"
13627,2015,8.70198678970337,11.56978058815,"10km"
13628,2015,8.41965961456299,10.2272100448608,"0km"
13629,2015,8.41965961456299,10.2272100448608,"0km"
13630,2015,8.41965961456299,10.2272100448608,"0km"
13631,2015,8.41965961456299,10.2272100448608,"0km"
13632,2015,8.41965961456299,10.2272100448608,"0km"
13633,2015,8.41965961456299,10.2272100448608,"0km"
13634,2015,8.41965961456299,10.2272100448608,"0km"
13635,2015,8.41965961456299,10.2272100448608,"0km"
13636,2015,8.41965961456299,10.2272100448608,"0km"
13637,2015,8.41965961456299,10.2272100448608,"0km"
13638,2015,8.41965961456299,10.2272100448608,"0km"
13639,2015,8.70198678970337,11.56978058815,"10km"
13640,2015,8.70198678970337,11.56978058815,"10km"
13641,2015,8.70198678970337,11.56978058815,"10km"
13642,2015,8.41965961456299,10.2272100448608,"0km"
13643,2015,8.41965961456299,10.2272100448608,"0km"
13644,2015,8.70198678970337,11.56978058815,"10km"
13645,2015,8.70198678970337,11.56978058815,"10km"
13646,2015,9.03314304351807,12.7167882919312,"0km"
13647,2015,9.03314304351807,12.7167882919312,"0km"
13648,2015,9.03314304351807,12.7167882919312,"0km"
13649,2015,9.03314304351807,12.7167882919312,"0km"
13650,2015,9.03314304351807,12.7167882919312,"0km"
13651,2015,9.03314304351807,12.7167882919312,"0km"
13652,2015,9.03314304351807,12.7167882919312,"0km"
13653,2015,9.03314304351807,12.7167882919312,"0km"
13654,2015,9.03314304351807,12.7167882919312,"0km"
13655,2015,9.03314304351807,12.7167882919312,"0km"
13656,2015,9.03314304351807,12.7167882919312,"0km"
13657,2015,9.03314304351807,12.7167882919312,"0km"
13658,2015,9.03314304351807,12.7167882919312,"0km"
13659,2015,9.03314304351807,12.7167882919312,"0km"
13660,2015,9.03314304351807,12.7167882919312,"0km"
13661,2015,9.03314304351807,12.7167882919312,"0km"
13662,2015,9.03314304351807,12.7167882919312,"0km"
13663,2015,9.03314304351807,12.7167882919312,"0km"
13664,2015,9.03314304351807,12.7167882919312,"0km"
13665,2015,9.03314304351807,12.7167882919312,"0km"
13666,2015,9.03314304351807,12.7167882919312,"0km"
13667,2015,9.03314304351807,12.7167882919312,"0km"
13668,2015,9.03314304351807,12.7167882919312,"0km"
13669,2015,9.03314304351807,12.7167882919312,"0km"
13670,2015,9.03314304351807,12.7167882919312,"0km"
13671,2015,9.03314304351807,12.7167882919312,"0km"
13672,2015,9.03314304351807,12.7167882919312,"0km"
13673,2015,9.03314304351807,12.7167882919312,"0km"
13674,2015,9.03314304351807,12.7167882919312,"0km"
13675,2015,9.03314304351807,12.7167882919312,"0km"
13676,2015,9.03314304351807,12.7167882919312,"0km"
13677,2015,9.03314304351807,12.7167882919312,"0km"
13678,2015,9.03314304351807,12.7167882919312,"0km"
13679,2015,9.03314304351807,12.7167882919312,"0km"
13680,2015,9.03314304351807,12.7167882919312,"0km"
13681,2015,9.03314304351807,12.7167882919312,"0km"
13682,2015,9.03314304351807,12.7167882919312,"0km"
13683,2015,9.03314304351807,12.7167882919312,"0km"
13684,2015,9.03314304351807,12.7167882919312,"0km"
13685,2014,9.62916946411133,14.4226512908936,"0km"
13686,2014,9.62916946411133,14.4226512908936,"0km"
13687,2014,9.62916946411133,14.4226512908936,"0km"
13688,2014,9.62916946411133,14.4226512908936,"0km"
13689,2014,9.62916946411133,14.4226512908936,"0km"
13690,2014,9.62916946411133,14.4226512908936,"0km"
13691,2014,9.62916946411133,14.4226512908936,"0km"
13692,2014,9.62916946411133,14.4226512908936,"0km"
13693,2014,9.62916946411133,14.4226512908936,"0km"
13694,2014,9.62916946411133,14.4226512908936,"0km"
13695,2014,9.62916946411133,14.4226512908936,"0km"
13696,2014,9.62916946411133,14.4226512908936,"0km"
13697,2014,9.62916946411133,14.4226512908936,"0km"
13698,2014,9.62916946411133,14.4226512908936,"0km"
13699,2014,9.62916946411133,14.4226512908936,"0km"
13700,2014,9.62916946411133,14.4226512908936,"0km"
13701,2014,9.62916946411133,14.4226512908936,"0km"
13702,2014,9.62916946411133,14.4226512908936,"0km"
13703,2014,9.62916946411133,14.4226512908936,"0km"
13704,2014,9.62916946411133,14.4226512908936,"0km"
13705,2014,9.62916946411133,14.4226512908936,"0km"
13706,2014,9.62916946411133,14.4226512908936,"0km"
13707,2014,9.62916946411133,14.4226512908936,"0km"
13708,2014,9.62916946411133,14.4226512908936,"0km"
13709,2014,9.62916946411133,14.4226512908936,"0km"
13710,2014,9.62916946411133,14.4226512908936,"0km"
13711,2014,9.62916946411133,14.4226512908936,"0km"
13712,2014,9.62916946411133,14.4226512908936,"0km"
13713,2014,9.62916946411133,14.4226512908936,"0km"
13714,2014,9.62916946411133,14.4226512908936,"0km"
13715,2014,9.62916946411133,14.4226512908936,"0km"
13716,2014,9.62916946411133,14.4226512908936,"0km"
13717,2014,9.62916946411133,14.4226512908936,"0km"
13718,2014,9.62916946411133,14.4226512908936,"0km"
13719,2014,9.62916946411133,14.4226512908936,"0km"
13720,2014,9.62916946411133,14.4226512908936,"0km"
13721,2014,9.62916946411133,14.4226512908936,"0km"
13722,2014,9.62916946411133,14.4226512908936,"0km"
13723,2014,9.62916946411133,14.4226512908936,"0km"
13724,2014,7.69533395767212,11.3720207214355,"0km"
13725,2014,7.69533395767212,11.3720207214355,"0km"
13726,2014,9.62916946411133,14.4226512908936,"0km"
13727,2014,9.62916946411133,14.4226512908936,"0km"
13728,2014,7.69533395767212,11.3720207214355,"0km"
13729,2014,9.62916946411133,14.4226512908936,"0km"
13730,2014,9.62916946411133,14.4226512908936,"0km"
13731,2014,8.50309753417969,13.5063629150391,"0km"
13732,2014,9.53181552886963,13.3261814117432,"0km"
13733,2014,8.50309753417969,13.5063629150391,"0km"
13734,2014,8.50309753417969,13.5063629150391,"0km"
13735,2014,8.50309753417969,13.5063629150391,"0km"
13736,2014,8.50309753417969,13.5063629150391,"0km"
13737,2014,8.50309753417969,13.5063629150391,"0km"
13738,2014,8.50309753417969,13.5063629150391,"0km"
13739,2014,8.50309753417969,13.5063629150391,"0km"
13740,2014,8.50309753417969,13.5063629150391,"0km"
13741,2014,8.50309753417969,13.5063629150391,"0km"
13742,2014,8.50309753417969,13.5063629150391,"0km"
13743,2014,8.50309753417969,13.5063629150391,"0km"
13744,2014,8.50309753417969,13.5063629150391,"0km"
13745,2014,8.50309753417969,13.5063629150391,"0km"
13746,2014,8.50309753417969,13.5063629150391,"0km"
13747,2014,8.50309753417969,13.5063629150391,"0km"
13748,2014,8.50309753417969,13.5063629150391,"0km"
13749,2014,8.50309753417969,13.5063629150391,"0km"
13750,2014,8.50309753417969,13.5063629150391,"0km"
13751,2014,8.50309753417969,13.5063629150391,"0km"
13752,2014,9.53181552886963,13.3261814117432,"0km"
13753,2014,9.53181552886963,13.3261814117432,"0km"
13754,2014,8.50309753417969,13.5063629150391,"0km"
13755,2014,9.53181552886963,13.3261814117432,"0km"
13756,2014,8.50309753417969,13.5063629150391,"0km"
13757,2014,9.53181552886963,13.3261814117432,"0km"
13758,2014,8.50309753417969,13.5063629150391,"0km"
13759,2014,8.50309753417969,13.5063629150391,"0km"
13760,2014,8.50309753417969,13.5063629150391,"0km"
13761,2014,8.50309753417969,13.5063629150391,"0km"
13762,2014,8.50309753417969,13.5063629150391,"0km"
13763,2014,8.50309753417969,13.5063629150391,"0km"
13764,2014,8.50309753417969,13.5063629150391,"0km"
13765,2014,8.50309753417969,13.5063629150391,"0km"
13766,2014,8.50309753417969,13.5063629150391,"0km"
13767,2014,8.50309753417969,13.5063629150391,"0km"
13768,2014,8.50309753417969,13.5063629150391,"0km"
13769,2014,8.50309753417969,13.5063629150391,"0km"
13770,2014,9.53181552886963,13.3261814117432,"0km"
13771,2014,9.53181552886963,13.3261814117432,"0km"
13772,2015,9.96053981781006,15.0730609893799,"10km"
13773,2015,9.96053981781006,15.0730609893799,"10km"
13774,2015,9.96053981781006,15.0730609893799,"10km"
13775,2015,9.96053981781006,15.0730609893799,"10km"
13776,2015,9.96053981781006,15.0730609893799,"10km"
13777,2015,9.96053981781006,15.0730609893799,"10km"
13778,2015,9.96053981781006,15.0730609893799,"10km"
13779,2015,9.96053981781006,15.0730609893799,"10km"
13780,2015,9.96053981781006,15.0730609893799,"10km"
13781,2015,9.96053981781006,15.0730609893799,"10km"
13782,2015,9.96053981781006,15.0730609893799,"10km"
13783,2015,9.96053981781006,15.0730609893799,"10km"
13784,2015,9.96053981781006,15.0730609893799,"10km"
13785,2015,9.96053981781006,15.0730609893799,"10km"
13786,2015,9.96053981781006,15.0730609893799,"10km"
13787,2015,9.96053981781006,15.0730609893799,"10km"
13788,2015,9.96053981781006,15.0730609893799,"10km"
13789,2015,9.96053981781006,15.0730609893799,"10km"
13790,2015,9.96053981781006,15.0730609893799,"10km"
13791,2015,9.96053981781006,15.0730609893799,"10km"
13792,2015,9.96053981781006,15.0730609893799,"10km"
13793,2015,9.96053981781006,15.0730609893799,"10km"
13794,2015,9.96053981781006,15.0730609893799,"10km"
13795,2015,9.96053981781006,15.0730609893799,"10km"
13796,2015,9.96053981781006,15.0730609893799,"10km"
13797,2015,9.96053981781006,15.0730609893799,"10km"
13798,2015,9.96053981781006,15.0730609893799,"10km"
13799,2015,9.96053981781006,15.0730609893799,"10km"
13800,2015,9.96053981781006,15.0730609893799,"10km"
13801,2015,9.96053981781006,15.0730609893799,"10km"
13802,2015,9.96053981781006,15.0730609893799,"10km"
13803,2015,9.96053981781006,15.0730609893799,"10km"
13804,2015,9.96053981781006,15.0730609893799,"10km"
13805,2015,9.96053981781006,15.0730609893799,"10km"
13806,2015,9.96053981781006,15.0730609893799,"10km"
13807,2015,9.96053981781006,15.0730609893799,"10km"
13808,2015,9.96053981781006,15.0730609893799,"10km"
13809,2015,9.96053981781006,15.0730609893799,"10km"
13810,2015,9.96053981781006,15.0730609893799,"10km"
13811,2015,9.96053981781006,15.0730609893799,"10km"
13812,2015,9.96053981781006,15.0730609893799,"10km"
13813,2015,9.96053981781006,15.0730609893799,"10km"
13814,2015,9.96053981781006,15.0730609893799,"10km"
13815,2015,9.96053981781006,15.0730609893799,"10km"
13816,2015,9.96053981781006,15.0730609893799,"10km"
13817,2015,9.96053981781006,15.0730609893799,"10km"
13818,2015,9.96053981781006,15.0730609893799,"10km"
13819,2015,9.96053981781006,15.0730609893799,"10km"
13820,2015,9.96053981781006,15.0730609893799,"10km"
13821,2014,8.90722370147705,12.4648275375366,"0km"
13822,2014,8.90722370147705,12.4648275375366,"0km"
13823,2014,8.90722370147705,12.4648275375366,"0km"
13824,2014,8.90722370147705,12.4648275375366,"0km"
13825,2014,8.90722370147705,12.4648275375366,"0km"
13826,2014,8.90722370147705,12.4648275375366,"0km"
13827,2014,8.90722370147705,12.4648275375366,"0km"
13828,2014,8.90722370147705,12.4648275375366,"0km"
13829,2014,8.90722370147705,12.4648275375366,"0km"
13830,2014,8.90722370147705,12.4648275375366,"0km"
13831,2014,8.90722370147705,12.4648275375366,"0km"
13832,2014,7.70760202407837,11.7880487442017,"0km"
13833,2014,8.90722370147705,12.4648275375366,"0km"
13834,2014,7.70760202407837,11.7880487442017,"0km"
13835,2014,8.90722370147705,12.4648275375366,"0km"
13836,2014,8.90722370147705,12.4648275375366,"0km"
13837,2014,8.90722370147705,12.4648275375366,"0km"
13838,2014,8.90722370147705,12.4648275375366,"0km"
13839,2014,8.90722370147705,12.4648275375366,"0km"
13840,2014,8.90722370147705,12.4648275375366,"0km"
13841,2014,8.90722370147705,12.4648275375366,"0km"
13842,2014,8.90722370147705,12.4648275375366,"0km"
13843,2014,8.90722370147705,12.4648275375366,"0km"
13844,2014,8.90722370147705,12.4648275375366,"0km"
13845,2014,8.90722370147705,12.4648275375366,"0km"
13846,2014,8.90722370147705,12.4648275375366,"0km"
13847,2014,8.90722370147705,12.4648275375366,"0km"
13848,2014,8.90722370147705,12.4648275375366,"0km"
13849,2014,8.90722370147705,12.4648275375366,"0km"
13850,2014,8.90722370147705,12.4648275375366,"0km"
13851,2014,8.90722370147705,12.4648275375366,"0km"
13852,2014,8.90722370147705,12.4648275375366,"0km"
13853,2014,8.90722370147705,12.4648275375366,"0km"
13854,2014,8.90722370147705,12.4648275375366,"0km"
13855,2014,8.90722370147705,12.4648275375366,"0km"
13856,2014,8.90722370147705,12.4648275375366,"0km"
13857,2014,8.90722370147705,12.4648275375366,"0km"
13858,2014,8.90722370147705,12.4648275375366,"0km"
13859,2014,8.90722370147705,12.4648275375366,"0km"
13860,2014,8.90722370147705,12.4648275375366,"0km"
13861,2014,8.90722370147705,12.4648275375366,"0km"
13862,2014,8.90722370147705,12.4648275375366,"0km"
13863,2014,8.90722370147705,12.4648275375366,"0km"
13864,2014,8.90722370147705,12.4648275375366,"0km"
13865,2014,8.90722370147705,12.4648275375366,"0km"
13866,2014,7.70760202407837,11.7880487442017,"0km"
13867,2014,8.90722370147705,12.4648275375366,"0km"
13868,2014,8.90722370147705,12.4648275375366,"0km"
13869,2014,8.90722370147705,12.4648275375366,"0km"
13870,2014,8.90722370147705,12.4648275375366,"0km"
13871,2015,8.28781986236572,11.3317365646362,"0km"
13872,2015,8.28781986236572,11.3317365646362,"0km"
13873,2015,8.28781986236572,11.3317365646362,"0km"
13874,2015,8.28781986236572,11.3317365646362,"0km"
13875,2015,8.28781986236572,11.3317365646362,"0km"
13876,2015,8.28781986236572,11.3317365646362,"0km"
13877,2015,8.28781986236572,11.3317365646362,"0km"
13878,2015,8.28781986236572,11.3317365646362,"0km"
13879,2015,8.28781986236572,11.3317365646362,"0km"
13880,2015,8.28781986236572,11.3317365646362,"0km"
13881,2015,8.28781986236572,11.3317365646362,"0km"
13882,2015,8.28781986236572,11.3317365646362,"0km"
13883,2015,8.28781986236572,11.3317365646362,"0km"
13884,2015,8.28781986236572,11.3317365646362,"0km"
13885,2015,8.28781986236572,11.3317365646362,"0km"
13886,2015,8.28781986236572,11.3317365646362,"0km"
13887,2015,8.28781986236572,11.3317365646362,"0km"
13888,2015,8.28781986236572,11.3317365646362,"0km"
13889,2015,8.28781986236572,11.3317365646362,"0km"
13890,2015,8.28781986236572,11.3317365646362,"0km"
13891,2015,8.28781986236572,11.3317365646362,"0km"
13892,2015,8.28781986236572,11.3317365646362,"0km"
13893,2015,8.28781986236572,11.3317365646362,"0km"
13894,2015,8.28781986236572,11.3317365646362,"0km"
13895,2015,8.28781986236572,11.3317365646362,"0km"
13896,2015,8.28781986236572,11.3317365646362,"0km"
13897,2015,8.28781986236572,11.3317365646362,"0km"
13898,2015,8.28781986236572,11.3317365646362,"0km"
13899,2015,8.28781986236572,11.3317365646362,"0km"
13900,2015,8.28781986236572,11.3317365646362,"0km"
13901,2015,8.28781986236572,11.3317365646362,"0km"
13902,2015,8.28781986236572,11.3317365646362,"0km"
13903,2015,8.28781986236572,11.3317365646362,"0km"
13904,2015,8.28781986236572,11.3317365646362,"0km"
13905,2015,8.28781986236572,11.3317365646362,"0km"
13906,2015,8.28781986236572,11.3317365646362,"0km"
13907,2015,8.28781986236572,11.3317365646362,"0km"
13908,2015,8.28781986236572,11.3317365646362,"0km"
13909,2015,8.28781986236572,11.3317365646362,"0km"
13910,2015,8.28781986236572,11.3317365646362,"0km"
13911,2015,8.28781986236572,11.3317365646362,"0km"
13912,2015,8.28781986236572,11.3317365646362,"0km"
13913,2015,8.28781986236572,11.3317365646362,"0km"
13914,2015,8.28781986236572,11.3317365646362,"0km"
13915,2015,8.28781986236572,11.3317365646362,"0km"
13916,2015,8.28781986236572,11.3317365646362,"0km"
13917,2015,8.28781986236572,11.3317365646362,"0km"
13918,2014,8.36265182495117,13.1218299865723,"0km"
13919,2014,8.77336978912354,13.582537651062,"0km"
13920,2014,8.77336978912354,13.582537651062,"0km"
13921,2014,8.36265182495117,13.1218299865723,"0km"
13922,2014,8.36265182495117,13.1218299865723,"0km"
13923,2014,8.36265182495117,13.1218299865723,"0km"
13924,2014,8.36265182495117,13.1218299865723,"0km"
13925,2014,8.36265182495117,13.1218299865723,"0km"
13926,2014,8.36265182495117,13.1218299865723,"0km"
13927,2014,8.36265182495117,13.1218299865723,"0km"
13928,2014,8.36265182495117,13.1218299865723,"0km"
13929,2014,8.36265182495117,13.1218299865723,"0km"
13930,2014,8.36265182495117,13.1218299865723,"0km"
13931,2014,8.36265182495117,13.1218299865723,"0km"
13932,2014,8.36265182495117,13.1218299865723,"0km"
13933,2014,8.36265182495117,13.1218299865723,"0km"
13934,2014,8.36265182495117,13.1218299865723,"0km"
13935,2014,8.36265182495117,13.1218299865723,"0km"
13936,2014,8.77336978912354,13.582537651062,"0km"
13937,2014,8.77336978912354,13.582537651062,"0km"
13938,2014,8.36265182495117,13.1218299865723,"0km"
13939,2014,8.77336978912354,13.582537651062,"0km"
13940,2014,8.77336978912354,13.582537651062,"0km"
13941,2014,8.77336978912354,13.582537651062,"0km"
13942,2014,8.36265182495117,13.1218299865723,"0km"
13943,2014,8.36265182495117,13.1218299865723,"0km"
13944,2014,8.36265182495117,13.1218299865723,"0km"
13945,2014,8.36265182495117,13.1218299865723,"0km"
13946,2014,8.77336978912354,13.582537651062,"0km"
13947,2014,8.36265182495117,13.1218299865723,"0km"
13948,2014,8.36265182495117,13.1218299865723,"0km"
13949,2014,8.36265182495117,13.1218299865723,"0km"
13950,2014,8.36265182495117,13.1218299865723,"0km"
13951,2014,8.77336978912354,13.582537651062,"0km"
13952,2014,8.77336978912354,13.582537651062,"0km"
13953,2014,8.77336978912354,13.582537651062,"0km"
13954,2014,8.36265182495117,13.1218299865723,"0km"
13955,2014,8.36265182495117,13.1218299865723,"0km"
13956,2014,8.36265182495117,13.1218299865723,"0km"
13957,2014,8.36265182495117,13.1218299865723,"0km"
13958,2014,8.36265182495117,13.1218299865723,"0km"
13959,2014,8.36265182495117,13.1218299865723,"0km"
13960,2014,8.36265182495117,13.1218299865723,"0km"
13961,2014,8.36265182495117,13.1218299865723,"0km"
13962,2014,8.36265182495117,13.1218299865723,"0km"
13963,2014,8.36265182495117,13.1218299865723,"0km"
13964,2014,8.36265182495117,13.1218299865723,"0km"
13965,2014,8.36265182495117,13.1218299865723,"0km"
13966,2008,8.11642837524414,12.6530656814575,"0km"
13967,2008,8.11642837524414,12.6530656814575,"0km"
13968,2008,8.25662994384766,13.3261814117432,"0km"
13969,2008,8.11642837524414,12.6530656814575,"0km"
13970,2008,8.11642837524414,12.6530656814575,"0km"
13971,2008,8.11642837524414,12.6530656814575,"0km"
13972,2008,8.25662994384766,13.3261814117432,"0km"
13973,2008,8.11642837524414,12.6530656814575,"0km"
13974,2008,8.11642837524414,12.6530656814575,"0km"
13975,2008,8.11642837524414,12.6530656814575,"0km"
13976,2008,8.11642837524414,12.6530656814575,"0km"
13977,2008,8.25662994384766,13.3261814117432,"0km"
13978,2008,8.11642837524414,12.6530656814575,"0km"
13979,2008,8.11642837524414,12.6530656814575,"0km"
13980,2008,8.09677410125732,11.4108400344849,"0km"
13981,2008,8.30503273010254,13.009033203125,"0km"
13982,2008,8.30503273010254,13.009033203125,"0km"
13983,2008,8.59483623504639,14.5676746368408,"0km"
13984,2008,8.03726291656494,9.28894901275635,"0km"
13985,2008,8.03726291656494,9.28894901275635,"0km"
13986,2008,7.83651256561279,9.29627323150635,"0km"
13987,2008,7.77980899810791,11.3478498458862,"0km"
13988,2008,7.90224933624268,10.6578874588013,"0km"
13989,2008,7.90224933624268,10.6578874588013,"0km"
13990,2008,8.00094604492188,9.24720001220703,"0km"
13991,2008,8.00094604492188,9.24720001220703,"0km"
13992,2008,8.00094604492188,9.24720001220703,"0km"
13993,2008,7.87887191772461,11.6452226638794,"0km"
13994,2008,7.87887191772461,11.6452226638794,"0km"
13995,2008,7.87887191772461,11.6452226638794,"0km"
13996,2008,7.87887191772461,11.6452226638794,"0km"
13997,2008,8.17685508728027,13.2229070663452,"0km"
13998,2008,8.17685508728027,13.2229070663452,"0km"
13999,2008,8.17685508728027,13.2229070663452,"0km"
14000,2008,8.17685508728027,13.2229070663452,"0km"
14001,2008,8.04361057281494,11.4767599105835,"0km"
14002,2008,8.04361057281494,11.4767599105835,"0km"
14003,2008,8.04361057281494,11.4767599105835,"0km"
14004,2008,8.04592990875244,12.4399242401123,"0km"
14005,2008,8.11642837524414,12.6530656814575,"0km"
14006,2008,8.13882827758789,10.5692615509033,"0km"
14007,2008,8.04592990875244,12.4399242401123,"0km"
14008,2008,8.13882827758789,10.5692615509033,"0km"
14009,2008,8.11642837524414,12.6530656814575,"0km"
14010,2008,8.04592990875244,12.4399242401123,"0km"
14011,2008,8.13882827758789,10.5692615509033,"0km"
14012,2008,8.04592990875244,12.4399242401123,"0km"
14013,2008,8.25662994384766,13.3261814117432,"0km"
14014,2008,8.04592990875244,12.4399242401123,"0km"
14015,2008,8.11642837524414,12.6530656814575,"0km"
14016,2008,8.04592990875244,12.4399242401123,"0km"
14017,2008,8.28098392486572,8.94470024108887,"0km"
14018,2008,8.11642837524414,12.6530656814575,"0km"
14019,2008,8.11642837524414,12.6530656814575,"0km"
14020,2008,8.13882827758789,10.5692615509033,"0km"
14021,2008,8.04592990875244,12.4399242401123,"0km"
14022,2008,8.25662994384766,13.3261814117432,"0km"
14023,2008,8.13882827758789,10.5692615509033,"0km"
14024,2008,8.04592990875244,12.4399242401123,"0km"
14025,2008,8.06857490539551,12.8881797790527,"0km"
14026,2008,8.02053928375244,12.2817163467407,"0km"
14027,2008,8.06857490539551,12.8881797790527,"0km"
14028,2008,8.02053928375244,12.2817163467407,"0km"
14029,2008,8.12189078330994,12.8268377780914,"10km"
14030,2008,8.12189078330994,12.8268377780914,"10km"
14031,2008,8.02053928375244,12.2817163467407,"0km"
14032,2008,8.02053928375244,12.2817163467407,"0km"
14033,2008,8.02053928375244,12.2817163467407,"0km"
14034,2008,8.06857490539551,12.8881797790527,"0km"
14035,2008,8.02053928375244,12.2817163467407,"0km"
14036,2008,8.02053928375244,12.2817163467407,"0km"
14037,2008,8.02053928375244,12.2817163467407,"0km"
14038,2008,8.14682483673096,10.6637468338013,"0km"
14039,2008,7.96792507171631,11.6064023971558,"0km"
14040,2008,8.14682483673096,10.6637468338013,"0km"
14041,2008,8.14682483673096,10.6637468338013,"0km"
14042,2008,7.87887191772461,11.6452226638794,"0km"
14043,2008,7.87887191772461,11.6452226638794,"0km"
14044,2008,7.87887191772461,11.6452226638794,"0km"
14045,2008,7.87887191772461,11.6452226638794,"0km"
14046,2008,7.87887191772461,11.6452226638794,"0km"
14047,2008,8.00094604492188,9.24720001220703,"0km"
14048,2008,7.87887191772461,11.6452226638794,"0km"
14049,2008,7.87887191772461,11.6452226638794,"0km"
14050,2008,8.00094604492188,9.24720001220703,"0km"
14051,2008,7.17487096786499,10.1429796218872,"0km"
14052,2008,8.00094604492188,9.24720001220703,"0km"
14053,2008,8.00094604492188,9.24720001220703,"0km"
14054,2008,8.00094604492188,9.24720001220703,"0km"
14055,2008,8.00094604492188,9.24720001220703,"0km"
14056,2008,8.00094604492188,9.24720001220703,"0km"
14057,2008,7.87887191772461,11.6452226638794,"0km"
14058,2008,8.00094604492188,9.24720001220703,"0km"
14059,2008,7.87887191772461,11.6452226638794,"0km"
14060,2008,8.00094604492188,9.24720001220703,"0km"
14061,2008,7.87887191772461,11.6452226638794,"0km"
14062,2008,8.04361057281494,11.4767599105835,"0km"
14063,2008,8.04361057281494,11.4767599105835,"0km"
14064,2008,8.04361057281494,11.4767599105835,"0km"
14065,2008,8.04361057281494,11.4767599105835,"0km"
14066,2008,8.04361057281494,11.4767599105835,"0km"
14067,2008,8.04361057281494,11.4767599105835,"0km"
14068,2008,8.59483623504639,14.5676746368408,"0km"
14069,2008,8.83751964569092,14.5134735107422,"0km"
14070,2008,8.65831470489502,13.696798324585,"0km"
14071,2008,8.65831470489502,13.696798324585,"0km"
14072,2008,8.83751964569092,14.5134735107422,"0km"
14073,2008,8.83751964569092,14.5134735107422,"0km"
14074,2008,8.83751964569092,14.5134735107422,"0km"
14075,2008,8.83751964569092,14.5134735107422,"0km"
14076,2008,8.83751964569092,14.5134735107422,"0km"
14077,2008,8.59483623504639,14.5676746368408,"0km"
14078,2008,8.59483623504639,14.5676746368408,"0km"
14079,2008,8.83751964569092,14.5134735107422,"0km"
14080,2008,8.59483623504639,14.5676746368408,"0km"
14081,2008,8.59483623504639,14.5676746368408,"0km"
14082,2008,8.59483623504639,14.5676746368408,"0km"
14083,2008,8.03726291656494,9.28894901275635,"0km"
14084,2008,7.7716908454895,9.75917816162109,"0km"
14085,2008,8.20401668548584,13.0551776885986,"0km"
14086,2008,7.7716908454895,9.75917816162109,"0km"
14087,2008,7.83651256561279,9.29627323150635,"0km"
14088,2008,7.77980899810791,11.3478498458862,"0km"
14089,2008,7.90224933624268,10.6578874588013,"0km"
14090,2008,7.90224933624268,10.6578874588013,"0km"
14091,2008,7.77980899810791,11.3478498458862,"0km"
14092,2008,7.77980899810791,11.3478498458862,"0km"
14093,2008,7.77980899810791,11.3478498458862,"0km"
14094,2008,7.77980899810791,11.3478498458862,"0km"
14095,2008,7.77980899810791,11.3478498458862,"0km"
14096,2008,7.77980899810791,11.3478498458862,"0km"
14097,2008,8.46037197113037,11.9147615432739,"0km"
14098,2008,8.59825420379639,13.6154975891113,"0km"
14099,2008,8.46037197113037,11.9147615432739,"0km"
14100,2008,8.68004417419434,14.0271310806274,"0km"
14101,2008,8.59825420379639,13.6154975891113,"0km"
14102,2008,8.46037197113037,11.9147615432739,"0km"
14103,2008,8.46037197113037,11.9147615432739,"0km"
14104,2008,8.68004417419434,14.0271310806274,"0km"
14105,2008,8.68004417419434,14.0271310806274,"0km"
14106,2008,8.09677410125732,11.4108400344849,"0km"
14107,2008,8.59825420379639,13.6154975891113,"0km"
14108,2008,8.08871746063232,10.8600425720215,"0km"
14109,2008,8.08871746063232,10.8600425720215,"0km"
14110,2008,8.08871746063232,10.8600425720215,"0km"
14111,2008,8.15970325469971,9.78920841217041,"0km"
14112,2008,8.08871746063232,10.8600425720215,"0km"
14113,2008,8.08871746063232,10.8600425720215,"0km"
14114,2008,8.03726291656494,9.28894901275635,"0km"
14115,2016,6.64635133743286,11.0094604492188,"15km"
14116,2016,6.64635133743286,11.0094604492188,"15km"
14117,2016,6.64635133743286,11.0094604492188,"15km"
14118,2016,6.64635133743286,11.0094604492188,"15km"
14119,2016,6.64635133743286,11.0094604492188,"15km"
14120,2016,6.64635133743286,11.0094604492188,"15km"
14121,2016,6.64635133743286,11.0094604492188,"15km"
14122,2016,6.64635133743286,11.0094604492188,"15km"
14123,2016,6.64635133743286,11.0094604492188,"15km"
14124,2016,6.57411408424377,11.075747013092,"15km"
14125,2016,6.57411408424377,11.075747013092,"15km"
14126,2016,6.57411408424377,11.075747013092,"15km"
14127,2016,6.57411408424377,11.075747013092,"15km"
14128,2016,6.57411408424377,11.075747013092,"15km"
14129,2016,6.57411408424377,11.075747013092,"15km"
14130,2016,6.57411408424377,11.075747013092,"15km"
14131,2016,6.57411408424377,11.075747013092,"15km"
14132,2016,6.57411408424377,11.075747013092,"15km"
14133,2016,6.57411408424377,11.075747013092,"15km"
14134,2016,6.57411408424377,11.075747013092,"15km"
14135,2016,6.57411408424377,11.075747013092,"15km"
14136,2016,6.57411408424377,11.075747013092,"15km"
14137,2016,6.57411408424377,11.075747013092,"15km"
14138,2016,6.57411408424377,11.075747013092,"15km"
14139,2016,6.57411408424377,11.075747013092,"15km"
14140,2016,6.57411408424377,11.075747013092,"15km"
14141,2016,6.58199803034465,11.0668357213338,"15km"
14142,2016,6.57411408424377,11.075747013092,"15km"
14143,2016,6.57411408424377,11.075747013092,"15km"
14144,2016,6.58199803034465,11.0668357213338,"15km"
14145,2016,6.58199803034465,11.0668357213338,"15km"
14146,2016,6.58199803034465,11.0668357213338,"15km"
14147,2016,6.58199803034465,11.0668357213338,"15km"
14148,2016,6.58199803034465,11.0668357213338,"15km"
14149,2016,6.58199803034465,11.0668357213338,"15km"
14150,2016,6.58199803034465,11.0668357213338,"15km"
14151,2016,6.58199803034465,11.0668357213338,"15km"
14152,2016,6.58199803034465,11.0668357213338,"15km"
14153,2017,6.03903341293335,9.5570240020752,"0km"
14154,2017,6.03903341293335,9.5570240020752,"0km"
14155,2017,6.03903341293335,9.5570240020752,"0km"
14156,2017,6.03903341293335,9.5570240020752,"0km"
14157,2017,6.03903341293335,9.5570240020752,"0km"
14158,2017,6.03903341293335,9.5570240020752,"0km"
14159,2017,6.03903341293335,9.5570240020752,"0km"
14160,2017,6.03903341293335,9.5570240020752,"0km"
14161,2017,6.03903341293335,9.5570240020752,"0km"
14162,2017,6.03903341293335,9.5570240020752,"0km"
14163,2017,6.03903341293335,9.5570240020752,"0km"
14164,2017,6.03903341293335,9.5570240020752,"0km"
14165,2017,6.03903341293335,9.5570240020752,"0km"
14166,2017,6.03903341293335,9.5570240020752,"0km"
14167,2017,6.03903341293335,9.5570240020752,"0km"
14168,2017,5.79024648666382,9.83022594451904,"0km"
14169,2017,5.79024648666382,9.83022594451904,"0km"
14170,2017,6.03903341293335,9.5570240020752,"0km"
14171,2017,6.03903341293335,9.5570240020752,"0km"
14172,2017,6.03903341293335,9.5570240020752,"0km"
14173,2017,6.03903341293335,9.5570240020752,"0km"
14174,2017,6.03903341293335,9.5570240020752,"0km"
14175,2017,6.03903341293335,9.5570240020752,"0km"
14176,2017,6.03903341293335,9.5570240020752,"0km"
14177,2017,5.79024648666382,9.83022594451904,"0km"
14178,2017,5.79024648666382,9.83022594451904,"0km"
14179,2017,6.03903341293335,9.5570240020752,"0km"
14180,2017,6.03903341293335,9.5570240020752,"0km"
14181,2017,6.03903341293335,9.5570240020752,"0km"
14182,2017,6.03903341293335,9.5570240020752,"0km"
14183,2017,6.03903341293335,9.5570240020752,"0km"
14184,2017,6.03903341293335,9.5570240020752,"0km"
14185,2017,6.03903341293335,9.5570240020752,"0km"
14186,2017,5.79024648666382,9.83022594451904,"0km"
14187,2017,6.03903341293335,9.5570240020752,"0km"
14188,2017,6.03903341293335,9.5570240020752,"0km"
14189,2017,6.03903341293335,9.5570240020752,"0km"
14190,2017,6.03903341293335,9.5570240020752,"0km"
14191,2017,6.03903341293335,9.5570240020752,"0km"
14192,2017,6.03903341293335,9.5570240020752,"0km"
14193,2017,6.03903341293335,9.5570240020752,"0km"
14194,2017,6.03903341293335,9.5570240020752,"0km"
14195,2017,6.03903341293335,9.5570240020752,"0km"
14196,2017,5.79024648666382,9.83022594451904,"0km"
14197,2016,6.42764568328857,10.5142064094543,"10km"
14198,2016,6.42501907348633,10.391131401062,"10km"
14199,2016,6.42501907348633,10.391131401062,"10km"
14200,2016,6.42764568328857,10.5142064094543,"10km"
14201,2016,6.42501907348633,10.391131401062,"10km"
14202,2017,5.93043613433838,9.64857940673828,"10km"
14203,2017,5.93043613433838,9.64857940673828,"10km"
14204,2017,5.93043613433838,9.64857940673828,"10km"
14205,2017,5.93043613433838,9.64857940673828,"10km"
14206,2016,6.41924495697022,10.5491928100586,"10km"
14207,2016,6.42501907348633,10.391131401062,"10km"
14208,2017,5.93043613433838,9.64857940673828,"10km"
14209,2017,5.93043613433838,9.64857940673828,"10km"
14210,2017,5.93043613433838,9.64857940673828,"10km"
14211,2017,5.93043613433838,9.64857940673828,"10km"
14212,2017,5.93669446309408,9.76454973220825,"10km"
14213,2016,6.42764568328857,10.5142064094543,"10km"
14214,2017,5.92895293235779,9.64656519889832,"10km"
14215,2017,5.93669446309408,9.76454973220825,"10km"
14216,2017,5.92895293235779,9.64656519889832,"10km"
14217,2017,5.92895293235779,9.64656519889832,"10km"
14218,2017,5.93675956726074,9.78613243103027,"10km"
14219,2017,5.92895293235779,9.64656519889832,"10km"
14220,2017,5.93669446309408,9.76454973220825,"10km"
14221,2017,5.93669446309408,9.76454973220825,"10km"
14222,2017,5.93669446309408,9.76454973220825,"10km"
14223,2017,5.92895293235779,9.64656519889832,"10km"
14224,2017,5.92895293235779,9.64656519889832,"10km"
14225,2017,5.93669446309408,9.76454973220825,"10km"
14226,2017,5.93669446309408,9.76454973220825,"10km"
14227,2017,5.93669446309408,9.76454973220825,"10km"
14228,2017,5.93669446309408,9.76454973220825,"10km"
14229,2017,5.92081670761108,9.63026828765869,"10km"
14230,2017,5.91692864894867,9.62367630004883,"10km"
14231,2017,5.91692864894867,9.62367630004883,"10km"
14232,2017,5.91692864894867,9.62367630004883,"10km"
14233,2017,5.91692864894867,9.62367630004883,"10km"
14234,2017,5.91692864894867,9.62367630004883,"10km"
14235,2017,5.91692864894867,9.62367630004883,"10km"
14236,2017,5.91692864894867,9.62367630004883,"10km"
14237,2017,5.91692864894867,9.62367630004883,"10km"
14238,2016,6.36056598027547,10.197668393453,"10km"
14239,2016,6.36056598027547,10.197668393453,"10km"
14240,2016,6.36056598027547,10.197668393453,"10km"
14241,2016,6.36056598027547,10.197668393453,"10km"
14242,2016,6.36056598027547,10.197668393453,"10km"
14243,2016,6.36056598027547,10.197668393453,"10km"
14244,2016,6.36056598027547,10.197668393453,"10km"
14245,2016,6.36056598027547,10.197668393453,"10km"
14246,2016,6.36056598027547,10.197668393453,"10km"
14247,2016,6.36056598027547,10.197668393453,"10km"
14248,2016,6.36056598027547,10.197668393453,"10km"
14249,2016,6.36056598027547,10.197668393453,"10km"
14250,2016,6.36056598027547,10.197668393453,"10km"
14251,2016,6.36056598027547,10.197668393453,"10km"
14252,2016,6.36056598027547,10.197668393453,"10km"
14253,2016,6.36056598027547,10.197668393453,"10km"
14254,2016,6.36056598027547,10.197668393453,"10km"
14255,2016,6.36056598027547,10.197668393453,"10km"
14256,2016,6.36056598027547,10.197668393453,"10km"
14257,2016,6.36056598027547,10.197668393453,"10km"
14258,2016,6.36056598027547,10.197668393453,"10km"
14259,2016,6.36056598027547,10.197668393453,"10km"
14260,2016,6.36056598027547,10.197668393453,"10km"
14261,2016,6.36056598027547,10.197668393453,"10km"
14262,2016,6.36056598027547,10.197668393453,"10km"
14263,2016,6.36056598027547,10.197668393453,"10km"
14264,2016,6.36056598027547,10.197668393453,"10km"
14265,2016,6.36056598027547,10.197668393453,"10km"
14266,2016,6.36056598027547,10.197668393453,"10km"
14267,2016,6.36056598027547,10.197668393453,"10km"
14268,2016,6.36056598027547,10.197668393453,"10km"
14269,2016,6.36056598027547,10.197668393453,"10km"
14270,2016,6.36056598027547,10.197668393453,"10km"
14271,2016,6.36056598027547,10.197668393453,"10km"
14272,2016,6.36056598027547,10.197668393453,"10km"
14273,2016,6.36056598027547,10.197668393453,"10km"
14274,2016,6.36056598027547,10.197668393453,"10km"
14275,2016,6.36056598027547,10.197668393453,"10km"
14276,2016,6.36056598027547,10.197668393453,"10km"
14277,2016,6.36056598027547,10.197668393453,"10km"
14278,2016,6.36056598027547,10.197668393453,"10km"
14279,2016,6.36056598027547,10.197668393453,"10km"
14280,2016,6.88085556030273,9.13440322875977,"0km"
14281,2016,6.88085556030273,9.13440322875977,"0km"
14282,2016,6.88085556030273,9.13440322875977,"0km"
14283,2016,6.88085556030273,9.13440322875977,"0km"
14284,2016,6.88085556030273,9.13440322875977,"0km"
14285,2016,6.88085556030273,9.13440322875977,"0km"
14286,2016,6.88085556030273,9.13440322875977,"0km"
14287,2016,6.88085556030273,9.13440322875977,"0km"
14288,2016,6.88085556030273,9.13440322875977,"0km"
14289,2016,6.88085556030273,9.13440322875977,"0km"
14290,2016,6.88085556030273,9.13440322875977,"0km"
14291,2016,6.88085556030273,9.13440322875977,"0km"
14292,2016,6.88085556030273,9.13440322875977,"0km"
14293,2016,6.88085556030273,9.13440322875977,"0km"
14294,2016,6.8153018951416,8.90734577178955,"0km"
14295,2016,6.88085556030273,9.13440322875977,"0km"
14296,2016,6.88085556030273,9.13440322875977,"0km"
14297,2016,6.88085556030273,9.13440322875977,"0km"
14298,2016,6.88085556030273,9.13440322875977,"0km"
14299,2016,6.88085556030273,9.13440322875977,"0km"
14300,2016,6.88085556030273,9.13440322875977,"0km"
14301,2016,6.8153018951416,8.90734577178955,"0km"
14302,2016,6.8153018951416,8.90734577178955,"0km"
14303,2016,6.88085556030273,9.13440322875977,"0km"
14304,2016,6.88085556030273,9.13440322875977,"0km"
14305,2016,6.88085556030273,9.13440322875977,"0km"
14306,2016,6.8153018951416,8.90734577178955,"0km"
14307,2016,6.88085556030273,9.13440322875977,"0km"
14308,2016,6.88085556030273,9.13440322875977,"0km"
14309,2016,6.88085556030273,9.13440322875977,"0km"
14310,2016,6.88085556030273,9.13440322875977,"0km"
14311,2016,6.88085556030273,9.13440322875977,"0km"
14312,2016,6.88085556030273,9.13440322875977,"0km"
14313,2016,6.88085556030273,9.13440322875977,"0km"
14314,2016,6.88085556030273,9.13440322875977,"0km"
14315,2016,6.88085556030273,9.13440322875977,"0km"
14316,2016,6.88085556030273,9.13440322875977,"0km"
14317,2016,6.8153018951416,8.90734577178955,"0km"
14318,2016,6.88085556030273,9.13440322875977,"0km"
14319,2016,6.88085556030273,9.13440322875977,"0km"
14320,2016,6.8153018951416,8.90734577178955,"0km"
14321,2016,6.88085556030273,9.13440322875977,"0km"
14322,2016,6.8153018951416,8.90734577178955,"0km"
14323,2016,6.88085556030273,9.13440322875977,"0km"
14324,2016,6.88085556030273,9.13440322875977,"0km"
14325,2016,6.88085556030273,9.13440322875977,"0km"
14326,2016,6.38871431350708,7.42194890975952,"0km"
14327,2016,6.38871431350708,7.42194890975952,"0km"
14328,2016,6.38871431350708,7.42194890975952,"0km"
14329,2016,6.38871431350708,7.42194890975952,"0km"
14330,2016,6.38871431350708,7.42194890975952,"0km"
14331,2016,6.38871431350708,7.42194890975952,"0km"
14332,2016,6.38871431350708,7.42194890975952,"0km"
14333,2016,6.38871431350708,7.42194890975952,"0km"
14334,2016,6.38871431350708,7.42194890975952,"0km"
14335,2016,6.38871431350708,7.42194890975952,"0km"
14336,2016,6.38871431350708,7.42194890975952,"0km"
14337,2016,6.38871431350708,7.42194890975952,"0km"
14338,2016,6.38871431350708,7.42194890975952,"0km"
14339,2016,6.38871431350708,7.42194890975952,"0km"
14340,2016,6.38871431350708,7.42194890975952,"0km"
14341,2016,6.38871431350708,7.42194890975952,"0km"
14342,2016,6.38871431350708,7.42194890975952,"0km"
14343,2016,6.38871431350708,7.42194890975952,"0km"
14344,2016,6.38871431350708,7.42194890975952,"0km"
14345,2016,6.38871431350708,7.42194890975952,"0km"
14346,2016,6.38871431350708,7.42194890975952,"0km"
14347,2016,6.38871431350708,7.42194890975952,"0km"
14348,2016,6.38871431350708,7.42194890975952,"0km"
14349,2016,6.38871431350708,7.42194890975952,"0km"
14350,2016,6.38871431350708,7.42194890975952,"0km"
14351,2016,6.38871431350708,7.42194890975952,"0km"
14352,2016,6.38871431350708,7.42194890975952,"0km"
14353,2016,6.38871431350708,7.42194890975952,"0km"
14354,2016,6.38871431350708,7.42194890975952,"0km"
14355,2016,6.38871431350708,7.42194890975952,"0km"
14356,2016,6.38871431350708,7.42194890975952,"0km"
14357,2016,6.38871431350708,7.42194890975952,"0km"
14358,2016,6.38871431350708,7.42194890975952,"0km"
14359,2016,6.38871431350708,7.42194890975952,"0km"
14360,2016,6.38871431350708,7.42194890975952,"0km"
14361,2016,6.38871431350708,7.42194890975952,"0km"
14362,2016,6.38871431350708,7.42194890975952,"0km"
14363,2016,6.38871431350708,7.42194890975952,"0km"
14364,2016,6.38871431350708,7.42194890975952,"0km"
14365,2016,6.38871431350708,7.42194890975952,"0km"
14366,2016,6.38871431350708,7.42194890975952,"0km"
14367,2016,6.38871431350708,7.42194890975952,"0km"
14368,2016,6.38871431350708,7.42194890975952,"0km"
14369,2016,6.38871431350708,7.42194890975952,"0km"
14370,2016,6.38871431350708,7.42194890975952,"0km"
14371,2016,6.10208463668823,9.10657024383545,"0km"
14372,2016,6.10208463668823,9.10657024383545,"0km"
14373,2016,6.10208463668823,9.10657024383545,"0km"
14374,2016,6.10208463668823,9.10657024383545,"0km"
14375,2016,6.10208463668823,9.10657024383545,"0km"
14376,2016,6.10208463668823,9.10657024383545,"0km"
14377,2016,6.10208463668823,9.10657024383545,"0km"
14378,2016,6.10208463668823,9.10657024383545,"0km"
14379,2016,6.10208463668823,9.10657024383545,"0km"
14380,2016,6.10190153121948,8.94982719421387,"0km"
14381,2016,6.10208463668823,9.10657024383545,"0km"
14382,2016,6.10208463668823,9.10657024383545,"0km"
14383,2016,6.10190153121948,8.94982719421387,"0km"
14384,2016,6.10208463668823,9.10657024383545,"0km"
14385,2016,6.10208463668823,9.10657024383545,"0km"
14386,2016,6.10208463668823,9.10657024383545,"0km"
14387,2016,6.10208463668823,9.10657024383545,"0km"
14388,2016,6.10190153121948,8.94982719421387,"0km"
14389,2016,6.10190153121948,8.94982719421387,"0km"
14390,2016,6.10190153121948,8.94982719421387,"0km"
14391,2016,6.10190153121948,8.94982719421387,"0km"
14392,2016,6.10190153121948,8.94982719421387,"0km"
14393,2016,6.10190153121948,8.94982719421387,"0km"
14394,2016,6.10208463668823,9.10657024383545,"0km"
14395,2016,6.10208463668823,9.10657024383545,"0km"
14396,2016,6.10190153121948,8.94982719421387,"0km"
14397,2016,6.10190153121948,8.94982719421387,"0km"
14398,2016,6.10190153121948,8.94982719421387,"0km"
14399,2016,6.10190153121948,8.94982719421387,"0km"
14400,2016,6.10208463668823,9.10657024383545,"0km"
14401,2016,6.10208463668823,9.10657024383545,"0km"
14402,2016,6.10208463668823,9.10657024383545,"0km"
14403,2016,6.10190153121948,8.94982719421387,"0km"
14404,2016,6.10190153121948,8.94982719421387,"0km"
14405,2016,6.10208463668823,9.10657024383545,"0km"
14406,2016,6.10208463668823,9.10657024383545,"0km"
14407,2016,6.10208463668823,9.10657024383545,"0km"
14408,2016,6.10208463668823,9.10657024383545,"0km"
14409,2016,6.10208463668823,9.10657024383545,"0km"
14410,2016,6.10208463668823,9.10657024383545,"0km"
14411,2016,6.10208463668823,9.10657024383545,"0km"
14412,2016,6.10208463668823,9.10657024383545,"0km"
14413,2016,6.10208463668823,9.10657024383545,"0km"
14414,2016,6.72862958908081,8.52427768707275,"0km"
14415,2016,6.72862958908081,8.52427768707275,"0km"
14416,2016,6.72862958908081,8.52427768707275,"0km"
14417,2016,6.7224645614624,8.4429759979248,"0km"
14418,2016,6.72862958908081,8.52427768707275,"0km"
14419,2016,6.7224645614624,8.4429759979248,"0km"
14420,2016,6.72862958908081,8.52427768707275,"0km"
14421,2016,6.7224645614624,8.4429759979248,"0km"
14422,2016,6.72862958908081,8.52427768707275,"0km"
14423,2016,6.7224645614624,8.4429759979248,"0km"
14424,2016,6.72862958908081,8.52427768707275,"0km"
14425,2016,6.7224645614624,8.4429759979248,"0km"
14426,2016,6.72862958908081,8.52427768707275,"0km"
14427,2016,6.72862958908081,8.52427768707275,"0km"
14428,2016,6.7224645614624,8.4429759979248,"0km"
14429,2016,6.7224645614624,8.4429759979248,"0km"
14430,2016,6.7224645614624,8.4429759979248,"0km"
14431,2016,6.7224645614624,8.4429759979248,"0km"
14432,2016,6.72862958908081,8.52427768707275,"0km"
14433,2016,6.7224645614624,8.4429759979248,"0km"
14434,2016,6.72862958908081,8.52427768707275,"0km"
14435,2016,6.7224645614624,8.4429759979248,"0km"
14436,2016,6.7224645614624,8.4429759979248,"0km"
14437,2016,6.7224645614624,8.4429759979248,"0km"
14438,2016,6.72862958908081,8.52427768707275,"0km"
14439,2016,6.7224645614624,8.4429759979248,"0km"
14440,2016,6.72862958908081,8.52427768707275,"0km"
14441,2016,6.7224645614624,8.4429759979248,"0km"
14442,2016,6.72862958908081,8.52427768707275,"0km"
14443,2016,6.7224645614624,8.4429759979248,"0km"
14444,2016,6.7224645614624,8.4429759979248,"0km"
14445,2016,6.7224645614624,8.4429759979248,"0km"
14446,2016,6.7224645614624,8.4429759979248,"0km"
14447,2016,6.72862958908081,8.52427768707275,"0km"
14448,2016,6.7224645614624,8.4429759979248,"0km"
14449,2016,6.72862958908081,8.52427768707275,"0km"
14450,2016,6.72862958908081,8.52427768707275,"0km"
14451,2016,6.7224645614624,8.4429759979248,"0km"
14452,2016,6.7224645614624,8.4429759979248,"0km"
14453,2016,6.7224645614624,8.4429759979248,"0km"
14454,2016,6.7224645614624,8.4429759979248,"0km"
14455,2016,6.7224645614624,8.4429759979248,"0km"
14456,2017,6.68095970153809,9.39442157745361,"0km"
14457,2017,6.68095970153809,9.39442157745361,"0km"
14458,2017,6.59569072723389,8.58433818817139,"0km"
14459,2017,6.68095970153809,9.39442157745361,"0km"
14460,2017,6.68095970153809,9.39442157745361,"0km"
14461,2017,6.33780956268311,7.461501121521,"0km"
14462,2017,6.33780956268311,7.461501121521,"0km"
14463,2017,6.68095970153809,9.39442157745361,"0km"
14464,2017,6.59569072723389,8.58433818817139,"0km"
14465,2017,6.33780956268311,7.461501121521,"0km"
14466,2017,6.33780956268311,7.461501121521,"0km"
14467,2017,6.68095970153809,9.39442157745361,"0km"
14468,2017,6.33780956268311,7.461501121521,"0km"
14469,2017,6.33780956268311,7.461501121521,"0km"
14470,2017,6.33780956268311,7.461501121521,"0km"
14471,2017,6.33780956268311,7.461501121521,"0km"
14472,2017,6.33780956268311,7.461501121521,"0km"
14473,2017,6.20371103286743,6.85064220428467,"0km"
14474,2017,6.20371103286743,6.85064220428467,"0km"
14475,2017,6.33780956268311,7.461501121521,"0km"
14476,2017,6.20371103286743,6.85064220428467,"0km"
14477,2017,6.33780956268311,7.461501121521,"0km"
14478,2017,6.20371103286743,6.85064220428467,"0km"
14479,2017,6.20371103286743,6.85064220428467,"0km"
14480,2017,6.33780956268311,7.461501121521,"0km"
14481,2017,6.33780956268311,7.461501121521,"0km"
14482,2017,6.33780956268311,7.461501121521,"0km"
14483,2017,6.20371103286743,6.85064220428467,"0km"
14484,2017,6.33780956268311,7.461501121521,"0km"
14485,2017,6.33780956268311,7.461501121521,"0km"
14486,2017,6.20371103286743,6.85064220428467,"0km"
14487,2017,6.33780956268311,7.461501121521,"0km"
14488,2017,6.33780956268311,7.461501121521,"0km"
14489,2017,6.20371103286743,6.85064220428467,"0km"
14490,2017,6.20371103286743,6.85064220428467,"0km"
14491,2017,6.20371103286743,6.85064220428467,"0km"
14492,2017,6.33780956268311,7.461501121521,"0km"
14493,2017,6.20371103286743,6.85064220428467,"0km"
14494,2017,6.33780956268311,7.461501121521,"0km"
14495,2017,6.20371103286743,6.85064220428467,"0km"
14496,2017,6.20371103286743,6.85064220428467,"0km"
14497,2017,6.33780956268311,7.461501121521,"0km"
14498,2017,6.20371103286743,6.85064220428467,"0km"
14499,2017,6.33780956268311,7.461501121521,"0km"
14500,2017,6.33780956268311,7.461501121521,"0km"
14501,2017,6.20371103286743,6.85064220428467,"0km"
14502,2017,6.20371103286743,6.85064220428467,"0km"
14503,2017,6.33780956268311,7.461501121521,"0km"
14504,2017,6.33780956268311,7.461501121521,"0km"
14505,2017,6.33780956268311,7.461501121521,"0km"
14506,2017,5.76528215408325,9.30359840393066,"0km"
14507,2017,5.76528215408325,9.30359840393066,"0km"
14508,2017,5.76528215408325,9.30359840393066,"0km"
14509,2017,5.76528215408325,9.30359840393066,"0km"
14510,2017,5.76528215408325,9.30359840393066,"0km"
14511,2017,5.76528215408325,9.30359840393066,"0km"
14512,2017,5.76528215408325,9.30359840393066,"0km"
14513,2017,5.76528215408325,9.30359840393066,"0km"
14514,2017,5.76528215408325,9.30359840393066,"0km"
14515,2017,5.76528215408325,9.30359840393066,"0km"
14516,2017,5.76528215408325,9.30359840393066,"0km"
14517,2017,5.76528215408325,9.30359840393066,"0km"
14518,2017,5.76528215408325,9.30359840393066,"0km"
14519,2017,5.76528215408325,9.30359840393066,"0km"
14520,2017,5.76528215408325,9.30359840393066,"0km"
14521,2017,5.76528215408325,9.30359840393066,"0km"
14522,2017,5.76528215408325,9.30359840393066,"0km"
14523,2017,5.76528215408325,9.30359840393066,"0km"
14524,2017,5.76528215408325,9.30359840393066,"0km"
14525,2017,5.76528215408325,9.30359840393066,"0km"
14526,2017,5.76528215408325,9.30359840393066,"0km"
14527,2017,5.76528215408325,9.30359840393066,"0km"
14528,2017,5.76528215408325,9.30359840393066,"0km"
14529,2017,5.76528215408325,9.30359840393066,"0km"
14530,2017,5.76528215408325,9.30359840393066,"0km"
14531,2017,5.76528215408325,9.30359840393066,"0km"
14532,2017,5.76528215408325,9.30359840393066,"0km"
14533,2017,5.76528215408325,9.30359840393066,"0km"
14534,2017,5.76528215408325,9.30359840393066,"0km"
14535,2017,5.76528215408325,9.30359840393066,"0km"
14536,2017,5.76528215408325,9.30359840393066,"0km"
14537,2017,5.76528215408325,9.30359840393066,"0km"
14538,2017,5.76528215408325,9.30359840393066,"0km"
14539,2017,5.76528215408325,9.30359840393066,"0km"
14540,2017,5.76528215408325,9.30359840393066,"0km"
14541,2017,5.76528215408325,9.30359840393066,"0km"
14542,2017,5.76528215408325,9.30359840393066,"0km"
14543,2017,5.76528215408325,9.30359840393066,"0km"
14544,2017,5.76528215408325,9.30359840393066,"0km"
14545,2017,5.76528215408325,9.30359840393066,"0km"
14546,2017,5.76528215408325,9.30359840393066,"0km"
14547,2017,5.76528215408325,9.30359840393066,"0km"
14548,2017,5.76528215408325,9.30359840393066,"0km"
14549,2017,5.76528215408325,9.30359840393066,"0km"
14550,2017,5.76528215408325,9.30359840393066,"0km"
14551,2017,5.76528215408325,9.30359840393066,"0km"
14552,2017,5.76528215408325,9.30359840393066,"0km"
14553,2017,5.76528215408325,9.30359840393066,"0km"
14554,2017,5.76528215408325,9.30359840393066,"0km"
14555,2017,5.76528215408325,9.30359840393066,"0km"
14556,2017,5.76528215408325,9.30359840393066,"0km"
14557,2017,5.76528215408325,9.30359840393066,"0km"
14558,2017,5.76528215408325,9.30359840393066,"0km"
14559,2017,5.90670490264893,9.30286598205566,"0km"
14560,2017,5.76528215408325,9.30359840393066,"0km"
14561,2017,5.90670490264893,9.30286598205566,"0km"
14562,2017,5.90670490264893,9.30286598205566,"0km"
14563,2017,5.90670490264893,9.30286598205566,"0km"
14564,2017,5.90670490264893,9.30286598205566,"0km"
14565,2017,5.90670490264893,9.30286598205566,"0km"
14566,2017,5.90670490264893,9.30286598205566,"0km"
14567,2017,5.90670490264893,9.30286598205566,"0km"
14568,2017,5.90670490264893,9.30286598205566,"0km"
14569,2017,5.90670490264893,9.30286598205566,"0km"
14570,2017,5.90670490264893,9.30286598205566,"0km"
14571,2017,5.90670490264893,9.30286598205566,"0km"
14572,2017,5.90670490264893,9.30286598205566,"0km"
14573,2017,5.90670490264893,9.30286598205566,"0km"
14574,2017,5.90670490264893,9.30286598205566,"0km"
14575,2017,5.90670490264893,9.30286598205566,"0km"
14576,2017,5.90670490264893,9.30286598205566,"0km"
14577,2017,5.90670490264893,9.30286598205566,"0km"
14578,2017,5.90670490264893,9.30286598205566,"0km"
14579,2017,5.90670490264893,9.30286598205566,"0km"
14580,2017,5.90670490264893,9.30286598205566,"0km"
14581,2017,5.90670490264893,9.30286598205566,"0km"
14582,2017,5.90670490264893,9.30286598205566,"0km"
14583,2017,5.90670490264893,9.30286598205566,"0km"
14584,2017,5.90670490264893,9.30286598205566,"0km"
14585,2017,5.90670490264893,9.30286598205566,"0km"
14586,2017,5.90670490264893,9.30286598205566,"0km"
14587,2017,5.90670490264893,9.30286598205566,"0km"
14588,2017,5.90670490264893,9.30286598205566,"0km"
14589,2017,5.90670490264893,9.30286598205566,"0km"
14590,2017,5.90670490264893,9.30286598205566,"0km"
14591,2017,5.90670490264893,9.30286598205566,"0km"
14592,2017,5.90670490264893,9.30286598205566,"0km"
14593,2017,5.90670490264893,9.30286598205566,"0km"
14594,2017,5.90670490264893,9.30286598205566,"0km"
14595,2017,5.90670490264893,9.30286598205566,"0km"
14596,2017,6.41697454452515,8.35947799682617,"0km"
14597,2017,6.41697454452515,8.35947799682617,"0km"
14598,2017,6.41697454452515,8.35947799682617,"0km"
14599,2017,6.41697454452515,8.35947799682617,"0km"
14600,2017,6.41697454452515,8.35947799682617,"0km"
14601,2017,6.41697454452515,8.35947799682617,"0km"
14602,2017,6.41697454452515,8.35947799682617,"0km"
14603,2017,6.41697454452515,8.35947799682617,"0km"
14604,2017,6.41697454452515,8.35947799682617,"0km"
14605,2017,6.41697454452515,8.35947799682617,"0km"
14606,2017,6.41697454452515,8.35947799682617,"0km"
14607,2017,6.41697454452515,8.35947799682617,"0km"
14608,2017,6.41697454452515,8.35947799682617,"0km"
14609,2017,6.41697454452515,8.35947799682617,"0km"
14610,2017,6.41697454452515,8.35947799682617,"0km"
14611,2017,6.41697454452515,8.35947799682617,"0km"
14612,2017,6.41697454452515,8.35947799682617,"0km"
14613,2017,6.4221625328064,8.23935699462891,"0km"
14614,2017,6.41697454452515,8.35947799682617,"0km"
14615,2017,6.41697454452515,8.35947799682617,"0km"
14616,2017,6.41697454452515,8.35947799682617,"0km"
14617,2017,6.41697454452515,8.35947799682617,"0km"
14618,2017,6.41697454452515,8.35947799682617,"0km"
14619,2017,6.4221625328064,8.23935699462891,"0km"
14620,2017,6.41697454452515,8.35947799682617,"0km"
14621,2017,6.41697454452515,8.35947799682617,"0km"
14622,2017,6.41697454452515,8.35947799682617,"0km"
14623,2017,6.4221625328064,8.23935699462891,"0km"
14624,2017,6.41697454452515,8.35947799682617,"0km"
14625,2017,6.4221625328064,8.23935699462891,"0km"
14626,2017,6.4221625328064,8.23935699462891,"0km"
14627,2017,6.41697454452515,8.35947799682617,"0km"
14628,2017,6.41697454452515,8.35947799682617,"0km"
14629,2017,6.41697454452515,8.35947799682617,"0km"
14630,2017,6.41697454452515,8.35947799682617,"0km"
14631,2017,6.41697454452515,8.35947799682617,"0km"
14632,2017,6.4221625328064,8.23935699462891,"0km"
14633,2017,6.41697454452515,8.35947799682617,"0km"
14634,2017,6.4221625328064,8.23935699462891,"0km"
14635,2017,6.4221625328064,8.23935699462891,"0km"
14636,2017,6.41697454452515,8.35947799682617,"0km"
14637,2017,6.41697454452515,8.35947799682617,"0km"
14638,2017,6.41697454452515,8.35947799682617,"0km"
14639,2017,6.4221625328064,8.23935699462891,"0km"
14640,2017,6.41697454452515,8.35947799682617,"0km"
14641,2017,6.4221625328064,8.23935699462891,"0km"
14642,2017,6.41697454452515,8.35947799682617,"0km"
14643,2017,6.4221625328064,8.23935699462891,"0km"
14644,2017,6.41697454452515,8.35947799682617,"0km"
14645,2017,6.41697454452515,8.35947799682617,"0km"
14646,2017,6.46586513519287,9.03259372711182,"0km"
14647,2017,6.46586513519287,9.03259372711182,"0km"
14648,2017,6.46586513519287,9.03259372711182,"0km"
14649,2017,6.46586513519287,9.03259372711182,"0km"
14650,2017,6.46586513519287,9.03259372711182,"0km"
14651,2017,6.46586513519287,9.03259372711182,"0km"
14652,2017,6.46586513519287,9.03259372711182,"0km"
14653,2017,6.46586513519287,9.03259372711182,"0km"
14654,2017,6.46586513519287,9.03259372711182,"0km"
14655,2017,6.46586513519287,9.03259372711182,"0km"
14656,2017,6.46586513519287,9.03259372711182,"0km"
14657,2017,6.46586513519287,9.03259372711182,"0km"
14658,2017,6.46586513519287,9.03259372711182,"0km"
14659,2017,6.46586513519287,9.03259372711182,"0km"
14660,2017,6.46586513519287,9.03259372711182,"0km"
14661,2017,6.46586513519287,9.03259372711182,"0km"
14662,2017,6.46586513519287,9.03259372711182,"0km"
14663,2017,6.46586513519287,9.03259372711182,"0km"
14664,2017,6.46586513519287,9.03259372711182,"0km"
14665,2017,6.46586513519287,9.03259372711182,"0km"
14666,2017,6.46586513519287,9.03259372711182,"0km"
14667,2017,6.47428798675537,9.05603218078613,"0km"
14668,2017,6.46586513519287,9.03259372711182,"0km"
14669,2017,6.46586513519287,9.03259372711182,"0km"
14670,2017,6.46586513519287,9.03259372711182,"0km"
14671,2017,6.46586513519287,9.03259372711182,"0km"
14672,2017,6.46586513519287,9.03259372711182,"0km"
14673,2017,6.46586513519287,9.03259372711182,"0km"
14674,2017,6.46586513519287,9.03259372711182,"0km"
14675,2017,6.46586513519287,9.03259372711182,"0km"
14676,2017,6.46586513519287,9.03259372711182,"0km"
14677,2017,6.46586513519287,9.03259372711182,"0km"
14678,2017,6.46586513519287,9.03259372711182,"0km"
14679,2017,6.46586513519287,9.03259372711182,"0km"
14680,2017,6.46586513519287,9.03259372711182,"0km"
14681,2017,6.46586513519287,9.03259372711182,"0km"
14682,2017,6.46586513519287,9.03259372711182,"0km"
14683,2017,6.46586513519287,9.03259372711182,"0km"
14684,2017,6.46586513519287,9.03259372711182,"0km"
14685,2017,6.46586513519287,9.03259372711182,"0km"
14686,2017,6.46586513519287,9.03259372711182,"0km"
14687,2017,6.46586513519287,9.03259372711182,"0km"
14688,2017,6.46586513519287,9.03259372711182,"0km"
14689,2017,6.46586513519287,9.03259372711182,"0km"
14690,2017,6.46586513519287,9.03259372711182,"0km"
14691,2017,6.46586513519287,9.03259372711182,"0km"
14692,2017,6.46586513519287,9.03259372711182,"0km"
14693,2017,6.46586513519287,9.03259372711182,"0km"
14694,2017,6.46586513519287,9.03259372711182,"0km"
14695,2017,6.46586513519287,9.03259372711182,"0km"
14696,2017,8.73781561851501,12.3033237457275,"10km"
14697,2017,8.73781561851501,12.3033237457275,"10km"
14698,2017,8.73781561851501,12.3033237457275,"10km"
14699,2017,7.89382600784302,9.74086761474609,"0km"
14700,2017,8.73781561851501,12.3033237457275,"10km"
14701,2017,7.89382600784302,9.74086761474609,"0km"
14702,2017,9.58180522918701,14.865779876709,"0km"
14703,2017,9.58180522918701,14.865779876709,"0km"
14704,2017,7.89382600784302,9.74086761474609,"0km"
14705,2017,7.89382600784302,9.74086761474609,"0km"
14706,2017,7.89382600784302,9.74086761474609,"0km"
14707,2017,7.89382600784302,9.74086761474609,"0km"
14708,2017,9.58180522918701,14.865779876709,"0km"
14709,2017,9.58180522918701,14.865779876709,"0km"
14710,2017,9.58180522918701,14.865779876709,"0km"
14711,2017,9.58180522918701,14.865779876709,"0km"
14712,2017,9.58180522918701,14.865779876709,"0km"
14713,2017,9.58180522918701,14.865779876709,"0km"
14714,2017,7.89382600784302,9.74086761474609,"0km"
14715,2017,7.89382600784302,9.74086761474609,"0km"
14716,2017,9.58180522918701,14.865779876709,"0km"
14717,2017,9.58180522918701,14.865779876709,"0km"
14718,2017,9.58180522918701,14.865779876709,"0km"
14719,2017,10.285927772522,16.2728042602539,"10km"
14720,2017,10.285927772522,16.2728042602539,"10km"
14721,2017,8.73781561851501,12.3033237457275,"10km"
14722,2017,8.73781561851501,12.3033237457275,"10km"
14723,2017,8.73781561851501,12.3033237457275,"10km"
14724,2017,8.73781561851501,12.3033237457275,"10km"
14725,2017,8.73781561851501,12.3033237457275,"10km"
14726,2017,9.58180522918701,14.865779876709,"0km"
14727,2017,8.73781561851501,12.3033237457275,"10km"
14728,2017,7.89382600784302,9.74086761474609,"0km"
14729,2017,7.89382600784302,9.74086761474609,"0km"
14730,2017,9.58180522918701,14.865779876709,"0km"
14731,2017,9.58180522918701,14.865779876709,"0km"
14732,2017,9.58180522918701,14.865779876709,"0km"
14733,2017,9.58180522918701,14.865779876709,"0km"
14734,2017,9.58180522918701,14.865779876709,"0km"
14735,2017,9.58180522918701,14.865779876709,"0km"
14736,2017,9.58180522918701,14.865779876709,"0km"
14737,2017,9.58180522918701,14.865779876709,"0km"
14738,2017,9.58180522918701,14.865779876709,"0km"
14739,2017,7.89382600784302,9.74086761474609,"0km"
14740,2017,7.89382600784302,9.74086761474609,"0km"
14741,2017,9.58180522918701,14.865779876709,"0km"
14742,2017,7.89382600784302,9.74086761474609,"0km"
14743,2017,10.285927772522,16.2728042602539,"10km"
14744,2017,9.34640038013458,13.7279274463654,"15km"
14745,2017,8.73781561851501,12.3033237457275,"10km"
14746,2017,8.73781561851501,12.3033237457275,"10km"
14747,2017,8.73781561851501,12.3033237457275,"10km"
14748,2017,8.73781561851501,12.3033237457275,"10km"
14749,2017,9.58180522918701,14.865779876709,"0km"
14750,2017,9.58180522918701,14.865779876709,"0km"
14751,2017,9.58180522918701,14.865779876709,"0km"
14752,2017,9.43507194519043,13.7268285751343,"0km"
14753,2017,8.87914657592773,13.1247596740723,"0km"
14754,2017,8.76110076904297,12.5717639923096,"0km"
14755,2017,8.87914657592773,13.1247596740723,"0km"
14756,2017,7.89382600784302,9.74086761474609,"0km"
14757,2017,9.15826892852783,13.0236825942993,"0km"
14758,2017,9.43507194519043,13.7268285751343,"0km"
14759,2017,9.2713098526001,12.7922296524048,"0km"
14760,2017,9.15826892852783,13.0236825942993,"0km"
14761,2017,9.2713098526001,12.7922296524048,"0km"
14762,2017,9.58180522918701,14.865779876709,"0km"
14763,2017,9.15826892852783,13.0236825942993,"0km"
14764,2017,9.15826892852783,13.0236825942993,"0km"
14765,2017,9.58180522918701,14.865779876709,"0km"
14766,2017,9.86489486694336,15.2180852890015,"0km"
14767,2017,9.86489486694336,15.2180852890015,"0km"
14768,2017,9.43507194519043,13.7268285751343,"0km"
14769,2017,9.43507194519043,13.7268285751343,"0km"
14770,2017,9.43507194519043,13.7268285751343,"0km"
14771,2017,9.43507194519043,13.7268285751343,"0km"
14772,2017,9.15826892852783,13.0236825942993,"0km"
14773,2017,8.87914657592773,13.1247596740723,"0km"
14774,2017,8.87914657592773,13.1247596740723,"0km"
14775,2017,7.89382600784302,9.74086761474609,"0km"
14776,2017,9.43507194519043,13.7268285751343,"0km"
14777,2017,9.43507194519043,13.7268285751343,"0km"
14778,2017,9.2713098526001,12.7922296524048,"0km"
14779,2017,9.15826892852783,13.0236825942993,"0km"
14780,2017,9.2713098526001,12.7922296524048,"0km"
14781,2017,9.86489486694336,15.2180852890015,"0km"
14782,2017,7.89382600784302,9.74086761474609,"0km"
14783,2017,9.15826892852783,13.0236825942993,"0km"
14784,2017,9.43507194519043,13.7268285751343,"0km"
14785,2017,9.43507194519043,13.7268285751343,"0km"
14786,2017,9.15826892852783,13.0236825942993,"0km"
14787,2017,9.2713098526001,12.7922296524048,"0km"
14788,2017,9.86489486694336,15.2180852890015,"0km"
14789,2017,9.86489486694336,15.2180852890015,"0km"
14790,2017,9.15826892852783,13.0236825942993,"0km"
14791,2017,9.15826892852783,13.0236825942993,"0km"
14792,2017,8.87914657592773,13.1247596740723,"0km"
14793,2017,7.89382600784302,9.74086761474609,"0km"
14794,2017,7.89382600784302,9.74086761474609,"0km"
14795,2017,9.15826892852783,13.0236825942993,"0km"
14796,2017,9.86489486694336,15.2180852890015,"0km"
14797,2017,8.87914657592773,13.1247596740723,"0km"
14798,2017,9.25339531898499,13.3801385561625,"10km"
14799,2017,9.43507194519043,13.7268285751343,"0km"
14800,2017,9.15826892852783,13.0236825942993,"0km"
14801,2017,10.1800899505615,16.1314430236816,"0km"
14802,2017,9.86489486694336,15.2180852890015,"0km"
14803,2017,9.83022594451904,15.1104164123535,"15km"
14804,2017,NA,NA,"15km"
14805,2017,NA,NA,"15km"
14806,2017,NA,NA,"15km"
14807,2017,9.83022594451904,15.1104164123535,"15km"
14808,2017,9.83022594451904,15.1104164123535,"15km"
14809,2017,9.83022594451904,15.1104164123535,"15km"
14810,2017,9.67773501078288,14.5964841842651,"10km"
14811,2017,NA,NA,"15km"
14812,2017,NA,NA,"15km"
14813,2017,10.1800899505615,16.1314430236816,"0km"
14814,2017,10.1800899505615,16.1314430236816,"0km"
14815,2017,10.1800899505615,16.1314430236816,"0km"
14816,2017,7.82998132705688,8.65465259552002,"0km"
14817,2017,7.82998132705688,8.65465259552002,"0km"
14818,2017,7.82998132705688,8.65465259552002,"0km"
14819,2017,7.82998132705688,8.65465259552002,"0km"
14820,2017,7.82998132705688,8.65465259552002,"0km"
14821,2017,7.82998132705688,8.65465259552002,"0km"
14822,2017,7.82998132705688,8.65465259552002,"0km"
14823,2017,7.82998132705688,8.65465259552002,"0km"
14824,2017,7.82998132705688,8.65465259552002,"0km"
14825,2017,7.82998132705688,8.65465259552002,"0km"
14826,2017,7.90243244171143,8.65758228302002,"0km"
14827,2017,7.82998132705688,8.65465259552002,"0km"
14828,2017,9.61415481567383,14.8555250167847,"0km"
14829,2017,9.61415481567383,14.8555250167847,"0km"
14830,2017,9.61415481567383,14.8555250167847,"0km"
14831,2017,9.61415481567383,14.8555250167847,"0km"
14832,2017,9.26612186431885,14.0036926269531,"0km"
14833,2017,8.68834495544434,11.1669359207153,"0km"
14834,2017,9.89529132843018,15.4231700897217,"0km"
14835,2017,9.89529132843018,15.4231700897217,"0km"
14836,2017,9.89529132843018,15.4231700897217,"0km"
14837,2017,9.89529132843018,15.4231700897217,"0km"
14838,2017,9.89529132843018,15.4231700897217,"0km"
14839,2017,7.7660756111145,8.69200706481934,"0km"
14840,2017,9.55232429504395,14.9749135971069,"0km"
14841,2017,7.85958433151245,8.6129035949707,"0km"
14842,2017,9.89529132843018,15.4231700897217,"0km"
14843,2017,9.86117172241211,15.470046043396,"0km"
14844,2017,9.86117172241211,15.470046043396,"0km"
14845,2017,9.86117172241211,15.470046043396,"0km"
14846,2017,9.61415481567383,14.8555250167847,"0km"
14847,2017,9.61415481567383,14.8555250167847,"0km"
14848,2017,8.37205123901367,10.8505201339722,"0km"
14849,2017,8.37205123901367,10.8505201339722,"0km"
14850,2017,9.74385833740234,14.9653921127319,"0km"
14851,2017,9.89529132843018,15.4231700897217,"0km"
14852,2017,9.89529132843018,15.4231700897217,"0km"
14853,2017,9.89529132843018,15.4231700897217,"0km"
14854,2017,9.89529132843018,15.4231700897217,"0km"
14855,2017,9.89529132843018,15.4231700897217,"0km"
14856,2017,9.61415481567383,14.8555250167847,"0km"
14857,2017,9.61415481567383,14.8555250167847,"0km"
14858,2017,7.7660756111145,8.69200706481934,"0km"
14859,2017,9.55232429504395,14.9749135971069,"0km"
14860,2017,7.85958433151245,8.6129035949707,"0km"
14861,2017,9.55232429504395,14.9749135971069,"0km"
14862,2017,9.86117172241211,15.470046043396,"0km"
14863,2017,9.86117172241211,15.470046043396,"0km"
14864,2017,9.76931095123291,14.9419536590576,"0km"
14865,2017,9.61415481567383,14.8555250167847,"0km"
14866,2017,8.37205123901367,10.8505201339722,"0km"
14867,2017,9.89529132843018,15.4231700897217,"0km"
14868,2017,9.86117172241211,15.470046043396,"0km"
14869,2017,9.89529132843018,15.4231700897217,"0km"
14870,2017,9.55232429504395,14.9749135971069,"0km"
14871,2017,7.85958433151245,8.6129035949707,"0km"
14872,2017,9.86117172241211,15.470046043396,"0km"
14873,2017,9.89529132843018,15.4231700897217,"0km"
14874,2017,9.86117172241211,15.470046043396,"0km"
14875,2017,9.67799949645996,14.9126558303833,"0km"
14876,2017,9.67799949645996,14.9126558303833,"0km"
14877,2017,9.67799949645996,14.9126558303833,"0km"
14878,2017,9.67799949645996,14.9126558303833,"0km"
14879,2017,9.91579914093018,15.3213596343994,"0km"
14880,2017,9.76931095123291,14.9419536590576,"0km"
14881,2017,9.76931095123291,14.9419536590576,"0km"
14882,2017,9.67799949645996,14.9126558303833,"0km"
14883,2017,9.76821231842041,15.1367835998535,"0km"
14884,2017,9.67799949645996,14.9126558303833,"0km"
14885,2017,9.67799949645996,14.9126558303833,"0km"
14886,2017,9.67799949645996,14.9126558303833,"0km"
14887,2017,8.58238506317139,12.0956754684448,"0km"
14888,2017,9.5531177520752,14.6746120452881,"0km"
14889,2017,9.02587985992432,13.3818473815918,"0km"
14890,2017,8.89562702178955,12.4391918182373,"0km"
14891,2017,9.02587985992432,13.3818473815918,"0km"
14892,2017,8.94054985046387,12.2399673461914,"0km"
14893,2017,9.5531177520752,14.6746120452881,"0km"
14894,2017,9.5531177520752,14.6746120452881,"0km"
14895,2017,9.5531177520752,14.6746120452881,"0km"
14896,2017,9.13782119750977,13.6579790115356,"0km"
14897,2017,9.13782119750977,13.6579790115356,"0km"
14898,2017,9.32557106018066,13.4887847900391,"0km"
14899,2017,9.02587985992432,13.3818473815918,"0km"
14900,2017,9.32557106018066,13.4887847900391,"0km"
14901,2017,9.32557106018066,13.4887847900391,"0km"
14902,2017,9.32557106018066,13.4887847900391,"0km"
14903,2017,8.6225471496582,11.6247138977051,"0km"
14904,2017,9.02587985992432,13.3818473815918,"0km"
14905,2017,9.11078262329102,13.3298444747925,"0km"
14906,2017,9.13782119750977,13.6579790115356,"0km"
14907,2017,9.11078262329102,13.3298444747925,"0km"
14908,2017,8.94054985046387,12.2399673461914,"0km"
14909,2017,9.5531177520752,14.6746120452881,"0km"
14910,2017,9.5531177520752,14.6746120452881,"0km"
14911,2017,9.5531177520752,14.6746120452881,"0km"
14912,2017,9.5531177520752,14.6746120452881,"0km"
14913,2017,9.14464569091797,13.4966949462891,"10km"
14914,2017,9.13782119750977,13.6579790115356,"0km"
14915,2017,9.13782119750977,13.6579790115356,"0km"
14916,2017,9.13782119750977,13.6579790115356,"0km"
14917,2017,9.13782119750977,13.6579790115356,"0km"
14918,2017,9.13782119750977,13.6579790115356,"0km"
14919,2017,9.32557106018066,13.4887847900391,"0km"
14920,2017,9.02587985992432,13.3818473815918,"0km"
14921,2017,9.5531177520752,14.6746120452881,"0km"
14922,2017,8.89562702178955,12.4391918182373,"0km"
14923,2017,9.02587985992432,13.3818473815918,"0km"
14924,2017,8.89562702178955,12.4391918182373,"0km"
14925,2017,9.5531177520752,14.6746120452881,"0km"
14926,2017,9.5531177520752,14.6746120452881,"0km"
14927,2017,9.13782119750977,13.6579790115356,"0km"
14928,2017,9.13782119750977,13.6579790115356,"0km"
14929,2017,9.13782119750977,13.6579790115356,"0km"
14930,2017,9.17433714866638,13.5254068374634,"10km"
14931,2017,9.17433714866638,13.5254068374634,"10km"
14932,2017,8.89562702178955,12.4391918182373,"0km"
14933,2017,9.13782119750977,13.6579790115356,"0km"
14934,2017,9.26286633809408,14.2654193242391,"10km"
14935,2017,9.26286633809408,14.2654193242391,"10km"
14936,2017,9.03889274597168,12.6255256652832,"10km"
14937,2017,9.05538082122803,12.7976012229919,"10km"
14938,2017,9.2705774307251,14.4131288528442,"0km"
14939,2017,9.2705774307251,14.4131288528442,"0km"
14940,2017,9.08154582977295,13.4961090087891,"0km"
14941,2017,9.08154582977295,13.4961090087891,"0km"
14942,2017,9.08154582977295,13.4961090087891,"0km"
14943,2017,9.2705774307251,14.4131288528442,"0km"
14944,2017,9.08154582977295,13.4961090087891,"0km"
14945,2017,9.08154582977295,13.4961090087891,"0km"
14946,2017,9.30280462900797,13.8233893712362,"10km"
14947,2017,9.20711882909139,13.4162724812826,"10km"
14948,2017,9.07750686009725,12.9234595298767,"10km"
14949,2017,9.17606163024902,13.9546189308167,"10km"
14950,2017,9.17606163024902,13.9546189308167,"10km"
14951,2017,9.17606163024902,13.9546189308167,"10km"
14952,2017,9.17606163024902,13.9546189308167,"10km"
14953,2017,9.17606163024902,13.9546189308167,"10km"
14954,2017,9.34705638885498,13.8888454437256,"10km"
14955,2017,9.19442710876465,13.2169012069702,"10km"
14956,2017,9.08154582977295,13.4961090087891,"0km"
14957,2017,9.2705774307251,14.4131288528442,"0km"
14958,2017,9.2705774307251,14.4131288528442,"0km"
14959,2017,9.2705774307251,14.4131288528442,"0km"
14960,2017,9.2705774307251,14.4131288528442,"0km"
14961,2017,9.2705774307251,14.4131288528442,"0km"
14962,2017,9.2705774307251,14.4131288528442,"0km"
14963,2017,9.2705774307251,14.4131288528442,"0km"
14964,2017,9.08154582977295,13.4961090087891,"0km"
14965,2017,9.08154582977295,13.4961090087891,"0km"
14966,2017,9.08154582977295,13.4961090087891,"0km"
14967,2017,9.30280462900797,13.8233893712362,"10km"
14968,2017,9.34705638885498,13.8888454437256,"10km"
14969,2017,9.34705638885498,13.8888454437256,"10km"
14970,2017,9.22097835540771,13.3679311752319,"10km"
14971,2017,9.58381938934326,14.4695272445679,"0km"
14972,2017,9.58381938934326,14.4695272445679,"0km"
14973,2017,9.17606163024902,13.9546189308167,"10km"
14974,2017,9.34705638885498,13.8888454437256,"10km"
14975,2017,9.34705638885498,13.8888454437256,"10km"
14976,2017,9.34705638885498,13.8888454437256,"10km"
14977,2017,9.15459648768107,13.0640889803569,"10km"
14978,2017,9.08154582977295,13.4961090087891,"0km"
14979,2017,9.08154582977295,13.4961090087891,"0km"
14980,2017,9.08154582977295,13.4961090087891,"0km"
14981,2017,8.93242200215658,12.1872309048971,"10km"
14982,2017,9.08154582977295,13.4961090087891,"0km"
14983,2017,9.2705774307251,14.4131288528442,"0km"
14984,2017,9.2705774307251,14.4131288528442,"0km"
14985,2017,9.08154582977295,13.4961090087891,"0km"
14986,2017,9.31537842750549,13.9668874740601,"10km"
14987,2017,9.34705638885498,13.8888454437256,"10km"
14988,2017,9.12817764282227,13.2983493804932,"0km"
14989,2017,9.00848388671875,12.3366498947144,"0km"
14990,2017,8.58256816864014,11.4020509719849,"0km"
14991,2017,9.00848388671875,12.3366498947144,"0km"
14992,2017,9.00848388671875,12.3366498947144,"0km"
14993,2017,9.00848388671875,12.3366498947144,"0km"
14994,2017,9.00848388671875,12.3366498947144,"0km"
14995,2017,9.00848388671875,12.3366498947144,"0km"
14996,2017,9.00848388671875,12.3366498947144,"0km"
14997,2017,8.36893844604492,11.4518566131592,"0km"
14998,2017,8.36893844604492,11.4518566131592,"0km"
14999,2017,9.5664234161377,14.6870632171631,"0km"
15000,2017,9.04339694976807,13.688009262085,"0km"
15001,2017,9.04339694976807,13.688009262085,"0km"
15002,2017,9.04339694976807,13.688009262085,"0km"
15003,2017,9.04339694976807,13.688009262085,"0km"
15004,2017,9.04339694976807,13.688009262085,"0km"
15005,2017,9.04339694976807,13.688009262085,"0km"
15006,2017,9.04339694976807,13.688009262085,"0km"
15007,2017,9.12817764282227,13.2983493804932,"0km"
15008,2017,9.00848388671875,12.3366498947144,"0km"
15009,2017,9.00848388671875,12.3366498947144,"0km"
15010,2017,8.58256816864014,11.4020509719849,"0km"
15011,2017,9.00848388671875,12.3366498947144,"0km"
15012,2017,9.00848388671875,12.3366498947144,"0km"
15013,2017,9.00848388671875,12.3366498947144,"0km"
15014,2017,9.00848388671875,12.3366498947144,"0km"
15015,2017,9.00848388671875,12.3366498947144,"0km"
15016,2017,9.04339694976807,13.688009262085,"0km"
15017,2017,9.04339694976807,13.688009262085,"0km"
15018,2017,9.04339694976807,13.688009262085,"0km"
15019,2017,9.04339694976807,13.688009262085,"0km"
15020,2017,9.04339694976807,13.688009262085,"0km"
15021,2017,8.58256816864014,11.4020509719849,"0km"
15022,2017,9.04339694976807,13.688009262085,"0km"
15023,2017,9.04339694976807,13.688009262085,"0km"
15024,2017,8.58256816864014,11.4020509719849,"0km"
15025,2017,9.00848388671875,12.3366498947144,"0km"
15026,2017,9.12817764282227,13.2983493804932,"0km"
15027,2017,9.12817764282227,13.2983493804932,"0km"
15028,2017,9.00848388671875,12.3366498947144,"0km"
15029,2017,9.5664234161377,14.6870632171631,"0km"
15030,2017,9.04339694976807,13.688009262085,"0km"
15031,2017,9.04339694976807,13.688009262085,"0km"
15032,2017,9.12817764282227,13.2983493804932,"0km"
15033,2017,9.12817764282227,13.2983493804932,"0km"
15034,2013,7.21712093353271,11.8599750518799,"10km"
15035,2013,7.21712093353271,11.8599750518799,"10km"
15036,2013,7.21712093353271,11.8599750518799,"10km"
15037,2013,7.21712093353271,11.8599750518799,"10km"
15038,2013,7.41494500637054,12.4741659164429,"10km"
15039,2013,7.41494500637054,12.4741659164429,"10km"
15040,2013,7.41494500637054,12.4741659164429,"10km"
15041,2013,7.41494500637054,12.4741659164429,"10km"
15042,2013,7.41494500637054,12.4741659164429,"10km"
15043,2013,7.41494500637054,12.4741659164429,"10km"
15044,2013,7.3409325281779,12.2685321172078,"10km"
15045,2013,7.3409325281779,12.2685321172078,"10km"
15046,2013,7.3409325281779,12.2685321172078,"10km"
15047,2013,7.3409325281779,12.2685321172078,"10km"
15048,2013,7.39356672763824,12.4719686508179,"10km"
15049,2013,7.39356672763824,12.4719686508179,"10km"
15050,2013,7.39356672763824,12.4719686508179,"10km"
15051,2013,7.39356672763824,12.4719686508179,"10km"
15052,2013,7.44224987030029,12.5957883834839,"10km"
15053,2013,7.39356672763824,12.4719686508179,"10km"
15054,2013,7.39356672763824,12.4719686508179,"10km"
15055,2013,7.39356672763824,12.4719686508179,"10km"
15056,2013,7.39356672763824,12.4719686508179,"10km"
15057,2013,7.28520568211873,12.3337198893229,"10km"
15058,2013,7.28520568211873,12.3337198893229,"10km"
15059,2013,7.35227513313293,12.4794764518738,"10km"
15060,2013,7.35227513313293,12.4794764518738,"10km"
15061,2013,7.35227513313293,12.4794764518738,"10km"
15062,2013,7.35227513313293,12.4794764518738,"10km"
15063,2013,7.35227513313293,12.4794764518738,"10km"
15064,2013,7.35227513313293,12.4794764518738,"10km"
15065,2013,7.35227513313293,12.4794764518738,"10km"
15066,2013,7.23815631866455,11.9993592898051,"10km"
15067,2013,7.23815631866455,11.9993592898051,"10km"
15068,2013,7.41460919380188,12.5748775005341,"10km"
15069,2013,7.77681815624237,12.6713767051697,"10km"
15070,2013,7.77681815624237,12.6713767051697,"10km"
15071,2013,7.9289071559906,12.8682210445404,"10km"
15072,2013,7.9289071559906,12.8682210445404,"10km"
15073,2013,7.94060087203979,12.8998991648356,"10km"
15074,2013,7.94060087203979,12.8998991648356,"10km"
15075,2013,7.94060087203979,12.8998991648356,"10km"
15076,2013,7.94060087203979,12.8998991648356,"10km"
15077,2013,7.94060087203979,12.8998991648356,"10km"
15078,2013,7.94060087203979,12.8998991648356,"10km"
15079,2013,7.94060087203979,12.8998991648356,"10km"
15080,2013,7.94060087203979,12.8998991648356,"10km"
15081,2013,7.94060087203979,12.8998991648356,"10km"
15082,2013,7.94060087203979,12.8998991648356,"10km"
15083,2013,7.94060087203979,12.8998991648356,"10km"
15084,2013,7.94060087203979,12.8998991648356,"10km"
15085,2013,7.94060087203979,12.8998991648356,"10km"
15086,2013,7.94060087203979,12.8998991648356,"10km"
15087,2013,7.94060087203979,12.8998991648356,"10km"
15088,2013,7.94060087203979,12.8998991648356,"10km"
15089,2013,7.94060087203979,12.8998991648356,"10km"
15090,2013,7.9289071559906,12.8682210445404,"10km"
15091,2013,7.9289071559906,12.8682210445404,"10km"
15092,2013,7.9289071559906,12.8682210445404,"10km"
15093,2013,7.9289071559906,12.8682210445404,"10km"
15094,2013,7.9289071559906,12.8682210445404,"10km"
15095,2013,7.9289071559906,12.8682210445404,"10km"
15096,2013,7.9289071559906,12.8682210445404,"10km"
15097,2013,7.9289071559906,12.8682210445404,"10km"
15098,2013,7.9289071559906,12.8682210445404,"10km"
15099,2013,7.9289071559906,12.8682210445404,"10km"
15100,2013,7.9289071559906,12.8682210445404,"10km"
15101,2013,7.9289071559906,12.8682210445404,"10km"
15102,2013,7.9289071559906,12.8682210445404,"10km"
15103,2013,7.9289071559906,12.8682210445404,"10km"
15104,2013,7.9289071559906,12.8682210445404,"10km"
15105,2013,7.94060087203979,12.8998991648356,"10km"
15106,2013,7.94060087203979,12.8998991648356,"10km"
15107,2013,7.94060087203979,12.8998991648356,"10km"
15108,2013,7.94060087203979,12.8998991648356,"10km"
15109,2013,7.94060087203979,12.8998991648356,"10km"
15110,2013,7.94060087203979,12.8998991648356,"10km"
15111,2013,7.94060087203979,12.8998991648356,"10km"
15112,2013,7.94060087203979,12.8998991648356,"10km"
15113,2013,7.9289071559906,12.8682210445404,"10km"
15114,2013,7.9289071559906,12.8682210445404,"10km"
15115,2013,7.9289071559906,12.8682210445404,"10km"
15116,2013,7.9289071559906,12.8682210445404,"10km"
15117,2013,7.9289071559906,12.8682210445404,"10km"
15118,2013,7.9289071559906,12.8682210445404,"10km"
15119,2013,7.9289071559906,12.8682210445404,"10km"
15120,2013,7.9289071559906,12.8682210445404,"10km"
15121,2013,7.9289071559906,12.8682210445404,"10km"
15122,2013,7.9289071559906,12.8682210445404,"10km"
15123,2013,7.9289071559906,12.8682210445404,"10km"
15124,2013,7.9289071559906,12.8682210445404,"10km"
15125,2013,7.9289071559906,12.8682210445404,"10km"
15126,2013,7.9289071559906,12.8682210445404,"10km"
15127,2013,7.9289071559906,12.8682210445404,"10km"
15128,2013,7.8002197265625,12.6917387008667,"10km"
15129,2013,7.8002197265625,12.6917387008667,"10km"
15130,2013,7.8002197265625,12.6917387008667,"10km"
15131,2013,7.8002197265625,12.6917387008667,"10km"
15132,2013,7.8002197265625,12.6917387008667,"10km"
15133,2013,7.8002197265625,12.6917387008667,"10km"
15134,2013,7.8002197265625,12.6917387008667,"10km"
15135,2013,7.8002197265625,12.6917387008667,"10km"
15136,2013,7.8002197265625,12.6917387008667,"10km"
15137,2013,7.8002197265625,12.6917387008667,"10km"
15138,2013,7.8002197265625,12.6917387008667,"10km"
15139,2013,7.8002197265625,12.6917387008667,"10km"
15140,2013,7.8002197265625,12.6917387008667,"10km"
15141,2013,7.8002197265625,12.6917387008667,"10km"
15142,2013,7.8002197265625,12.6917387008667,"10km"
15143,2013,7.8002197265625,12.6917387008667,"10km"
15144,2013,7.8002197265625,12.6917387008667,"10km"
15145,2013,7.52233441670736,11.1635179519653,"10km"
15146,2013,7.52233441670736,11.1635179519653,"10km"
15147,2013,7.52233441670736,11.1635179519653,"10km"
15148,2013,7.52233441670736,11.1635179519653,"10km"
15149,2013,7.52233441670736,11.1635179519653,"10km"
15150,2013,7.52233441670736,11.1635179519653,"10km"
15151,2013,7.52233441670736,11.1635179519653,"10km"
15152,2013,7.56443977355957,10.8523511886597,"10km"
15153,2013,7.56443977355957,10.8523511886597,"10km"
15154,2013,7.56443977355957,10.8523511886597,"10km"
15155,2013,7.56443977355957,10.8523511886597,"10km"
15156,2013,7.56443977355957,10.8523511886597,"10km"
15157,2013,7.56443977355957,10.8523511886597,"10km"
15158,2013,8.09183025360107,12.4838705062866,"10km"
15159,2013,8.09183025360107,12.4838705062866,"10km"
15160,2013,8.09183025360107,12.4838705062866,"10km"
15161,2013,8.09183025360107,12.4838705062866,"10km"
15162,2013,8.09183025360107,12.4838705062866,"10km"
15163,2013,8.09183025360107,12.4838705062866,"10km"
15164,2013,8.09183025360107,12.4838705062866,"10km"
15165,2013,8.09183025360107,12.4838705062866,"10km"
15166,2013,8.09183025360107,12.4838705062866,"10km"
15167,2013,8.09183025360107,12.4838705062866,"10km"
15168,2013,8.09183025360107,12.4838705062866,"10km"
15169,2013,8.09183025360107,12.4838705062866,"10km"
15170,2013,8.09183025360107,12.4838705062866,"10km"
15171,2013,8.09183025360107,12.4838705062866,"10km"
15172,2013,8.09183025360107,12.4838705062866,"10km"
15173,2013,8.09183025360107,12.4838705062866,"10km"
15174,2013,8.09183025360107,12.4838705062866,"10km"
15175,2013,8.09183025360107,12.4838705062866,"10km"
15176,2013,8.09183025360107,12.4838705062866,"10km"
15177,2013,8.09183025360107,12.4838705062866,"10km"
15178,2013,8.09183025360107,12.4838705062866,"10km"
15179,2013,8.09183025360107,12.4838705062866,"10km"
15180,2013,8.09183025360107,12.4838705062866,"10km"
15181,2013,8.09183025360107,12.4838705062866,"10km"
15182,2013,8.09183025360107,12.4838705062866,"10km"
15183,2013,8.09183025360107,12.4838705062866,"10km"
15184,2013,8.09183025360107,12.4838705062866,"10km"
15185,2013,8.09183025360107,12.4838705062866,"10km"
15186,2013,8.09183025360107,12.4838705062866,"10km"
15187,2013,8.09183025360107,12.4838705062866,"10km"
15188,2013,8.09183025360107,12.4838705062866,"10km"
15189,2013,8.09183025360107,12.4838705062866,"10km"
15190,2013,8.09183025360107,12.4838705062866,"10km"
15191,2013,8.09183025360107,12.4838705062866,"10km"
15192,2013,8.09183025360107,12.4838705062866,"10km"
15193,2013,8.09183025360107,12.4838705062866,"10km"
15194,2013,8.09183025360107,12.4838705062866,"10km"
15195,2013,8.09183025360107,12.4838705062866,"10km"
15196,2013,8.09183025360107,12.4838705062866,"10km"
15197,2013,8.09183025360107,12.4838705062866,"10km"
15198,2013,8.09183025360107,12.4838705062866,"10km"
15199,2013,8.09183025360107,12.4838705062866,"10km"
15200,2013,8.09183025360107,12.4838705062866,"10km"
15201,2013,8.09183025360107,12.4838705062866,"10km"
15202,2013,8.09183025360107,12.4838705062866,"10km"
15203,2013,8.09183025360107,12.4838705062866,"10km"
15204,2013,8.09183025360107,12.4838705062866,"10km"
15205,2013,8.09183025360107,12.4838705062866,"10km"
15206,2013,8.09183025360107,12.4838705062866,"10km"
15207,2013,8.09183025360107,12.4838705062866,"10km"
15208,2013,8.09183025360107,12.4838705062866,"10km"
15209,2013,8.09183025360107,12.4838705062866,"10km"
15210,2013,8.09183025360107,12.4838705062866,"10km"
15211,2013,8.09183025360107,12.4838705062866,"10km"
15212,2013,8.09183025360107,12.4838705062866,"10km"
15213,2013,8.09183025360107,12.4838705062866,"10km"
15214,2013,8.09183025360107,12.4838705062866,"10km"
15215,2013,8.09183025360107,12.4838705062866,"10km"
15216,2013,8.09183025360107,12.4838705062866,"10km"
15217,2013,7.56443977355957,10.8523511886597,"10km"
15218,2013,7.56443977355957,10.8523511886597,"10km"
15219,2013,7.56443977355957,10.8523511886597,"10km"
15220,2013,7.56443977355957,10.8523511886597,"10km"
15221,2013,7.56443977355957,10.8523511886597,"10km"
15222,2013,7.56443977355957,10.8523511886597,"10km"
15223,2013,8.09183025360107,12.4838705062866,"10km"
15224,2013,8.09183025360107,12.4838705062866,"10km"
15225,2013,8.09183025360107,12.4838705062866,"10km"
15226,2013,8.09183025360107,12.4838705062866,"10km"
15227,2013,7.764976978302,12.1348609924316,"10km"
15228,2013,7.764976978302,12.1348609924316,"10km"
15229,2013,7.764976978302,12.1348609924316,"10km"
15230,2013,7.764976978302,12.1348609924316,"10km"
15231,2013,7.52233441670736,11.1635179519653,"10km"
15232,2013,7.52233441670736,11.1635179519653,"10km"
15233,2013,7.52233441670736,11.1635179519653,"10km"
15234,2013,7.52233441670736,11.1635179519653,"10km"
15235,2013,7.52233441670736,11.1635179519653,"10km"
15236,2013,7.52233441670736,11.1635179519653,"10km"
15237,2013,7.52233441670736,11.1635179519653,"10km"
15238,2013,7.52233441670736,11.1635179519653,"10km"
15239,2013,7.52233441670736,11.1635179519653,"10km"
15240,2013,7.52233441670736,11.1635179519653,"10km"
15241,2013,7.52233441670736,11.1635179519653,"10km"
15242,2013,7.52233441670736,11.1635179519653,"10km"
15243,2013,7.52233441670736,11.1635179519653,"10km"
15244,2013,7.52233441670736,11.1635179519653,"10km"
15245,2013,7.52233441670736,11.1635179519653,"10km"
15246,2013,7.52233441670736,11.1635179519653,"10km"
15247,2013,7.52233441670736,11.1635179519653,"10km"
15248,2013,7.52233441670736,11.1635179519653,"10km"
15249,2013,7.52233441670736,11.1635179519653,"10km"
15250,2013,7.52233441670736,11.1635179519653,"10km"
15251,2013,7.52233441670736,11.1635179519653,"10km"
15252,2013,7.52233441670736,11.1635179519653,"10km"
15253,2013,7.52233441670736,11.1635179519653,"10km"
15254,2013,7.52233441670736,11.1635179519653,"10km"
15255,2013,7.52233441670736,11.1635179519653,"10km"
15256,2013,7.18020168940226,11.4582050641378,"10km"
15257,2013,7.18020168940226,11.4582050641378,"10km"
15258,2013,7.23529767990112,12.2787866592407,"0km"
15259,2013,7.63698244094849,13.0910673141479,"0km"
15260,2013,7.71864986419678,12.8867149353027,"0km"
15261,2013,7.71864986419678,12.8867149353027,"0km"
15262,2013,7.71864986419678,12.8867149353027,"0km"
15263,2013,7.15106678009033,12.0422067642212,"0km"
15264,2013,7.71864986419678,12.8867149353027,"0km"
15265,2013,7.37901554107666,12.4350900650024,"10km"
15266,2013,7.37901554107666,12.4350900650024,"10km"
15267,2013,7.43549919128418,12.5746939182281,"10km"
15268,2013,7.43549919128418,12.5746939182281,"10km"
15269,2013,7.95730447769165,12.6926174163818,"10km"
15270,2013,7.95730447769165,12.6926174163818,"10km"
15271,2013,7.95730447769165,12.6926174163818,"10km"
15272,2013,7.95730447769165,12.6926174163818,"10km"
15273,2013,7.95730447769165,12.6926174163818,"10km"
15274,2013,7.95730447769165,12.6926174163818,"10km"
15275,2013,7.95730447769165,12.6926174163818,"10km"
15276,2013,7.95730447769165,12.6926174163818,"10km"
15277,2013,7.95730447769165,12.6926174163818,"10km"
15278,2013,7.95730447769165,12.6926174163818,"10km"
15279,2013,7.95730447769165,12.6926174163818,"10km"
15280,2013,7.95730447769165,12.6926174163818,"10km"
15281,2013,7.98153614997864,12.651967048645,"10km"
15282,2013,7.98153614997864,12.651967048645,"10km"
15283,2013,7.98153614997864,12.651967048645,"10km"
15284,2013,7.44224987030029,12.5957883834839,"10km"
15285,2013,7.44224987030029,12.5957883834839,"10km"
15286,2013,7.2854700088501,11.9858093261719,"0km"
15287,2013,7.2854700088501,11.9858093261719,"0km"
15288,2013,7.8570818901062,13.1452684402466,"0km"
15289,2013,7.28520568211873,12.3337198893229,"10km"
15290,2013,7.28520568211873,12.3337198893229,"10km"
15291,2013,7.28520568211873,12.3337198893229,"10km"
15292,2013,7.28520568211873,12.3337198893229,"10km"
15293,2013,7.55146932601929,13.0822782516479,"0km"
15294,2013,7.55146932601929,13.0822782516479,"0km"
15295,2013,7.55146932601929,13.0822782516479,"0km"
15296,2013,7.55146932601929,13.0822782516479,"0km"
15297,2013,7.55146932601929,13.0822782516479,"0km"
15298,2013,7.55146932601929,13.0822782516479,"0km"
15299,2013,7.55146932601929,13.0822782516479,"0km"
15300,2013,7.55146932601929,13.0822782516479,"0km"
15301,2013,7.55146932601929,13.0822782516479,"0km"
15302,2013,7.55146932601929,13.0822782516479,"0km"
15303,2013,7.55146932601929,13.0822782516479,"0km"
15304,2013,7.35227513313293,12.4794764518738,"10km"
15305,2013,7.35227513313293,12.4794764518738,"10km"
15306,2013,7.35227513313293,12.4794764518738,"10km"
15307,2013,7.35227513313293,12.4794764518738,"10km"
15308,2013,7.35227513313293,12.4794764518738,"10km"
15309,2013,7.35227513313293,12.4794764518738,"10km"
15310,2013,7.8570818901062,13.1452684402466,"0km"
15311,2013,7.8570818901062,13.1452684402466,"0km"
15312,2013,7.35343486070633,11.160619020462,"10km"
15313,2013,7.89382600784302,12.7731866836548,"0km"
15314,2013,7.89382600784302,12.7731866836548,"0km"
15315,2013,7.89382600784302,12.7731866836548,"0km"
15316,2013,7.0856351852417,12.0964078903198,"0km"
15317,2013,7.0856351852417,12.0964078903198,"0km"
15318,2013,7.0856351852417,12.0964078903198,"0km"
15319,2013,7.36835851669312,11.5007843017578,"10km"
15320,2013,8.09183025360107,12.4838705062866,"0km"
15321,2013,8.09183025360107,12.4838705062866,"0km"
15322,2013,7.52233441670736,11.1635179519653,"10km"
15323,2013,7.52233441670736,11.1635179519653,"10km"
15324,2013,7.52233441670736,11.1635179519653,"10km"
15325,2013,7.52233441670736,11.1635179519653,"10km"
15326,2013,7.52233441670736,11.1635179519653,"10km"
15327,2013,7.52233441670736,11.1635179519653,"10km"
15328,2013,7.52233441670736,11.1635179519653,"10km"
15329,2013,7.52233441670736,11.1635179519653,"10km"
15330,2013,7.52233441670736,11.1635179519653,"10km"
15331,2013,7.52233441670736,11.1635179519653,"10km"
15332,2013,7.52233441670736,11.1635179519653,"10km"
15333,2013,7.52233441670736,11.1635179519653,"10km"
15334,2014,8.22336483001709,12.9555654525757,"0km"
15335,2014,8.22336483001709,12.9555654525757,"0km"
15336,2014,8.22336483001709,12.9555654525757,"0km"
15337,2014,7.80200214385986,12.0969940185547,"10km"
15338,2014,7.77369010448456,11.7450177669525,"10km"
15339,2014,7.77369010448456,11.7450177669525,"10km"
15340,2014,7.77369010448456,11.7450177669525,"10km"
15341,2014,7.77369010448456,11.7450177669525,"10km"
15342,2014,7.77369010448456,11.7450177669525,"10km"
15343,2014,7.77369010448456,11.7450177669525,"10km"
15344,2014,7.77369010448456,11.7450177669525,"10km"
15345,2014,7.70539274215698,11.5045930862427,"10km"
15346,2014,7.53180038928986,11.2920010089874,"10km"
15347,2014,7.52640771865845,11.0273323059082,"10km"
15348,2014,7.52640771865845,11.0273323059082,"10km"
15349,2014,7.76296281814575,10.7758111953735,"0km"
15350,2014,8.18820762634277,12.6691789627075,"0km"
15351,2014,8.18820762634277,12.6691789627075,"0km"
15352,2014,8.18820762634277,12.6691789627075,"0km"
15353,2014,8.18820762634277,12.6691789627075,"0km"
15354,2014,8.18820762634277,12.6691789627075,"0km"
15355,2014,8.18820762634277,12.6691789627075,"0km"
15356,2014,8.18820762634277,12.6691789627075,"0km"
15357,2014,8.18820762634277,12.6691789627075,"0km"
15358,2014,7.61160458458794,11.1146070692274,"10km"
15359,2014,7.61160458458794,11.1146070692274,"10km"
15360,2014,7.75142669677734,11.0394906997681,"0km"
15361,2014,8.54051303863525,13.3291120529175,"0km"
15362,2014,8.54051303863525,13.3291120529175,"0km"
15363,2014,8.54051303863525,13.3291120529175,"0km"
15364,2014,7.24396514892578,10.7018337249756,"0km"
15365,2014,7.24396514892578,10.7018337249756,"0km"
15366,2014,7.24396514892578,10.7018337249756,"0km"
15367,2014,7.35779905319214,10.9669790267944,"0km"
15368,2014,7.35779905319214,10.9669790267944,"0km"
15369,2014,7.35779905319214,10.9669790267944,"0km"
15370,2014,7.35779905319214,10.9669790267944,"0km"
15371,2014,7.35779905319214,10.9669790267944,"0km"
15372,2014,7.35779905319214,10.9669790267944,"0km"
15373,2014,7.35779905319214,10.9669790267944,"0km"
15374,2014,8.08407878875732,10.5890378952026,"0km"
15375,2014,7.16223621368408,10.0858488082886,"0km"
15376,2014,8.22336483001709,12.9555654525757,"0km"
15377,2014,8.22336483001709,12.9555654525757,"0km"
15378,2014,8.22336483001709,12.9555654525757,"0km"
15379,2014,8.22336483001709,12.9555654525757,"0km"
15380,2014,8.22336483001709,12.9555654525757,"0km"
15381,2014,8.22336483001709,12.9555654525757,"0km"
15382,2014,8.22336483001709,12.9555654525757,"0km"
15383,2014,8.22336483001709,12.9555654525757,"0km"
15384,2014,8.22336483001709,12.9555654525757,"0km"
15385,2014,8.22336483001709,12.9555654525757,"0km"
15386,2014,8.22336483001709,12.9555654525757,"0km"
15387,2014,8.22336483001709,12.9555654525757,"0km"
15388,2014,8.22336483001709,12.9555654525757,"0km"
15389,2014,8.22336483001709,12.9555654525757,"0km"
15390,2014,8.22336483001709,12.9555654525757,"0km"
15391,2014,8.22336483001709,12.9555654525757,"0km"
15392,2014,8.22336483001709,12.9555654525757,"0km"
15393,2014,8.22336483001709,12.9555654525757,"0km"
15394,2014,8.22336483001709,12.9555654525757,"0km"
15395,2014,8.22336483001709,12.9555654525757,"0km"
15396,2014,7.8106632232666,11.636066754659,"10km"
15397,2014,7.8106632232666,11.636066754659,"10km"
15398,2014,7.8106632232666,11.636066754659,"10km"
15399,2014,7.8106632232666,11.636066754659,"10km"
15400,2014,7.8106632232666,11.636066754659,"10km"
15401,2014,7.8106632232666,11.636066754659,"10km"
15402,2014,7.8106632232666,11.636066754659,"10km"
15403,2014,7.8106632232666,11.636066754659,"10km"
15404,2014,7.8106632232666,11.636066754659,"10km"
15405,2014,7.8106632232666,11.636066754659,"10km"
15406,2014,7.8106632232666,11.636066754659,"10km"
15407,2014,7.8106632232666,11.636066754659,"10km"
15408,2014,7.8106632232666,11.636066754659,"10km"
15409,2014,7.8106632232666,11.636066754659,"10km"
15410,2014,7.8106632232666,11.636066754659,"10km"
15411,2014,7.8106632232666,11.636066754659,"10km"
15412,2014,7.8106632232666,11.636066754659,"10km"
15413,2014,7.8106632232666,11.636066754659,"10km"
15414,2014,7.8106632232666,11.636066754659,"10km"
15415,2014,7.8106632232666,11.636066754659,"10km"
15416,2014,7.8106632232666,11.636066754659,"10km"
15417,2014,NA,NA,"15km"
15418,2014,NA,NA,"15km"
15419,2014,NA,NA,"15km"
15420,2014,NA,NA,"15km"
15421,2014,NA,NA,"15km"
15422,2014,NA,NA,"15km"
15423,2014,NA,NA,"15km"
15424,2014,NA,NA,"15km"
15425,2014,NA,NA,"15km"
15426,2014,NA,NA,"15km"
15427,2014,NA,NA,"15km"
15428,2014,NA,NA,"15km"
15429,2014,NA,NA,"15km"
15430,2014,NA,NA,"15km"
15431,2014,NA,NA,"15km"
15432,2014,NA,NA,"15km"
15433,2014,NA,NA,"15km"
15434,2014,NA,NA,"15km"
15435,2014,NA,NA,"15km"
15436,2014,NA,NA,"15km"
15437,2014,NA,NA,"15km"
15438,2014,NA,NA,"15km"
15439,2014,NA,NA,"15km"
15440,2014,NA,NA,"15km"
15441,2014,NA,NA,"15km"
15442,2014,NA,NA,"15km"
15443,2014,NA,NA,"15km"
15444,2014,NA,NA,"15km"
15445,2014,NA,NA,"15km"
15446,2014,NA,NA,"15km"
15447,2014,NA,NA,"15km"
15448,2014,NA,NA,"15km"
15449,2014,NA,NA,"15km"
15450,2014,NA,NA,"15km"
15451,2014,NA,NA,"15km"
15452,2014,NA,NA,"15km"
15453,2014,NA,NA,"15km"
15454,2014,NA,NA,"15km"
15455,2014,NA,NA,"15km"
15456,2014,NA,NA,"15km"
15457,2014,NA,NA,"15km"
15458,2014,NA,NA,"15km"
15459,2014,7.44407510757446,13.6158633232117,"10km"
15460,2014,7.44407510757446,13.6158633232117,"10km"
15461,2014,7.58581817150116,12.3769340515137,"10km"
15462,2014,7.58581817150116,12.3769340515137,"10km"
15463,2014,7.58581817150116,12.3769340515137,"10km"
15464,2014,7.82463057835897,11.6982024510702,"10km"
15465,2014,7.82463057835897,11.6982024510702,"10km"
15466,2014,7.82463057835897,11.6982024510702,"10km"
15467,2014,7.82463057835897,11.6982024510702,"10km"
15468,2014,7.82463057835897,11.6982024510702,"10km"
15469,2014,7.82463057835897,11.6982024510702,"10km"
15470,2014,7.82463057835897,11.6982024510702,"10km"
15471,2014,7.33954906463623,10.2601699829102,"0km"
15472,2014,7.21893978118896,9.52919101715088,"0km"
15473,2014,7.21893978118896,9.52919101715088,"0km"
15474,2014,7.72902631759644,11.5888242721558,"0km"
15475,2014,7.72902631759644,11.5888242721558,"0km"
15476,2014,7.72902631759644,11.5888242721558,"0km"
15477,2014,7.21893978118896,9.52919101715088,"0km"
15478,2014,7.68874168395996,10.1590929031372,"0km"
15479,2014,7.68874168395996,10.1590929031372,"0km"
15480,2014,7.68874168395996,10.1590929031372,"0km"
15481,2014,7.68874168395996,10.1590929031372,"0km"
15482,2014,7.68874168395996,10.1590929031372,"0km"
15483,2014,7.68874168395996,10.1590929031372,"0km"
15484,2014,7.68874168395996,10.1590929031372,"0km"
15485,2014,7.68874168395996,10.1590929031372,"0km"
15486,2014,7.68874168395996,10.1590929031372,"0km"
15487,2014,7.68874168395996,10.1590929031372,"0km"
15488,2014,7.68874168395996,10.1590929031372,"0km"
15489,2014,7.68874168395996,10.1590929031372,"0km"
15490,2014,8.03042697906494,12.5175638198853,"0km"
15491,2014,8.03042697906494,12.5175638198853,"0km"
15492,2014,8.03042697906494,12.5175638198853,"0km"
15493,2014,8.03042697906494,12.5175638198853,"0km"
15494,2014,8.03042697906494,12.5175638198853,"0km"
15495,2014,8.03042697906494,12.5175638198853,"0km"
15496,2014,8.03042697906494,12.5175638198853,"0km"
15497,2014,8.03042697906494,12.5175638198853,"0km"
15498,2014,8.03042697906494,12.5175638198853,"0km"
15499,2014,8.03042697906494,12.5175638198853,"0km"
15500,2014,8.03042697906494,12.5175638198853,"0km"
15501,2014,8.03042697906494,12.5175638198853,"0km"
15502,2014,8.03042697906494,12.5175638198853,"0km"
15503,2014,8.03042697906494,12.5175638198853,"0km"
15504,2014,7.82463057835897,11.6982024510702,"10km"
15505,2014,7.82463057835897,11.6982024510702,"10km"
15506,2014,7.82463057835897,11.6982024510702,"10km"
15507,2014,7.82463057835897,11.6982024510702,"10km"
15508,2014,7.82463057835897,11.6982024510702,"10km"
15509,2014,7.82463057835897,11.6982024510702,"10km"
15510,2014,7.82463057835897,11.6982024510702,"10km"
15511,2014,7.82463057835897,11.6982024510702,"10km"
15512,2014,7.82463057835897,11.6982024510702,"10km"
15513,2014,7.82463057835897,11.6982024510702,"10km"
15514,2014,7.82463057835897,11.6982024510702,"10km"
15515,2014,7.82463057835897,11.6982024510702,"10km"
15516,2014,7.82463057835897,11.6982024510702,"10km"
15517,2014,7.71993176142375,11.4547866185506,"10km"
15518,2014,7.71993176142375,11.4547866185506,"10km"
15519,2014,7.71993176142375,11.4547866185506,"10km"
15520,2014,7.71993176142375,11.4547866185506,"10km"
15521,2014,7.71993176142375,11.4547866185506,"10km"
15522,2014,7.71993176142375,11.4547866185506,"10km"
15523,2014,7.71993176142375,11.4547866185506,"10km"
15524,2014,7.71993176142375,11.4547866185506,"10km"
15525,2014,7.71993176142375,11.4547866185506,"10km"
15526,2014,7.71993176142375,11.4547866185506,"10km"
15527,2014,7.71993176142375,11.4547866185506,"10km"
15528,2014,7.71993176142375,11.4547866185506,"10km"
15529,2014,7.71993176142375,11.4547866185506,"10km"
15530,2014,7.71993176142375,11.4547866185506,"10km"
15531,2014,7.71993176142375,11.4547866185506,"10km"
15532,2014,7.82463057835897,11.6982024510702,"10km"
15533,2014,7.82463057835897,11.6982024510702,"10km"
15534,2014,7.82463057835897,11.6982024510702,"10km"
15535,2014,7.82463057835897,11.6982024510702,"10km"
15536,2014,7.82463057835897,11.6982024510702,"10km"
15537,2014,7.82463057835897,11.6982024510702,"10km"
15538,2014,7.82463057835897,11.6982024510702,"10km"
15539,2014,7.82463057835897,11.6982024510702,"10km"
15540,2014,7.82463057835897,11.6982024510702,"10km"
15541,2014,7.82463057835897,11.6982024510702,"10km"
15542,2014,7.82463057835897,11.6982024510702,"10km"
15543,2014,7.82463057835897,11.6982024510702,"10km"
15544,2014,7.70902132987976,11.5007476806641,"10km"
15545,2014,7.70902132987976,11.5007476806641,"10km"
15546,2014,7.70902132987976,11.5007476806641,"10km"
15547,2014,7.70902132987976,11.5007476806641,"10km"
15548,2014,7.70902132987976,11.5007476806641,"10km"
15549,2014,7.70902132987976,11.5007476806641,"10km"
15550,2014,7.70902132987976,11.5007476806641,"10km"
15551,2014,7.70902132987976,11.5007476806641,"10km"
15552,2014,7.70902132987976,11.5007476806641,"10km"
15553,2014,7.70902132987976,11.5007476806641,"10km"
15554,2014,7.70902132987976,11.5007476806641,"10km"
15555,2014,7.70902132987976,11.5007476806641,"10km"
15556,2014,7.70902132987976,11.5007476806641,"10km"
15557,2014,7.70902132987976,11.5007476806641,"10km"
15558,2014,7.70902132987976,11.5007476806641,"10km"
15559,2014,7.70902132987976,11.5007476806641,"10km"
15560,2014,7.70902132987976,11.5007476806641,"10km"
15561,2014,7.70902132987976,11.5007476806641,"10km"
15562,2014,7.70902132987976,11.5007476806641,"10km"
15563,2014,7.70902132987976,11.5007476806641,"10km"
15564,2014,7.82463057835897,11.6982024510702,"10km"
15565,2014,7.82463057835897,11.6982024510702,"10km"
15566,2014,7.82463057835897,11.6982024510702,"10km"
15567,2014,7.82463057835897,11.6982024510702,"10km"
15568,2014,7.82463057835897,11.6982024510702,"10km"
15569,2014,7.82463057835897,11.6982024510702,"10km"
15570,2014,7.82463057835897,11.6982024510702,"10km"
15571,2014,7.82463057835897,11.6982024510702,"10km"
15572,2014,7.91561651229858,12.2157964706421,"10km"
15573,2014,7.91561651229858,12.2157964706421,"10km"
15574,2014,7.91561651229858,12.2157964706421,"10km"
15575,2014,7.91561651229858,12.2157964706421,"10km"
15576,2014,7.91561651229858,12.2157964706421,"10km"
15577,2014,7.91561651229858,12.2157964706421,"10km"
15578,2014,7.91561651229858,12.2157964706421,"10km"
15579,2014,7.91561651229858,12.2157964706421,"10km"
15580,2014,7.91561651229858,12.2157964706421,"10km"
15581,2014,7.91561651229858,12.2157964706421,"10km"
15582,2014,7.91561651229858,12.2157964706421,"10km"
15583,2014,7.91561651229858,12.2157964706421,"10km"
15584,2014,7.91561651229858,12.2157964706421,"10km"
15585,2014,7.91561651229858,12.2157964706421,"10km"
15586,2014,7.28410704930623,10.2096316019694,"10km"
15587,2014,7.03900289535522,9.04504489898682,"0km"
15588,2014,7.03900289535522,9.04504489898682,"0km"
15589,2014,7.30585670471191,11.0014038085938,"0km"
15590,2014,8.04678535461426,11.9103670120239,"0km"
15591,2014,8.02035617828369,11.9997253417969,"0km"
15592,2014,8.02035617828369,11.9997253417969,"0km"
15593,2014,8.02035617828369,11.9997253417969,"0km"
15594,2014,7.53834629058838,10.9039888381958,"0km"
15595,2014,7.53834629058838,10.9039888381958,"0km"
15596,2014,7.53834629058838,10.9039888381958,"0km"
15597,2014,7.23517560958862,10.9288921356201,"0km"
15598,2014,8.14066028594971,12.1066617965698,"0km"
15599,2014,8.16501331329346,12.9211401939392,"10km"
15600,2014,8.16501331329346,12.9211401939392,"10km"
15601,2014,8.16501331329346,12.9211401939392,"10km"
15602,2014,8.19437217712402,12.9270000457764,"0km"
15603,2014,8.19437217712402,12.9270000457764,"0km"
15604,2014,8.19437217712402,12.9270000457764,"0km"
15605,2014,8.01614427566528,12.0799279212952,"10km"
15606,2014,8.19437217712402,12.9270000457764,"0km"
15607,2014,8.19437217712402,12.9270000457764,"0km"
15608,2014,7.49741506576538,10.7434370040894,"10km"
15609,2014,8.13565444946289,12.9152803421021,"0km"
15610,2014,8.13565444946289,12.9152803421021,"0km"
15611,2014,7.93316435813904,12.0647296905518,"10km"
15612,2014,7.77520060539246,11.6928311983744,"10km"
15613,2014,7.85457921028137,11.8404185771942,"10km"
15614,2014,7.79223604202271,11.4990262985229,"10km"
15615,2014,7.79223604202271,11.4990262985229,"10km"
15616,2014,7.79223604202271,11.4990262985229,"10km"
15617,2014,7.79223604202271,11.4990262985229,"10km"
15618,2014,7.79223604202271,11.4990262985229,"10km"
15619,2014,7.13840142885844,9.25782028834025,"10km"
15620,2014,7.13840142885844,9.25782028834025,"10km"
15621,2014,7.04168844223022,9.71083736419678,"0km"
15622,2014,7.41226844787598,10.0594804763794,"10km"
15623,2014,7.41226844787598,10.0594804763794,"10km"
15624,2014,7.41226844787598,10.0594804763794,"10km"
15625,2014,7.26088438034058,9.36614875793457,"10km"
15626,2014,7.23492129643758,9.24378172556559,"10km"
15627,2014,7.38251924514771,10.2506484985352,"0km"
15628,2014,7.34791088104248,9.97012233734131,"0km"
15629,2014,7.34791088104248,9.97012233734131,"0km"
15630,2014,7.23682355880737,10.2521133422852,"0km"
15631,2014,7.44001588821411,11.3854976654053,"10km"
15632,2014,7.78368473052979,11.1423993110657,"10km"
15633,2014,7.78368473052979,11.1423993110657,"10km"
15634,2014,7.78368473052979,11.1423993110657,"10km"
15635,2014,7.47678057352702,10.4454785982768,"10km"
15636,2014,7.47678057352702,10.4454785982768,"10km"
15637,2014,7.42296041761126,10.1888092585972,"10km"
15638,2014,7.4623556137085,10.2550430297852,"0km"
15639,2014,7.4623556137085,10.2550430297852,"0km"
15640,2014,7.15869617462158,8.74913787841797,"0km"
15641,2014,7.8565936088562,10.9164400100708,"0km"
15642,2014,7.13153457641602,8.8128604888916,"0km"
15643,2014,7.09179973602295,8.69786643981934,"0km"
15644,2014,7.15832996368408,8.84215831756592,"0km"
15645,2014,7.09179973602295,8.69786643981934,"0km"
15646,2014,7.14899158477783,8.95055961608887,"0km"
15647,2014,7.14899158477783,8.95055961608887,"0km"
15648,2014,7.14899158477783,8.95055961608887,"0km"
15649,2014,7.13687551021576,9.28785037994385,"10km"
15650,2014,7.13683280944824,9.31561012268066,"10km"
15651,2014,7.51515245437622,10.8036441802979,"0km"
15652,2014,7.5578784942627,11.0014038085938,"0km"
15653,2014,7.29798269271851,10.4557332992554,"0km"
15654,2014,7.57509088516235,10.6556901931763,"0km"
15655,2014,7.57509088516235,10.6556901931763,"0km"
15656,2014,7.57509088516235,10.6556901931763,"0km"
15657,2014,7.57509088516235,10.6556901931763,"0km"
15658,2014,7.57509088516235,10.6556901931763,"0km"
15659,2014,7.15179920196533,8.65758228302002,"0km"
15660,2014,7.75698089599609,11.8400526046753,"0km"
15661,2015,8.58513164520264,15.6260566711426,"0km"
15662,2015,8.64398622512817,15.5813775062561,"10km"
15663,2015,8.64398622512817,15.5813775062561,"10km"
15664,2015,8.64398622512817,15.5813775062561,"10km"
15665,2015,8.64398622512817,15.5813775062561,"10km"
15666,2015,8.56529426574707,15.7476425170898,"0km"
15667,2015,8.56529426574707,15.7476425170898,"0km"
15668,2015,8.76500701904297,15.4480724334717,"0km"
15669,2015,8.56529426574707,15.7476425170898,"0km"
15670,2015,8.56529426574707,15.7476425170898,"0km"
15671,2015,8.56529426574707,15.7476425170898,"0km"
15672,2015,8.56529426574707,15.7476425170898,"0km"
15673,2015,8.56529426574707,15.7476425170898,"0km"
15674,2015,8.58513164520264,15.6260566711426,"0km"
15675,2015,8.58513164520264,15.6260566711426,"0km"
15676,2015,8.58513164520264,15.6260566711426,"0km"
15677,2015,8.58513164520264,15.6260566711426,"0km"
15678,2015,8.58513164520264,15.6260566711426,"0km"
15679,2015,8.58513164520264,15.6260566711426,"0km"
15680,2015,8.58513164520264,15.6260566711426,"0km"
15681,2015,8.58513164520264,15.6260566711426,"0km"
15682,2015,8.58513164520264,15.6260566711426,"0km"
15683,2015,8.58513164520264,15.6260566711426,"0km"
15684,2015,8.58513164520264,15.6260566711426,"0km"
15685,2015,8.61649208068848,15.5311319351196,"10km"
15686,2015,8.61649208068848,15.5311319351196,"10km"
15687,2015,8.61649208068848,15.5311319351196,"10km"
15688,2015,8.61649208068848,15.5311319351196,"10km"
15689,2015,8.61649208068848,15.5311319351196,"10km"
15690,2015,8.61649208068848,15.5311319351196,"10km"
15691,2015,8.61649208068848,15.5311319351196,"10km"
15692,2015,8.61649208068848,15.5311319351196,"10km"
15693,2015,8.61649208068848,15.5311319351196,"10km"
15694,2015,8.61649208068848,15.5311319351196,"10km"
15695,2015,8.61649208068848,15.5311319351196,"10km"
15696,2015,8.53331089019775,15.6165351867676,"0km"
15697,2015,8.53331089019775,15.6165351867676,"0km"
15698,2015,8.60655498504639,15.5293741226196,"0km"
15699,2015,8.53331089019775,15.6165351867676,"0km"
15700,2015,8.53331089019775,15.6165351867676,"0km"
15701,2015,8.53331089019775,15.6165351867676,"0km"
15702,2015,8.53331089019775,15.6165351867676,"0km"
15703,2015,8.53331089019775,15.6165351867676,"0km"
15704,2015,8.53331089019775,15.6165351867676,"0km"
15705,2015,8.69695091247559,15.379955291748,"0km"
15706,2015,8.69695091247559,15.379955291748,"0km"
15707,2015,8.69695091247559,15.379955291748,"0km"
15708,2015,8.69695091247559,15.379955291748,"0km"
15709,2015,8.69695091247559,15.379955291748,"0km"
15710,2015,8.69695091247559,15.379955291748,"0km"
15711,2015,8.69695091247559,15.379955291748,"0km"
15712,2015,8.69695091247559,15.379955291748,"0km"
15713,2015,8.69695091247559,15.379955291748,"0km"
15714,2015,8.69695091247559,15.379955291748,"0km"
15715,2015,8.69695091247559,15.379955291748,"0km"
15716,2015,8.66051197052002,15.5037384033203,"0km"
15717,2015,8.66051197052002,15.5037384033203,"0km"
15718,2015,8.66051197052002,15.5037384033203,"0km"
15719,2015,8.66051197052002,15.5037384033203,"0km"
15720,2015,8.04141330718994,14.873104095459,"0km"
15721,2015,8.04141330718994,14.873104095459,"0km"
15722,2015,8.04141330718994,14.873104095459,"0km"
15723,2015,8.04141330718994,14.873104095459,"0km"
15724,2015,8.04141330718994,14.873104095459,"0km"
15725,2015,7.93356132507324,15.0591449737549,"0km"
15726,2015,7.93356132507324,15.0591449737549,"0km"
15727,2015,7.93356132507324,15.0591449737549,"0km"
15728,2015,7.93356132507324,15.0591449737549,"0km"
15729,2015,7.93356132507324,15.0591449737549,"0km"
15730,2015,7.93356132507324,15.0591449737549,"0km"
15731,2015,7.93356132507324,15.0591449737549,"0km"
15732,2015,7.93356132507324,15.0591449737549,"0km"
15733,2015,7.93356132507324,15.0591449737549,"0km"
15734,2015,7.93356132507324,15.0591449737549,"0km"
15735,2015,7.93356132507324,15.0591449737549,"0km"
15736,2015,7.93356132507324,15.0591449737549,"0km"
15737,2015,7.93356132507324,15.0591449737549,"0km"
15738,2015,7.93356132507324,15.0591449737549,"0km"
15739,2015,7.93356132507324,15.0591449737549,"0km"
15740,2015,7.93356132507324,15.0591449737549,"0km"
15741,2015,7.93356132507324,15.0591449737549,"0km"
15742,2015,7.93356132507324,15.0591449737549,"0km"
15743,2015,7.93356132507324,15.0591449737549,"0km"
15744,2015,7.93356132507324,15.0591449737549,"0km"
15745,2015,7.93356132507324,15.0591449737549,"0km"
15746,2015,7.93356132507324,15.0591449737549,"0km"
15747,2015,7.93356132507324,15.0591449737549,"0km"
15748,2015,7.93356132507324,15.0591449737549,"0km"
15749,2015,7.93356132507324,15.0591449737549,"0km"
15750,2015,7.93356132507324,15.0591449737549,"0km"
15751,2015,7.93356132507324,15.0591449737549,"0km"
15752,2015,7.93356132507324,15.0591449737549,"0km"
15753,2015,7.93356132507324,15.0591449737549,"0km"
15754,2015,7.93356132507324,15.0591449737549,"0km"
15755,2015,7.93356132507324,15.0591449737549,"0km"
15756,2015,7.93356132507324,15.0591449737549,"0km"
15757,2015,7.93356132507324,15.0591449737549,"0km"
15758,2015,7.93356132507324,15.0591449737549,"0km"
15759,2015,7.93356132507324,15.0591449737549,"0km"
15760,2015,7.93356132507324,15.0591449737549,"0km"
15761,2015,7.93356132507324,15.0591449737549,"0km"
15762,2015,7.93356132507324,15.0591449737549,"0km"
15763,2015,7.93356132507324,15.0591449737549,"0km"
15764,2015,7.93356132507324,15.0591449737549,"0km"
15765,2015,7.93356132507324,15.0591449737549,"0km"
15766,2015,7.93356132507324,15.0591449737549,"0km"
15767,2015,7.93356132507324,15.0591449737549,"0km"
15768,2015,7.93356132507324,15.0591449737549,"0km"
15769,2015,7.93356132507324,15.0591449737549,"0km"
15770,2015,7.93356132507324,15.0591449737549,"0km"
15771,2015,7.69142723083496,14.9067964553833,"0km"
15772,2015,7.69142723083496,14.9067964553833,"0km"
15773,2015,7.95597203572591,15.0979644457499,"15km"
15774,2015,7.95597203572591,15.0979644457499,"15km"
15775,2015,7.95597203572591,15.0979644457499,"15km"
15776,2015,7.95597203572591,15.0979644457499,"15km"
15777,2015,8.14615345001221,15.2774133682251,"0km"
15778,2015,8.14615345001221,15.2774133682251,"0km"
15779,2015,8.14615345001221,15.2774133682251,"0km"
15780,2015,8.14615345001221,15.2774133682251,"0km"
15781,2015,8.14615345001221,15.2774133682251,"0km"
15782,2015,8.14615345001221,15.2774133682251,"0km"
15783,2015,8.14615345001221,15.2774133682251,"0km"
15784,2015,8.14615345001221,15.2774133682251,"0km"
15785,2015,8.14615345001221,15.2774133682251,"0km"
15786,2015,8.14615345001221,15.2774133682251,"0km"
15787,2015,8.14615345001221,15.2774133682251,"0km"
15788,2015,8.14615345001221,15.2774133682251,"0km"
15789,2015,8.14615345001221,15.2774133682251,"0km"
15790,2015,8.14615345001221,15.2774133682251,"0km"
15791,2015,8.23371677398682,15.2724325180054,"10km"
15792,2015,8.23371677398682,15.2724325180054,"10km"
15793,2015,8.23371677398682,15.2724325180054,"10km"
15794,2015,8.23371677398682,15.2724325180054,"10km"
15795,2015,8.23371677398682,15.2724325180054,"10km"
15796,2015,8.23371677398682,15.2724325180054,"10km"
15797,2015,8.23371677398682,15.2724325180054,"10km"
15798,2015,8.23371677398682,15.2724325180054,"10km"
15799,2015,8.21869564056396,15.2993865013123,"10km"
15800,2015,8.21869564056396,15.2993865013123,"10km"
15801,2015,8.21869564056396,15.2993865013123,"10km"
15802,2015,8.21869564056396,15.2993865013123,"10km"
15803,2015,8.38383102416992,15.454665184021,"0km"
15804,2015,8.38383102416992,15.454665184021,"0km"
15805,2015,8.38383102416992,15.454665184021,"0km"
15806,2015,8.38383102416992,15.454665184021,"0km"
15807,2015,8.38383102416992,15.454665184021,"0km"
15808,2015,8.34800243377686,15.5052032470703,"0km"
15809,2015,8.34800243377686,15.5052032470703,"0km"
15810,2015,8.38383102416992,15.454665184021,"0km"
15811,2015,8.38383102416992,15.454665184021,"0km"
15812,2015,8.38383102416992,15.454665184021,"0km"
15813,2015,8.38383102416992,15.454665184021,"0km"
15814,2015,8.38383102416992,15.454665184021,"0km"
15815,2015,8.38383102416992,15.454665184021,"0km"
15816,2015,8.38383102416992,15.454665184021,"0km"
15817,2015,8.38383102416992,15.454665184021,"0km"
15818,2015,8.61430740356445,15.361644744873,"0km"
15819,2015,8.61430740356445,15.361644744873,"0km"
15820,2015,8.61430740356445,15.361644744873,"0km"
15821,2015,8.61430740356445,15.361644744873,"0km"
15822,2015,8.61430740356445,15.361644744873,"0km"
15823,2015,8.61430740356445,15.361644744873,"0km"
15824,2015,8.61430740356445,15.361644744873,"0km"
15825,2015,8.61430740356445,15.361644744873,"0km"
15826,2015,8.61430740356445,15.361644744873,"0km"
15827,2015,8.61430740356445,15.361644744873,"0km"
15828,2015,8.61430740356445,15.361644744873,"0km"
15829,2015,8.61430740356445,15.361644744873,"0km"
15830,2015,8.61430740356445,15.361644744873,"0km"
15831,2015,8.61430740356445,15.361644744873,"0km"
15832,2015,8.61430740356445,15.361644744873,"0km"
15833,2015,8.61430740356445,15.361644744873,"0km"
15834,2015,8.69695091247559,15.379955291748,"0km"
15835,2015,8.69695091247559,15.379955291748,"0km"
15836,2015,8.69695091247559,15.379955291748,"0km"
15837,2015,8.60655498504639,15.5293741226196,"0km"
15838,2015,8.60655498504639,15.5293741226196,"0km"
15839,2015,8.60655498504639,15.5293741226196,"0km"
15840,2015,8.60655498504639,15.5293741226196,"0km"
15841,2015,8.60655498504639,15.5293741226196,"0km"
15842,2015,8.60655498504639,15.5293741226196,"0km"
15843,2015,8.60655498504639,15.5293741226196,"0km"
15844,2015,8.60655498504639,15.5293741226196,"0km"
15845,2015,8.60655498504639,15.5293741226196,"0km"
15846,2015,8.60655498504639,15.5293741226196,"0km"
15847,2015,8.60655498504639,15.5293741226196,"0km"
15848,2015,8.60655498504639,15.5293741226196,"0km"
15849,2015,8.60655498504639,15.5293741226196,"0km"
15850,2015,8.60655498504639,15.5293741226196,"0km"
15851,2015,8.60655498504639,15.5293741226196,"0km"
15852,2015,8.60655498504639,15.5293741226196,"0km"
15853,2015,8.53331089019775,15.6165351867676,"0km"
15854,2015,8.53331089019775,15.6165351867676,"0km"
15855,2015,8.53331089019775,15.6165351867676,"0km"
15856,2015,8.53331089019775,15.6165351867676,"0km"
15857,2015,8.45231437683105,15.6004209518433,"0km"
15858,2015,8.45231437683105,15.6004209518433,"0km"
15859,2015,8.45231437683105,15.6004209518433,"0km"
15860,2015,8.45231437683105,15.6004209518433,"0km"
15861,2015,8.45231437683105,15.6004209518433,"0km"
15862,2015,8.45231437683105,15.6004209518433,"0km"
15863,2015,8.62688064575195,14.3274326324463,"0km"
15864,2015,8.94927787780762,14.0725421905518,"0km"
15865,2015,9.05975532531738,13.6154975891113,"0km"
15866,2015,9.05975532531738,13.6154975891113,"0km"
15867,2015,9.05975532531738,13.6154975891113,"0km"
15868,2015,8.97601222991943,13.9736623764038,"0km"
15869,2015,9.05975532531738,13.6154975891113,"0km"
15870,2015,8.74016571044922,12.5754261016846,"0km"
15871,2015,9.10595989227295,13.8403577804565,"0km"
15872,2015,9.0989408493042,13.6711626052856,"0km"
15873,2015,9.0989408493042,13.6711626052856,"0km"
15874,2015,9.0989408493042,13.6711626052856,"0km"
15875,2015,8.74059295654297,13.3737907409668,"0km"
15876,2015,8.74059295654297,13.3737907409668,"0km"
15877,2015,8.97381496429443,13.6653032302856,"0km"
15878,2015,8.92724418640137,14.7368698120117,"0km"
15879,2015,8.92724418640137,14.7368698120117,"0km"
15880,2015,8.96697902679443,14.4438915252686,"0km"
15881,2015,8.96697902679443,14.4438915252686,"0km"
15882,2015,8.96697902679443,14.4438915252686,"0km"
15883,2015,8.92724418640137,14.7368698120117,"0km"
15884,2015,8.92724418640137,14.7368698120117,"0km"
15885,2015,8.92724418640137,14.7368698120117,"0km"
15886,2015,8.92724418640137,14.7368698120117,"0km"
15887,2015,8.92724418640137,14.7368698120117,"0km"
15888,2015,8.87475204467773,14.9631948471069,"0km"
15889,2015,8.87475204467773,14.9631948471069,"0km"
15890,2015,8.87475204467773,14.9631948471069,"0km"
15891,2015,8.87475204467773,14.9631948471069,"0km"
15892,2015,8.9013032913208,14.5464334487915,"0km"
15893,2015,8.9013032913208,14.5464334487915,"0km"
15894,2015,8.9013032913208,14.5464334487915,"0km"
15895,2015,8.9013032913208,14.5464334487915,"0km"
15896,2015,8.84917736053467,14.8057193756104,"0km"
15897,2015,8.62688064575195,14.3274326324463,"0km"
15898,2015,8.6188850402832,14.2497940063477,"0km"
15899,2015,8.7256383895874,14.0893888473511,"0km"
15900,2015,8.7256383895874,14.0893888473511,"0km"
15901,2015,8.7256383895874,14.0893888473511,"0km"
15902,2015,8.7256383895874,14.0893888473511,"0km"
15903,2015,8.7256383895874,14.0893888473511,"0km"
15904,2015,8.7256383895874,14.0893888473511,"0km"
15905,2015,8.7256383895874,14.0893888473511,"0km"
15906,2015,8.7256383895874,14.0893888473511,"0km"
15907,2015,8.7256383895874,14.0893888473511,"0km"
15908,2015,8.7256383895874,14.0893888473511,"0km"
15909,2015,8.7256383895874,14.0893888473511,"0km"
15910,2015,8.7256383895874,14.0893888473511,"0km"
15911,2015,8.7256383895874,14.0893888473511,"0km"
15912,2015,8.84575939178467,13.2565994262695,"0km"
15913,2015,8.84575939178467,13.2565994262695,"0km"
15914,2015,8.84575939178467,13.2565994262695,"0km"
15915,2015,8.84575939178467,13.2565994262695,"0km"
15916,2015,8.84575939178467,13.2565994262695,"0km"
15917,2015,8.74224090576172,14.0205392837524,"0km"
15918,2015,8.54991340637207,14.196325302124,"0km"
15919,2015,8.54991340637207,14.196325302124,"0km"
15920,2015,8.54991340637207,14.196325302124,"0km"
15921,2015,8.54991340637207,14.196325302124,"0km"
15922,2015,8.54991340637207,14.196325302124,"0km"
15923,2015,8.54991340637207,14.196325302124,"0km"
15924,2015,8.54991340637207,14.196325302124,"0km"
15925,2015,8.54991340637207,14.196325302124,"0km"
15926,2015,8.52330112457275,14.266640663147,"0km"
15927,2015,8.52330112457275,14.266640663147,"0km"
15928,2015,8.52330112457275,14.266640663147,"0km"
15929,2015,8.40330219268799,14.4665975570679,"0km"
15930,2015,8.40330219268799,14.4665975570679,"0km"
15931,2015,8.40330219268799,14.4665975570679,"0km"
15932,2015,8.40330219268799,14.4665975570679,"0km"
15933,2015,8.40330219268799,14.4665975570679,"0km"
15934,2015,8.40330219268799,14.4665975570679,"0km"
15935,2015,8.40330219268799,14.4665975570679,"0km"
15936,2015,8.52330112457275,14.266640663147,"0km"
15937,2015,8.52330112457275,14.266640663147,"0km"
15938,2015,8.52330112457275,14.266640663147,"0km"
15939,2015,8.52330112457275,14.266640663147,"0km"
15940,2015,8.86535263061523,13.6133003234863,"0km"
15941,2015,8.86535263061523,13.6133003234863,"0km"
15942,2015,8.86535263061523,13.6133003234863,"0km"
15943,2015,8.86535263061523,13.6133003234863,"0km"
15944,2015,8.86535263061523,13.6133003234863,"0km"
15945,2015,8.94183158874512,13.4316539764404,"0km"
15946,2015,8.75621795654297,12.0824918746948,"0km"
15947,2015,9.13000869750977,13.8542737960815,"0km"
15948,2015,8.94299125671387,14.0366525650024,"0km"
15949,2015,8.94299125671387,14.0366525650024,"0km"
15950,2015,8.94299125671387,14.0366525650024,"0km"
15951,2015,8.94299125671387,14.0366525650024,"0km"
15952,2015,8.94299125671387,14.0366525650024,"0km"
15953,2015,8.94299125671387,14.0366525650024,"0km"
15954,2015,8.94299125671387,14.0366525650024,"0km"
15955,2015,8.94299125671387,14.0366525650024,"0km"
15956,2015,8.94299125671387,14.0366525650024,"0km"
15957,2015,8.76079559326172,14.201452255249,"0km"
15958,2015,8.76079559326172,14.201452255249,"0km"
15959,2015,8.76079559326172,14.201452255249,"0km"
15960,2015,8.76079559326172,14.201452255249,"0km"
15961,2015,8.76079559326172,14.201452255249,"0km"
15962,2015,8.76079559326172,14.201452255249,"0km"
15963,2015,8.76079559326172,14.201452255249,"0km"
15964,2015,8.76079559326172,14.201452255249,"0km"
15965,2015,8.76079559326172,14.201452255249,"0km"
15966,2015,8.76079559326172,14.201452255249,"0km"
15967,2015,8.76079559326172,14.201452255249,"0km"
15968,2015,8.94299125671387,14.0366525650024,"0km"
15969,2015,8.94299125671387,14.0366525650024,"0km"
15970,2015,8.94299125671387,14.0366525650024,"0km"
15971,2015,8.94299125671387,14.0366525650024,"0km"
15972,2015,8.94299125671387,14.0366525650024,"0km"
15973,2015,8.94299125671387,14.0366525650024,"0km"
15974,2015,8.94299125671387,14.0366525650024,"0km"
15975,2015,8.94299125671387,14.0366525650024,"0km"
15976,2015,8.65208911895752,14.3025302886963,"0km"
15977,2015,8.6188850402832,14.2497940063477,"0km"
15978,2015,8.8100528717041,14.1640977859497,"0km"
15979,2015,8.8100528717041,14.1640977859497,"0km"
15980,2015,8.8100528717041,14.1640977859497,"0km"
15981,2015,8.8100528717041,14.1640977859497,"0km"
15982,2015,8.8100528717041,14.1640977859497,"0km"
15983,2015,8.8100528717041,14.1640977859497,"0km"
15984,2015,8.8100528717041,14.1640977859497,"0km"
15985,2015,8.8100528717041,14.1640977859497,"0km"
15986,2015,8.8100528717041,14.1640977859497,"0km"
15987,2015,8.6188850402832,14.2497940063477,"0km"
15988,2015,8.6188850402832,14.2497940063477,"0km"
15989,2015,8.8100528717041,14.1640977859497,"0km"
15990,2015,8.8100528717041,14.1640977859497,"0km"
15991,2015,8.8100528717041,14.1640977859497,"0km"
15992,2015,8.8100528717041,14.1640977859497,"0km"
15993,2015,8.8100528717041,14.1640977859497,"0km"
15994,2015,8.8100528717041,14.1640977859497,"0km"
15995,2015,8.8100528717041,14.1640977859497,"0km"
15996,2015,8.8100528717041,14.1640977859497,"0km"
15997,2015,8.8100528717041,14.1640977859497,"0km"
15998,2015,8.8100528717041,14.1640977859497,"0km"
15999,2015,8.8100528717041,14.1640977859497,"0km"
16000,2015,8.62688064575195,14.3274326324463,"0km"
16001,2015,8.62688064575195,14.3274326324463,"0km"
16002,2015,8.62688064575195,14.3274326324463,"0km"
16003,2015,8.39323139190674,14.7507858276367,"0km"
16004,2015,8.39323139190674,14.7507858276367,"0km"
16005,2015,8.39323139190674,14.7507858276367,"0km"
16006,2015,8.39323139190674,14.7507858276367,"0km"
16007,2015,8.39323139190674,14.7507858276367,"0km"
16008,2015,8.39323139190674,14.7507858276367,"0km"
16009,2015,8.39323139190674,14.7507858276367,"0km"
16010,2015,8.39323139190674,14.7507858276367,"0km"
16011,2015,8.39323139190674,14.7507858276367,"0km"
16012,2015,8.39323139190674,14.7507858276367,"0km"
16013,2015,8.39323139190674,14.7507858276367,"0km"
16014,2015,8.39323139190674,14.7507858276367,"0km"
16015,2015,8.39323139190674,14.7507858276367,"0km"
16016,2015,8.39323139190674,14.7507858276367,"0km"
16017,2015,8.39323139190674,14.7507858276367,"0km"
16018,2015,8.39323139190674,14.7507858276367,"0km"
16019,2015,8.39323139190674,14.7507858276367,"0km"
16020,2015,8.39323139190674,14.7507858276367,"0km"
16021,2015,8.39323139190674,14.7507858276367,"0km"
16022,2015,8.39323139190674,14.7507858276367,"0km"
16023,2015,8.39323139190674,14.7507858276367,"0km"
16024,2015,8.39323139190674,14.7507858276367,"0km"
16025,2015,8.39323139190674,14.7507858276367,"0km"
16026,2015,8.39323139190674,14.7507858276367,"0km"
16027,2015,8.62688064575195,14.3274326324463,"0km"
16028,2015,8.62688064575195,14.3274326324463,"0km"
16029,2015,8.62688064575195,14.3274326324463,"0km"
16030,2015,8.04190190633138,14.4031190872192,"10km"
16031,2015,9.01922702789307,13.4389781951904,"0km"
16032,2015,9.01922702789307,13.4389781951904,"0km"
16033,2015,9.01922702789307,13.4389781951904,"0km"
16034,2015,9.01922702789307,13.4389781951904,"0km"
16035,2015,9.01922702789307,13.4389781951904,"0km"
16036,2015,9.01922702789307,13.4389781951904,"0km"
16037,2015,8.87755966186523,12.4472484588623,"0km"
16038,2015,8.87755966186523,12.4472484588623,"0km"
16039,2015,9.11059951782227,13.6623735427856,"0km"
16040,2015,9.11059951782227,13.6623735427856,"0km"
16041,2015,9.11059951782227,13.6623735427856,"0km"
16042,2015,9.11059951782227,13.6623735427856,"0km"
16043,2015,9.11059951782227,13.6623735427856,"0km"
16044,2015,9.11059951782227,13.6623735427856,"0km"
16045,2015,9.11059951782227,13.6623735427856,"0km"
16046,2015,9.11059951782227,13.6623735427856,"0km"
16047,2015,9.11059951782227,13.6623735427856,"0km"
16048,2015,9.11059951782227,13.6623735427856,"0km"
16049,2015,9.11059951782227,13.6623735427856,"0km"
16050,2015,9.11059951782227,13.6623735427856,"0km"
16051,2015,9.11059951782227,13.6623735427856,"0km"
16052,2015,9.11059951782227,13.6623735427856,"0km"
16053,2015,9.11059951782227,13.6623735427856,"0km"
16054,2015,9.11059951782227,13.6623735427856,"0km"
16055,2015,9.11059951782227,13.6623735427856,"0km"
16056,2015,8.87755966186523,12.4472484588623,"0km"
16057,2015,9.04614353179932,13.5634937286377,"0km"
16058,2015,9.0013427734375,12.9768056869507,"0km"
16059,2015,9.0013427734375,12.9768056869507,"0km"
16060,2015,9.0013427734375,12.9768056869507,"0km"
16061,2015,7.8592791557312,14.3171787261963,"0km"
16062,2015,7.99069166183472,14.2226934432983,"0km"
16063,2015,8.07882976531982,14.0915861129761,"0km"
16064,2015,8.07882976531982,14.0915861129761,"0km"
16065,2015,8.07882976531982,14.0915861129761,"0km"
16066,2015,8.07882976531982,14.0915861129761,"0km"
16067,2015,8.07882976531982,14.0915861129761,"0km"
16068,2015,7.9563889503479,14.194860458374,"0km"
16069,2015,7.9563889503479,14.194860458374,"0km"
16070,2015,7.9563889503479,14.194860458374,"0km"
16071,2015,7.9563889503479,14.194860458374,"0km"
16072,2015,7.9563889503479,14.194860458374,"0km"
16073,2015,7.9563889503479,14.194860458374,"0km"
16074,2015,7.9563889503479,14.194860458374,"0km"
16075,2015,7.9563889503479,14.194860458374,"0km"
16076,2015,7.9563889503479,14.194860458374,"0km"
16077,2015,7.9563889503479,14.194860458374,"0km"
16078,2015,7.9563889503479,14.194860458374,"0km"
16079,2015,7.9563889503479,14.194860458374,"0km"
16080,2015,7.9563889503479,14.194860458374,"0km"
16081,2015,7.9563889503479,14.194860458374,"0km"
16082,2015,7.9563889503479,14.194860458374,"0km"
16083,2015,8.20658016204834,13.9765920639038,"0km"
16084,2015,8.20658016204834,13.9765920639038,"0km"
16085,2015,8.20658016204834,13.9765920639038,"0km"
16086,2015,8.20658016204834,13.9765920639038,"0km"
16087,2015,8.20658016204834,13.9765920639038,"0km"
16088,2015,8.20658016204834,13.9765920639038,"0km"
16089,2015,8.20658016204834,13.9765920639038,"0km"
16090,2015,8.20658016204834,13.9765920639038,"0km"
16091,2015,8.35496044158936,13.8286390304565,"0km"
16092,2015,8.35496044158936,13.8286390304565,"0km"
16093,2015,8.35496044158936,13.8286390304565,"0km"
16094,2015,8.35496044158936,13.8286390304565,"0km"
16095,2015,8.50096130371094,13.6133003234863,"0km"
16096,2015,8.50096130371094,13.6133003234863,"0km"
16097,2015,8.35496044158936,13.8286390304565,"0km"
16098,2015,8.35496044158936,13.8286390304565,"0km"
16099,2015,8.35496044158936,13.8286390304565,"0km"
16100,2015,8.35496044158936,13.8286390304565,"0km"
16101,2015,8.35496044158936,13.8286390304565,"0km"
16102,2015,8.35496044158936,13.8286390304565,"0km"
16103,2015,8.50907897949219,13.7275609970093,"0km"
16104,2015,8.50907897949219,13.7275609970093,"0km"
16105,2015,8.33213329315186,13.8681907653809,"0km"
16106,2015,8.33213329315186,13.8681907653809,"0km"
16107,2015,8.33213329315186,13.8681907653809,"0km"
16108,2015,8.33213329315186,13.8681907653809,"0km"
16109,2015,8.33213329315186,13.8681907653809,"0km"
16110,2015,8.33213329315186,13.8681907653809,"0km"
16111,2015,8.33213329315186,13.8681907653809,"0km"
16112,2015,8.50907897949219,13.7275609970093,"0km"
16113,2015,8.33213329315186,13.8681907653809,"0km"
16114,2015,8.33213329315186,13.8681907653809,"0km"
16115,2015,8.33213329315186,13.8681907653809,"0km"
16116,2015,8.33213329315186,13.8681907653809,"0km"
16117,2015,8.33213329315186,13.8681907653809,"0km"
16118,2015,8.00448608398438,14.1018400192261,"0km"
16119,2015,8.00448608398438,14.1018400192261,"0km"
16120,2015,8.00448608398438,14.1018400192261,"0km"
16121,2015,8.00448608398438,14.1018400192261,"0km"
16122,2015,8.00448608398438,14.1018400192261,"0km"
16123,2015,8.00448608398438,14.1018400192261,"0km"
16124,2015,8.00448608398438,14.1018400192261,"0km"
16125,2015,8.00448608398438,14.1018400192261,"0km"
16126,2015,8.00448608398438,14.1018400192261,"0km"
16127,2015,8.00448608398438,14.1018400192261,"0km"
16128,2015,7.72383785247803,14.287148475647,"0km"
16129,2015,7.72383785247803,14.287148475647,"0km"
16130,2015,7.72383785247803,14.287148475647,"0km"
16131,2015,7.80629920959473,14.2615127563477,"0km"
16132,2015,7.80629920959473,14.2615127563477,"0km"
16133,2015,7.60689115524292,14.3204746246338,"10km"
16134,2015,7.60689115524292,14.3204746246338,"10km"
16135,2015,7.60689115524292,14.3204746246338,"10km"
16136,2015,7.60689115524292,14.3204746246338,"10km"
16137,2015,7.60689115524292,14.3204746246338,"10km"
16138,2015,7.60689115524292,14.3204746246338,"10km"
16139,2015,7.60689115524292,14.3204746246338,"10km"
16140,2015,7.60689115524292,14.3204746246338,"10km"
16141,2015,7.60689115524292,14.3204746246338,"10km"
16142,2015,7.65852832794189,14.3867607116699,"10km"
16143,2015,7.65852832794189,14.3867607116699,"10km"
16144,2015,7.65852832794189,14.3867607116699,"10km"
16145,2015,7.65852832794189,14.3867607116699,"10km"
16146,2015,7.61659606297811,14.3122955958048,"10km"
16147,2015,7.61659606297811,14.3122955958048,"10km"
16148,2015,7.61659606297811,14.3122955958048,"10km"
16149,2015,7.65852832794189,14.3867607116699,"0km"
16150,2015,7.65852832794189,14.3867607116699,"0km"
16151,2015,7.65852832794189,14.3867607116699,"0km"
16152,2015,7.65852832794189,14.3867607116699,"0km"
16153,2015,7.65852832794189,14.3867607116699,"0km"
16154,2015,7.66370439529419,14.3186435699463,"10km"
16155,2015,7.66370439529419,14.3186435699463,"10km"
16156,2015,7.66370439529419,14.3186435699463,"10km"
16157,2015,7.66370439529419,14.3186435699463,"10km"
16158,2015,7.66370439529419,14.3186435699463,"10km"
16159,2015,7.68062384923299,14.3375651041667,"10km"
16160,2015,7.64867103099823,14.3265173435211,"10km"
16161,2015,7.66370439529419,14.3186435699463,"10km"
16162,2015,7.66370439529419,14.3186435699463,"10km"
16163,2015,7.8592791557312,14.3171787261963,"0km"
16164,2015,7.8592791557312,14.3171787261963,"0km"
16165,2015,7.8592791557312,14.3171787261963,"0km"
16166,2015,7.8592791557312,14.3171787261963,"0km"
16167,2015,7.8592791557312,14.3171787261963,"0km"
16168,2015,7.8592791557312,14.3171787261963,"0km"
16169,2015,7.8592791557312,14.3171787261963,"0km"
16170,2015,7.8592791557312,14.3171787261963,"0km"
16171,2015,7.8592791557312,14.3171787261963,"0km"
16172,2015,7.8592791557312,14.3171787261963,"0km"
16173,2015,7.8592791557312,14.3171787261963,"0km"
16174,2015,7.8592791557312,14.3171787261963,"0km"
16175,2015,7.8592791557312,14.3171787261963,"0km"
16176,2015,7.82027673721313,14.4160585403442,"0km"
16177,2015,7.87337875366211,14.4336376190186,"0km"
16178,2015,7.87337875366211,14.4336376190186,"0km"
16179,2015,7.87337875366211,14.4336376190186,"0km"
16180,2015,7.87337875366211,14.4336376190186,"0km"
16181,2015,7.87337875366211,14.4336376190186,"0km"
16182,2015,7.87337875366211,14.4336376190186,"0km"
16183,2015,7.87337875366211,14.4336376190186,"0km"
16184,2015,7.87337875366211,14.4336376190186,"0km"
16185,2015,7.87337875366211,14.4336376190186,"0km"
16186,2015,7.87337875366211,14.4336376190186,"0km"
16187,2015,7.87337875366211,14.4336376190186,"0km"
16188,2015,7.87337875366211,14.4336376190186,"0km"
16189,2015,7.87356185913086,14.3765068054199,"10km"
16190,2015,7.87356185913086,14.3765068054199,"10km"
16191,2015,7.95489358901978,14.4219183921814,"10km"
16192,2015,7.95489358901978,14.4219183921814,"10km"
16193,2015,8.03622531890869,14.4673299789429,"10km"
16194,2015,8.03622531890869,14.4673299789429,"10km"
16195,2015,8.03622531890869,14.4673299789429,"10km"
16196,2015,8.03622531890869,14.4673299789429,"10km"
16197,2015,8.03622531890869,14.4673299789429,"10km"
16198,2015,8.03622531890869,14.4673299789429,"10km"
16199,2015,8.03622531890869,14.4673299789429,"10km"
16200,2015,7.94790506362915,14.0542316436768,"0km"
16201,2015,8.00790405273438,14.3340253829956,"0km"
16202,2015,8.08157634735107,14.4080018997192,"0km"
16203,2015,8.08157634735107,14.4080018997192,"0km"
16204,2015,8.08157634735107,14.4080018997192,"0km"
16205,2015,8.08157634735107,14.4080018997192,"0km"
16206,2015,NA,NA,"15km"
16207,2015,NA,NA,"15km"
16208,2015,NA,NA,"15km"
16209,2015,NA,NA,"15km"
16210,2015,NA,NA,"15km"
16211,2015,NA,NA,"15km"
16212,2015,NA,NA,"15km"
16213,2015,NA,NA,"15km"
16214,2015,NA,NA,"15km"
16215,2015,NA,NA,"15km"
16216,2015,NA,NA,"15km"
16217,2015,NA,NA,"15km"
16218,2015,NA,NA,"15km"
16219,2015,NA,NA,"15km"
16220,2015,NA,NA,"15km"
16221,2015,NA,NA,"15km"
16222,2015,NA,NA,"15km"
16223,2015,NA,NA,"15km"
16224,2015,NA,NA,"15km"
16225,2015,NA,NA,"15km"
16226,2015,NA,NA,"15km"
16227,2015,NA,NA,"15km"
16228,2015,NA,NA,"15km"
16229,2015,8.03622531890869,14.4673299789429,"15km"
16230,2015,7.35749387741089,11.6481523513794,"0km"
16231,2015,7.35749387741089,11.6481523513794,"0km"
16232,2015,7.35749387741089,11.6481523513794,"0km"
16233,2015,7.35749387741089,11.6481523513794,"0km"
16234,2015,7.35749387741089,11.6481523513794,"0km"
16235,2015,7.6082645257314,12.8724327087402,"10km"
16236,2015,7.6082645257314,12.8724327087402,"10km"
16237,2015,7.6082645257314,12.8724327087402,"10km"
16238,2015,7.51881456375122,13.00830078125,"0km"
16239,2015,7.97634840011597,14.3933534622192,"0km"
16240,2015,7.97634840011597,14.3933534622192,"0km"
16241,2015,7.51881456375122,13.00830078125,"0km"
16242,2015,7.51881456375122,13.00830078125,"0km"
16243,2015,7.51881456375122,13.00830078125,"0km"
16244,2015,7.51881456375122,13.00830078125,"0km"
16245,2015,7.51881456375122,13.00830078125,"0km"
16246,2015,7.51881456375122,13.00830078125,"0km"
16247,2015,8.07815837860107,14.4702596664429,"0km"
16248,2015,8.07815837860107,14.4702596664429,"0km"
16249,2015,8.07815837860107,14.4702596664429,"0km"
16250,2015,8.07815837860107,14.4702596664429,"0km"
16251,2015,8.07815837860107,14.4702596664429,"0km"
16252,2015,8.07815837860107,14.4702596664429,"0km"
16253,2015,7.97634840011597,14.3933534622192,"0km"
16254,2015,7.97634840011597,14.3933534622192,"0km"
16255,2015,8.07815837860107,14.4702596664429,"0km"
16256,2015,8.07815837860107,14.4702596664429,"0km"
16257,2015,8.07815837860107,14.4702596664429,"0km"
16258,2015,7.9516282081604,14.7105016708374,"0km"
16259,2015,7.9516282081604,14.7105016708374,"0km"
16260,2015,7.9516282081604,14.7105016708374,"0km"
16261,2015,7.9516282081604,14.7105016708374,"0km"
16262,2015,7.9516282081604,14.7105016708374,"0km"
16263,2015,7.9516282081604,14.7105016708374,"0km"
16264,2015,7.9516282081604,14.7105016708374,"0km"
16265,2015,8.60332012176514,14.1443223953247,"0km"
16266,2015,8.60332012176514,14.1443223953247,"0km"
16267,2015,8.60332012176514,14.1443223953247,"0km"
16268,2015,8.60332012176514,14.1443223953247,"0km"
16269,2015,8.60332012176514,14.1443223953247,"0km"
16270,2015,8.34598827362061,14.2380752563477,"0km"
16271,2015,8.34598827362061,14.2380752563477,"0km"
16272,2015,8.34598827362061,14.2380752563477,"0km"
16273,2015,8.34598827362061,14.2380752563477,"0km"
16274,2015,8.60332012176514,14.1443223953247,"0km"
16275,2015,8.51829624176025,12.0517292022705,"0km"
16276,2015,8.51829624176025,12.0517292022705,"0km"
16277,2015,8.51829624176025,12.0517292022705,"0km"
16278,2015,8.51829624176025,12.0517292022705,"0km"
16279,2015,8.51829624176025,12.0517292022705,"0km"
16280,2015,8.51829624176025,12.0517292022705,"0km"
16281,2015,8.59166240692139,12.1637926101685,"0km"
16282,2015,8.51829624176025,12.0517292022705,"0km"
16283,2015,8.51829624176025,12.0517292022705,"0km"
16284,2015,8.51829624176025,12.0517292022705,"0km"
16285,2015,8.51829624176025,12.0517292022705,"0km"
16286,2015,8.51829624176025,12.0517292022705,"0km"
16287,2015,8.51829624176025,12.0517292022705,"0km"
16288,2015,8.51829624176025,12.0517292022705,"0km"
16289,2015,8.51829624176025,12.0517292022705,"0km"
16290,2015,8.51829624176025,12.0517292022705,"0km"
16291,2015,8.51829624176025,12.0517292022705,"0km"
16292,2015,8.51829624176025,12.0517292022705,"0km"
16293,2015,8.51829624176025,12.0517292022705,"0km"
16294,2015,8.51829624176025,12.0517292022705,"0km"
16295,2015,8.51829624176025,12.0517292022705,"0km"
16296,2015,8.51829624176025,12.0517292022705,"0km"
16297,2015,8.51829624176025,12.0517292022705,"0km"
16298,2015,8.51829624176025,12.0517292022705,"0km"
16299,2015,8.51829624176025,12.0517292022705,"0km"
16300,2015,8.51829624176025,12.0517292022705,"0km"
16301,2015,8.51829624176025,12.0517292022705,"0km"
16302,2015,8.51829624176025,12.0517292022705,"0km"
16303,2015,7.85091686248779,11.1017484664917,"0km"
16304,2015,7.85091686248779,11.1017484664917,"0km"
16305,2015,7.85091686248779,11.1017484664917,"0km"
16306,2015,7.85091686248779,11.1017484664917,"0km"
16307,2015,7.85091686248779,11.1017484664917,"0km"
16308,2015,7.85091686248779,11.1017484664917,"0km"
16309,2015,7.85091686248779,11.1017484664917,"0km"
16310,2015,7.85091686248779,11.1017484664917,"0km"
16311,2015,7.85091686248779,11.1017484664917,"0km"
16312,2015,7.85091686248779,11.1017484664917,"0km"
16313,2015,7.85091686248779,11.1017484664917,"0km"
16314,2015,7.85091686248779,11.1017484664917,"0km"
16315,2015,7.85091686248779,11.1017484664917,"0km"
16316,2015,7.85091686248779,11.1017484664917,"0km"
16317,2015,7.85091686248779,11.1017484664917,"0km"
16318,2015,7.85091686248779,11.1017484664917,"0km"
16319,2015,7.85091686248779,11.1017484664917,"0km"
16320,2015,7.85091686248779,11.1017484664917,"0km"
16321,2015,7.85091686248779,11.1017484664917,"0km"
16322,2015,7.85091686248779,11.1017484664917,"0km"
16323,2015,7.85091686248779,11.1017484664917,"0km"
16324,2015,7.85091686248779,11.1017484664917,"0km"
16325,2015,7.85091686248779,11.1017484664917,"0km"
16326,2015,7.85091686248779,11.1017484664917,"0km"
16327,2015,7.85091686248779,11.1017484664917,"0km"
16328,2015,7.85091686248779,11.1017484664917,"0km"
16329,2015,7.85091686248779,11.1017484664917,"0km"
16330,2015,7.85091686248779,11.1017484664917,"0km"
16331,2015,7.85091686248779,11.1017484664917,"0km"
16332,2015,7.85091686248779,11.1017484664917,"0km"
16333,2015,7.85091686248779,11.1017484664917,"0km"
16334,2015,7.85091686248779,11.1017484664917,"0km"
16335,2015,7.85091686248779,11.1017484664917,"0km"
16336,2015,8.14963245391846,14.189733505249,"0km"
16337,2015,8.14963245391846,14.189733505249,"0km"
16338,2015,8.14963245391846,14.189733505249,"0km"
16339,2015,8.14963245391846,14.189733505249,"0km"
16340,2015,8.14963245391846,14.189733505249,"0km"
16341,2015,8.14963245391846,14.189733505249,"0km"
16342,2015,8.14963245391846,14.189733505249,"0km"
16343,2015,8.26236724853516,14.1128273010254,"0km"
16344,2015,8.26236724853516,14.1128273010254,"0km"
16345,2015,8.26236724853516,14.1128273010254,"0km"
16346,2015,8.26236724853516,14.1128273010254,"0km"
16347,2015,8.26236724853516,14.1128273010254,"0km"
16348,2015,8.26236724853516,14.1128273010254,"0km"
16349,2015,8.26236724853516,14.1128273010254,"0km"
16350,2015,8.37076950073242,14.0366525650024,"0km"
16351,2015,8.37076950073242,14.0366525650024,"0km"
16352,2015,8.37076950073242,14.0366525650024,"0km"
16353,2015,8.37076950073242,14.0366525650024,"0km"
16354,2015,8.37076950073242,14.0366525650024,"0km"
16355,2015,8.37076950073242,14.0366525650024,"0km"
16356,2015,8.37076950073242,14.0366525650024,"0km"
16357,2015,8.46494960784912,13.9407024383545,"0km"
16358,2015,8.46494960784912,13.9407024383545,"0km"
16359,2015,8.46494960784912,13.9407024383545,"0km"
16360,2015,8.39225482940674,13.2229070663452,"0km"
16361,2015,8.39225482940674,13.2229070663452,"0km"
16362,2015,8.39225482940674,13.2229070663452,"0km"
16363,2015,7.80678749084473,11.4518566131592,"0km"
16364,2015,7.80678749084473,11.4518566131592,"0km"
16365,2015,7.80678749084473,11.4518566131592,"0km"
16366,2015,7.80678749084473,11.4518566131592,"0km"
16367,2015,7.80678749084473,11.4518566131592,"0km"
16368,2015,7.80678749084473,11.4518566131592,"0km"
16369,2015,7.80678749084473,11.4518566131592,"0km"
16370,2015,7.80678749084473,11.4518566131592,"0km"
16371,2015,8.23258113861084,14.0893888473511,"0km"
16372,2015,8.23258113861084,14.0893888473511,"0km"
16373,2015,8.23258113861084,14.0893888473511,"0km"
16374,2015,8.23258113861084,14.0893888473511,"0km"
16375,2015,8.23258113861084,14.0893888473511,"0km"
16376,2015,8.23258113861084,14.0893888473511,"0km"
16377,2015,8.23258113861084,14.0893888473511,"0km"
16378,2015,8.23258113861084,14.0893888473511,"0km"
16379,2015,8.23258113861084,14.0893888473511,"0km"
16380,2015,8.23258113861084,14.0893888473511,"0km"
16381,2015,8.23258113861084,14.0893888473511,"0km"
16382,2015,8.23258113861084,14.0893888473511,"0km"
16383,2015,8.23258113861084,14.0893888473511,"0km"
16384,2015,8.23258113861084,14.0893888473511,"0km"
16385,2015,8.23258113861084,14.0893888473511,"0km"
16386,2015,8.20548152923584,14.292275428772,"0km"
16387,2015,8.20548152923584,14.292275428772,"0km"
16388,2015,8.20548152923584,14.292275428772,"0km"
16389,2015,8.16910266876221,14.3896903991699,"0km"
16390,2015,8.16910266876221,14.3896903991699,"0km"
16391,2015,8.16910266876221,14.3896903991699,"0km"
16392,2015,8.16910266876221,14.3896903991699,"0km"
16393,2015,8.16910266876221,14.3896903991699,"0km"
16394,2015,8.16910266876221,14.3896903991699,"0km"
16395,2015,8.16910266876221,14.3896903991699,"0km"
16396,2015,8.16910266876221,14.3896903991699,"0km"
16397,2015,8.16910266876221,14.3896903991699,"0km"
16398,2015,8.16910266876221,14.3896903991699,"0km"
16399,2015,8.16910266876221,14.3896903991699,"0km"
16400,2015,8.16910266876221,14.3896903991699,"0km"
16401,2015,8.16910266876221,14.3896903991699,"0km"
16402,2015,8.16910266876221,14.3896903991699,"0km"
16403,2015,8.16910266876221,14.3896903991699,"0km"
16404,2015,8.16910266876221,14.3896903991699,"0km"
16405,2015,8.16910266876221,14.3896903991699,"0km"
16406,2015,8.16910266876221,14.3896903991699,"0km"
16407,2015,8.16910266876221,14.3896903991699,"0km"
16408,2015,8.16910266876221,14.3896903991699,"0km"
16409,2015,8.16910266876221,14.3896903991699,"0km"
16410,2015,8.16910266876221,14.3896903991699,"0km"
16411,2015,8.16910266876221,14.3896903991699,"0km"
16412,2015,8.16910266876221,14.3896903991699,"0km"
16413,2015,8.16910266876221,14.3896903991699,"0km"
16414,2015,8.16910266876221,14.3896903991699,"0km"
16415,2015,8.16910266876221,14.3896903991699,"0km"
16416,2015,8.16910266876221,14.3896903991699,"0km"
16417,2015,8.16910266876221,14.3896903991699,"0km"
16418,2015,8.16910266876221,14.3896903991699,"0km"
16419,2015,8.16910266876221,14.3896903991699,"0km"
16420,2015,8.16910266876221,14.3896903991699,"0km"
16421,2015,8.16910266876221,14.3896903991699,"0km"
16422,2015,8.16910266876221,14.3896903991699,"0km"
16423,2015,8.16910266876221,14.3896903991699,"0km"
16424,2015,8.16910266876221,14.3896903991699,"0km"
16425,2015,8.16910266876221,14.3896903991699,"0km"
16426,2015,8.16910266876221,14.3896903991699,"0km"
16427,2015,8.16910266876221,14.3896903991699,"0km"
16428,2015,8.16910266876221,14.3896903991699,"0km"
16429,2015,8.16910266876221,14.3896903991699,"0km"
16430,2015,8.16910266876221,14.3896903991699,"0km"
16431,2015,8.16910266876221,14.3896903991699,"0km"
16432,2015,8.16910266876221,14.3896903991699,"0km"
16433,2015,8.16910266876221,14.3896903991699,"0km"
16434,2015,8.16910266876221,14.3896903991699,"0km"
16435,2015,8.16910266876221,14.3896903991699,"0km"
16436,2015,8.16910266876221,14.3896903991699,"0km"
16437,2015,8.16910266876221,14.3896903991699,"0km"
16438,2015,8.16910266876221,14.3896903991699,"0km"
16439,2015,8.16910266876221,14.3896903991699,"0km"
16440,2015,8.16910266876221,14.3896903991699,"0km"
16441,2015,8.16910266876221,14.3896903991699,"0km"
16442,2015,8.16910266876221,14.3896903991699,"0km"
16443,2015,8.16910266876221,14.3896903991699,"0km"
16444,2015,8.16910266876221,14.3896903991699,"0km"
16445,2015,8.16910266876221,14.3896903991699,"0km"
16446,2015,8.16910266876221,14.3896903991699,"0km"
16447,2015,8.16910266876221,14.3896903991699,"0km"
16448,2015,8.16910266876221,14.3896903991699,"0km"
16449,2015,8.16910266876221,14.3896903991699,"0km"
16450,2015,8.16910266876221,14.3896903991699,"0km"
16451,2015,8.16910266876221,14.3896903991699,"0km"
16452,2015,8.16910266876221,14.3896903991699,"0km"
16453,2015,8.16910266876221,14.3896903991699,"0km"
16454,2015,8.16910266876221,14.3896903991699,"0km"
16455,2015,8.16910266876221,14.3896903991699,"0km"
16456,2015,8.16910266876221,14.3896903991699,"0km"
16457,2015,8.16910266876221,14.3896903991699,"0km"
16458,2015,8.16910266876221,14.3896903991699,"0km"
16459,2015,8.16910266876221,14.3896903991699,"0km"
16460,2015,8.16910266876221,14.3896903991699,"0km"
16461,2015,8.16910266876221,14.3896903991699,"0km"
16462,2015,8.16910266876221,14.3896903991699,"0km"
16463,2015,8.16910266876221,14.3896903991699,"0km"
16464,2015,8.16910266876221,14.3896903991699,"0km"
16465,2015,8.16910266876221,14.3896903991699,"0km"
16466,2015,8.16910266876221,14.3896903991699,"0km"
16467,2015,8.16910266876221,14.3896903991699,"0km"
16468,2015,8.16910266876221,14.3896903991699,"0km"
16469,2015,8.16910266876221,14.3896903991699,"0km"
16470,2015,8.16910266876221,14.3896903991699,"0km"
16471,2015,8.16910266876221,14.3896903991699,"0km"
16472,2015,8.16910266876221,14.3896903991699,"0km"
16473,2015,8.16910266876221,14.3896903991699,"0km"
16474,2015,8.16910266876221,14.3896903991699,"0km"
16475,2015,8.16910266876221,14.3896903991699,"0km"
16476,2015,8.16910266876221,14.3896903991699,"0km"
16477,2015,8.16910266876221,14.3896903991699,"0km"
16478,2015,8.16910266876221,14.3896903991699,"0km"
16479,2015,8.16910266876221,14.3896903991699,"0km"
16480,2015,8.16910266876221,14.3896903991699,"0km"
16481,2015,8.16910266876221,14.3896903991699,"0km"
16482,2015,8.16910266876221,14.3896903991699,"0km"
16483,2015,8.16910266876221,14.3896903991699,"0km"
16484,2015,8.16910266876221,14.3896903991699,"0km"
16485,2015,8.16910266876221,14.3896903991699,"0km"
16486,2015,8.16910266876221,14.3896903991699,"0km"
16487,2015,8.16910266876221,14.3896903991699,"0km"
16488,2015,8.16910266876221,14.3896903991699,"0km"
16489,2015,8.16910266876221,14.3896903991699,"0km"
16490,2015,8.16910266876221,14.3896903991699,"0km"
16491,2015,8.16910266876221,14.3896903991699,"0km"
16492,2015,8.16910266876221,14.3896903991699,"0km"
16493,2015,8.16910266876221,14.3896903991699,"0km"
16494,2015,8.16910266876221,14.3896903991699,"0km"
16495,2015,8.16910266876221,14.3896903991699,"0km"
16496,2015,8.16910266876221,14.3896903991699,"0km"
16497,2015,8.16910266876221,14.3896903991699,"0km"
16498,2015,8.16910266876221,14.3896903991699,"0km"
16499,2015,8.16910266876221,14.3896903991699,"0km"
16500,2015,8.16910266876221,14.3896903991699,"0km"
16501,2015,8.16910266876221,14.3896903991699,"0km"
16502,2015,8.16910266876221,14.3896903991699,"0km"
16503,2015,8.16910266876221,14.3896903991699,"0km"
16504,2015,8.16910266876221,14.3896903991699,"0km"
16505,2015,8.16910266876221,14.3896903991699,"0km"
16506,2015,8.16910266876221,14.3896903991699,"0km"
16507,2015,8.16910266876221,14.3896903991699,"0km"
16508,2015,8.16910266876221,14.3896903991699,"0km"
16509,2015,8.16910266876221,14.3896903991699,"0km"
16510,2015,8.16910266876221,14.3896903991699,"0km"
16511,2015,8.16910266876221,14.3896903991699,"0km"
16512,2015,8.16910266876221,14.3896903991699,"0km"
16513,2015,8.16910266876221,14.3896903991699,"0km"
16514,2015,8.16910266876221,14.3896903991699,"0km"
16515,2015,8.16910266876221,14.3896903991699,"0km"
16516,2015,8.16910266876221,14.3896903991699,"0km"
16517,2015,8.16910266876221,14.3896903991699,"0km"
16518,2015,8.16910266876221,14.3896903991699,"0km"
16519,2015,8.16910266876221,14.3896903991699,"0km"
16520,2015,8.16910266876221,14.3896903991699,"0km"
16521,2015,8.16910266876221,14.3896903991699,"0km"
16522,2015,8.16910266876221,14.3896903991699,"0km"
16523,2015,8.16910266876221,14.3896903991699,"0km"
16524,2015,8.16910266876221,14.3896903991699,"0km"
16525,2015,8.16910266876221,14.3896903991699,"0km"
16526,2015,8.16910266876221,14.3896903991699,"0km"
16527,2015,8.16910266876221,14.3896903991699,"0km"
16528,2015,8.16910266876221,14.3896903991699,"0km"
16529,2015,8.16910266876221,14.3896903991699,"0km"
16530,2015,8.16910266876221,14.3896903991699,"0km"
16531,2015,8.16910266876221,14.3896903991699,"0km"
16532,2015,8.16910266876221,14.3896903991699,"0km"
16533,2015,8.16910266876221,14.3896903991699,"0km"
16534,2015,8.16910266876221,14.3896903991699,"0km"
16535,2015,8.16910266876221,14.3896903991699,"0km"
16536,2015,8.16910266876221,14.3896903991699,"0km"
16537,2015,8.16910266876221,14.3896903991699,"0km"
16538,2015,8.16910266876221,14.3896903991699,"0km"
16539,2015,8.16910266876221,14.3896903991699,"0km"
16540,2015,8.16910266876221,14.3896903991699,"0km"
16541,2015,8.16910266876221,14.3896903991699,"0km"
16542,2015,8.16910266876221,14.3896903991699,"0km"
16543,2015,8.16910266876221,14.3896903991699,"0km"
16544,2015,8.16910266876221,14.3896903991699,"0km"
16545,2015,8.16910266876221,14.3896903991699,"0km"
16546,2015,8.16910266876221,14.3896903991699,"0km"
16547,2015,8.16910266876221,14.3896903991699,"0km"
16548,2015,8.16910266876221,14.3896903991699,"0km"
16549,2015,8.16910266876221,14.3896903991699,"0km"
16550,2015,8.16910266876221,14.3896903991699,"0km"
16551,2015,8.16910266876221,14.3896903991699,"0km"
16552,2015,8.16910266876221,14.3896903991699,"0km"
16553,2015,8.16910266876221,14.3896903991699,"0km"
16554,2015,8.16910266876221,14.3896903991699,"0km"
16555,2015,8.16910266876221,14.3896903991699,"0km"
16556,2015,8.16910266876221,14.3896903991699,"0km"
16557,2015,8.16910266876221,14.3896903991699,"0km"
16558,2015,8.16910266876221,14.3896903991699,"0km"
16559,2015,8.16910266876221,14.3896903991699,"0km"
16560,2015,8.16910266876221,14.3896903991699,"0km"
16561,2015,8.16910266876221,14.3896903991699,"0km"
16562,2015,8.16910266876221,14.3896903991699,"0km"
16563,2015,8.16910266876221,14.3896903991699,"0km"
16564,2015,8.16910266876221,14.3896903991699,"0km"
16565,2015,8.16910266876221,14.3896903991699,"0km"
16566,2015,8.16910266876221,14.3896903991699,"0km"
16567,2015,8.16910266876221,14.3896903991699,"0km"
16568,2015,8.16910266876221,14.3896903991699,"0km"
16569,2015,8.16910266876221,14.3896903991699,"0km"
16570,2015,8.16910266876221,14.3896903991699,"0km"
16571,2015,8.16910266876221,14.3896903991699,"0km"
16572,2015,8.16910266876221,14.3896903991699,"0km"
16573,2015,8.16910266876221,14.3896903991699,"0km"
16574,2015,8.16910266876221,14.3896903991699,"0km"
16575,2015,8.16910266876221,14.3896903991699,"0km"
16576,2015,8.16910266876221,14.3896903991699,"0km"
16577,2015,8.16910266876221,14.3896903991699,"0km"
16578,2015,8.16910266876221,14.3896903991699,"0km"
16579,2015,8.16910266876221,14.3896903991699,"0km"
16580,2015,8.16910266876221,14.3896903991699,"0km"
16581,2015,8.16910266876221,14.3896903991699,"0km"
16582,2015,8.16910266876221,14.3896903991699,"0km"
16583,2015,8.16910266876221,14.3896903991699,"0km"
16584,2015,8.16910266876221,14.3896903991699,"0km"
16585,2015,8.16910266876221,14.3896903991699,"0km"
16586,2015,8.16910266876221,14.3896903991699,"0km"
16587,2015,8.16910266876221,14.3896903991699,"0km"
16588,2015,8.16910266876221,14.3896903991699,"0km"
16589,2015,8.16910266876221,14.3896903991699,"0km"
16590,2015,8.16910266876221,14.3896903991699,"0km"
16591,2015,8.16910266876221,14.3896903991699,"0km"
16592,2015,8.16910266876221,14.3896903991699,"0km"
16593,2015,8.16910266876221,14.3896903991699,"0km"
16594,2015,8.16910266876221,14.3896903991699,"0km"
16595,2015,8.16910266876221,14.3896903991699,"0km"
16596,2015,8.16910266876221,14.3896903991699,"0km"
16597,2015,8.16910266876221,14.3896903991699,"0km"
16598,2015,8.16910266876221,14.3896903991699,"0km"
16599,2015,8.16910266876221,14.3896903991699,"0km"
16600,2015,8.16910266876221,14.3896903991699,"0km"
16601,2015,8.16910266876221,14.3896903991699,"0km"
16602,2015,8.16910266876221,14.3896903991699,"0km"
16603,2015,8.16910266876221,14.3896903991699,"0km"
16604,2015,8.16910266876221,14.3896903991699,"0km"
16605,2015,8.16910266876221,14.3896903991699,"0km"
16606,2015,8.16910266876221,14.3896903991699,"0km"
16607,2015,8.16910266876221,14.3896903991699,"0km"
16608,2015,8.16910266876221,14.3896903991699,"0km"
16609,2015,8.16910266876221,14.3896903991699,"0km"
16610,2015,8.16910266876221,14.3896903991699,"0km"
16611,2015,8.16910266876221,14.3896903991699,"0km"
16612,2015,8.16910266876221,14.3896903991699,"0km"
16613,2015,8.16910266876221,14.3896903991699,"0km"
16614,2015,8.16910266876221,14.3896903991699,"0km"
16615,2015,8.16910266876221,14.3896903991699,"0km"
16616,2015,8.16910266876221,14.3896903991699,"0km"
16617,2015,8.16910266876221,14.3896903991699,"0km"
16618,2015,8.16910266876221,14.3896903991699,"0km"
16619,2015,8.16910266876221,14.3896903991699,"0km"
16620,2015,8.16910266876221,14.3896903991699,"0km"
16621,2015,8.16910266876221,14.3896903991699,"0km"
16622,2015,8.16910266876221,14.3896903991699,"0km"
16623,2015,8.16910266876221,14.3896903991699,"0km"
16624,2015,8.16910266876221,14.3896903991699,"0km"
16625,2015,8.16910266876221,14.3896903991699,"0km"
16626,2015,8.16910266876221,14.3896903991699,"0km"
16627,2015,8.16910266876221,14.3896903991699,"0km"
16628,2015,8.16910266876221,14.3896903991699,"0km"
16629,2015,8.16910266876221,14.3896903991699,"0km"
16630,2015,8.16910266876221,14.3896903991699,"0km"
16631,2015,8.16910266876221,14.3896903991699,"0km"
16632,2015,8.16910266876221,14.3896903991699,"0km"
16633,2015,8.16910266876221,14.3896903991699,"0km"
16634,2015,8.16910266876221,14.3896903991699,"0km"
16635,2015,8.16910266876221,14.3896903991699,"0km"
16636,2015,8.16910266876221,14.3896903991699,"0km"
16637,2015,8.16910266876221,14.3896903991699,"0km"
16638,2015,8.16910266876221,14.3896903991699,"0km"
16639,2015,8.16910266876221,14.3896903991699,"0km"
16640,2015,8.16910266876221,14.3896903991699,"0km"
16641,2015,8.16910266876221,14.3896903991699,"0km"
16642,2015,8.16910266876221,14.3896903991699,"0km"
16643,2015,8.16910266876221,14.3896903991699,"0km"
16644,2015,8.16910266876221,14.3896903991699,"0km"
16645,2015,8.16910266876221,14.3896903991699,"0km"
16646,2015,8.16910266876221,14.3896903991699,"0km"
16647,2009,8.68907737731934,13.8249759674072,"10km"
16648,2009,8.68907737731934,13.8249759674072,"10km"
16649,2009,8.68907737731934,13.8249759674072,"10km"
16650,2009,8.68907737731934,13.8249759674072,"10km"
16651,2009,8.68907737731934,13.8249759674072,"10km"
16652,2009,8.68907737731934,13.8249759674072,"10km"
16653,2009,8.68907737731934,13.8249759674072,"10km"
16654,2009,8.68907737731934,13.8249759674072,"10km"
16655,2009,8.68907737731934,13.8249759674072,"10km"
16656,2009,8.68907737731934,13.8249759674072,"10km"
16657,2009,8.68907737731934,13.8249759674072,"10km"
16658,2009,8.68907737731934,13.8249759674072,"10km"
16659,2009,8.68907737731934,13.8249759674072,"10km"
16660,2009,8.68907737731934,13.8249759674072,"10km"
16661,2009,8.68907737731934,13.8249759674072,"10km"
16662,2009,8.68907737731934,13.8249759674072,"10km"
16663,2009,8.68907737731934,13.8249759674072,"10km"
16664,2009,8.68907737731934,13.8249759674072,"10km"
16665,2009,8.68907737731934,13.8249759674072,"10km"
16666,2009,8.68907737731934,13.8249759674072,"10km"
16667,2009,8.68907737731934,13.8249759674072,"10km"
16668,2009,8.68907737731934,13.8249759674072,"10km"
16669,2009,8.68907737731934,13.8249759674072,"10km"
16670,2009,8.68907737731934,13.8249759674072,"10km"
16671,2009,8.68907737731934,13.8249759674072,"10km"
16672,2009,8.68907737731934,13.8249759674072,"10km"
16673,2009,8.68907737731934,13.8249759674072,"10km"
16674,2009,7.26506344477336,9.37415679295858,"10km"
16675,2009,7.26506344477336,9.37415679295858,"10km"
16676,2009,7.26506344477336,9.37415679295858,"10km"
16677,2009,7.26506344477336,9.37415679295858,"10km"
16678,2009,7.26506344477336,9.37415679295858,"10km"
16679,2009,7.26506344477336,9.37415679295858,"10km"
16680,2009,7.26506344477336,9.37415679295858,"10km"
16681,2009,7.26506344477336,9.37415679295858,"10km"
16682,2009,7.26506344477336,9.37415679295858,"10km"
16683,2009,7.26506344477336,9.37415679295858,"10km"
16684,2009,7.26506344477336,9.37415679295858,"10km"
16685,2009,7.26506344477336,9.37415679295858,"10km"
16686,2009,7.26506344477336,9.37415679295858,"10km"
16687,2009,7.26506344477336,9.37415679295858,"10km"
16688,2009,6.54911947250366,7.10553312301636,"0km"
16689,2009,6.54911947250366,7.10553312301636,"0km"
16690,2009,6.54911947250366,7.10553312301636,"0km"
16691,2009,6.54911947250366,7.10553312301636,"0km"
16692,2009,6.54911947250366,7.10553312301636,"0km"
16693,2009,6.54911947250366,7.10553312301636,"0km"
16694,2009,6.54911947250366,7.10553312301636,"0km"
16695,2009,6.54911947250366,7.10553312301636,"0km"
16696,2009,6.54911947250366,7.10553312301636,"0km"
16697,2009,6.54911947250366,7.10553312301636,"0km"
16698,2009,6.54911947250366,7.10553312301636,"0km"
16699,2009,8.68907737731934,13.8249759674072,"0km"
16700,2009,8.68907737731934,13.8249759674072,"0km"
16701,2009,8.68907737731934,13.8249759674072,"0km"
16702,2009,8.68907737731934,13.8249759674072,"0km"
16703,2009,8.68907737731934,13.8249759674072,"0km"
16704,2009,8.68907737731934,13.8249759674072,"0km"
16705,2009,8.68907737731934,13.8249759674072,"0km"
16706,2009,8.68907737731934,13.8249759674072,"0km"
16707,2009,7.26506344477336,9.37415679295858,"15km"
16708,2009,7.26506344477336,9.37415679295858,"15km"
16709,2009,7.26506344477336,9.37415679295858,"15km"
16710,2009,7.26506344477336,9.37415679295858,"15km"
16711,2009,7.26506344477336,9.37415679295858,"15km"
16712,2009,7.26506344477336,9.37415679295858,"15km"
16713,2009,7.26506344477336,9.37415679295858,"15km"
16714,2009,7.26506344477336,9.37415679295858,"15km"
16715,2009,7.26506344477336,9.37415679295858,"15km"
16716,2009,7.26506344477336,9.37415679295858,"15km"
16717,2009,7.26506344477336,9.37415679295858,"15km"
16718,2009,7.26506344477336,9.37415679295858,"15km"
16719,2009,7.26506344477336,9.37415679295858,"15km"
16720,2009,7.26506344477336,9.37415679295858,"15km"
16721,2009,7.26506344477336,9.37415679295858,"15km"
16722,2009,7.26506344477336,9.37415679295858,"15km"
16723,2009,7.26506344477336,9.37415679295858,"15km"
16724,2009,7.26506344477336,9.37415679295858,"15km"
16725,2009,7.26506344477336,9.37415679295858,"15km"
16726,2009,7.26506344477336,9.37415679295858,"15km"
16727,2009,7.26506344477336,9.37415679295858,"15km"
16728,2009,7.26506344477336,9.37415679295858,"15km"
16729,2009,7.26506344477336,9.37415679295858,"15km"
16730,2009,7.26506344477336,9.37415679295858,"15km"
16731,2009,7.26506344477336,9.37415679295858,"15km"
16732,2009,7.26506344477336,9.37415679295858,"15km"
16733,2009,7.26506344477336,9.37415679295858,"15km"
16734,2009,7.26506344477336,9.37415679295858,"15km"
16735,2009,7.26506344477336,9.37415679295858,"15km"
16736,2009,7.26506344477336,9.37415679295858,"15km"
16737,2009,7.26506344477336,9.37415679295858,"15km"
16738,2009,7.26506344477336,9.37415679295858,"15km"
16739,2009,7.26506344477336,9.37415679295858,"15km"
16740,2009,7.26506344477336,9.37415679295858,"15km"
16741,2009,7.26506344477336,9.37415679295858,"15km"
16742,2009,7.26506344477336,9.37415679295858,"15km"
16743,2009,7.26506344477336,9.37415679295858,"15km"
16744,2009,7.26506344477336,9.37415679295858,"15km"
16745,2009,7.26506344477336,9.37415679295858,"15km"
16746,2009,6.55699348449707,7.19196128845215,"10km"
16747,2009,6.55699348449707,7.19196128845215,"10km"
16748,2009,6.55699348449707,7.19196128845215,"10km"
16749,2009,6.55699348449707,7.19196128845215,"10km"
16750,2009,6.55699348449707,7.19196128845215,"10km"
16751,2009,6.55699348449707,7.19196128845215,"10km"
16752,2009,6.55699348449707,7.19196128845215,"10km"
16753,2009,6.55699348449707,7.19196128845215,"10km"
16754,2009,6.55699348449707,7.19196128845215,"10km"
16755,2009,6.55699348449707,7.19196128845215,"10km"
16756,2009,6.55699348449707,7.19196128845215,"10km"
16757,2009,6.55699348449707,7.19196128845215,"10km"
16758,2009,6.55699348449707,7.19196128845215,"10km"
16759,2009,6.55699348449707,7.19196128845215,"10km"
16760,2009,6.55699348449707,7.19196128845215,"10km"
16761,2009,6.55699348449707,7.19196128845215,"10km"
16762,2009,6.55699348449707,7.19196128845215,"10km"
16763,2009,6.55699348449707,7.19196128845215,"10km"
16764,2009,6.55699348449707,7.19196128845215,"10km"
16765,2009,6.55699348449707,7.19196128845215,"10km"
16766,2009,6.55699348449707,7.19196128845215,"10km"
16767,2009,6.55699348449707,7.19196128845215,"10km"
16768,2009,6.55699348449707,7.19196128845215,"10km"
16769,2009,6.55699348449707,7.19196128845215,"10km"
16770,2009,6.55699348449707,7.19196128845215,"10km"
16771,2009,6.55699348449707,7.19196128845215,"10km"
16772,2009,6.55699348449707,7.19196128845215,"10km"
16773,2009,6.55699348449707,7.19196128845215,"10km"
16774,2009,6.55699348449707,7.19196128845215,"10km"
16775,2009,6.55699348449707,7.19196128845215,"10km"
16776,2009,6.55699348449707,7.19196128845215,"10km"
16777,2009,6.55699348449707,7.19196128845215,"10km"
16778,2009,6.55699348449707,7.19196128845215,"10km"
16779,2009,6.55699348449707,7.19196128845215,"10km"
16780,2009,6.55699348449707,7.19196128845215,"10km"
16781,2009,7.6230354309082,10.5084686279297,"10km"
16782,2009,7.6230354309082,10.5084686279297,"10km"
16783,2009,7.6230354309082,10.5084686279297,"10km"
16784,2009,7.6230354309082,10.5084686279297,"10km"
16785,2009,7.26506344477336,9.37415679295858,"10km"
16786,2009,7.26506344477336,9.37415679295858,"10km"
16787,2009,7.26506344477336,9.37415679295858,"10km"
16788,2009,7.26506344477336,9.37415679295858,"10km"
16789,2009,7.26506344477336,9.37415679295858,"10km"
16790,2009,7.26506344477336,9.37415679295858,"10km"
16791,2009,7.26506344477336,9.37415679295858,"10km"
16792,2009,7.26506344477336,9.37415679295858,"10km"
16793,2009,7.26506344477336,9.37415679295858,"10km"
16794,2009,6.55699348449707,7.19196128845215,"10km"
16795,2009,6.55699348449707,7.19196128845215,"10km"
16796,2009,6.55699348449707,7.19196128845215,"10km"
16797,2009,6.55699348449707,7.19196128845215,"10km"
16798,2009,6.55699348449707,7.19196128845215,"10km"
16799,2009,6.55699348449707,7.19196128845215,"10km"
16800,2009,6.55699348449707,7.19196128845215,"10km"
16801,2009,6.55699348449707,7.19196128845215,"10km"
16802,2009,6.55699348449707,7.19196128845215,"10km"
16803,2009,6.55699348449707,7.19196128845215,"10km"
16804,2009,6.55699348449707,7.19196128845215,"10km"
16805,2009,6.55699348449707,7.19196128845215,"10km"
16806,2009,6.55699348449707,7.19196128845215,"10km"
16807,2009,6.55699348449707,7.19196128845215,"10km"
16808,2009,6.55699348449707,7.19196128845215,"10km"
16809,2009,6.55699348449707,7.19196128845215,"10km"
16810,2009,8.68907737731934,13.8249759674072,"10km"
16811,2009,8.68907737731934,13.8249759674072,"10km"
16812,2009,8.68907737731934,13.8249759674072,"10km"
16813,2009,8.68907737731934,13.8249759674072,"10km"
16814,2009,8.68907737731934,13.8249759674072,"10km"
16815,2009,8.68907737731934,13.8249759674072,"10km"
16816,2009,8.68907737731934,13.8249759674072,"10km"
16817,2009,8.68907737731934,13.8249759674072,"10km"
16818,2009,8.68907737731934,13.8249759674072,"10km"
16819,2009,8.68907737731934,13.8249759674072,"10km"
16820,2009,8.68907737731934,13.8249759674072,"10km"
16821,2009,8.68907737731934,13.8249759674072,"10km"
16822,2009,8.68907737731934,13.8249759674072,"10km"
16823,2009,8.68907737731934,13.8249759674072,"10km"
16824,2009,7.92373418807983,11.210883140564,"0km"
16825,2009,7.92373418807983,11.210883140564,"0km"
16826,2009,7.92373418807983,11.210883140564,"0km"
16827,2009,7.92373418807983,11.210883140564,"0km"
16828,2009,7.92373418807983,11.210883140564,"0km"
16829,2009,7.92373418807983,11.210883140564,"0km"
16830,2009,7.92373418807983,11.210883140564,"0km"
16831,2009,7.92373418807983,11.210883140564,"0km"
16832,2009,7.92373418807983,11.210883140564,"0km"
16833,2009,7.92373418807983,11.210883140564,"0km"
16834,2009,8.00204467773438,12.5820188522339,"0km"
16835,2009,8.00204467773438,12.5820188522339,"0km"
16836,2009,8.00204467773438,12.5820188522339,"0km"
16837,2009,8.00204467773438,12.5820188522339,"0km"
16838,2009,7.24024152755737,8.60850811004639,"0km"
16839,2009,7.24024152755737,8.60850811004639,"0km"
16840,2009,7.24024152755737,8.60850811004639,"0km"
16841,2009,7.24024152755737,8.60850811004639,"0km"
16842,2009,7.24024152755737,8.60850811004639,"0km"
16843,2009,7.24024152755737,8.60850811004639,"0km"
16844,2009,7.24024152755737,8.60850811004639,"0km"
16845,2009,7.24024152755737,8.60850811004639,"0km"
16846,2009,6.85760068893433,8.10238933563232,"0km"
16847,2009,6.85760068893433,8.10238933563232,"0km"
16848,2009,6.85760068893433,8.10238933563232,"0km"
16849,2009,6.85760068893433,8.10238933563232,"0km"
16850,2009,6.85760068893433,8.10238933563232,"0km"
16851,2009,7.5638599395752,9.65956592559814,"0km"
16852,2009,7.5638599395752,9.65956592559814,"0km"
16853,2009,7.5638599395752,9.65956592559814,"0km"
16854,2009,7.5638599395752,9.65956592559814,"0km"
16855,2009,7.5638599395752,9.65956592559814,"0km"
16856,2009,7.5638599395752,9.65956592559814,"0km"
16857,2009,7.5638599395752,9.65956592559814,"0km"
16858,2009,7.5638599395752,9.65956592559814,"0km"
16859,2009,7.5638599395752,9.65956592559814,"0km"
16860,2009,7.5638599395752,9.65956592559814,"0km"
16861,2009,7.5638599395752,9.65956592559814,"0km"
16862,2009,7.5638599395752,9.65956592559814,"0km"
16863,2009,7.5638599395752,9.65956592559814,"0km"
16864,2009,7.68208885192871,10.286416053772,"10km"
16865,2009,7.68208885192871,10.286416053772,"10km"
16866,2009,7.68208885192871,10.286416053772,"10km"
16867,2009,7.68208885192871,10.286416053772,"10km"
16868,2009,7.68208885192871,10.286416053772,"10km"
16869,2009,7.68208885192871,10.286416053772,"10km"
16870,2009,7.68208885192871,10.286416053772,"10km"
16871,2009,7.68208885192871,10.286416053772,"10km"
16872,2009,6.85760068893433,8.10238933563232,"0km"
16873,2009,6.85760068893433,8.10238933563232,"0km"
16874,2009,6.85760068893433,8.10238933563232,"0km"
16875,2009,6.85760068893433,8.10238933563232,"0km"
16876,2009,6.85760068893433,8.10238933563232,"0km"
16877,2009,6.85760068893433,8.10238933563232,"0km"
16878,2009,6.85760068893433,8.10238933563232,"0km"
16879,2009,6.85760068893433,8.10238933563232,"0km"
16880,2009,6.85760068893433,8.10238933563232,"0km"
16881,2009,6.85760068893433,8.10238933563232,"0km"
16882,2009,6.85760068893433,8.10238933563232,"0km"
16883,2009,6.85760068893433,8.10238933563232,"0km"
16884,2009,6.85760068893433,8.10238933563232,"0km"
16885,2009,6.85760068893433,8.10238933563232,"0km"
16886,2009,6.85760068893433,8.10238933563232,"0km"
16887,2009,6.85760068893433,8.10238933563232,"0km"
16888,2009,6.85760068893433,8.10238933563232,"0km"
16889,2009,6.85760068893433,8.10238933563232,"0km"
16890,2009,6.85760068893433,8.10238933563232,"0km"
16891,2009,6.85760068893433,8.10238933563232,"0km"
16892,2009,6.85760068893433,8.10238933563232,"0km"
16893,2009,7.72345153490702,10.8029112815857,"10km"
16894,2009,7.89211702346802,10.1041593551636,"0km"
16895,2009,7.89211702346802,10.1041593551636,"0km"
16896,2009,7.89211702346802,10.1041593551636,"0km"
16897,2009,7.89211702346802,10.1041593551636,"0km"
16898,2009,7.89211702346802,10.1041593551636,"0km"
16899,2009,7.89211702346802,10.1041593551636,"0km"
16900,2009,7.89211702346802,10.1041593551636,"0km"
16901,2009,7.89211702346802,10.1041593551636,"0km"
16902,2009,7.89211702346802,10.1041593551636,"0km"
16903,2009,7.89211702346802,10.1041593551636,"0km"
16904,2009,7.89211702346802,10.1041593551636,"0km"
16905,2009,7.89211702346802,10.1041593551636,"0km"
16906,2009,7.89211702346802,10.1041593551636,"0km"
16907,2009,7.89211702346802,10.1041593551636,"0km"
16908,2009,8.32895946502686,12.5959348678589,"0km"
16909,2009,8.32895946502686,12.5959348678589,"0km"
16910,2009,8.32895946502686,12.5959348678589,"0km"
16911,2009,8.32895946502686,12.5959348678589,"0km"
16912,2009,8.32895946502686,12.5959348678589,"0km"
16913,2009,8.32895946502686,12.5959348678589,"0km"
16914,2009,8.32895946502686,12.5959348678589,"0km"
16915,2009,8.32895946502686,12.5959348678589,"0km"
16916,2009,8.32895946502686,12.5959348678589,"0km"
16917,2009,8.09384441375732,11.6444902420044,"0km"
16918,2009,8.09384441375732,11.6444902420044,"0km"
16919,2009,8.09384441375732,11.6444902420044,"0km"
16920,2009,8.09384441375732,11.6444902420044,"0km"
16921,2009,8.09384441375732,11.6444902420044,"0km"
16922,2009,8.09384441375732,11.6444902420044,"0km"
16923,2009,8.09384441375732,11.6444902420044,"0km"
16924,2009,8.09384441375732,11.6444902420044,"0km"
16925,2009,8.09384441375732,11.6444902420044,"0km"
16926,2009,8.09384441375732,11.6444902420044,"0km"
16927,2009,8.09384441375732,11.6444902420044,"0km"
16928,2009,8.09384441375732,11.6444902420044,"0km"
16929,2009,8.09384441375732,11.6444902420044,"0km"
16930,2009,8.09384441375732,11.6444902420044,"0km"
16931,2009,8.09384441375732,11.6444902420044,"0km"
16932,2009,8.09384441375732,11.6444902420044,"0km"
16933,2009,8.09384441375732,11.6444902420044,"0km"
16934,2009,8.09384441375732,11.6444902420044,"0km"
16935,2009,8.09384441375732,11.6444902420044,"0km"
16936,2009,8.09384441375732,11.6444902420044,"0km"
16937,2009,8.09384441375732,11.6444902420044,"0km"
16938,2009,8.09384441375732,11.6444902420044,"0km"
16939,2009,8.09384441375732,11.6444902420044,"0km"
16940,2009,8.09384441375732,11.6444902420044,"0km"
16941,2009,8.09384441375732,11.6444902420044,"0km"
16942,2009,8.09384441375732,11.6444902420044,"0km"
16943,2009,8.09384441375732,11.6444902420044,"0km"
16944,2009,8.09384441375732,11.6444902420044,"0km"
16945,2009,8.09384441375732,11.6444902420044,"0km"
16946,2009,8.09384441375732,11.6444902420044,"0km"
16947,2009,8.09384441375732,11.6444902420044,"0km"
16948,2009,8.09384441375732,11.6444902420044,"0km"
16949,2009,8.09591960906982,12.7211828231812,"0km"
16950,2009,8.09591960906982,12.7211828231812,"0km"
16951,2009,8.09591960906982,12.7211828231812,"0km"
16952,2009,8.09591960906982,12.7211828231812,"0km"
16953,2009,8.09591960906982,12.7211828231812,"0km"
16954,2009,8.09591960906982,12.7211828231812,"0km"
16955,2009,8.09591960906982,12.7211828231812,"0km"
16956,2009,8.09591960906982,12.7211828231812,"0km"
16957,2009,8.09591960906982,12.7211828231812,"0km"
16958,2009,8.09591960906982,12.7211828231812,"0km"
16959,2009,8.09591960906982,12.7211828231812,"0km"
16960,2009,8.09384441375732,11.6444902420044,"0km"
16961,2009,8.09384441375732,11.6444902420044,"0km"
16962,2009,8.09384441375732,11.6444902420044,"0km"
16963,2009,8.09384441375732,11.6444902420044,"0km"
16964,2009,8.09384441375732,11.6444902420044,"0km"
16965,2009,8.09384441375732,11.6444902420044,"0km"
16966,2009,8.09591960906982,12.7211828231812,"0km"
16967,2009,8.09591960906982,12.7211828231812,"0km"
16968,2009,8.09591960906982,12.7211828231812,"0km"
16969,2009,8.09591960906982,12.7211828231812,"0km"
16970,2009,8.09591960906982,12.7211828231812,"0km"
16971,2009,8.09591960906982,12.7211828231812,"0km"
16972,2009,8.09591960906982,12.7211828231812,"0km"
16973,2009,8.09591960906982,12.7211828231812,"0km"
16974,2009,8.09591960906982,12.7211828231812,"0km"
16975,2009,8.09591960906982,12.7211828231812,"0km"
16976,2009,8.09591960906982,12.7211828231812,"0km"
16977,2009,8.09591960906982,12.7211828231812,"0km"
16978,2009,8.09591960906982,12.7211828231812,"0km"
16979,2009,8.09591960906982,12.7211828231812,"0km"
16980,2009,8.09591960906982,12.7211828231812,"0km"
16981,2009,8.09591960906982,12.7211828231812,"0km"
16982,2009,8.09591960906982,12.7211828231812,"0km"
16983,2009,8.09591960906982,12.7211828231812,"0km"
16984,2009,8.09591960906982,12.7211828231812,"0km"
16985,2009,8.09591960906982,12.7211828231812,"0km"
16986,2009,8.09591960906982,12.7211828231812,"0km"
16987,2009,8.09591960906982,12.7211828231812,"0km"
16988,2009,8.09591960906982,12.7211828231812,"0km"
16989,2009,8.09591960906982,12.7211828231812,"0km"
16990,2009,8.09591960906982,12.7211828231812,"0km"
16991,2009,8.09591960906982,12.7211828231812,"0km"
16992,2009,8.09591960906982,12.7211828231812,"0km"
16993,2009,8.09591960906982,12.7211828231812,"0km"
16994,2009,8.09591960906982,12.7211828231812,"0km"
16995,2009,8.09591960906982,12.7211828231812,"0km"
16996,2009,8.09591960906982,12.7211828231812,"0km"
16997,2009,8.09591960906982,12.7211828231812,"0km"
16998,2009,8.09591960906982,12.7211828231812,"0km"
16999,2009,8.09591960906982,12.7211828231812,"0km"
17000,2009,8.09591960906982,12.7211828231812,"0km"
17001,2009,8.09384441375732,11.6444902420044,"0km"
17002,2009,8.09384441375732,11.6444902420044,"0km"
17003,2009,8.09384441375732,11.6444902420044,"0km"
17004,2009,8.09384441375732,11.6444902420044,"0km"
17005,2009,8.09384441375732,11.6444902420044,"0km"
17006,2009,8.09384441375732,11.6444902420044,"0km"
17007,2009,8.09384441375732,11.6444902420044,"0km"
17008,2009,8.09384441375732,11.6444902420044,"0km"
17009,2009,8.09384441375732,11.6444902420044,"0km"
17010,2009,8.09384441375732,11.6444902420044,"0km"
17011,2009,8.09384441375732,11.6444902420044,"0km"
17012,2009,8.09384441375732,11.6444902420044,"0km"
17013,2009,8.09384441375732,11.6444902420044,"0km"
17014,2009,8.09384441375732,11.6444902420044,"0km"
17015,2009,8.09384441375732,11.6444902420044,"0km"
17016,2009,8.09384441375732,11.6444902420044,"0km"
17017,2009,8.09384441375732,11.6444902420044,"0km"
17018,2009,8.09384441375732,11.6444902420044,"0km"
17019,2009,8.09384441375732,11.6444902420044,"0km"
17020,2009,8.09384441375732,11.6444902420044,"0km"
17021,2009,8.09384441375732,11.6444902420044,"0km"
17022,2009,8.09384441375732,11.6444902420044,"0km"
17023,2009,8.09384441375732,11.6444902420044,"0km"
17024,2009,8.09384441375732,11.6444902420044,"0km"
17025,2009,8.09384441375732,11.6444902420044,"0km"
17026,2009,8.09384441375732,11.6444902420044,"0km"
17027,2009,8.09384441375732,11.6444902420044,"0km"
17028,2009,8.09384441375732,11.6444902420044,"0km"
17029,2009,8.09384441375732,11.6444902420044,"0km"
17030,2009,8.09384441375732,11.6444902420044,"0km"
17031,2009,7.72676801681519,10.2110967636108,"0km"
17032,2009,8.09384441375732,11.6444902420044,"0km"
17033,2009,8.09384441375732,11.6444902420044,"0km"
17034,2009,8.09384441375732,11.6444902420044,"0km"
17035,2009,8.09384441375732,11.6444902420044,"0km"
17036,2009,8.09384441375732,11.6444902420044,"0km"
17037,2009,8.09384441375732,11.6444902420044,"0km"
17038,2009,8.09384441375732,11.6444902420044,"0km"
17039,2009,8.09384441375732,11.6444902420044,"0km"
17040,2009,8.09384441375732,11.6444902420044,"0km"
17041,2009,8.09384441375732,11.6444902420044,"0km"
17042,2009,8.09384441375732,11.6444902420044,"0km"
17043,2009,8.09384441375732,11.6444902420044,"0km"
17044,2009,8.09384441375732,11.6444902420044,"0km"
17045,2009,8.09384441375732,11.6444902420044,"0km"
17046,2009,8.32895946502686,12.5959348678589,"0km"
17047,2009,8.32895946502686,12.5959348678589,"0km"
17048,2009,8.32895946502686,12.5959348678589,"0km"
17049,2009,8.32895946502686,12.5959348678589,"0km"
17050,2009,8.32895946502686,12.5959348678589,"0km"
17051,2009,8.32895946502686,12.5959348678589,"0km"
17052,2009,8.32895946502686,12.5959348678589,"0km"
17053,2009,8.32895946502686,12.5959348678589,"0km"
17054,2009,8.32895946502686,12.5959348678589,"0km"
17055,2009,8.32895946502686,12.5959348678589,"0km"
17056,2009,8.32895946502686,12.5959348678589,"0km"
17057,2009,8.32895946502686,12.5959348678589,"0km"
17058,2009,8.32895946502686,12.5959348678589,"0km"
17059,2009,7.86983871459961,10.544358253479,"0km"
17060,2009,7.86983871459961,10.544358253479,"0km"
17061,2009,7.86983871459961,10.544358253479,"0km"
17062,2009,7.86983871459961,10.544358253479,"0km"
17063,2009,7.86983871459961,10.544358253479,"0km"
17064,2009,7.86983871459961,10.544358253479,"0km"
17065,2009,7.86983871459961,10.544358253479,"0km"
17066,2009,7.86983871459961,10.544358253479,"0km"
17067,2009,7.86983871459961,10.544358253479,"0km"
17068,2009,7.86983871459961,10.544358253479,"0km"
17069,2009,7.86983871459961,10.544358253479,"0km"
17070,2009,7.86983871459961,10.544358253479,"0km"
17071,2009,7.86983871459961,10.544358253479,"0km"
17072,2009,7.86983871459961,10.544358253479,"0km"
17073,2009,7.86983871459961,10.544358253479,"0km"
17074,2009,7.86983871459961,10.544358253479,"0km"
17075,2009,7.86983871459961,10.544358253479,"0km"
17076,2009,7.86983871459961,10.544358253479,"0km"
17077,2009,7.86983871459961,10.544358253479,"0km"
17078,2009,7.86983871459961,10.544358253479,"0km"
17079,2009,7.86983871459961,10.544358253479,"0km"
17080,2009,7.86983871459961,10.544358253479,"0km"
17081,2009,7.86983871459961,10.544358253479,"0km"
17082,2009,7.86983871459961,10.544358253479,"0km"
17083,2009,7.86983871459961,10.544358253479,"0km"
17084,2009,7.86983871459961,10.544358253479,"0km"
17085,2009,7.86983871459961,10.544358253479,"0km"
17086,2009,7.86983871459961,10.544358253479,"0km"
17087,2009,7.86983871459961,10.544358253479,"0km"
17088,2009,7.86983871459961,10.544358253479,"0km"
17089,2009,7.86983871459961,10.544358253479,"0km"
17090,2009,8.32895946502686,12.5959348678589,"0km"
17091,2009,8.32895946502686,12.5959348678589,"0km"
17092,2009,8.32895946502686,12.5959348678589,"0km"
17093,2009,8.32895946502686,12.5959348678589,"0km"
17094,2009,8.32895946502686,12.5959348678589,"0km"
17095,2009,8.32895946502686,12.5959348678589,"0km"
17096,2009,8.32895946502686,12.5959348678589,"0km"
17097,2009,8.32895946502686,12.5959348678589,"0km"
17098,2009,8.32895946502686,12.5959348678589,"0km"
17099,2009,8.32895946502686,12.5959348678589,"0km"
17100,2009,8.32895946502686,12.5959348678589,"0km"
17101,2009,8.32895946502686,12.5959348678589,"0km"
17102,2009,8.32895946502686,12.5959348678589,"0km"
17103,2009,7.86983871459961,10.544358253479,"0km"
17104,2009,7.86983871459961,10.544358253479,"0km"
17105,2009,7.86983871459961,10.544358253479,"0km"
17106,2009,7.86983871459961,10.544358253479,"0km"
17107,2009,8.32895946502686,12.5959348678589,"0km"
17108,2009,8.32895946502686,12.5959348678589,"0km"
17109,2009,8.32895946502686,12.5959348678589,"0km"
17110,2009,7.86983871459961,10.544358253479,"0km"
17111,2009,7.86983871459961,10.544358253479,"0km"
17112,2009,7.86983871459961,10.544358253479,"0km"
17113,2009,7.86983871459961,10.544358253479,"0km"
17114,2009,8.30594825744629,13.6147651672363,"0km"
17115,2009,8.30594825744629,13.6147651672363,"0km"
17116,2009,8.30594825744629,13.6147651672363,"0km"
17117,2009,8.30594825744629,13.6147651672363,"0km"
17118,2009,8.30594825744629,13.6147651672363,"0km"
17119,2009,8.30594825744629,13.6147651672363,"0km"
17120,2009,8.30594825744629,13.6147651672363,"0km"
17121,2009,8.30594825744629,13.6147651672363,"0km"
17122,2009,8.30594825744629,13.6147651672363,"0km"
17123,2009,6.97204506397247,7.59114348888397,"10km"
17124,2009,6.97204506397247,7.59114348888397,"10km"
17125,2009,6.97204506397247,7.59114348888397,"10km"
17126,2009,6.97204506397247,7.59114348888397,"10km"
17127,2009,6.97204506397247,7.59114348888397,"10km"
17128,2009,6.97204506397247,7.59114348888397,"10km"
17129,2009,6.97204506397247,7.59114348888397,"10km"
17130,2009,6.97204506397247,7.59114348888397,"10km"
17131,2009,6.97204506397247,7.59114348888397,"10km"
17132,2009,6.97204506397247,7.59114348888397,"10km"
17133,2009,6.97204506397247,7.59114348888397,"10km"
17134,2009,6.97204506397247,7.59114348888397,"10km"
17135,2009,6.97204506397247,7.59114348888397,"10km"
17136,2009,6.97204506397247,7.59114348888397,"10km"
17137,2009,6.97204506397247,7.59114348888397,"10km"
17138,2009,6.97204506397247,7.59114348888397,"10km"
17139,2009,6.97204506397247,7.59114348888397,"10km"
17140,2009,6.97204506397247,7.59114348888397,"10km"
17141,2009,6.97204506397247,7.59114348888397,"10km"
17142,2009,6.97204506397247,7.59114348888397,"10km"
17143,2009,6.97204506397247,7.59114348888397,"10km"
17144,2009,6.97204506397247,7.59114348888397,"10km"
17145,2009,6.97204506397247,7.59114348888397,"10km"
17146,2009,6.97204506397247,7.59114348888397,"10km"
17147,2009,6.97204506397247,7.59114348888397,"10km"
17148,2009,6.97204506397247,7.59114348888397,"10km"
17149,2009,6.97204506397247,7.59114348888397,"10km"
17150,2009,6.97204506397247,7.59114348888397,"10km"
17151,2009,6.97204506397247,7.59114348888397,"10km"
17152,2009,6.97204506397247,7.59114348888397,"10km"
17153,2009,6.97204506397247,7.59114348888397,"10km"
17154,2009,6.97204506397247,7.59114348888397,"10km"
17155,2009,6.97204506397247,7.59114348888397,"10km"
17156,2009,6.97204506397247,7.59114348888397,"10km"
17157,2009,6.97204506397247,7.59114348888397,"10km"
17158,2009,6.97204506397247,7.59114348888397,"10km"
17159,2009,6.97204506397247,7.59114348888397,"10km"
17160,2009,6.97204506397247,7.59114348888397,"10km"
17161,2009,6.97204506397247,7.59114348888397,"10km"
17162,2009,6.97204506397247,7.59114348888397,"10km"
17163,2009,6.97204506397247,7.59114348888397,"10km"
17164,2009,6.97204506397247,7.59114348888397,"10km"
17165,2009,6.97204506397247,7.59114348888397,"10km"
17166,2009,6.97204506397247,7.59114348888397,"10km"
17167,2009,6.97204506397247,7.59114348888397,"10km"
17168,2009,6.97204506397247,7.59114348888397,"10km"
17169,2009,6.97204506397247,7.59114348888397,"10km"
17170,2009,6.97204506397247,7.59114348888397,"10km"
17171,2009,6.97204506397247,7.59114348888397,"10km"
17172,2009,6.97204506397247,7.59114348888397,"10km"
17173,2009,6.97204506397247,7.59114348888397,"10km"
17174,2009,6.97204506397247,7.59114348888397,"10km"
17175,2009,6.97204506397247,7.59114348888397,"10km"
17176,2009,6.97204506397247,7.59114348888397,"10km"
17177,2009,6.97204506397247,7.59114348888397,"10km"
17178,2009,6.97204506397247,7.59114348888397,"10km"
17179,2009,6.97204506397247,7.59114348888397,"10km"
17180,2009,6.97204506397247,7.59114348888397,"10km"
17181,2009,6.97204506397247,7.59114348888397,"10km"
17182,2009,6.97204506397247,7.59114348888397,"10km"
17183,2009,6.97204506397247,7.59114348888397,"10km"
17184,2009,6.97204506397247,7.59114348888397,"10km"
17185,2009,6.97204506397247,7.59114348888397,"10km"
17186,2009,6.97204506397247,7.59114348888397,"10km"
17187,2009,6.97204506397247,7.59114348888397,"10km"
17188,2009,6.97204506397247,7.59114348888397,"10km"
17189,2009,6.97204506397247,7.59114348888397,"10km"
17190,2009,6.97204506397247,7.59114348888397,"10km"
17191,2009,7.31708717346191,8.50596618652344,"0km"
17192,2009,7.31708717346191,8.50596618652344,"0km"
17193,2009,7.31708717346191,8.50596618652344,"0km"
17194,2009,7.31708717346191,8.50596618652344,"0km"
17195,2009,7.31708717346191,8.50596618652344,"0km"
17196,2009,7.31708717346191,8.50596618652344,"0km"
17197,2009,7.31708717346191,8.50596618652344,"0km"
17198,2009,7.31708717346191,8.50596618652344,"0km"
17199,2009,7.31708717346191,8.50596618652344,"0km"
17200,2009,7.31708717346191,8.50596618652344,"0km"
17201,2009,7.31708717346191,8.50596618652344,"0km"
17202,2009,7.31708717346191,8.50596618652344,"0km"
17203,2009,7.31708717346191,8.50596618652344,"0km"
17204,2009,7.31708717346191,8.50596618652344,"0km"
17205,2009,7.31708717346191,8.50596618652344,"0km"
17206,2009,7.31708717346191,8.50596618652344,"0km"
17207,2009,7.31708717346191,8.50596618652344,"0km"
17208,2009,7.31708717346191,8.50596618652344,"0km"
17209,2009,7.31708717346191,8.50596618652344,"0km"
17210,2009,7.31708717346191,8.50596618652344,"0km"
17211,2009,7.31708717346191,8.50596618652344,"0km"
17212,2009,7.31708717346191,8.50596618652344,"0km"
17213,2009,7.31708717346191,8.50596618652344,"0km"
17214,2009,7.31708717346191,8.50596618652344,"0km"
17215,2009,7.31708717346191,8.50596618652344,"0km"
17216,2009,7.31708717346191,8.50596618652344,"0km"
17217,2009,7.31708717346191,8.50596618652344,"0km"
17218,2009,7.31708717346191,8.50596618652344,"0km"
17219,2009,7.31708717346191,8.50596618652344,"0km"
17220,2009,7.31708717346191,8.50596618652344,"0km"
17221,2009,7.31708717346191,8.50596618652344,"0km"
17222,2009,7.31708717346191,8.50596618652344,"0km"
17223,2009,7.31708717346191,8.50596618652344,"0km"
17224,2009,7.31708717346191,8.50596618652344,"0km"
17225,2009,7.31708717346191,8.50596618652344,"0km"
17226,2009,7.31708717346191,8.50596618652344,"0km"
17227,2009,7.31708717346191,8.50596618652344,"0km"
17228,2009,7.31708717346191,8.50596618652344,"0km"
17229,2009,7.31708717346191,8.50596618652344,"0km"
17230,2009,7.31708717346191,8.50596618652344,"0km"
17231,2009,7.31708717346191,8.50596618652344,"0km"
17232,2009,7.31708717346191,8.50596618652344,"0km"
17233,2009,7.31708717346191,8.50596618652344,"0km"
17234,2009,7.31708717346191,8.50596618652344,"0km"
17235,2009,7.31708717346191,8.50596618652344,"0km"
17236,2009,7.31708717346191,8.50596618652344,"0km"
17237,2009,7.31708717346191,8.50596618652344,"0km"
17238,2009,7.31708717346191,8.50596618652344,"0km"
17239,2009,7.31708717346191,8.50596618652344,"0km"
17240,2009,7.31708717346191,8.50596618652344,"0km"
17241,2009,7.81740760803223,10.1979122161865,"0km"
17242,2009,7.81740760803223,10.1979122161865,"0km"
17243,2009,7.81740760803223,10.1979122161865,"0km"
17244,2009,7.81740760803223,10.1979122161865,"0km"
17245,2009,7.81740760803223,10.1979122161865,"0km"
17246,2009,7.81740760803223,10.1979122161865,"0km"
17247,2009,7.81740760803223,10.1979122161865,"0km"
17248,2009,7.81740760803223,10.1979122161865,"0km"
17249,2009,7.81740760803223,10.1979122161865,"0km"
17250,2009,7.81740760803223,10.1979122161865,"0km"
17251,2009,7.81740760803223,10.1979122161865,"0km"
17252,2009,7.81740760803223,10.1979122161865,"0km"
17253,2009,7.81740760803223,10.1979122161865,"0km"
17254,2009,7.81740760803223,10.1979122161865,"0km"
17255,2009,7.81740760803223,10.1979122161865,"0km"
17256,2009,7.81740760803223,10.1979122161865,"0km"
17257,2009,7.81740760803223,10.1979122161865,"0km"
17258,2009,7.81740760803223,10.1979122161865,"0km"
17259,2009,7.81740760803223,10.1979122161865,"0km"
17260,2009,7.81740760803223,10.1979122161865,"0km"
17261,2009,7.81740760803223,10.1979122161865,"0km"
17262,2009,7.81740760803223,10.1979122161865,"0km"
17263,2009,7.81740760803223,10.1979122161865,"0km"
17264,2009,7.09094524383545,8.04379367828369,"0km"
17265,2009,7.09094524383545,8.04379367828369,"0km"
17266,2009,7.09094524383545,8.04379367828369,"0km"
17267,2009,7.09094524383545,8.04379367828369,"0km"
17268,2009,7.09094524383545,8.04379367828369,"0km"
17269,2009,7.09094524383545,8.04379367828369,"0km"
17270,2009,7.09094524383545,8.04379367828369,"0km"
17271,2009,7.09094524383545,8.04379367828369,"0km"
17272,2009,7.09094524383545,8.04379367828369,"0km"
17273,2009,7.09094524383545,8.04379367828369,"0km"
17274,2009,7.09094524383545,8.04379367828369,"0km"
17275,2009,7.09094524383545,8.04379367828369,"0km"
17276,2009,7.09094524383545,8.04379367828369,"0km"
17277,2009,7.09094524383545,8.04379367828369,"0km"
17278,2009,7.09094524383545,8.04379367828369,"0km"
17279,2009,7.09094524383545,8.04379367828369,"0km"
17280,2009,7.09094524383545,8.04379367828369,"0km"
17281,2009,7.09094524383545,8.04379367828369,"0km"
17282,2009,7.09094524383545,8.04379367828369,"0km"
17283,2009,7.09094524383545,8.04379367828369,"0km"
17284,2009,7.09094524383545,8.04379367828369,"0km"
17285,2009,7.09094524383545,8.04379367828369,"0km"
17286,2009,7.09094524383545,8.04379367828369,"0km"
17287,2009,7.09094524383545,8.04379367828369,"0km"
17288,2009,7.09094524383545,8.04379367828369,"0km"
17289,2009,7.09094524383545,8.04379367828369,"0km"
17290,2009,7.09094524383545,8.04379367828369,"0km"
17291,2009,7.09094524383545,8.04379367828369,"0km"
17292,2009,7.09094524383545,8.04379367828369,"0km"
17293,2009,7.09094524383545,8.04379367828369,"0km"
17294,2009,7.09094524383545,8.04379367828369,"0km"
17295,2009,7.09094524383545,8.04379367828369,"0km"
17296,2009,7.09094524383545,8.04379367828369,"0km"
17297,2009,7.09094524383545,8.04379367828369,"0km"
17298,2009,7.09094524383545,8.04379367828369,"0km"
17299,2009,7.09094524383545,8.04379367828369,"0km"
17300,2009,7.09094524383545,8.04379367828369,"0km"
17301,2009,7.09094524383545,8.04379367828369,"0km"
17302,2009,7.09094524383545,8.04379367828369,"0km"
17303,2009,7.09094524383545,8.04379367828369,"0km"
17304,2009,7.09094524383545,8.04379367828369,"0km"
17305,2009,7.09094524383545,8.04379367828369,"0km"
17306,2009,7.09094524383545,8.04379367828369,"0km"
17307,2009,7.09094524383545,8.04379367828369,"0km"
17308,2009,7.09094524383545,8.04379367828369,"0km"
17309,2009,7.09094524383545,8.04379367828369,"0km"
17310,2009,7.09094524383545,8.04379367828369,"0km"
17311,2009,7.09094524383545,8.04379367828369,"0km"
17312,2009,7.09094524383545,8.04379367828369,"0km"
17313,2009,7.09094524383545,8.04379367828369,"0km"
17314,2009,7.09094524383545,8.04379367828369,"0km"
17315,2009,7.09094524383545,8.04379367828369,"0km"
17316,2009,7.09094524383545,8.04379367828369,"0km"
17317,2009,7.09094524383545,8.04379367828369,"0km"
17318,2009,7.09094524383545,8.04379367828369,"0km"
17319,2009,7.09094524383545,8.04379367828369,"0km"
17320,2009,7.09094524383545,8.04379367828369,"0km"
17321,2009,7.09094524383545,8.04379367828369,"0km"
17322,2009,7.09094524383545,8.04379367828369,"0km"
17323,2009,7.09094524383545,8.04379367828369,"0km"
17324,2009,7.09094524383545,8.04379367828369,"0km"
17325,2009,7.09094524383545,8.04379367828369,"0km"
17326,2009,7.09094524383545,8.04379367828369,"0km"
17327,2009,7.09094524383545,8.04379367828369,"0km"
17328,2009,7.09094524383545,8.04379367828369,"0km"
17329,2009,7.09094524383545,8.04379367828369,"0km"
17330,2009,7.09094524383545,8.04379367828369,"0km"
17331,2009,7.09094524383545,8.04379367828369,"0km"
17332,2009,7.09094524383545,8.04379367828369,"0km"
17333,2009,7.09094524383545,8.04379367828369,"0km"
17334,2009,7.09094524383545,8.04379367828369,"0km"
17335,2009,7.09094524383545,8.04379367828369,"0km"
17336,2009,7.09094524383545,8.04379367828369,"0km"
17337,2009,7.09094524383545,8.04379367828369,"0km"
17338,2009,7.09094524383545,8.04379367828369,"0km"
17339,2009,7.09094524383545,8.04379367828369,"0km"
17340,2009,7.09094524383545,8.04379367828369,"0km"
17341,2009,7.09094524383545,8.04379367828369,"0km"
17342,2009,7.09094524383545,8.04379367828369,"0km"
17343,2009,7.81740760803223,10.1979122161865,"0km"
17344,2009,7.81740760803223,10.1979122161865,"0km"
17345,2009,7.09094524383545,8.04379367828369,"0km"
17346,2009,7.09094524383545,8.04379367828369,"0km"
17347,2009,7.09094524383545,8.04379367828369,"0km"
17348,2009,7.09094524383545,8.04379367828369,"0km"
17349,2009,7.09094524383545,8.04379367828369,"0km"
17350,2009,6.74016523361206,7.29889822006226,"0km"
17351,2009,6.74016523361206,7.29889822006226,"0km"
17352,2009,6.74016523361206,7.29889822006226,"0km"
17353,2009,6.74016523361206,7.29889822006226,"0km"
17354,2009,6.74016523361206,7.29889822006226,"0km"
17355,2009,6.67107152938843,7.19489097595215,"0km"
17356,2009,6.67107152938843,7.19489097595215,"0km"
17357,2009,6.67107152938843,7.19489097595215,"0km"
17358,2009,6.67107152938843,7.19489097595215,"0km"
17359,2009,6.67107152938843,7.19489097595215,"0km"
17360,2009,6.67107152938843,7.19489097595215,"0km"
17361,2009,6.67107152938843,7.19489097595215,"0km"
17362,2009,6.67107152938843,7.19489097595215,"0km"
17363,2009,6.67107152938843,7.19489097595215,"0km"
17364,2009,6.67107152938843,7.19489097595215,"0km"
17365,2009,6.67107152938843,7.19489097595215,"0km"
17366,2009,6.67107152938843,7.19489097595215,"0km"
17367,2009,6.67107152938843,7.19489097595215,"0km"
17368,2009,6.67107152938843,7.19489097595215,"0km"
17369,2009,6.67107152938843,7.19489097595215,"0km"
17370,2009,6.67107152938843,7.19489097595215,"0km"
17371,2009,6.67107152938843,7.19489097595215,"0km"
17372,2009,6.67107152938843,7.19489097595215,"0km"
17373,2009,6.67107152938843,7.19489097595215,"0km"
17374,2009,6.67107152938843,7.19489097595215,"0km"
17375,2009,6.67107152938843,7.19489097595215,"0km"
17376,2009,6.67107152938843,7.19489097595215,"0km"
17377,2009,6.67107152938843,7.19489097595215,"0km"
17378,2009,6.67107152938843,7.19489097595215,"0km"
17379,2009,6.67107152938843,7.19489097595215,"0km"
17380,2009,6.67107152938843,7.19489097595215,"0km"
17381,2009,6.67107152938843,7.19489097595215,"0km"
17382,2009,6.67107152938843,7.19489097595215,"0km"
17383,2009,6.67107152938843,7.19489097595215,"0km"
17384,2009,6.67107152938843,7.19489097595215,"0km"
17385,2009,6.67107152938843,7.19489097595215,"0km"
17386,2009,6.67107152938843,7.19489097595215,"0km"
17387,2009,6.67107152938843,7.19489097595215,"0km"
17388,2009,6.67107152938843,7.19489097595215,"0km"
17389,2009,6.67107152938843,7.19489097595215,"0km"
17390,2009,6.67107152938843,7.19489097595215,"0km"
17391,2009,7.38697465260824,9.30652777353922,"10km"
17392,2009,7.38697465260824,9.30652777353922,"10km"
17393,2009,7.38697465260824,9.30652777353922,"10km"
17394,2009,7.38697465260824,9.30652777353922,"10km"
17395,2009,7.38697465260824,9.30652777353922,"10km"
17396,2009,7.38697465260824,9.30652777353922,"10km"
17397,2009,7.38697465260824,9.30652777353922,"10km"
17398,2009,7.38697465260824,9.30652777353922,"10km"
17399,2009,7.38697465260824,9.30652777353922,"10km"
17400,2009,7.38697465260824,9.30652777353922,"10km"
17401,2009,7.38697465260824,9.30652777353922,"10km"
17402,2009,7.38697465260824,9.30652777353922,"10km"
17403,2009,7.38697465260824,9.30652777353922,"10km"
17404,2009,7.38697465260824,9.30652777353922,"10km"
17405,2009,7.38697465260824,9.30652777353922,"10km"
17406,2009,7.38697465260824,9.30652777353922,"10km"
17407,2009,7.38697465260824,9.30652777353922,"10km"
17408,2009,7.38697465260824,9.30652777353922,"10km"
17409,2009,7.38697465260824,9.30652777353922,"10km"
17410,2009,7.38697465260824,9.30652777353922,"10km"
17411,2009,7.38697465260824,9.30652777353922,"10km"
17412,2009,7.38697465260824,9.30652777353922,"10km"
17413,2009,7.38697465260824,9.30652777353922,"10km"
17414,2009,7.38697465260824,9.30652777353922,"10km"
17415,2009,7.38697465260824,9.30652777353922,"10km"
17416,2009,7.38697465260824,9.30652777353922,"10km"
17417,2009,7.38697465260824,9.30652777353922,"10km"
17418,2009,7.38697465260824,9.30652777353922,"10km"
17419,2009,7.38697465260824,9.30652777353922,"10km"
17420,2009,7.38697465260824,9.30652777353922,"10km"
17421,2009,7.38697465260824,9.30652777353922,"10km"
17422,2009,7.38697465260824,9.30652777353922,"10km"
17423,2009,7.38697465260824,9.30652777353922,"10km"
17424,2009,7.38697465260824,9.30652777353922,"10km"
17425,2009,7.38697465260824,9.30652777353922,"10km"
17426,2009,7.38697465260824,9.30652777353922,"10km"
17427,2009,7.38697465260824,9.30652777353922,"10km"
17428,2009,7.38697465260824,9.30652777353922,"10km"
17429,2009,7.38697465260824,9.30652777353922,"10km"
17430,2009,7.38697465260824,9.30652777353922,"10km"
17431,2009,7.38697465260824,9.30652777353922,"10km"
17432,2009,7.38697465260824,9.30652777353922,"10km"
17433,2009,7.38697465260824,9.30652777353922,"10km"
17434,2009,7.38697465260824,9.30652777353922,"10km"
17435,2009,7.38697465260824,9.30652777353922,"10km"
17436,2009,7.38697465260824,9.30652777353922,"10km"
17437,2009,7.38697465260824,9.30652777353922,"10km"
17438,2009,7.38697465260824,9.30652777353922,"10km"
17439,2009,7.38697465260824,9.30652777353922,"10km"
17440,2009,7.38697465260824,9.30652777353922,"10km"
17441,2009,7.38697465260824,9.30652777353922,"10km"
17442,2009,7.38697465260824,9.30652777353922,"10km"
17443,2009,7.38697465260824,9.30652777353922,"10km"
17444,2009,7.38697465260824,9.30652777353922,"10km"
17445,2009,7.38697465260824,9.30652777353922,"10km"
17446,2009,7.38697465260824,9.30652777353922,"10km"
17447,2009,7.38697465260824,9.30652777353922,"10km"
17448,2009,7.38697465260824,9.30652777353922,"10km"
17449,2009,7.38697465260824,9.30652777353922,"10km"
17450,2009,7.38697465260824,9.30652777353922,"10km"
17451,2009,7.38697465260824,9.30652777353922,"10km"
17452,2009,7.38697465260824,9.30652777353922,"10km"
17453,2009,7.38697465260824,9.30652777353922,"10km"
17454,2009,7.38697465260824,9.30652777353922,"10km"
17455,2009,7.38697465260824,9.30652777353922,"10km"
17456,2009,7.38697465260824,9.30652777353922,"10km"
17457,2009,7.38697465260824,9.30652777353922,"10km"
17458,2009,7.38697465260824,9.30652777353922,"10km"
17459,2009,7.38697465260824,9.30652777353922,"10km"
17460,2009,7.32670056819916,8.93206572532654,"10km"
17461,2009,7.32670056819916,8.93206572532654,"10km"
17462,2009,7.32670056819916,8.93206572532654,"10km"
17463,2009,7.32670056819916,8.93206572532654,"10km"
17464,2009,7.32670056819916,8.93206572532654,"10km"
17465,2009,7.32670056819916,8.93206572532654,"10km"
17466,2009,7.32670056819916,8.93206572532654,"10km"
17467,2009,7.32670056819916,8.93206572532654,"10km"
17468,2009,7.32670056819916,8.93206572532654,"10km"
17469,2009,7.32670056819916,8.93206572532654,"10km"
17470,2009,7.32670056819916,8.93206572532654,"10km"
17471,2009,7.32670056819916,8.93206572532654,"10km"
17472,2009,7.32670056819916,8.93206572532654,"10km"
17473,2009,7.32670056819916,8.93206572532654,"10km"
17474,2009,7.32670056819916,8.93206572532654,"10km"
17475,2009,7.32670056819916,8.93206572532654,"10km"
17476,2009,7.32670056819916,8.93206572532654,"10km"
17477,2009,7.32670056819916,8.93206572532654,"10km"
17478,2009,7.32670056819916,8.93206572532654,"10km"
17479,2009,7.32670056819916,8.93206572532654,"10km"
17480,2009,7.32670056819916,8.93206572532654,"10km"
17481,2009,7.32990503311157,9.07409890492757,"10km"
17482,2009,7.32990503311157,9.07409890492757,"10km"
17483,2009,7.32990503311157,9.07409890492757,"10km"
17484,2009,7.32990503311157,9.07409890492757,"10km"
17485,2009,7.32990503311157,9.07409890492757,"10km"
17486,2009,7.32990503311157,9.07409890492757,"10km"
17487,2009,7.32990503311157,9.07409890492757,"10km"
17488,2009,7.32990503311157,9.07409890492757,"10km"
17489,2009,7.32990503311157,9.07409890492757,"10km"
17490,2009,7.32990503311157,9.07409890492757,"10km"
17491,2009,7.32990503311157,9.07409890492757,"10km"
17492,2009,7.32990503311157,9.07409890492757,"10km"
17493,2009,7.32990503311157,9.07409890492757,"10km"
17494,2009,7.32990503311157,9.07409890492757,"10km"
17495,2009,7.32990503311157,9.07409890492757,"10km"
17496,2009,7.32990503311157,9.07409890492757,"10km"
17497,2009,7.32990503311157,9.07409890492757,"10km"
17498,2009,7.32990503311157,9.07409890492757,"10km"
17499,2009,7.32990503311157,9.07409890492757,"10km"
17500,2009,7.32990503311157,9.07409890492757,"10km"
17501,2009,7.32990503311157,9.07409890492757,"10km"
17502,2009,7.32990503311157,9.07409890492757,"10km"
17503,2009,7.32990503311157,9.07409890492757,"10km"
17504,2009,7.32990503311157,9.07409890492757,"10km"
17505,2009,7.32990503311157,9.07409890492757,"10km"
17506,2009,7.32990503311157,9.07409890492757,"10km"
17507,2009,7.32990503311157,9.07409890492757,"10km"
17508,2009,7.32990503311157,9.07409890492757,"10km"
17509,2009,7.32990503311157,9.07409890492757,"10km"
17510,2009,7.32990503311157,9.07409890492757,"10km"
17511,2009,7.32990503311157,9.07409890492757,"10km"
17512,2009,7.32990503311157,9.07409890492757,"10km"
17513,2009,7.32990503311157,9.07409890492757,"10km"
17514,2009,7.32990503311157,9.07409890492757,"10km"
17515,2009,7.32990503311157,9.07409890492757,"10km"
17516,2009,7.32990503311157,9.07409890492757,"10km"
17517,2009,7.32990503311157,9.07409890492757,"10km"
17518,2009,7.32990503311157,9.07409890492757,"10km"
17519,2009,7.32990503311157,9.07409890492757,"10km"
17520,2009,7.12952041625977,7.70430612564087,"10km"
17521,2009,7.12952041625977,7.70430612564087,"10km"
17522,2009,7.32990503311157,9.07409890492757,"10km"
17523,2009,7.32990503311157,9.07409890492757,"10km"
17524,2009,7.32990503311157,9.07409890492757,"10km"
17525,2009,7.11316251754761,7.59993267059326,"0km"
17526,2009,7.11316251754761,7.59993267059326,"0km"
17527,2009,7.11316251754761,7.59993267059326,"0km"
17528,2009,7.11316251754761,7.59993267059326,"0km"
17529,2009,7.11316251754761,7.59993267059326,"0km"
17530,2009,7.11316251754761,7.59993267059326,"0km"
17531,2009,7.11316251754761,7.59993267059326,"0km"
17532,2009,7.11316251754761,7.59993267059326,"0km"
17533,2009,7.11316251754761,7.59993267059326,"0km"
17534,2009,7.11316251754761,7.59993267059326,"0km"
17535,2009,7.11316251754761,7.59993267059326,"0km"
17536,2009,7.11316251754761,7.59993267059326,"0km"
17537,2009,7.11316251754761,7.59993267059326,"0km"
17538,2009,7.11316251754761,7.59993267059326,"0km"
17539,2009,7.11316251754761,7.59993267059326,"0km"
17540,2009,7.11316251754761,7.59993267059326,"0km"
17541,2009,7.11316251754761,7.59993267059326,"0km"
17542,2009,7.11316251754761,7.59993267059326,"0km"
17543,2009,7.11316251754761,7.59993267059326,"0km"
17544,2009,7.11316251754761,7.59993267059326,"0km"
17545,2009,7.11316251754761,7.59993267059326,"0km"
17546,2009,7.11316251754761,7.59993267059326,"0km"
17547,2009,7.11316251754761,7.59993267059326,"0km"
17548,2009,7.11316251754761,7.59993267059326,"0km"
17549,2009,7.11316251754761,7.59993267059326,"0km"
17550,2009,7.11316251754761,7.59993267059326,"0km"
17551,2009,7.11316251754761,7.59993267059326,"0km"
17552,2009,7.11316251754761,7.59993267059326,"0km"
17553,2009,7.11316251754761,7.59993267059326,"0km"
17554,2009,7.11316251754761,7.59993267059326,"0km"
17555,2009,7.11316251754761,7.59993267059326,"0km"
17556,2009,7.11316251754761,7.59993267059326,"0km"
17557,2009,7.11316251754761,7.59993267059326,"0km"
17558,2009,7.11316251754761,7.59993267059326,"0km"
17559,2009,7.31708717346191,8.50596618652344,"0km"
17560,2009,7.31708717346191,8.50596618652344,"0km"
17561,2009,7.31708717346191,8.50596618652344,"0km"
17562,2009,7.12952041625977,7.70430612564087,"15km"
17563,2009,7.12952041625977,7.70430612564087,"15km"
17564,2009,7.12952041625977,7.70430612564087,"15km"
17565,2009,7.12952041625977,7.70430612564087,"15km"
17566,2009,7.12952041625977,7.70430612564087,"15km"
17567,2009,7.12952041625977,7.70430612564087,"15km"
17568,2009,7.12952041625977,7.70430612564087,"15km"
17569,2009,7.12952041625977,7.70430612564087,"15km"
17570,2009,7.12952041625977,7.70430612564087,"15km"
17571,2009,7.12952041625977,7.70430612564087,"15km"
17572,2009,7.12952041625977,7.70430612564087,"15km"
17573,2009,NA,NA,"15km"
17574,2009,NA,NA,"15km"
17575,2009,NA,NA,"15km"
17576,2009,7.11316251754761,7.59993267059326,"15km"
17577,2009,7.11316251754761,7.59993267059326,"15km"
17578,2009,7.11316251754761,7.59993267059326,"15km"
17579,2009,7.11316251754761,7.59993267059326,"15km"
17580,2009,7.11316251754761,7.59993267059326,"15km"
17581,2009,7.11316251754761,7.59993267059326,"15km"
17582,2009,7.11316251754761,7.59993267059326,"15km"
17583,2009,7.11316251754761,7.59993267059326,"15km"
17584,2009,7.11316251754761,7.59993267059326,"15km"
17585,2009,7.11316251754761,7.59993267059326,"15km"
17586,2009,7.11316251754761,7.59993267059326,"15km"
17587,2009,7.11316251754761,7.59993267059326,"15km"
17588,2009,7.11316251754761,7.59993267059326,"15km"
17589,2009,7.11316251754761,7.59993267059326,"15km"
17590,2009,7.11316251754761,7.59993267059326,"15km"
17591,2009,NA,NA,"15km"
17592,2009,NA,NA,"15km"
17593,2009,NA,NA,"15km"
17594,2009,NA,NA,"15km"
17595,2009,NA,NA,"15km"
17596,2009,NA,NA,"15km"
17597,2009,NA,NA,"15km"
17598,2009,NA,NA,"15km"
17599,2009,NA,NA,"15km"
17600,2009,NA,NA,"15km"
17601,2009,NA,NA,"15km"
17602,2009,NA,NA,"15km"
17603,2009,NA,NA,"15km"
17604,2009,NA,NA,"15km"
17605,2009,NA,NA,"15km"
17606,2009,NA,NA,"15km"
17607,2009,NA,NA,"15km"
17608,2009,NA,NA,"15km"
17609,2009,NA,NA,"15km"
17610,2009,NA,NA,"15km"
17611,2009,NA,NA,"15km"
17612,2009,NA,NA,"15km"
17613,2009,NA,NA,"15km"
17614,2009,NA,NA,"15km"
17615,2009,NA,NA,"15km"
17616,2009,NA,NA,"15km"
17617,2009,NA,NA,"15km"
17618,2009,NA,NA,"15km"
17619,2009,NA,NA,"15km"
17620,2009,NA,NA,"15km"
17621,2009,NA,NA,"15km"
17622,2009,NA,NA,"15km"
17623,2009,NA,NA,"15km"
17624,2009,NA,NA,"15km"
17625,2009,NA,NA,"15km"
17626,2009,NA,NA,"15km"
17627,2009,NA,NA,"15km"
17628,2009,NA,NA,"15km"
17629,2009,NA,NA,"15km"
17630,2009,NA,NA,"15km"
17631,2009,NA,NA,"15km"
17632,2009,NA,NA,"15km"
17633,2009,NA,NA,"15km"
17634,2009,NA,NA,"15km"
17635,2009,NA,NA,"15km"
17636,2009,NA,NA,"15km"
17637,2009,NA,NA,"15km"
17638,2009,NA,NA,"15km"
17639,2009,NA,NA,"15km"
17640,2009,NA,NA,"15km"
17641,2009,7.34965038299561,9.44715690612793,"15km"
17642,2009,7.34965038299561,9.44715690612793,"15km"
17643,2009,7.34965038299561,9.44715690612793,"15km"
17644,2009,7.34965038299561,9.44715690612793,"15km"
17645,2009,7.34965038299561,9.44715690612793,"10km"
17646,2009,7.34965038299561,9.44715690612793,"10km"
17647,2009,7.34965038299561,9.44715690612793,"10km"
17648,2009,7.34965038299561,9.44715690612793,"10km"
17649,2009,7.34965038299561,9.44715690612793,"10km"
17650,2009,7.34965038299561,9.44715690612793,"10km"
17651,2009,7.34965038299561,9.44715690612793,"10km"
17652,2009,7.39704561233521,10.0419015884399,"0km"
17653,2009,7.39704561233521,10.0419015884399,"0km"
17654,2009,7.39704561233521,10.0419015884399,"0km"
17655,2009,7.34965038299561,9.44715690612793,"10km"
17656,2009,7.34965038299561,9.44715690612793,"10km"
17657,2009,7.34965038299561,9.44715690612793,"10km"
17658,2009,7.34965038299561,9.44715690612793,"10km"
17659,2009,7.34965038299561,9.44715690612793,"10km"
17660,2009,7.34965038299561,9.44715690612793,"10km"
17661,2009,7.39704561233521,10.0419015884399,"0km"
17662,2009,7.39704561233521,10.0419015884399,"0km"
17663,2009,7.39704561233521,10.0419015884399,"0km"
17664,2009,7.39704561233521,10.0419015884399,"0km"
17665,2009,7.39704561233521,10.0419015884399,"0km"
17666,2009,7.39704561233521,10.0419015884399,"0km"
17667,2009,7.39704561233521,10.0419015884399,"0km"
17668,2009,7.39704561233521,10.0419015884399,"0km"
17669,2009,7.30225515365601,8.85241222381592,"0km"
17670,2009,7.30225515365601,8.85241222381592,"0km"
17671,2009,7.30225515365601,8.85241222381592,"0km"
17672,2009,7.11316251754761,7.59993267059326,"0km"
17673,2009,7.11316251754761,7.59993267059326,"0km"
17674,2009,7.11316251754761,7.59993267059326,"0km"
17675,2009,7.11316251754761,7.59993267059326,"0km"
17676,2009,7.11316251754761,7.59993267059326,"0km"
17677,2009,7.11316251754761,7.59993267059326,"0km"
17678,2009,7.11316251754761,7.59993267059326,"0km"
17679,2009,7.11316251754761,7.59993267059326,"0km"
17680,2009,7.11316251754761,7.59993267059326,"0km"
17681,2009,7.11316251754761,7.59993267059326,"0km"
17682,2009,7.11316251754761,7.59993267059326,"0km"
17683,2009,7.11316251754761,7.59993267059326,"0km"
17684,2009,7.11316251754761,7.59993267059326,"0km"
17685,2009,7.11316251754761,7.59993267059326,"0km"
17686,2009,7.11316251754761,7.59993267059326,"0km"
17687,2009,7.11316251754761,7.59993267059326,"0km"
17688,2009,7.11316251754761,7.59993267059326,"0km"
17689,2009,7.11316251754761,7.59993267059326,"0km"
17690,2009,7.11316251754761,7.59993267059326,"0km"
17691,2009,7.11316251754761,7.59993267059326,"0km"
17692,2009,7.11316251754761,7.59993267059326,"0km"
17693,2009,7.11316251754761,7.59993267059326,"0km"
17694,2009,7.11316251754761,7.59993267059326,"0km"
17695,2009,7.11316251754761,7.59993267059326,"0km"
17696,2009,7.12952041625977,7.70430612564087,"10km"
17697,2009,7.12952041625977,7.70430612564087,"10km"
17698,2009,7.12952041625977,7.70430612564087,"10km"
17699,2009,7.12952041625977,7.70430612564087,"10km"
17700,2009,7.12952041625977,7.70430612564087,"10km"
17701,2009,7.12952041625977,7.70430612564087,"10km"
17702,2009,7.12952041625977,7.70430612564087,"10km"
17703,2009,7.12952041625977,7.70430612564087,"10km"
17704,2009,7.12952041625977,7.70430612564087,"10km"
17705,2009,7.12952041625977,7.70430612564087,"10km"
17706,2009,7.12952041625977,7.70430612564087,"10km"
17707,2009,7.12952041625977,7.70430612564087,"10km"
17708,2009,7.12952041625977,7.70430612564087,"10km"
17709,2009,7.12952041625977,7.70430612564087,"10km"
17710,2009,7.12952041625977,7.70430612564087,"10km"
17711,2009,7.12952041625977,7.70430612564087,"10km"
17712,2009,7.11316251754761,7.59993267059326,"0km"
17713,2009,7.11316251754761,7.59993267059326,"0km"
17714,2009,7.11316251754761,7.59993267059326,"0km"
17715,2009,7.11316251754761,7.59993267059326,"0km"
17716,2009,7.11316251754761,7.59993267059326,"0km"
17717,2009,7.11316251754761,7.59993267059326,"0km"
17718,2009,7.11316251754761,7.59993267059326,"0km"
17719,2009,7.11316251754761,7.59993267059326,"0km"
17720,2009,7.11316251754761,7.59993267059326,"0km"
17721,2009,7.14587831497192,7.80867958068848,"0km"
17722,2009,7.14587831497192,7.80867958068848,"0km"
17723,2009,7.14587831497192,7.80867958068848,"0km"
17724,2009,7.14587831497192,7.80867958068848,"0km"
17725,2009,7.14587831497192,7.80867958068848,"0km"
17726,2009,7.14587831497192,7.80867958068848,"0km"
17727,2009,7.14587831497192,7.80867958068848,"0km"
17728,2009,7.14587831497192,7.80867958068848,"0km"
17729,2009,7.14587831497192,7.80867958068848,"0km"
17730,2009,7.14587831497192,7.80867958068848,"0km"
17731,2009,7.14587831497192,7.80867958068848,"0km"
17732,2009,7.14587831497192,7.80867958068848,"0km"
17733,2009,7.14587831497192,7.80867958068848,"0km"
17734,2009,7.14587831497192,7.80867958068848,"0km"
17735,2009,7.14587831497192,7.80867958068848,"0km"
17736,2009,7.14587831497192,7.80867958068848,"0km"
17737,2009,7.14587831497192,7.80867958068848,"0km"
17738,2009,6.58168280124664,7.15332496166229,"10km"
17739,2009,6.58168280124664,7.15332496166229,"10km"
17740,2009,6.58168280124664,7.15332496166229,"10km"
17741,2009,6.58168280124664,7.15332496166229,"10km"
17742,2009,6.58168280124664,7.15332496166229,"10km"
17743,2009,6.58168280124664,7.15332496166229,"10km"
17744,2009,6.58168280124664,7.15332496166229,"10km"
17745,2009,6.58168280124664,7.15332496166229,"10km"
17746,2009,6.58168280124664,7.15332496166229,"10km"
17747,2009,6.58168280124664,7.15332496166229,"10km"
17748,2009,6.58168280124664,7.15332496166229,"10km"
17749,2009,6.58168280124664,7.15332496166229,"10km"
17750,2009,6.58168280124664,7.15332496166229,"10km"
17751,2009,6.58168280124664,7.15332496166229,"10km"
17752,2009,6.58168280124664,7.15332496166229,"10km"
17753,2009,6.58168280124664,7.15332496166229,"10km"
17754,2009,6.58168280124664,7.15332496166229,"10km"
17755,2009,6.58168280124664,7.15332496166229,"10km"
17756,2009,6.58168280124664,7.15332496166229,"10km"
17757,2009,6.58168280124664,7.15332496166229,"10km"
17758,2009,6.58168280124664,7.15332496166229,"10km"
17759,2009,6.58168280124664,7.15332496166229,"10km"
17760,2009,6.58168280124664,7.15332496166229,"10km"
17761,2009,6.58168280124664,7.15332496166229,"10km"
17762,2009,6.58168280124664,7.15332496166229,"10km"
17763,2009,6.58168280124664,7.15332496166229,"10km"
17764,2009,6.58168280124664,7.15332496166229,"10km"
17765,2009,6.58532977104187,7.16486096382141,"10km"
17766,2009,6.58532977104187,7.16486096382141,"10km"
17767,2009,6.58532977104187,7.16486096382141,"10km"
17768,2009,6.58532977104187,7.16486096382141,"10km"
17769,2009,6.58532977104187,7.16486096382141,"10km"
17770,2009,6.57735935846965,7.18121894200643,"10km"
17771,2009,6.57735935846965,7.18121894200643,"10km"
17772,2009,6.57735935846965,7.18121894200643,"10km"
17773,2009,6.57735935846965,7.18121894200643,"10km"
17774,2009,6.58110308647156,7.20441293716431,"10km"
17775,2009,6.58110308647156,7.20441293716431,"10km"
17776,2009,6.58110308647156,7.20441293716431,"10km"
17777,2009,6.58110308647156,7.20441293716431,"10km"
17778,2009,6.58110308647156,7.20441293716431,"10km"
17779,2009,8.33332300186157,11.86678647995,"10km"
17780,2009,8.33332300186157,11.86678647995,"10km"
17781,2009,8.33332300186157,11.86678647995,"10km"
17782,2009,8.33332300186157,11.86678647995,"10km"
17783,2009,8.33332300186157,11.86678647995,"10km"
17784,2009,8.33332300186157,11.86678647995,"10km"
17785,2009,8.33332300186157,11.86678647995,"10km"
17786,2009,8.33332300186157,11.86678647995,"10km"
17787,2018,NA,NA,"15km"
17788,2018,8.45432949066162,15.9519939422607,"15km"
17789,2018,8.45432949066162,15.9519939422607,"15km"
17790,2018,8.45432949066162,15.9519939422607,"15km"
17791,2018,NA,NA,"15km"
17792,2018,NA,NA,"15km"
17793,2018,NA,NA,"15km"
17794,2018,NA,NA,"15km"
17795,2018,NA,NA,"15km"
17796,2018,8.45432949066162,15.9519939422607,"10km"
17797,2018,8.45432949066162,15.9519939422607,"10km"
17798,2018,8.45432949066162,15.9519939422607,"10km"
17799,2018,8.45432949066162,15.9519939422607,"10km"
17800,2018,8.45432949066162,15.9519939422607,"10km"
17801,2018,8.45432949066162,15.9519939422607,"10km"
17802,2018,8.45432949066162,15.9519939422607,"10km"
17803,2018,8.45432949066162,15.9519939422607,"10km"
17804,2018,8.45432949066162,15.9519939422607,"10km"
17805,2018,8.45432949066162,15.9519939422607,"10km"
17806,2018,8.50529527664185,15.9241614341736,"10km"
17807,2018,8.50529527664185,15.9241614341736,"10km"
17808,2018,8.50529527664185,15.9241614341736,"10km"
17809,2018,8.56462287902832,15.7780389785767,"10km"
17810,2018,8.56462287902832,15.7780389785767,"10km"
17811,2018,8.59621969858805,15.796716372172,"10km"
17812,2018,8.59621969858805,15.796716372172,"10km"
17813,2018,8.59621969858805,15.796716372172,"10km"
17814,2018,8.59621969858805,15.796716372172,"10km"
17815,2018,8.59621969858805,15.796716372172,"10km"
17816,2018,8.59621969858805,15.796716372172,"10km"
17817,2018,8.59621969858805,15.796716372172,"10km"
17818,2018,8.40395323435465,15.7569198608398,"10km"
17819,2018,8.40395323435465,15.7569198608398,"10km"
17820,2018,8.40395323435465,15.7569198608398,"10km"
17821,2018,8.40395323435465,15.7569198608398,"10km"
17822,2018,8.40395323435465,15.7569198608398,"10km"
17823,2018,8.40395323435465,15.7569198608398,"10km"
17824,2018,8.40395323435465,15.7569198608398,"10km"
17825,2018,8.40395323435465,15.7569198608398,"10km"
17826,2018,8.40395323435465,15.7569198608398,"10km"
17827,2018,8.40395323435465,15.7569198608398,"10km"
17828,2018,8.40395323435465,15.7569198608398,"10km"
17829,2018,8.40395323435465,15.7569198608398,"10km"
17830,2018,8.40395323435465,15.7569198608398,"10km"
17831,2018,8.38837862014771,15.770348072052,"10km"
17832,2018,8.38837862014771,15.770348072052,"10km"
17833,2018,8.38837862014771,15.770348072052,"10km"
17834,2018,8.38837862014771,15.770348072052,"10km"
17835,2018,8.40395323435465,15.7569198608398,"10km"
17836,2018,8.40395323435465,15.7569198608398,"10km"
17837,2018,8.40395323435465,15.7569198608398,"10km"
17838,2018,8.36210250854492,15.7879266738892,"0km"
17839,2018,8.36210250854492,15.7879266738892,"0km"
17840,2018,8.36210250854492,15.7879266738892,"0km"
17841,2018,8.36210250854492,15.7879266738892,"0km"
17842,2018,8.36210250854492,15.7879266738892,"0km"
17843,2018,8.36210250854492,15.7879266738892,"0km"
17844,2018,8.36210250854492,15.7879266738892,"0km"
17845,2018,8.36210250854492,15.7879266738892,"0km"
17846,2018,8.36210250854492,15.7879266738892,"0km"
17847,2018,8.36210250854492,15.7879266738892,"0km"
17848,2018,8.36210250854492,15.7879266738892,"0km"
17849,2018,8.36210250854492,15.7879266738892,"0km"
17850,2018,8.36210250854492,15.7879266738892,"0km"
17851,2018,8.36210250854492,15.7879266738892,"0km"
17852,2018,8.36210250854492,15.7879266738892,"0km"
17853,2018,8.36210250854492,15.7879266738892,"0km"
17854,2018,8.36210250854492,15.7879266738892,"0km"
17855,2018,8.36210250854492,15.7879266738892,"0km"
17856,2018,8.36210250854492,15.7879266738892,"0km"
17857,2018,8.36210250854492,15.7879266738892,"0km"
17858,2018,8.36210250854492,15.7879266738892,"0km"
17859,2018,8.36210250854492,15.7879266738892,"0km"
17860,2018,8.36210250854492,15.7879266738892,"0km"
17861,2018,8.36210250854492,15.7879266738892,"0km"
17862,2018,8.36210250854492,15.7879266738892,"0km"
17863,2018,8.36210250854492,15.7879266738892,"0km"
17864,2018,8.36210250854492,15.7879266738892,"0km"
17865,2018,8.36210250854492,15.7879266738892,"0km"
17866,2018,8.36210250854492,15.7879266738892,"0km"
17867,2018,8.36210250854492,15.7879266738892,"0km"
17868,2018,8.36210250854492,15.7879266738892,"0km"
17869,2018,8.36210250854492,15.7879266738892,"0km"
17870,2018,8.36210250854492,15.7879266738892,"0km"
17871,2018,8.36210250854492,15.7879266738892,"0km"
17872,2018,8.36210250854492,15.7879266738892,"0km"
17873,2018,8.36210250854492,15.7879266738892,"0km"
17874,2018,8.36210250854492,15.7879266738892,"0km"
17875,2018,8.36210250854492,15.7879266738892,"0km"
17876,2018,8.36210250854492,15.7879266738892,"0km"
17877,2018,8.36210250854492,15.7879266738892,"0km"
17878,2018,8.36210250854492,15.7879266738892,"0km"
17879,2018,8.36210250854492,15.7879266738892,"0km"
17880,2018,8.36210250854492,15.7879266738892,"0km"
17881,2018,8.36210250854492,15.7879266738892,"0km"
17882,2018,8.36210250854492,15.7879266738892,"0km"
17883,2018,8.36210250854492,15.7879266738892,"0km"
17884,2018,8.36210250854492,15.7879266738892,"0km"
17885,2018,8.36210250854492,15.7879266738892,"0km"
17886,2018,8.36210250854492,15.7879266738892,"0km"
17887,2018,8.43681144714355,15.8025760650635,"0km"
17888,2018,8.43681144714355,15.8025760650635,"0km"
17889,2018,8.43681144714355,15.8025760650635,"0km"
17890,2018,8.43681144714355,15.8025760650635,"0km"
17891,2018,8.43681144714355,15.8025760650635,"0km"
17892,2018,8.49717712402344,15.7403182983398,"0km"
17893,2018,8.49717712402344,15.7403182983398,"0km"
17894,2018,8.49717712402344,15.7403182983398,"0km"
17895,2018,8.49717712402344,15.7403182983398,"0km"
17896,2018,8.49717712402344,15.7403182983398,"0km"
17897,2018,8.49717712402344,15.7403182983398,"0km"
17898,2018,8.49717712402344,15.7403182983398,"0km"
17899,2018,8.49717712402344,15.7403182983398,"0km"
17900,2018,8.49717712402344,15.7403182983398,"0km"
17901,2018,8.49717712402344,15.7403182983398,"0km"
17902,2018,8.49717712402344,15.7403182983398,"0km"
17903,2018,8.49717712402344,15.7403182983398,"0km"
17904,2018,8.49717712402344,15.7403182983398,"0km"
17905,2018,8.49717712402344,15.7403182983398,"0km"
17906,2018,8.49717712402344,15.7403182983398,"0km"
17907,2018,8.49717712402344,15.7403182983398,"0km"
17908,2018,8.49717712402344,15.7403182983398,"0km"
17909,2018,8.49717712402344,15.7403182983398,"0km"
17910,2018,8.49717712402344,15.7403182983398,"0km"
17911,2018,8.49717712402344,15.7403182983398,"0km"
17912,2018,8.49717712402344,15.7403182983398,"0km"
17913,2018,8.43681144714355,15.8025760650635,"0km"
17914,2018,8.43681144714355,15.8025760650635,"0km"
17915,2018,8.43681144714355,15.8025760650635,"0km"
17916,2018,8.43681144714355,15.8025760650635,"0km"
17917,2018,8.43681144714355,15.8025760650635,"0km"
17918,2018,8.43681144714355,15.8025760650635,"0km"
17919,2018,8.43681144714355,15.8025760650635,"0km"
17920,2018,8.49717712402344,15.7403182983398,"0km"
17921,2018,8.49717712402344,15.7403182983398,"0km"
17922,2018,8.49717712402344,15.7403182983398,"0km"
17923,2018,8.49717712402344,15.7403182983398,"0km"
17924,2018,8.49717712402344,15.7403182983398,"0km"
17925,2018,8.49717712402344,15.7403182983398,"0km"
17926,2018,8.49717712402344,15.7403182983398,"0km"
17927,2018,8.49717712402344,15.7403182983398,"0km"
17928,2018,8.49717712402344,15.7403182983398,"0km"
17929,2018,8.49717712402344,15.7403182983398,"0km"
17930,2018,8.49717712402344,15.7403182983398,"0km"
17931,2018,8.49717712402344,15.7403182983398,"0km"
17932,2018,8.49717712402344,15.7403182983398,"0km"
17933,2018,8.49717712402344,15.7403182983398,"0km"
17934,2018,8.49717712402344,15.7403182983398,"0km"
17935,2018,8.49717712402344,15.7403182983398,"0km"
17936,2018,8.49717712402344,15.7403182983398,"0km"
17937,2018,8.49717712402344,15.7403182983398,"0km"
17938,2018,8.43681144714355,15.8025760650635,"0km"
17939,2018,8.43681144714355,15.8025760650635,"0km"
17940,2018,8.43681144714355,15.8025760650635,"0km"
17941,2018,8.43681144714355,15.8025760650635,"0km"
17942,2018,8.43681144714355,15.8025760650635,"0km"
17943,2018,8.43681144714355,15.8025760650635,"0km"
17944,2018,8.43681144714355,15.8025760650635,"0km"
17945,2018,8.43681144714355,15.8025760650635,"0km"
17946,2018,8.43681144714355,15.8025760650635,"0km"
17947,2018,8.43681144714355,15.8025760650635,"0km"
17948,2018,8.43681144714355,15.8025760650635,"0km"
17949,2018,8.43681144714355,15.8025760650635,"0km"
17950,2018,8.43681144714355,15.8025760650635,"0km"
17951,2018,8.43681144714355,15.8025760650635,"0km"
17952,2018,8.43681144714355,15.8025760650635,"0km"
17953,2018,8.43681144714355,15.8025760650635,"0km"
17954,2018,8.43681144714355,15.8025760650635,"0km"
17955,2018,8.43681144714355,15.8025760650635,"0km"
17956,2018,8.43681144714355,15.8025760650635,"0km"
17957,2018,8.43681144714355,15.8025760650635,"0km"
17958,2018,8.43681144714355,15.8025760650635,"0km"
17959,2018,8.43681144714355,15.8025760650635,"0km"
17960,2018,8.43681144714355,15.8025760650635,"0km"
17961,2018,8.43681144714355,15.8025760650635,"0km"
17962,2018,8.43681144714355,15.8025760650635,"0km"
17963,2018,8.43681144714355,15.8025760650635,"0km"
17964,2018,8.43681144714355,15.8025760650635,"0km"
17965,2018,8.43681144714355,15.8025760650635,"0km"
17966,2018,8.43681144714355,15.8025760650635,"0km"
17967,2018,8.57658576965332,15.6714677810669,"0km"
17968,2018,8.57658576965332,15.6714677810669,"0km"
17969,2018,8.57658576965332,15.6714677810669,"0km"
17970,2018,8.57658576965332,15.6714677810669,"0km"
17971,2018,8.57658576965332,15.6714677810669,"0km"
17972,2018,8.57658576965332,15.6714677810669,"0km"
17973,2018,8.57658576965332,15.6714677810669,"0km"
17974,2018,8.57658576965332,15.6714677810669,"0km"
17975,2018,8.57658576965332,15.6714677810669,"0km"
17976,2018,8.57658576965332,15.6714677810669,"0km"
17977,2018,8.57658576965332,15.6714677810669,"0km"
17978,2018,8.57658576965332,15.6714677810669,"0km"
17979,2018,8.57658576965332,15.6714677810669,"0km"
17980,2018,8.57658576965332,15.6714677810669,"0km"
17981,2018,8.57658576965332,15.6714677810669,"0km"
17982,2018,8.57658576965332,15.6714677810669,"0km"
17983,2018,8.57658576965332,15.6714677810669,"0km"
17984,2018,8.57658576965332,15.6714677810669,"0km"
17985,2018,8.57658576965332,15.6714677810669,"0km"
17986,2018,8.57658576965332,15.6714677810669,"0km"
17987,2018,8.57658576965332,15.6714677810669,"0km"
17988,2018,8.57658576965332,15.6714677810669,"0km"
17989,2018,8.57658576965332,15.6714677810669,"0km"
17990,2018,8.57658576965332,15.6714677810669,"0km"
17991,2018,8.57658576965332,15.6714677810669,"0km"
17992,2018,8.57658576965332,15.6714677810669,"0km"
17993,2018,8.57658576965332,15.6714677810669,"0km"
17994,2018,8.57658576965332,15.6714677810669,"0km"
17995,2018,8.57658576965332,15.6714677810669,"0km"
17996,2018,8.57658576965332,15.6714677810669,"0km"
17997,2018,8.57658576965332,15.6714677810669,"0km"
17998,2018,8.6391487121582,15.6121406555176,"0km"
17999,2018,8.6391487121582,15.6121406555176,"0km"
18000,2018,8.6391487121582,15.6121406555176,"0km"
18001,2018,8.6391487121582,15.6121406555176,"0km"
18002,2018,8.6391487121582,15.6121406555176,"0km"
18003,2018,8.6391487121582,15.6121406555176,"0km"
18004,2018,8.35242748260498,13.6125674247742,"15km"
18005,2018,8.35242748260498,13.6125674247742,"15km"
18006,2018,8.35242748260498,13.6125674247742,"15km"
18007,2018,8.35242748260498,13.6125674247742,"15km"
18008,2018,8.35242748260498,13.6125674247742,"15km"
18009,2018,8.35242748260498,13.6125674247742,"15km"
18010,2018,8.35242748260498,13.6125674247742,"15km"
18011,2018,8.35242748260498,13.6125674247742,"15km"
18012,2018,8.10446453094482,12.5673694610596,"15km"
18013,2018,8.10446453094482,12.5673694610596,"15km"
18014,2018,8.10446453094482,12.5673694610596,"15km"
18015,2018,8.10446453094482,12.5673694610596,"15km"
18016,2018,8.10446453094482,12.5673694610596,"15km"
18017,2018,8.10446453094482,12.5673694610596,"15km"
18018,2018,8.10446453094482,12.5673694610596,"15km"
18019,2018,8.10446453094482,12.5673694610596,"15km"
18020,2018,8.10446453094482,12.5673694610596,"15km"
18021,2018,8.10446453094482,12.5673694610596,"15km"
18022,2018,8.10446453094482,12.5673694610596,"15km"
18023,2018,8.10446453094482,12.5673694610596,"15km"
18024,2018,8.10446453094482,12.5673694610596,"15km"
18025,2018,8.10446453094482,12.5673694610596,"15km"
18026,2018,8.10446453094482,12.5673694610596,"15km"
18027,2018,8.10446453094482,12.5673694610596,"15km"
18028,2018,8.10446453094482,12.5673694610596,"15km"
18029,2018,8.10446453094482,12.5673694610596,"15km"
18030,2018,8.10446453094482,12.5673694610596,"15km"
18031,2018,8.35242748260498,13.6125674247742,"15km"
18032,2018,8.35242748260498,13.6125674247742,"15km"
18033,2018,8.35242748260498,13.6125674247742,"15km"
18034,2018,8.35242748260498,13.6125674247742,"15km"
18035,2018,8.35242748260498,13.6125674247742,"15km"
18036,2018,8.35242748260498,13.6125674247742,"15km"
18037,2018,8.10446453094482,12.5673694610596,"15km"
18038,2018,8.10446453094482,12.5673694610596,"15km"
18039,2018,8.10446453094482,12.5673694610596,"15km"
18040,2018,8.10446453094482,12.5673694610596,"15km"
18041,2018,8.10446453094482,12.5673694610596,"15km"
18042,2018,8.10446453094482,12.5673694610596,"15km"
18043,2018,8.35242748260498,13.6125674247742,"15km"
18044,2018,8.10446453094482,12.5673694610596,"15km"
18045,2018,8.10446453094482,12.5673694610596,"15km"
18046,2018,8.35242748260498,13.6125674247742,"15km"
18047,2018,8.35242748260498,13.6125674247742,"15km"
18048,2018,8.35242748260498,13.6125674247742,"15km"
18049,2018,8.35242748260498,13.6125674247742,"15km"
18050,2018,8.35242748260498,13.6125674247742,"15km"
18051,2018,8.35242748260498,13.6125674247742,"15km"
18052,2018,8.35242748260498,13.6125674247742,"15km"
18053,2018,8.35242748260498,13.6125674247742,"15km"
18054,2018,8.35242748260498,13.6125674247742,"15km"
18055,2018,8.10446453094482,12.5673694610596,"0km"
18056,2018,8.10446453094482,12.5673694610596,"0km"
18057,2018,8.10446453094482,12.5673694610596,"0km"
18058,2018,8.10446453094482,12.5673694610596,"0km"
18059,2018,8.10446453094482,12.5673694610596,"0km"
18060,2018,8.10446453094482,12.5673694610596,"0km"
18061,2018,8.10446453094482,12.5673694610596,"0km"
18062,2018,8.10446453094482,12.5673694610596,"0km"
18063,2018,8.10446453094482,12.5673694610596,"0km"
18064,2018,8.26886796951294,13.1509444713593,"10km"
18065,2018,8.15836048126221,12.6486708323161,"10km"
18066,2018,8.15836048126221,12.6486708323161,"10km"
18067,2018,8.15836048126221,12.6486708323161,"10km"
18068,2018,8.10446453094482,12.5673694610596,"0km"
18069,2018,8.10446453094482,12.5673694610596,"0km"
18070,2018,8.10446453094482,12.5673694610596,"0km"
18071,2018,8.10446453094482,12.5673694610596,"0km"
18072,2018,8.10446453094482,12.5673694610596,"0km"
18073,2018,8.10446453094482,12.5673694610596,"0km"
18074,2018,8.10446453094482,12.5673694610596,"0km"
18075,2018,8.10446453094482,12.5673694610596,"0km"
18076,2018,8.10446453094482,12.5673694610596,"0km"
18077,2018,8.10446453094482,12.5673694610596,"0km"
18078,2018,8.10446453094482,12.5673694610596,"0km"
18079,2018,8.10446453094482,12.5673694610596,"0km"
18080,2018,8.10446453094482,12.5673694610596,"0km"
18081,2018,8.10446453094482,12.5673694610596,"0km"
18082,2018,8.10446453094482,12.5673694610596,"0km"
18083,2018,8.10446453094482,12.5673694610596,"0km"
18084,2018,8.10446453094482,12.5673694610596,"0km"
18085,2018,8.10446453094482,12.5673694610596,"0km"
18086,2018,8.10446453094482,12.5673694610596,"0km"
18087,2018,8.10446453094482,12.5673694610596,"0km"
18088,2018,8.10446453094482,12.5673694610596,"0km"
18089,2018,8.10446453094482,12.5673694610596,"0km"
18090,2018,8.10446453094482,12.5673694610596,"0km"
18091,2018,8.10446453094482,12.5673694610596,"0km"
18092,2018,8.10446453094482,12.5673694610596,"0km"
18093,2018,NA,NA,"15km"
18094,2018,NA,NA,"15km"
18095,2018,NA,NA,"15km"
18096,2018,NA,NA,"15km"
18097,2018,NA,NA,"15km"
18098,2018,NA,NA,"15km"
18099,2018,NA,NA,"15km"
18100,2018,NA,NA,"15km"
18101,2018,NA,NA,"15km"
18102,2018,NA,NA,"15km"
18103,2018,NA,NA,"15km"
18104,2018,NA,NA,"15km"
18105,2018,NA,NA,"15km"
18106,2018,NA,NA,"15km"
18107,2018,NA,NA,"15km"
18108,2018,NA,NA,"15km"
18109,2018,NA,NA,"15km"
18110,2018,NA,NA,"15km"
18111,2018,NA,NA,"15km"
18112,2018,NA,NA,"15km"
18113,2018,NA,NA,"15km"
18114,2018,NA,NA,"15km"
18115,2018,NA,NA,"15km"
18116,2018,NA,NA,"15km"
18117,2018,NA,NA,"15km"
18118,2018,NA,NA,"15km"
18119,2018,NA,NA,"15km"
18120,2018,NA,NA,"15km"
18121,2018,NA,NA,"15km"
18122,2018,NA,NA,"15km"
18123,2018,NA,NA,"15km"
18124,2018,NA,NA,"15km"
18125,2018,NA,NA,"15km"
18126,2018,NA,NA,"15km"
18127,2018,NA,NA,"15km"
18128,2018,NA,NA,"15km"
18129,2018,NA,NA,"15km"
18130,2018,NA,NA,"15km"
18131,2018,NA,NA,"15km"
18132,2018,NA,NA,"15km"
18133,2018,NA,NA,"15km"
18134,2018,NA,NA,"15km"
18135,2018,NA,NA,"15km"
18136,2018,NA,NA,"15km"
18137,2018,NA,NA,"15km"
18138,2018,NA,NA,"15km"
18139,2018,7.75911736488342,16.2142095565796,"10km"
18140,2018,7.75911736488342,16.2142095565796,"10km"
18141,2018,7.75911736488342,16.2142095565796,"10km"
18142,2018,7.75911736488342,16.2142095565796,"10km"
18143,2018,7.75911736488342,16.2142095565796,"10km"
18144,2018,7.75911736488342,16.2142095565796,"10km"
18145,2018,7.75911736488342,16.2142095565796,"10km"
18146,2018,7.75911736488342,16.2142095565796,"10km"
18147,2018,7.75911736488342,16.2142095565796,"10km"
18148,2018,7.75911736488342,16.2142095565796,"10km"
18149,2018,7.75911736488342,16.2142095565796,"10km"
18150,2018,7.75911736488342,16.2142095565796,"10km"
18151,2018,7.75911736488342,16.2142095565796,"10km"
18152,2018,7.75911736488342,16.2142095565796,"10km"
18153,2018,7.75911736488342,16.2142095565796,"10km"
18154,2018,7.75911736488342,16.2142095565796,"10km"
18155,2018,7.75911736488342,16.2142095565796,"10km"
18156,2018,7.75911736488342,16.2142095565796,"10km"
18157,2018,7.75911736488342,16.2142095565796,"10km"
18158,2018,7.75911736488342,16.2142095565796,"10km"
18159,2018,NA,NA,"15km"
18160,2018,NA,NA,"15km"
18161,2018,NA,NA,"15km"
18162,2018,NA,NA,"15km"
18163,2018,NA,NA,"15km"
18164,2018,NA,NA,"15km"
18165,2018,NA,NA,"15km"
18166,2018,NA,NA,"15km"
18167,2018,NA,NA,"15km"
18168,2018,NA,NA,"15km"
18169,2018,NA,NA,"15km"
18170,2018,NA,NA,"15km"
18171,2018,NA,NA,"15km"
18172,2018,NA,NA,"15km"
18173,2018,NA,NA,"15km"
18174,2018,NA,NA,"15km"
18175,2018,NA,NA,"15km"
18176,2018,NA,NA,"15km"
18177,2018,NA,NA,"15km"
18178,2018,NA,NA,"15km"
18179,2018,NA,NA,"15km"
18180,2018,NA,NA,"15km"
18181,2018,NA,NA,"15km"
18182,2018,NA,NA,"15km"
18183,2018,NA,NA,"15km"
18184,2018,NA,NA,"15km"
18185,2018,NA,NA,"15km"
18186,2018,NA,NA,"15km"
18187,2018,NA,NA,"15km"
18188,2018,NA,NA,"15km"
18189,2018,7.10321378707886,7.51277208328247,"15km"
18190,2018,7.10321378707886,7.51277208328247,"15km"
18191,2018,7.10321378707886,7.51277208328247,"15km"
18192,2018,7.10321378707886,7.51277208328247,"15km"
18193,2018,7.10321378707886,7.51277208328247,"15km"
18194,2018,7.10321378707886,7.51277208328247,"15km"
18195,2018,7.10321378707886,7.51277208328247,"15km"
18196,2018,7.10321378707886,7.51277208328247,"15km"
18197,2018,7.10321378707886,7.51277208328247,"15km"
18198,2018,7.10321378707886,7.51277208328247,"15km"
18199,2018,7.10321378707886,7.51277208328247,"15km"
18200,2018,7.10321378707886,7.51277208328247,"15km"
18201,2018,7.10321378707886,7.51277208328247,"15km"
18202,2018,7.10321378707886,7.51277208328247,"15km"
18203,2018,7.10321378707886,7.51277208328247,"15km"
18204,2018,7.10321378707886,7.51277208328247,"15km"
18205,2018,7.10321378707886,7.51277208328247,"15km"
18206,2018,7.10321378707886,7.51277208328247,"15km"
18207,2018,7.10321378707886,7.51277208328247,"15km"
18208,2018,7.10321378707886,7.51277208328247,"15km"
18209,2018,7.10321378707886,7.51277208328247,"15km"
18210,2018,7.10321378707886,7.51277208328247,"15km"
18211,2018,7.10321378707886,7.51277208328247,"15km"
18212,2018,7.10321378707886,7.51277208328247,"15km"
18213,2018,7.10321378707886,7.51277208328247,"15km"
18214,2018,7.10321378707886,7.51277208328247,"15km"
18215,2018,7.10321378707886,7.51277208328247,"15km"
18216,2018,7.10321378707886,7.51277208328247,"15km"
18217,2018,7.10321378707886,7.51277208328247,"15km"
18218,2018,7.10321378707886,7.51277208328247,"15km"
18219,2018,7.10321378707886,7.51277208328247,"15km"
18220,2018,7.10321378707886,7.51277208328247,"15km"
18221,2018,7.10321378707886,7.51277208328247,"15km"
18222,2018,7.10321378707886,7.51277208328247,"15km"
18223,2018,7.0439772605896,7.49189734458923,"15km"
18224,2018,7.0439772605896,7.49189734458923,"15km"
18225,2018,7.0439772605896,7.49189734458923,"15km"
18226,2018,7.0439772605896,7.49189734458923,"15km"
18227,2018,7.0439772605896,7.49189734458923,"15km"
18228,2018,7.0439772605896,7.49189734458923,"15km"
18229,2018,NA,NA,"15km"
18230,2018,NA,NA,"15km"
18231,2018,NA,NA,"15km"
18232,2018,NA,NA,"15km"
18233,2018,NA,NA,"15km"
18234,2018,NA,NA,"15km"
18235,2018,8.18525727589925,14.9251076380412,"10km"
18236,2018,7.86182228724162,14.3561204274495,"15km"
18237,2018,8.18525727589925,14.9251076380412,"10km"
18238,2018,8.18525727589925,14.9251076380412,"10km"
18239,2018,8.18525727589925,14.9251076380412,"10km"
18240,2018,8.14477968215942,12.698477268219,"10km"
18241,2018,8.14477968215942,12.698477268219,"10km"
18242,2018,8.14477968215942,12.698477268219,"10km"
18243,2018,8.14477968215942,12.698477268219,"10km"
18244,2018,8.14477968215942,12.698477268219,"10km"
18245,2018,8.14477968215942,12.698477268219,"10km"
18246,2018,8.14477968215942,12.698477268219,"10km"
18247,2018,8.14477968215942,12.698477268219,"10km"
18248,2018,8.14477968215942,12.698477268219,"10km"
18249,2018,8.14477968215942,12.698477268219,"10km"
18250,2018,8.14477968215942,12.698477268219,"10km"
18251,2018,8.14477968215942,12.698477268219,"10km"
18252,2018,8.18525727589925,14.9251076380412,"10km"
18253,2018,8.18525727589925,14.9251076380412,"10km"
18254,2018,8.18525727589925,14.9251076380412,"10km"
18255,2018,8.19791221618652,15.0884428024292,"0km"
18256,2018,8.19791221618652,15.0884428024292,"0km"
18257,2018,8.19791221618652,15.0884428024292,"0km"
18258,2018,7.51033067703247,11.9916687011719,"0km"
18259,2018,7.51484727859497,10.6725368499756,"0km"
18260,2018,7.51484727859497,10.6725368499756,"0km"
18261,2018,7.51484727859497,10.6725368499756,"0km"
18262,2018,7.51484727859497,10.6725368499756,"0km"
18263,2018,7.51484727859497,10.6725368499756,"0km"
18264,2018,7.51484727859497,10.6725368499756,"0km"
18265,2018,7.51484727859497,10.6725368499756,"0km"
18266,2018,7.51484727859497,10.6725368499756,"0km"
18267,2018,7.51484727859497,10.6725368499756,"0km"
18268,2018,7.51484727859497,10.6725368499756,"0km"
18269,2018,7.51484727859497,10.6725368499756,"0km"
18270,2018,7.51484727859497,10.6725368499756,"0km"
18271,2018,7.51484727859497,10.6725368499756,"0km"
18272,2018,7.51484727859497,10.6725368499756,"0km"
18273,2018,7.51484727859497,10.6725368499756,"0km"
18274,2018,7.51484727859497,10.6725368499756,"0km"
18275,2018,7.51484727859497,10.6725368499756,"0km"
18276,2018,7.51484727859497,10.6725368499756,"0km"
18277,2018,7.75597405433655,12.2028566996257,"10km"
18278,2018,7.75597405433655,12.2028566996257,"10km"
18279,2018,7.75597405433655,12.2028566996257,"10km"
18280,2018,7.51484727859497,10.6725368499756,"0km"
18281,2018,7.51484727859497,10.6725368499756,"0km"
18282,2018,7.51484727859497,10.6725368499756,"0km"
18283,2018,7.51484727859497,10.6725368499756,"0km"
18284,2018,7.51484727859497,10.6725368499756,"0km"
18285,2018,7.51484727859497,10.6725368499756,"0km"
18286,2018,7.51484727859497,10.6725368499756,"0km"
18287,2018,7.51484727859497,10.6725368499756,"0km"
18288,2018,7.51484727859497,10.6725368499756,"0km"
18289,2018,7.51484727859497,10.6725368499756,"0km"
18290,2018,7.51484727859497,10.6725368499756,"0km"
18291,2018,7.51484727859497,10.6725368499756,"0km"
18292,2018,7.51484727859497,10.6725368499756,"0km"
18293,2018,7.51484727859497,10.6725368499756,"0km"
18294,2018,7.51484727859497,10.6725368499756,"0km"
18295,2018,7.51484727859497,10.6725368499756,"0km"
18296,2018,7.51484727859497,10.6725368499756,"0km"
18297,2018,7.51484727859497,10.6725368499756,"0km"
18298,2018,7.51484727859497,10.6725368499756,"0km"
18299,2018,7.51484727859497,10.6725368499756,"0km"
18300,2018,7.51484727859497,10.6725368499756,"0km"
18301,2018,7.51484727859497,10.6725368499756,"0km"
18302,2018,7.51484727859497,10.6725368499756,"0km"
18303,2018,7.51484727859497,10.6725368499756,"0km"
18304,2018,7.51033067703247,11.9916687011719,"0km"
18305,2018,7.51033067703247,11.9916687011719,"0km"
18306,2018,7.51033067703247,11.9916687011719,"0km"
18307,2018,7.51033067703247,11.9916687011719,"0km"
18308,2018,7.51033067703247,11.9916687011719,"0km"
18309,2018,7.51033067703247,11.9916687011719,"0km"
18310,2018,7.51033067703247,11.9916687011719,"0km"
18311,2018,7.51033067703247,11.9916687011719,"0km"
18312,2018,7.51033067703247,11.9916687011719,"0km"
18313,2018,7.51033067703247,11.9916687011719,"0km"
18314,2018,7.51033067703247,11.9916687011719,"0km"
18315,2018,7.51033067703247,11.9916687011719,"0km"
18316,2018,7.51033067703247,11.9916687011719,"0km"
18317,2018,7.51033067703247,11.9916687011719,"0km"
18318,2018,7.51033067703247,11.9916687011719,"0km"
18319,2018,7.51033067703247,11.9916687011719,"0km"
18320,2018,7.51033067703247,11.9916687011719,"0km"
18321,2018,7.51033067703247,11.9916687011719,"0km"
18322,2018,7.51033067703247,11.9916687011719,"0km"
18323,2018,7.51033067703247,11.9916687011719,"0km"
18324,2018,7.51033067703247,11.9916687011719,"0km"
18325,2018,7.51033067703247,11.9916687011719,"0km"
18326,2018,7.51033067703247,11.9916687011719,"0km"
18327,2018,7.51033067703247,11.9916687011719,"0km"
18328,2018,7.51033067703247,11.9916687011719,"0km"
18329,2018,7.51033067703247,11.9916687011719,"0km"
18330,2018,7.51033067703247,11.9916687011719,"0km"
18331,2018,7.51033067703247,11.9916687011719,"0km"
18332,2018,7.51033067703247,11.9916687011719,"0km"
18333,2018,7.51033067703247,11.9916687011719,"0km"
18334,2018,7.51033067703247,11.9916687011719,"0km"
18335,2018,7.51033067703247,11.9916687011719,"0km"
18336,2018,7.51033067703247,11.9916687011719,"0km"
18337,2018,7.51033067703247,11.9916687011719,"0km"
18338,2018,7.51033067703247,11.9916687011719,"0km"
18339,2018,7.51033067703247,11.9916687011719,"0km"
18340,2018,7.51033067703247,11.9916687011719,"0km"
18341,2018,7.51033067703247,11.9916687011719,"0km"
18342,2018,7.51033067703247,11.9916687011719,"0km"
