"ID","Y","X","Year_HGU","Grazing"
1,62.4363099999999,5.750573,2017,0
2,62.4316579999999,5.751736,2017,0
3,62.433852,5.7598,2017,0
4,62.4323989999999,5.763532,2017,0
5,62.432122,5.760512,2017,0
6,62.42338,5.73645,2017,0
7,62.4251679999999,5.734616,2017,0
8,62.43072,5.823459,2017,0
9,62.4215329999999,5.735533,2017,0
10,62.426588,5.820685,2017,0
11,62.427342,5.824905,2017,0
12,62.4280649999999,5.828789,2017,0
13,62.4165959999999,5.731244,2017,0
14,62.4258049999999,5.831711,2017,0
15,62.410223,5.807001,2017,0
16,62.4059099999999,5.803765,2017,0
17,62.403652,5.786301,2017,0
18,62.4020579999999,5.783965,2017,0
19,62.401234,5.834792,2017,0
20,62.3934349999999,5.818152,2017,0
21,62.39002,5.797551,2017,0
22,62.367682,5.785974,2017,0
23,62.349882,5.808684,2017,0
24,62.350155,5.786813,2017,0
25,62.294986,5.777065,2017,0
26,62.2684879999999,5.838746,2017,0
27,62.251308,5.810019,2017,0
28,62.2472119999999,5.844286,2017,0
29,62.2492299999999,5.843589,2017,0
30,62.350237,5.80842,2017,0
31,62.3409079999999,5.795357,2017,0
32,62.3415559999999,5.796748,2017,0
33,62.3430839999999,5.799276,2017,0
34,62.3393009999999,5.831167,2017,0
35,62.336944,5.848113,2017,0
36,62.3340299999999,5.806724,2017,0
37,62.3349789999999,5.849953,2017,0
38,62.33549,5.832434,2017,0
39,62.390255,5.7455,2017,0
40,62.3545609999999,5.775595,2017,0
41,62.332695,5.798385,2017,0
42,62.3768129999999,5.766895,2017,0
43,62.3550109999999,5.788792,2017,0
44,62.348089,5.779994,2017,0
45,62.3365039999999,5.777817,2017,0
46,62.3330229999999,5.835214,2017,0
47,62.3182949999999,5.773229,2017,0
48,62.369652,5.768137,2017,0
49,62.369532,5.770631,2017,0
50,62.35833,5.782299,2017,0
51,62.3605329999999,5.802002,2017,0
52,62.3548929999999,5.812045,2017,0
53,62.345728,5.815929,2017,0
54,62.33655,5.773987,2017,0
55,62.33518,5.806806,2017,0
56,62.3379169999999,5.824597,2017,0
57,62.3249879999999,5.757513,2017,0
58,62.3280829999999,5.786659,2017,0
59,62.306562,5.782733,2017,0
60,62.398128,5.842542,2017,0
61,62.399371,5.844672,2017,0
62,62.35119,6.11635,2017,0
63,62.3534,6.11569,2017,0
64,62.35439,6.09594,2017,0
65,62.3562999999999,6.09051,2017,0
66,62.35821,6.08508,2017,0
67,62.36043,6.08441,2017,0
68,62.36233,6.07898,2017,0
69,62.35248,6.10138,2017,0
70,62.3626399999999,6.08375,2017,0
71,62.36393,6.06877,2017,0
72,68.54433,16.45428,2012,1
73,68.403683,16.0741499999999,2012,1
74,68.404233,16.0733169999999,2012,1
75,68.4010329999999,16.073433,2012,1
76,68.399617,16.07215,2012,1
77,68.3902999999999,16.098317,2012,1
78,68.3889999999999,16.107467,2012,1
79,70.7201929999999,23.7991759999999,2017,1
80,70.7203449999999,23.800104,2017,1
81,70.720308,23.800273,2017,1
82,70.7202869999999,23.800363,2017,1
83,70.7202249999999,23.800196,2017,1
84,70.7201989999999,23.799872,2017,1
85,70.7202309999999,23.799816,2017,1
86,70.720359,23.800068,2017,1
87,70.720408,23.80039,2017,1
88,70.72046,23.800636,2017,1
89,70.720466,23.800687,2017,1
90,70.7205639999999,23.800901,2017,1
91,70.720657,23.800954,2017,1
92,70.720691,23.801286,2017,1
93,70.720578,23.8014709999999,2017,1
94,70.720505,23.801599,2017,1
95,70.720549,23.801766,2017,1
96,70.7206249999999,23.8017229999999,2017,1
97,70.7206589999999,23.8015259999999,2017,1
98,70.7207329999999,23.8006269999999,2017,1
99,70.7237449999999,23.807661,2017,1
100,70.7237769999999,23.807693,2017,1
101,70.7238219999999,23.807735,2017,1
102,70.7236659999999,23.807773,2017,1
103,70.72364,23.8078129999999,2017,1
104,70.723578,23.808053,2017,1
105,70.7234629999999,23.8082509999999,2017,1
106,70.7234229999999,23.8083689999999,2017,1
107,70.723425,23.808726,2017,1
108,70.7234519999999,23.8089569999999,2017,1
109,70.7234919999999,23.807865,2017,1
110,70.535065,23.4994769999999,2016,1
111,70.535103,23.499393,2016,1
112,70.5352239999999,23.499452,2016,1
113,70.535285,23.499426,2016,1
114,70.5353309999999,23.4994799999999,2016,1
115,70.534388,23.502547,2016,1
116,70.5344379999999,23.502693,2016,1
117,70.5344359999999,23.502773,2016,1
118,70.5324449999999,23.5061539999999,2016,1
119,70.5325239999999,23.506543,2016,1
120,70.5326,23.506682,2016,1
121,70.532661,23.506843,2016,1
122,70.5328099999999,23.506799,2016,1
123,70.54688,23.542877,2016,1
124,70.5469269999999,23.543067,2016,1
125,70.5469429999999,23.5431829999999,2016,1
126,70.546968,23.5432899999999,2016,1
127,70.5469489999999,23.543499,2016,1
128,70.5469329999999,23.543455,2016,1
129,70.546891,23.543489,2016,1
130,70.546839,23.5436729999999,2016,1
131,70.5467749999999,23.5438769999999,2016,1
132,70.546723,23.54361,2016,1
133,70.546678,23.5433449999999,2016,1
134,70.546592,23.542791,2016,1
135,70.5554259999999,23.534471,2016,1
136,70.551608,23.5402239999999,2016,1
137,70.5516839999999,23.540396,2016,1
138,70.5517329999999,23.54022,2016,1
139,70.551826,23.539971,2016,1
140,70.551845,23.539732,2016,1
141,70.4823499999999,23.127198,2016,1
142,70.481622,23.125208,2016,1
143,70.481716,23.125129,2016,1
144,70.481644,23.125084,2016,1
145,70.483574,23.148263,2016,1
146,70.483089,23.1521539999999,2016,1
147,70.48272,23.1532869999999,2016,1
148,70.4827169999999,23.153796,2016,1
149,70.4824969999999,23.15418,2016,1
150,70.514628,23.1679609999999,2016,1
151,70.514632,23.1676089999999,2016,1
152,70.516299,23.193304,2016,1
153,70.516266,23.1932949999999,2016,1
154,70.5159539999999,23.194526,2016,1
155,70.5158399999999,23.194631,2016,1
156,70.516108,23.194506,2016,1
157,70.5163699999999,23.194917,2016,1
158,70.516558,23.1956789999999,2016,1
159,70.517183,23.2185419999999,2016,1
160,70.517127,23.2192919999999,2016,1
161,70.5161829999999,23.2227,2016,1
162,70.5156489999999,23.2253079999999,2016,1
163,70.514634,22.8333799999999,2016,1
164,70.5146539999999,22.833161,2016,1
165,70.5146479999999,22.832816,2016,1
166,70.514588,22.832325,2016,1
167,70.5145579999999,22.8319259999999,2016,1
168,70.5144829999999,22.831485,2016,1
169,70.514469,22.83135,2016,1
170,70.514854,22.829839,2016,1
171,70.514819,22.829162,2016,1
172,70.5112069999999,22.815304,2016,1
173,70.511229,22.81463,2016,1
174,70.5120869999999,22.817709,2016,1
175,70.512067,22.817273,2016,1
176,70.5119779999999,22.816901,2016,1
177,70.512883,22.817612,2016,1
178,70.514227,22.8238239999999,2016,1
179,70.5141969999999,22.8233269999999,2016,1
180,70.514087,22.822699,2016,1
181,70.5140099999999,22.8219619999999,2016,1
182,70.514002,22.8214219999999,2016,1
183,70.513917,22.820224,2016,1
184,70.5132519999999,22.812376,2016,1
185,70.5153119999999,22.81052,2016,1
186,70.5153219999999,22.810198,2016,1
187,70.515454,22.812294,2016,1
188,70.5154459999999,22.8119109999999,2016,1
189,70.515274,22.811736,2016,1
190,70.5174389999999,22.8020309999999,2016,1
191,70.5174399999999,22.801758,2016,1
192,70.5173499999999,22.801297,2016,1
193,70.518291,22.8009309999999,2016,1
194,70.5196669999999,22.797167,2016,1
195,70.5206979999999,22.795634,2016,1
196,70.514683,22.77927,2016,1
197,70.516816,22.7809659999999,2016,1
198,70.514605,22.7798209999999,2016,1
199,70.5212619999999,22.925611,2016,1
200,70.5212499999999,22.9254929999999,2016,1
201,70.521203,22.9252199999999,2016,1
202,70.521173,22.925013,2016,1
203,70.521122,22.9247039999999,2016,1
204,70.521703,22.9255579999999,2016,1
205,70.5215919999999,22.925545,2016,1
206,70.521495,22.9253439999999,2016,1
207,70.521377,22.925145,2016,1
208,70.521276,22.9250189999999,2016,1
209,70.5211599999999,22.924876,2016,1
210,70.521719,22.9244319999999,2016,1
211,70.521617,22.9241969999999,2016,1
212,70.5741419999999,23.0716259999999,2016,1
213,70.574083,23.070778,2016,1
214,70.574218,23.0701649999999,2016,1
215,70.574246,23.069969,2016,1
216,70.5742479999999,23.069412,2016,1
217,70.605799,23.101662,2016,1
218,70.605721,23.101533,2016,1
219,70.6060839999999,23.1009649999999,2016,1
220,70.6067579999999,23.099903,2016,1
221,70.607026,23.099062,2016,1
222,70.6303369999999,23.136934,2016,1
223,70.6302469999999,23.136586,2016,1
224,70.63021,23.136448,2016,1
225,70.630086,23.136233,2016,1
226,70.6299149999999,23.135909,2016,1
227,70.631195,23.135776,2016,1
228,70.6310809999999,23.1355539999999,2016,1
229,70.630958,23.135387,2016,1
230,70.630792,23.135164,2016,1
231,70.6306129999999,23.1348799999999,2016,1
232,70.6304059999999,23.134654,2016,1
233,70.630352,23.1345719999999,2016,1
234,70.630212,23.134364,2016,1
235,70.63012,23.134231,2016,1
236,70.6314979999999,23.125008,2016,1
237,70.63136,23.1251029999999,2016,1
238,70.6312659999999,23.124797,2016,1
239,70.6312209999999,23.1245569999999,2016,1
240,70.631093,23.1245599999999,2016,1
241,70.6309349999999,23.12394,2016,1
242,70.637051,23.1574789999999,2016,1
243,70.6369679999999,23.1569429999999,2016,1
244,70.636887,23.1566639999999,2016,1
245,70.6376599999999,23.1551769999999,2016,1
246,70.637483,23.1545099999999,2016,1
247,70.637324,23.15396,2016,1
248,70.6371809999999,23.153542,2016,1
249,70.699762,23.1596289999999,2016,1
250,70.700438,23.159963,2016,1
251,70.7004029999999,23.1597839999999,2016,1
252,70.7003849999999,23.159703,2016,1
253,70.6984259999999,23.160995,2016,1
254,70.69835,23.1613609999999,2016,1
255,70.698188,23.1620519999999,2016,1
256,70.6824,23.221782,2016,1
257,70.68223,23.222096,2016,1
258,70.68219,23.2224849999999,2016,1
259,70.6822449999999,23.222954,2016,1
260,70.6821599999999,23.2230549999999,2016,1
261,70.682012,23.2264589999999,2016,1
262,70.681995,23.2270539999999,2016,1
263,70.6816359999999,23.229019,2016,1
264,70.681531,23.2296419999999,2016,1
265,70.6810959999999,23.2268079999999,2016,1
266,70.68016,23.222024,2016,1
267,70.680058,23.221768,2016,1
268,70.6786429999999,23.224871,2016,1
269,70.678171,23.225617,2016,1
270,70.67789,23.225648,2016,1
271,70.67766,23.226091,2016,1
272,70.6773299999999,23.2263069999999,2016,1
273,70.6770929999999,23.226355,2016,1
274,70.6768679999999,23.226316,2016,1
275,70.676715,23.2266459999999,2016,1
276,70.676578,23.2267779999999,2016,1
277,70.6763959999999,23.226755,2016,1
278,70.6761259999999,23.2271,2016,1
279,70.677373,23.224958,2016,1
280,70.677036,23.2258989999999,2016,1
281,70.677017,23.2259689999999,2016,1
282,70.6787379999999,23.230014,2016,1
283,70.678967,23.230772,2016,1
284,70.678876,23.231762,2016,1
285,70.7105099999999,23.299032,2016,1
286,70.710486,23.299049,2016,1
287,70.7104259999999,23.299049,2016,1
288,70.7103759999999,23.299036,2016,1
289,70.7102579999999,23.299009,2016,1
290,70.710182,23.298929,2016,1
291,70.864576,23.107641,2016,1
292,70.8620339999999,23.1251579999999,2016,1
293,70.8626479999999,23.1274939999999,2016,1
294,70.862651,23.1303179999999,2016,1
295,70.8600069999999,23.127575,2016,1
296,70.8531559999999,23.129002,2016,1
297,70.8528859999999,23.1267929999999,2016,1
298,70.849125,23.1389339999999,2016,1
299,70.8622969999999,23.1544349999999,2016,1
300,70.864062,23.145329,2016,1
301,70.865071,23.138679,2016,1
302,70.8625519999999,23.1364869999999,2016,1
303,70.865491,23.123449,2016,1
304,70.8581619999999,23.0673819999999,2016,1
305,70.85844,23.065968,2016,1
306,70.8600789999999,23.0649279999999,2016,1
307,70.862684,23.065975,2016,1
308,70.8612949999999,23.057887,2016,1
309,70.858107,23.044806,2016,1
310,70.85172,23.0527079999999,2016,1
311,70.848865,23.056457,2016,1
312,70.847324,23.0604149999999,2016,1
313,70.846247,23.0647869999999,2016,1
314,70.846349,23.064138,2016,1
315,70.84699,23.069455,2016,1
316,70.8475679999999,23.072429,2016,1
317,70.8323479999999,23.07597,2016,1
318,70.871367,23.314149,2016,1
319,70.8619259999999,22.882712,2016,1
320,70.861964,22.883405,2016,1
321,70.772953,22.8031599999999,2016,1
322,70.680874,22.9980459999999,2016,1
323,70.6692879999999,22.998417,2016,1
324,70.669227,22.998604,2016,1
325,70.669188,22.998728,2016,1
326,70.66919,22.9987889999999,2016,1
327,70.702724,22.9247699999999,2016,1
328,70.702825,22.9236289999999,2016,1
329,70.702841,22.922711,2016,1
330,70.703491,22.9195749999999,2016,1
331,70.7035249999999,22.9191159999999,2016,1
332,70.7035999999999,22.918336,2016,1
333,70.703647,22.915962,2016,1
334,70.7241279999999,23.08962,2016,1
335,70.722295,23.095077,2016,1
336,70.720979,23.098877,2016,1
337,70.7207169999999,23.10014,2016,1
338,70.7205909999999,23.1006749999999,2016,1
339,70.720341,23.101182,2016,1
340,70.7205699999999,23.099346,2016,1
341,70.720146,23.098835,2016,1
342,70.719519,23.099046,2016,1
343,70.7193079999999,23.098738,2016,1
344,70.7197409999999,23.0977999999999,2016,1
345,70.720033,23.097173,2016,1
346,70.7203059999999,23.096395,2016,1
347,70.742592,23.132514,2016,1
348,70.7414239999999,23.135788,2016,1
349,70.740644,23.1406269999999,2016,1
350,70.7406139999999,23.141086,2016,1
351,70.7405509999999,23.142413,2016,1
352,70.740482,23.143421,2016,1
353,70.740009,23.1592179999999,2016,1
354,70.7388409999999,23.1688019999999,2016,1
355,70.7388389999999,23.169287,2016,1
356,70.7397399999999,23.141849,2016,1
357,70.739658,23.1419,2016,1
358,70.7395839999999,23.1421339999999,2016,1
359,70.739604,23.1413979999999,2016,1
360,70.7651479999999,23.113623,2016,1
361,70.765009,23.116115,2016,1
362,70.7649449999999,23.1165239999999,2016,1
363,70.764657,23.119178,2016,1
364,70.7643989999999,23.12199,2016,1
365,70.7641859999999,23.1265269999999,2016,1
366,70.764323,23.127303,2016,1
367,70.764217,23.128269,2016,1
368,70.7642369999999,23.12844,2016,1
369,70.7640949999999,23.129162,2016,1
370,70.7637909999999,23.128736,2016,1
371,70.7636069999999,23.1287869999999,2016,1
372,70.796947,23.0886129999999,2016,1
373,70.7951309999999,23.092749,2016,1
374,70.7945069999999,23.094994,2016,1
375,70.7939339999999,23.0974089999999,2016,1
376,70.7938139999999,23.097715,2016,1
377,70.793777,23.097832,2016,1
378,70.793096,23.099595,2016,1
379,70.7929089999999,23.100183,2016,1
380,70.7929939999999,23.100584,2016,1
381,70.7955999999999,23.0963819999999,2016,1
382,70.796816,23.098583,2016,1
383,70.7969499999999,23.099688,2016,1
384,70.797059,23.0999109999999,2016,1
385,70.797115,23.100002,2016,1
386,70.7828769999999,23.3833069999999,2016,1
387,70.78296,23.3830269999999,2016,1
388,70.783055,23.382714,2016,1
389,70.7831709999999,23.3825539999999,2016,1
390,70.783253,23.382344,2016,1
391,70.7832559999999,23.382003,2016,1
392,70.7833059999999,23.381629,2016,1
393,70.7834129999999,23.3811199999999,2016,1
394,70.7835199999999,23.380651,2016,1
395,70.7836379999999,23.3801209999999,2016,1
396,70.783713,23.37975,2016,1
397,70.7837889999999,23.3795959999999,2016,1
398,70.783939,23.37949,2016,1
399,70.784169,23.383312,2016,1
400,70.784143,23.386098,2016,1
401,70.784417,23.385859,2016,1
402,70.7846499999999,23.385593,2016,1
403,70.7845109999999,23.387426,2016,1
404,70.711932,23.334194,2016,1
405,70.7118119999999,23.333677,2016,1
406,70.7118279999999,23.3333489999999,2016,1
407,70.6785069999999,23.231669,2016,1
408,70.6792949999999,23.2284469999999,2016,1
409,70.678488,23.225021,2016,1
410,70.6213609999999,23.088694,2016,1
411,70.621485,23.0878809999999,2016,1
412,70.6208989999999,23.087578,2016,1
413,70.6311259999999,23.1250369999999,2016,1
414,70.631313,23.124756,2016,1
415,70.6313739999999,23.1250539999999,2016,1
416,70.4703439999999,23.2548129999999,2016,1
417,70.456209,23.2082249999999,2016,1
418,70.4563449999999,23.207984,2016,1
419,70.4564819999999,23.208046,2016,1
420,70.456159,23.20664,2016,1
421,70.456423,23.2065559999999,2016,1
422,70.456343,23.209744,2016,1
423,70.4564,23.209965,2016,1
424,70.456528,23.210141,2016,1
425,70.456586,23.210142,2016,1
426,70.4567169999999,23.210099,2016,1
427,70.456843,23.2100529999999,2016,1
428,70.4569979999999,23.21003,2016,1
429,70.457244,23.2100849999999,2016,1
430,70.4574989999999,23.210429,2016,1
431,70.457676,23.210439,2016,1
432,70.4580839999999,23.2107139999999,2016,1
433,70.45843,23.2107069999999,2016,1
434,70.45847,23.2106959999999,2016,1
435,70.458652,23.2106719999999,2016,1
436,70.458837,23.210639,2016,1
437,70.463858,23.2234909999999,2016,1
438,70.466436,23.232347,2016,1
439,70.4665729999999,23.232544,2016,1
440,70.4664769999999,23.244465,2016,1
441,70.4666,23.245055,2016,1
442,70.466638,23.2452879999999,2016,1
443,70.4665629999999,23.2461209999999,2016,1
444,70.466582,23.247007,2016,1
445,70.466543,23.2476619999999,2016,1
446,70.466559,23.248519,2016,1
447,70.4665959999999,23.249064,2016,1
448,70.466648,23.249419,2016,1
449,70.4667239999999,23.249717,2016,1
450,70.4668669999999,23.250347,2016,1
451,70.466993,23.250896,2016,1
452,70.4671129999999,23.251311,2016,1
453,70.4672209999999,23.251733,2016,1
454,70.467246,23.251863,2016,1
455,70.4672609999999,23.2519279999999,2016,1
456,70.46729,23.2519479999999,2016,1
457,70.467382,23.25193,2016,1
458,70.467532,23.251888,2016,1
459,70.4676709999999,23.252195,2016,1
460,70.467752,23.252419,2016,1
461,70.467944,23.2529049999999,2016,1
462,70.4680769999999,23.253174,2016,1
463,70.46826,23.2534899999999,2016,1
464,70.4683359999999,23.2536039999999,2016,1
465,70.4686329999999,23.253557,2016,1
466,70.468789,23.253629,2016,1
467,70.468928,23.253885,2016,1
468,70.4690329999999,23.25384,2016,1
469,70.4691969999999,23.253712,2016,1
470,70.469361,23.2535409999999,2016,1
471,70.4702249999999,23.2632949999999,2016,1
472,70.470267,23.263306,2016,1
473,70.470414,23.2635739999999,2016,1
474,70.4704509999999,23.2636919999999,2016,1
475,70.4704789999999,23.263773,2016,1
476,70.49109,23.2825069999999,2016,1
477,70.491394,23.282276,2016,1
478,70.49154,23.282211,2016,1
479,70.491765,23.282354,2016,1
480,70.491774,23.282346,2016,1
481,70.6121299999999,23.446283,2016,1
482,70.6121459999999,23.446432,2016,1
483,70.612189,23.446946,2016,1
484,70.6121669999999,23.447364,2016,1
485,70.612255,23.44929,2016,1
486,70.612279,23.449621,2016,1
487,70.612374,23.450423,2016,1
488,70.612375,23.4506799999999,2016,1
489,70.6124039999999,23.4512,2016,1
490,70.6123879999999,23.4515439999999,2016,1
491,70.6123539999999,23.452639,2016,1
492,70.6122989999999,23.4535149999999,2016,1
493,70.612257,23.453755,2016,1
494,70.6118819999999,23.456209,2016,1
495,70.6118869999999,23.456385,2016,1
496,70.6109689999999,23.452019,2016,1
497,70.610532,23.450278,2016,1
498,70.609852,23.449127,2016,1
499,70.8546429999999,23.1130609999999,2016,1
500,70.8557229999999,23.10737,2016,1
501,70.8606529999999,23.097778,2016,1
502,70.8615159999999,23.107975,2016,1
503,70.860549,23.136377,2016,1
504,70.8601129999999,23.135406,2016,1
505,70.843557,23.226395,2016,1
506,70.861508,23.1338809999999,2016,1
507,70.858804,23.1245769999999,2016,1
508,70.8586289999999,23.124424,2016,1
509,70.859041,23.130579,2016,1
510,70.8571419999999,23.136969,2016,1
511,70.8563709999999,23.135199,2016,1
512,70.857296,23.138974,2016,1
513,70.854465,23.141901,2016,1
514,70.855953,23.140279,2016,1
515,70.859385,23.153117,2016,1
516,70.8610479999999,23.156347,2016,1
517,70.8643859999999,23.142766,2016,1
518,70.8631319999999,23.1354639999999,2016,1
519,70.8580919999999,23.073613,2016,1
520,70.862469,23.0498559999999,2016,1
521,70.8717019999999,23.313396,2016,1
522,70.8435029999999,23.227253,2016,1
523,70.8430699999999,23.22678,2016,1
524,70.7724709999999,22.805281,2016,1
525,70.843033,23.227063,2016,1
526,70.8563189999999,23.141226,2016,1
527,70.7728819999999,22.8040349999999,2016,1
528,70.772924,22.803343,2016,1
529,70.7722409999999,22.805083,2016,1
530,70.8435149999999,23.2278699999999,2016,1
531,70.843562,23.227854,2016,1
532,70.8432119999999,23.226032,2016,1
533,70.7118169999999,23.333572,2016,1
534,60.7369089999999,4.826109,2004,0
535,60.7367879999999,4.826448,2004,0
536,60.7330479999999,4.844079,2004,0
537,60.7331179999999,4.844288,2004,0
538,60.733249,4.844192,2004,0
539,60.73792,4.884224,2004,0
540,60.7381129999999,4.883877,2004,0
541,60.738384,4.88324,2004,0
542,60.737842,4.884816,2004,0
543,60.7359999999999,4.875893,2004,0
544,60.7360929999999,4.875727,2004,0
545,60.735877,4.875866,2004,0
546,60.735916,4.8763,2004,0
547,60.73261,4.870203,2004,0
548,60.7324959999999,4.869899,2004,0
549,60.7326789999999,4.869935,2004,0
550,60.732692,4.870352,2004,0
551,60.7329769999999,4.869764,2004,0
552,60.73286,4.869508,2004,0
553,60.712978,4.865153,2004,0
554,60.712963,4.865022,2004,0
555,60.7127869999999,4.865345,2004,0
556,60.748978,4.82909,2004,0
557,60.7489759999999,4.828876,2004,0
558,60.748953,4.82862,2004,0
559,60.74199,4.829965,2004,0
560,60.7419209999999,4.830219,2004,0
561,60.742131,4.829992,2004,0
562,60.7421429999999,4.829762,2004,0
563,60.7260649999999,4.845261,2004,0
564,60.7260149999999,4.845201,2004,0
565,60.725943,4.845395,2004,0
566,60.726084,4.845528,2004,0
567,70.948819,25.46,2016,1
568,70.9473809999999,25.4613179999999,2016,1
569,70.946268,25.464896,2016,1
570,70.9483989999999,25.451432,2016,1
571,70.9506209999999,25.4602679999999,2016,1
572,70.942594,25.4775309999999,2016,1
573,70.953686,25.4702519999999,2016,1
574,71.037119,24.0538449999999,2016,1
575,71.058598,24.1497029999999,2016,1
576,71.060434,24.149211,2016,1
577,71.0607219999999,24.143065,2016,1
578,71.060388,24.1426669999999,2016,1
579,71.066113,24.133785,2016,1
580,71.0643919999999,24.1290349999999,2016,1
581,71.0640369999999,24.128726,2016,1
582,71.063989,24.128606,2016,1
583,71.059775,24.1197139999999,2016,1
584,71.0718159999999,24.1638209999999,2016,1
585,71.0768759999999,24.1834379999999,2016,1
586,71.0758759999999,24.187217,2016,1
587,71.067119,24.1961979999999,2016,1
588,71.0669529999999,24.197837,2016,1
589,71.065813,24.195495,2016,1
590,71.06439,24.190075,2016,1
591,71.062229,24.191164,2016,1
592,71.062477,24.182161,2016,1
593,71.065375,24.2131879999999,2016,1
594,71.0618149999999,24.214936,2016,1
595,71.059887,24.212959,2016,1
596,71.057896,24.214945,2016,1
597,71.050578,24.1768509999999,2016,1
598,71.0515029999999,24.170752,2016,1
599,71.051833,24.1673329999999,2016,1
600,71.0537759999999,24.162811,2016,1
601,71.0544909999999,24.170971,2016,1
602,71.0553089999999,24.1780949999999,2016,1
603,71.056504,24.1891089999999,2016,1
604,71.05713,24.1719539999999,2016,1
605,71.057764,24.1676089999999,2016,1
606,71.036236,24.0869159999999,2016,1
607,71.07007,24.190742,2016,1
608,71.062184,24.1841979999999,2016,1
609,71.066265,24.2070909999999,2016,1
610,71.055795,24.1467969999999,2016,1
611,71.060614,24.1500379999999,2016,1
612,71.064549,24.129131,2016,1
613,71.0742,24.162154,2016,1
614,71.065516,24.177447,2016,1
615,71.0526409999999,24.186105,2016,1
616,71.059348,24.1773659999999,2016,1
617,71.0605769999999,24.1426979999999,2016,1
618,71.065847,24.155017,2016,1
619,71.059984,24.210394,2016,1
620,71.0607899999999,24.1481099999999,2016,1
621,71.061756,24.148588,2016,1
622,71.0625589999999,24.145229,2016,1
623,71.0604419999999,24.142688,2016,1
624,71.0733079999999,24.2071849999999,2016,1
625,71.06046,24.1492709999999,2016,1
626,71.063258,24.1539609999999,2016,1
627,71.065751,24.155004,2016,1
628,71.067169,24.157961,2016,1
629,71.059869,24.1203119999999,2016,1
630,71.059837,24.1201429999999,2016,1
631,71.06775,24.168761,2016,1
632,71.068302,24.170608,2016,1
633,71.070109,24.1614289999999,2016,1
634,71.070925,24.166143,2016,1
635,71.0740179999999,24.170264,2016,1
636,71.071301,24.184466,2016,1
637,70.7947949999999,27.2137269999999,2016,1
638,71.125832,27.629149,2016,1
639,70.796862,27.210156,2016,1
640,70.804106,27.2042509999999,2016,1
641,70.794004,27.215316,2016,1
642,71.1222329999999,27.618321,2016,1
643,71.1180169999999,27.6197979999999,2016,1
644,71.1241289999999,27.627327,2016,1
645,71.123208,27.62743,2016,1
646,71.1198859999999,27.612551,2016,1
647,71.125076,27.6201809999999,2016,1
648,70.803143,27.167587,2016,1
649,71.1165199999999,27.621641,2016,1
650,71.1260309999999,27.622924,2016,1
651,71.114017,27.598132,2016,1
652,70.8031349999999,27.1745179999999,2016,1
653,71.121504,27.625609,2016,1
654,70.795308,27.2230589999999,2016,1
655,70.790608,27.228458,2016,1
656,70.8017789999999,27.170905,2016,1
657,70.7944269999999,27.225978,2016,1
658,71.12389,27.6208169999999,2016,1
659,71.1145379999999,27.587183,2016,1
660,71.121656,27.620061,2016,1
661,70.8063319999999,27.177885,2016,1
662,70.811435,27.2004759999999,2016,1
663,70.809757,27.208454,2016,1
664,70.8059829999999,27.176282,2016,1
665,71.1349919999999,27.618904,2016,1
666,70.8064609999999,27.213345,2016,1
667,71.1225699999999,27.610071,2016,1
668,70.807124,27.176295,2016,1
669,70.811046,27.196071,2016,1
670,71.132237,27.592383,2016,1
671,70.8142339999999,27.206377,2016,1
672,71.1252269999999,27.5779229999999,2016,1
673,71.1182859999999,27.555757,2016,1
674,71.1186649999999,27.5602379999999,2016,1
675,71.12166,27.5565409999999,2016,1
676,70.8124949999999,27.1948879999999,2016,1
677,71.121243,27.576031,2016,1
678,71.123973,27.572869,2016,1
679,70.8083979999999,27.174309,2016,1
680,70.8141179999999,27.1945079999999,2016,1
681,70.808625,27.1675119999999,2016,1
682,70.8098379999999,27.1800579999999,2016,1
683,71.1302709999999,27.5776819999999,2016,1
684,70.797544,27.223755,2016,1
685,70.805164,27.164676,2016,1
686,71.124401,27.5498559999999,2016,1
687,70.8108479999999,27.178602,2016,1
688,70.811323,27.185141,2016,1
689,70.8129859999999,27.18756,2016,1
690,70.8139479999999,27.190238,2016,1
691,71.127706,27.608487,2016,1
692,71.126659,27.6070959999999,2016,1
693,70.7989709999999,27.171941,2016,1
694,71.125729,27.597311,2016,1
695,70.798359,27.1708679999999,2016,1
696,70.8036129999999,27.177589,2016,1
697,71.115536,27.602651,2016,1
698,70.801731,27.1750359999999,2016,1
699,71.1159739999999,27.602937,2016,1
700,70.8076109999999,27.206427,2016,1
701,71.123908,27.6038859999999,2016,1
702,71.132855,27.60338,2016,1
703,71.124785,27.6277569999999,2016,1
704,70.7911809999999,27.226734,2016,1
705,70.7907869999999,27.2257959999999,2016,1
706,71.1243199999999,27.611215,2016,1
707,71.131101,27.615651,2016,1
708,71.1309689999999,27.6275699999999,2016,1
709,71.1180509999999,27.585946,2016,1
710,70.8063769999999,27.2112109999999,2016,1
711,71.1248669999999,27.593218,2016,1
712,71.133043,27.623985,2016,1
713,71.126478,27.596388,2016,1
714,71.128955,27.590239,2016,1
715,71.127932,27.5818049999999,2016,1
716,71.13548,27.605097,2016,1
717,71.1251989999999,27.5983759999999,2016,1
718,70.7960599999999,27.2186729999999,2016,1
719,70.792505,27.220624,2016,1
720,70.791494,27.222076,2016,1
721,70.797514,27.214029,2016,1
722,70.7877349999999,27.2135029999999,2016,1
723,70.7957569999999,27.216404,2016,1
724,70.7957069999999,27.220533,2016,1
725,70.8036579999999,27.210909,2016,1
726,70.104628,30.158035,2017,1
727,70.0792579999999,30.0806919999999,2017,1
728,70.1050819999999,30.1611699999999,2017,1
729,70.102968,30.154052,2017,1
730,70.0792759999999,30.081606,2017,1
731,70.2905339999999,22.1510269999999,2017,1
732,70.3461209999999,21.825416,2017,1
733,70.3467349999999,21.8229229999999,2017,1
734,70.3446699999999,21.831541,2017,1
735,70.3429179999999,21.8289089999999,2017,1
736,70.343704,21.835794,2017,1
737,70.3452199999999,21.843243,2017,1
738,70.3364689999999,21.810371,2017,1
739,70.336584,21.8096229999999,2017,1
740,70.3364509999999,21.8061189999999,2017,1
741,70.3363939999999,21.806335,2017,1
742,70.335812,21.8116629999999,2017,1
743,70.3852009999999,21.72288,2017,1
744,70.383291,21.7500789999999,2017,1
745,70.288656,22.1489629999999,2017,1
746,70.3819519999999,21.7436909999999,2017,1
747,70.3364009999999,21.8060779999999,2017,1
748,70.288921,22.155584,2017,1
749,70.295201,22.152563,2017,1
750,70.389666,21.7170409999999,2017,1
751,70.385012,21.726564,2017,1
752,70.380081,21.73629,2017,1
753,70.3366379999999,21.807478,2017,1
754,70.336528,21.806166,2017,1
755,70.3363949999999,21.806342,2017,1
756,70.3615429999999,21.5141139999999,2017,1
757,70.3571129999999,21.461085,2017,1
758,70.1241109999999,22.497387,2017,1
759,70.2895749999999,22.14739,2017,1
760,70.287992,22.141331,2017,1
761,70.290205,22.1362929999999,2017,1
762,70.29003,22.1359579999999,2017,1
763,70.290299,22.134781,2017,1
764,70.290997,22.1349969999999,2017,1
765,70.290891,22.1311849999999,2017,1
766,70.290586,22.125791,2017,1
767,70.2947309999999,22.129933,2017,1
768,70.2952049999999,22.133272,2017,1
769,70.297565,22.144237,2017,1
770,70.2880179999999,22.168461,2017,1
771,70.2879489999999,22.1691569999999,2017,1
772,70.2878879999999,22.1695309999999,2017,1
773,70.2914909999999,22.191738,2017,1
774,70.2938989999999,22.181723,2017,1
775,70.294852,22.174512,2017,1
776,70.2952149999999,22.1722439999999,2017,1
777,70.2954569999999,22.163516,2017,1
778,70.291695,22.1676259999999,2017,1
779,70.29227,22.1713939999999,2017,1
780,70.290344,22.1690609999999,2017,1
781,70.291582,22.17088,2017,1
782,70.298186,22.1596979999999,2017,1
783,70.297694,22.160197,2017,1
784,70.301765,22.159146,2017,1
785,70.3016789999999,22.167044,2017,1
786,70.3026899999999,22.170427,2017,1
787,70.3039459999999,22.177778,2017,1
788,70.303385,22.164382,2017,1
789,70.3076829999999,22.173631,2017,1
790,70.3066309999999,22.15997,2017,1
791,70.3060859999999,22.155239,2017,1
792,70.309837,22.157228,2017,1
793,70.3045639999999,22.1494159999999,2017,1
794,70.3047449999999,22.1467139999999,2017,1
795,70.3035069999999,22.148382,2017,1
796,70.3029509999999,22.14488,2017,1
797,70.335408,21.816261,2017,1
798,70.335819,21.8113239999999,2017,1
799,70.3364509999999,21.810478,2017,1
800,70.3365589999999,21.809497,2017,1
801,70.340619,21.8109879999999,2017,1
802,70.3416679999999,21.81062,2017,1
803,70.3363549999999,21.819641,2017,1
804,70.3359549999999,21.821642,2017,1
805,70.337101,21.82546,2017,1
806,70.3385619999999,21.8323129999999,2017,1
807,70.353548,21.80732,2017,1
808,70.35455,21.8048579999999,2017,1
809,70.354798,21.8033919999999,2017,1
810,70.354876,21.802793,2017,1
811,70.3554709999999,21.803863,2017,1
812,70.3568949999999,21.804628,2017,1
813,70.356786,21.804565,2017,1
814,70.3443029999999,21.4897029999999,2017,1
815,70.3417079999999,21.4793969999999,2017,1
816,70.3531349999999,21.450029,2017,1
817,70.353192,21.449897,2017,1
818,70.3532349999999,21.449683,2017,1
819,70.353346,21.4491939999999,2017,1
820,70.35374,21.448684,2017,1
821,70.360162,21.489798,2017,1
822,70.359975,21.4896829999999,2017,1
823,70.36041,21.491294,2017,1
824,70.3596419999999,21.494889,2017,1
825,70.361029,21.498819,2017,1
826,70.360702,21.498455,2017,1
827,70.364952,21.5133049999999,2017,1
828,70.365638,21.5098969999999,2017,1
829,70.3672239999999,21.502109,2017,1
830,70.3790539999999,21.441832,2017,1
831,70.373716,21.484036,2017,1
832,70.374639,21.486473,2017,1
833,70.3723289999999,21.4935949999999,2017,1
834,70.3698169999999,21.48814,2017,1
835,70.371114,21.502725,2017,1
836,70.371172,21.514716,2017,1
837,70.370209,21.515381,2017,1
838,70.369225,21.5168469999999,2017,1
839,70.3682539999999,21.5226529999999,2017,1
840,70.373244,21.519496,2017,1
841,70.3732229999999,21.5192729999999,2017,1
842,70.270121,21.356048,2017,1
843,70.2699769999999,21.351614,2017,1
844,70.270222,21.3450139999999,2017,1
845,70.26559,21.35999,2017,1
846,70.2667239999999,21.340723,2017,1
847,70.2640269999999,21.340464,2017,1
848,70.259826,21.3302429999999,2017,1
849,70.253442,21.328541,2017,1
850,70.253009,21.326117,2017,1
851,70.2627219999999,21.341313,2017,1
852,70.2625069999999,21.341339,2017,1
853,70.262366,21.341132,2017,1
854,70.262129,21.340637,2017,1
855,70.261976,21.33841,2017,1
856,70.261751,21.338017,2017,1
857,70.25651,21.33408,2017,1
858,70.2550449999999,21.333521,2017,1
859,70.255171,21.3293509999999,2017,1
860,70.2550439999999,21.321052,2017,1
861,70.2537159999999,21.319467,2017,1
862,70.253624,21.316662,2017,1
863,70.2589969999999,21.321055,2017,1
864,70.2584829999999,21.3181289999999,2017,1
865,70.259788,21.3149459999999,2017,1
866,70.2603579999999,21.323091,2017,1
867,70.261768,21.327372,2017,1
868,70.263102,21.324494,2017,1
869,70.263097,21.316119,2017,1
870,70.264347,21.315459,2017,1
871,70.263433,21.312691,2017,1
872,70.2622319999999,21.314284,2017,1
873,70.261443,21.316642,2017,1
874,70.258784,21.290188,2017,1
875,70.257084,21.28874,2017,1
876,70.2566419999999,21.288035,2017,1
877,70.259477,21.287296,2017,1
878,70.259928,21.290724,2017,1
879,70.262404,21.298886,2017,1
880,70.26363,21.30217,2017,1
881,70.264599,21.299757,2017,1
882,70.2680579999999,21.3163529999999,2017,1
883,70.266677,21.328447,2017,1
884,70.2707369999999,21.3321469999999,2017,1
885,70.274569,21.347179,2017,1
886,70.287181,21.56783,2017,1
887,70.287057,21.566876,2017,1
888,70.286917,21.565809,2017,1
889,70.287379,21.5660899999999,2017,1
890,70.2903239999999,21.5660619999999,2017,1
891,70.290863,21.5637669999999,2017,1
892,70.2909549999999,21.5626819999999,2017,1
893,70.322018,21.589435,2017,1
894,70.3228739999999,21.582943,2017,1
895,70.322832,21.581935,2017,1
896,70.3255149999999,21.58424,2017,1
897,70.3209599999999,21.572271,2017,1
898,70.3215399999999,21.573308,2017,1
899,70.321669,21.5733999999999,2017,1
900,70.32195,21.572019,2017,1
901,70.3217389999999,21.569078,2017,1
902,70.3216479999999,21.568669,2017,1
903,70.321616,21.568434,2017,1
904,70.321903,21.5677179999999,2017,1
905,70.3231609999999,21.556334,2017,1
906,70.325366,21.557306,2017,1
907,70.328404,21.557241,2017,1
908,70.329418,21.5583649999999,2017,1
909,70.3289259999999,21.56391,2017,1
910,70.328832,21.567672,2017,1
911,70.328467,21.569281,2017,1
912,70.328293,21.5695419999999,2017,1
913,70.328282,21.5695219999999,2017,1
914,70.3282289999999,21.5697319999999,2017,1
915,70.3334949999999,21.5698329999999,2017,1
916,70.334535,21.5719169999999,2017,1
917,70.334299,21.5772739999999,2017,1
918,70.3368059999999,21.584011,2017,1
919,70.3367729999999,21.584125,2017,1
920,70.336747,21.5842759999999,2017,1
921,70.338586,21.580141,2017,1
922,70.3390169999999,21.5848739999999,2017,1
923,70.339245,21.6048149999999,2017,1
924,70.33705,21.60173,2017,1
925,70.3346619999999,21.5931479999999,2017,1
926,70.332571,21.585436,2017,1
927,70.33266,21.5851,2017,1
928,70.331474,21.590634,2017,1
929,70.331068,21.605777,2017,1
930,70.3253899999999,21.604465,2017,1
931,70.319968,21.600465,2017,1
932,70.385193,21.7736489999999,2017,1
933,70.3771059999999,21.732239,2017,1
934,70.376936,21.7320369999999,2017,1
935,70.376609,21.732582,2017,1
936,70.3764539999999,21.7340909999999,2017,1
937,70.3761509999999,21.735429,2017,1
938,70.3749959999999,21.737037,2017,1
939,70.3792739999999,21.7935669999999,2017,1
940,70.3715389999999,21.74827,2017,1
941,70.371492,21.7482229999999,2017,1
942,70.3713529999999,21.748134,2017,1
943,70.371323,21.7480949999999,2017,1
944,70.3712929999999,21.748075,2017,1
945,70.371133,21.7479109999999,2017,1
946,70.370883,21.747671,2017,1
947,70.3708089999999,21.747641,2017,1
948,70.361568,21.826792,2017,1
949,70.3616779999999,21.825543,2017,1
950,70.3618539999999,21.8241699999999,2017,1
951,70.357618,21.8258149999999,2017,1
952,70.3584079999999,21.8341829999999,2017,1
953,70.28806,22.139461,2017,1
954,70.291539,22.1387609999999,2017,1
955,70.288734,22.1758759999999,2017,1
956,70.342871,21.467832,2017,1
957,70.3548109999999,21.489504,2017,1
958,70.366398,21.49536,2017,1
959,70.3644769999999,21.48582,2017,1
960,70.365435,21.4586119999999,2017,1
961,70.3283859999999,21.5554069999999,2017,1
962,70.328939,21.5674199999999,2017,1
963,70.386677,21.760203,2017,1
964,70.37899,21.7900269999999,2017,1
965,70.361868,21.824099,2017,1
966,70.361935,21.8238559999999,2017,1
967,70.3058259999999,22.155871,2017,1
968,70.305681,22.1563249999999,2017,1
969,70.3368689999999,21.807407,2017,1
970,70.33691,21.8068959999999,2017,1
971,70.336956,21.806367,2017,1
972,70.3409139999999,21.8123879999999,2017,1
973,70.343399,21.477418,2017,1
974,70.344119,21.469963,2017,1
975,70.3450349999999,21.469446,2017,1
976,70.352529,21.4548239999999,2017,1
977,70.353272,21.4643559999999,2017,1
978,70.35396,21.4772059999999,2017,1
979,70.357673,21.462978,2017,1
980,70.361033,21.4681339999999,2017,1
981,70.3619479999999,21.482267,2017,1
982,70.364941,21.4716179999999,2017,1
983,70.3791149999999,21.444381,2017,1
984,70.379118,21.443625,2017,1
985,70.379086,21.443377,2017,1
986,70.379063,21.442128,2017,1
987,70.3740789999999,21.469427,2017,1
988,70.374419,21.4785879999999,2017,1
989,70.2657739999999,21.3603139999999,2017,1
990,70.2656429999999,21.359672,2017,1
991,70.2663139999999,21.341329,2017,1
992,70.266174,21.3400299999999,2017,1
993,70.2589119999999,21.307288,2017,1
994,70.287998,21.567433,2017,1
995,70.2890299999999,21.568742,2017,1
996,70.289635,21.5705339999999,2017,1
997,70.293559,21.5710769999999,2017,1
998,70.322038,21.58625,2017,1
999,70.3348459999999,21.577074,2017,1
1000,70.3391759999999,21.5948199999999,2017,1
1001,70.332751,21.585032,2017,1
1002,70.3329209999999,21.585253,2017,1
1003,70.3891859999999,21.719814,2017,1
1004,70.384949,21.763451,2017,1
1005,70.384082,21.752856,2017,1
1006,70.37796,21.731831,2017,1
1007,70.3778559999999,21.731517,2017,1
1008,70.3773979999999,21.730671,2017,1
1009,70.377347,21.7304299999999,2017,1
1010,70.378077,21.783733,2017,1
1011,70.357523,21.8265959999999,2017,1
1012,70.3507319999999,21.823433,2017,1
1013,70.347902,21.8294239999999,2017,1
1014,70.3474379999999,21.8280169999999,2017,1
1015,70.347053,21.829146,2017,1
1016,70.3479289999999,21.8299449999999,2017,1
1017,70.287908,22.169791,2017,1
1018,70.307422,22.162009,2017,1
1019,70.304782,22.1489319999999,2017,1
1020,70.370305,21.4688249999999,2017,1
1021,70.370137,21.471813,2017,1
1022,70.3782149999999,21.4516069999999,2017,1
1023,70.373749,21.473559,2017,1
1024,70.2590359999999,21.330945,2017,1
1025,70.261649,21.3378279999999,2017,1
1026,70.2918399999999,21.567806,2017,1
1027,70.29195,21.5694899999999,2017,1
1028,70.32034,21.583615,2017,1
1029,70.3830609999999,21.746997,2017,1
1030,70.3754859999999,21.766221,2017,1
1031,70.2889629999999,22.151983,2017,1
1032,70.293908,22.135936,2017,1
1033,70.288724,22.1607209999999,2017,1
1034,70.2886969999999,22.160712,2017,1
1035,70.288683,22.1758239999999,2017,1
1036,70.2900779999999,22.1807839999999,2017,1
1037,70.290069,22.182433,2017,1
1038,70.336931,21.806608,2017,1
1039,70.3537149999999,21.8168359999999,2017,1
1040,70.356767,21.805523,2017,1
1041,70.3569959999999,21.8054799999999,2017,1
1042,70.3572029999999,21.8079,2017,1
1043,70.358024,21.808691,2017,1
1044,70.3549799999999,21.817698,2017,1
1045,70.3488729999999,21.480501,2017,1
1046,70.3534089999999,21.448995,2017,1
1047,70.3536739999999,21.448954,2017,1
1048,70.3537139999999,21.448851,2017,1
1049,70.353727,21.449175,2017,1
1050,70.3611769999999,21.4627769999999,2017,1
1051,70.3613579999999,21.4821959999999,2017,1
1052,70.360808,21.4874259999999,2017,1
1053,70.3702859999999,21.4642009999999,2017,1
1054,70.370721,21.463082,2017,1
1055,70.3749609999999,21.4560129999999,2017,1
1056,70.379125,21.440961,2017,1
1057,70.3791549999999,21.440743,2017,1
1058,70.379175,21.440217,2017,1
1059,70.3727559999999,21.472712,2017,1
1060,70.2666849999999,21.361719,2017,1
1061,70.2661039999999,21.360855,2017,1
1062,70.2655189999999,21.359399,2017,1
1063,70.2637069999999,21.339096,2017,1
1064,70.263597,21.338265,2017,1
1065,70.26202,21.3350849999999,2017,1
1066,70.2596089999999,21.333621,2017,1
1067,70.2532159999999,21.32842,2017,1
1068,70.2531259999999,21.328288,2017,1
1069,70.2620859999999,21.3390349999999,2017,1
1070,70.2617979999999,21.338101,2017,1
1071,70.2570429999999,21.337467,2017,1
1072,70.2578749999999,21.302436,2017,1
1073,70.256375,21.287627,2017,1
1074,70.25624,21.287254,2017,1
1075,70.2562109999999,21.2871209999999,2017,1
1076,70.289912,21.569614,2017,1
1077,70.290008,21.568372,2017,1
1078,70.2900209999999,21.5678079999999,2017,1
1079,70.291633,21.56623,2017,1
1080,70.3226789999999,21.5566309999999,2017,1
1081,70.328213,21.569779,2017,1
1082,70.32819,21.569877,2017,1
1083,70.336719,21.584305,2017,1
1084,70.3367039999999,21.584384,2017,1
1085,70.3393659999999,21.5903339999999,2017,1
1086,70.381532,21.746174,2017,1
1087,70.3798599999999,21.740842,2017,1
1088,70.3789019999999,21.737366,2017,1
1089,70.378636,21.735388,2017,1
1090,70.377707,21.731251,2017,1
1091,70.37529,21.736834,2017,1
1092,70.375202,21.737192,2017,1
1093,70.3750849999999,21.737162,2017,1
1094,70.374891,21.737814,2017,1
1095,70.3748729999999,21.73881,2017,1
1096,70.374893,21.760304,2017,1
1097,70.3744949999999,21.756491,2017,1
1098,70.373203,21.7501749999999,2017,1
1099,70.3722669999999,21.7491169999999,2017,1
1100,70.3707509999999,21.7566419999999,2017,1
1101,70.3672229999999,21.766396,2017,1
1102,70.36396,21.7785259999999,2017,1
1103,70.3603229999999,21.7947239999999,2017,1
1104,70.3610989999999,21.8207799999999,2017,1
1105,70.359593,21.823332,2017,1
1106,70.3591389999999,21.8189509999999,2017,1
1107,70.358725,21.82489,2017,1
1108,70.2584509999999,22.415741,2017,1
1109,70.2581859999999,21.328354,2017,1
1110,70.290828,21.5624879999999,2017,1
1111,70.290829,21.562,2017,1
1112,70.2907979999999,21.5616559999999,2017,1
1113,70.2913649999999,21.5644789999999,2017,1
1114,70.2916519999999,21.565936,2017,1
1115,70.2920989999999,21.5714949999999,2017,1
1116,70.2929479999999,21.572702,2017,1
1117,70.3133339999999,21.604108,2017,1
1118,70.314311,21.602345,2017,1
1119,70.3159689999999,21.60272,2017,1
1120,70.3168229999999,21.600332,2017,1
1121,70.315939,21.594588,2017,1
1122,70.3160369999999,21.5940669999999,2017,1
1123,70.3169039999999,21.5943989999999,2017,1
1124,70.3176189999999,21.5931609999999,2017,1
1125,70.3184069999999,21.591524,2017,1
1126,70.3169639999999,21.5905179999999,2017,1
1127,70.315323,21.586565,2017,1
1128,70.378078,21.7321549999999,2017,1
1129,70.37169,21.7484679999999,2017,1
1130,70.1202849999999,22.5191599999999,2017,1
1131,70.120125,22.5198159999999,2017,1
1132,70.1199749999999,22.520461,2017,1
1133,70.1201499999999,22.5214399999999,2017,1
1134,70.1203979999999,22.521882,2017,1
1135,70.120553,22.5221699999999,2017,1
1136,70.120737,22.521186,2017,1
1137,70.120821,22.5205969999999,2017,1
1138,70.1208309999999,22.520133,2017,1
1139,70.1209999999999,22.5192459999999,2017,1
1140,70.121035,22.518951,2017,1
1141,70.121026,22.518829,2017,1
1142,70.1209429999999,22.518815,2017,1
1143,70.120895,22.5188349999999,2017,1
1144,70.120827,22.518785,2017,1
1145,70.120776,22.5187269999999,2017,1
1146,70.1206889999999,22.5187099999999,2017,1
1147,70.1206549999999,22.518715,2017,1
1148,70.120563,22.5186619999999,2017,1
1149,70.120585,22.5186929999999,2017,1
1150,70.120585,22.518729,2017,1
1151,70.120547,22.518789,2017,1
1152,70.120541,22.518784,2017,1
1153,70.1205039999999,22.518794,2017,1
1154,70.122071,22.5160909999999,2017,1
1155,70.1219679999999,22.5167709999999,2017,1
1156,70.121751,22.516922,2017,1
1157,70.1216,22.517296,2017,1
1158,70.121358,22.517758,2017,1
1159,70.1210159999999,22.517544,2017,1
1160,70.121075,22.518124,2017,1
1161,70.121026,22.518234,2017,1
1162,70.1209599999999,22.518317,2017,1
1163,70.120935,22.518325,2017,1
1164,70.120941,22.5187209999999,2017,1
1165,70.1210279999999,22.519105,2017,1
1166,70.1211729999999,22.5192049999999,2017,1
1167,70.121232,22.519279,2017,1
1168,70.121485,22.519328,2017,1
1169,70.121682,22.5194149999999,2017,1
1170,70.121819,22.5195019999999,2017,1
1171,70.1220909999999,22.5198849999999,2017,1
1172,70.1222029999999,22.520689,2017,1
1173,70.122138,22.5211639999999,2017,1
1174,70.122048,22.521196,2017,1
1175,70.121705,22.521408,2017,1
1176,70.1213159999999,22.521667,2017,1
1177,70.1212929999999,22.5215619999999,2017,1
1178,70.121193,22.5210459999999,2017,1
1179,70.121178,22.520999,2017,1
1180,70.120925,22.5200159999999,2017,1
1181,70.120849,22.5190209999999,2017,1
1182,70.1208249999999,22.5187759999999,2017,1
1183,70.1207629999999,22.518391,2017,1
1184,70.120686,22.5179879999999,2017,1
1185,70.12057,22.5175139999999,2017,1
1186,70.120519,22.517351,2017,1
1187,70.120462,22.5171169999999,2017,1
1188,70.120406,22.516572,2017,1
1189,70.1204989999999,22.5159419999999,2017,1
1190,70.120568,22.5157929999999,2017,1
1191,70.120705,22.515673,2017,1
1192,70.120827,22.515637,2017,1
1193,70.120985,22.51555,2017,1
1194,70.121184,22.515034,2017,1
1195,70.1208069999999,22.513684,2017,1
1196,70.1205879999999,22.513591,2017,1
1197,70.1204139999999,22.513558,2017,1
1198,70.1202729999999,22.513238,2017,1
1199,70.1203909999999,22.512194,2017,1
1200,70.1204369999999,22.511382,2017,1
1201,70.120384,22.5103739999999,2017,1
1202,70.1205539999999,22.508699,2017,1
1203,70.1205659999999,22.506504,2017,1
1204,70.121284,22.505189,2017,1
1205,70.121212,22.504179,2017,1
1206,70.1210279999999,22.5030159999999,2017,1
1207,70.121018,22.501998,2017,1
1208,70.12115,22.501211,2017,1
1209,70.1212529999999,22.501035,2017,1
1210,70.1214779999999,22.500591,2017,1
1211,70.121959,22.500883,2017,1
1212,70.1221929999999,22.500824,2017,1
1213,70.1225809999999,22.500509,2017,1
1214,70.12296,22.4998229999999,2017,1
1215,70.1234479999999,22.498446,2017,1
1216,70.1237509999999,22.497585,2017,1
1217,70.1244549999999,22.4972759999999,2017,1
1218,70.1254679999999,22.498899,2017,1
1219,70.125528,22.498785,2017,1
1220,70.1254359999999,22.4989309999999,2017,1
1221,68.5631319999999,14.610453,2014,1
1222,68.563462,14.606113,2014,1
1223,68.553177,14.5620429999999,2014,1
1224,68.5536639999999,14.557308,2014,1
1225,68.5539119999999,14.554613,2014,1
1226,68.5296929999999,14.527908,2014,1
1227,68.529122,14.5300429999999,2014,1
1228,68.528991,14.530967,2014,1
1229,68.5860619999999,14.667001,2014,1
1230,68.5861919999999,14.6685479999999,2014,1
1231,68.629137,14.759247,2014,1
1232,68.628774,14.7580639999999,2014,1
1233,68.628426,14.757059,2014,1
1234,68.6278159999999,14.755051,2014,1
1235,68.6188879999999,14.755248,2014,1
1236,68.6180559999999,14.7549259999999,2014,1
1237,68.617078,14.756549,2014,1
1238,67.081517,14.3534,2011,0
1239,67.081517,14.353367,2011,0
1240,67.0815329999999,14.353317,2011,0
1241,66.2112979999999,12.7829479999999,2015,0
1242,66.2114559999999,12.78284,2015,0
1243,66.2114959999999,12.782989,2015,0
1244,66.2115019999999,12.783223,2015,0
1245,66.2115029999999,12.783658,2015,0
1246,66.203967,12.808483,2015,0
1247,66.2040949999999,12.808776,2015,0
1248,66.204002,12.809161,2015,0
1249,66.20394,12.809182,2015,0
1250,66.1798419999999,12.862396,2015,0
1251,66.507388,12.835375,2015,0
1252,66.516295,12.8068659999999,2015,0
1253,66.5160329999999,12.806822,2015,0
1254,66.5156029999999,12.807076,2015,0
1255,66.5153009999999,12.807312,2015,0
1256,66.5347289999999,12.755216,2015,0
1257,66.534413,12.755096,2015,0
1258,66.5341999999999,12.755013,2015,0
1259,66.5616859999999,12.592506,2015,0
1260,66.561547,12.5923339999999,2015,0
1261,66.5614549999999,12.5921819999999,2015,0
1262,66.562982,12.5476379999999,2015,0
1263,66.562745,12.547256,2015,0
1264,66.5625679999999,12.547114,2015,0
1265,66.462558,12.8584219999999,2015,0
1266,66.4624929999999,12.8584099999999,2015,0
1267,66.4624599999999,12.858378,2015,0
1268,66.4624129999999,12.858492,2015,0
1269,66.462378,12.8587609999999,2015,0
1270,66.462175,12.8586829999999,2015,0
1271,66.376776,12.6363629999999,2015,0
1272,66.3849479999999,12.581887,2015,0
1273,66.4026499999999,12.558854,2015,0
1274,66.402427,12.55996,2015,0
1275,66.402123,12.561792,2015,0
1276,66.3983839999999,12.488606,2015,0
1277,66.398148,12.488832,2015,0
1278,66.389047,12.481754,2015,0
1279,66.3888759999999,12.481401,2015,0
1280,66.388649,12.480589,2015,0
1281,66.4123459999999,12.418983,2015,0
1282,66.4122689999999,12.419136,2015,0
1283,66.41225,12.419394,2015,0
1284,66.4117619999999,12.420507,2015,0
1285,66.402833,12.3402189999999,2015,0
1286,66.402608,12.340725,2015,0
1287,66.402422,12.34096,2015,0
1288,66.381275,12.29789,2015,0
1289,66.3811089999999,12.298063,2015,0
1290,66.381219,12.29813,2015,0
1291,66.381189,12.298176,2015,0
1292,66.3471279999999,12.240664,2015,0
1293,66.346941,12.24029,2015,0
1294,66.3467689999999,12.23948,2015,0
1295,66.3465209999999,12.239546,2015,0
1296,66.346517,12.239723,2015,0
1297,66.3465309999999,12.2398419999999,2015,0
1298,66.346523,12.240017,2015,0
1299,66.3464129999999,12.240092,2015,0
1300,66.342758,12.232115,2015,0
1301,66.3427149999999,12.231062,2015,0
1302,66.3424109999999,12.230827,2015,0
1303,66.342166,12.231687,2015,0
1304,66.34198,12.232118,2015,0
1305,66.3419949999999,12.232218,2015,0
1306,66.316721,12.2892949999999,2015,0
1307,66.316809,12.289534,2015,0
1308,66.3168919999999,12.289747,2015,0
1309,66.317031,12.2900709999999,2015,0
1310,66.317002,12.29033,2015,0
1311,66.316449,12.29067,2015,0
1312,66.3162319999999,12.290689,2015,0
1313,66.3155189999999,12.2901969999999,2015,0
1314,66.3153669999999,12.290334,2015,0
1315,66.3332419999999,12.297426,2015,0
1316,66.3331979999999,12.2978749999999,2015,0
1317,66.3333269999999,12.2980769999999,2015,0
1318,66.3335529999999,12.29808,2015,0
1319,66.333661,12.29813,2015,0
1320,66.3337669999999,12.2975119999999,2015,0
1321,66.333864,12.2973979999999,2015,0
1322,66.3339289999999,12.2972249999999,2015,0
1323,66.3340489999999,12.297138,2015,0
1324,66.334214,12.2974049999999,2015,0
1325,66.3343169999999,12.297539,2015,0
1326,66.3311719999999,12.403349,2015,0
1327,66.3311929999999,12.403335,2015,0
1328,66.33123,12.403262,2015,0
1329,66.331359,12.403032,2015,0
1330,66.3313019999999,12.402841,2015,0
1331,66.2997989999999,12.3919,2015,0
1332,66.299586,12.3924,2015,0
1333,66.2994429999999,12.392208,2015,0
1334,66.307856,12.428864,2015,0
1335,66.3081119999999,12.429185,2015,0
1336,66.3080379999999,12.4294879999999,2015,0
1337,66.3080479999999,12.4296419999999,2015,0
1338,66.3251089999999,12.458226,2015,0
1339,66.325253,12.458957,2015,0
1340,69.0847899999999,16.5212399999999,2009,1
1341,69.09877,16.52553,2009,1
1342,69.09641,16.49238,2009,1
1343,69.1017899999999,16.4825899999999,2009,1
1344,69.1031899999999,16.4826799999999,2009,1
1345,69.1637,16.59419,2009,1
1346,69.16275,16.59026,2009,1
1347,69.1613399999999,16.58653,2009,1
1348,69.15231,16.6035499999999,2009,1
1349,69.1675599999999,16.59795,2009,1
1350,69.0833999999999,16.4778899999999,2009,1
1351,69.08973,16.46932,2009,1
1352,69.17521,16.58376,2009,1
1353,69.1817599999999,16.6221,2009,1
1354,69.18295,16.6322699999999,2009,1
1355,69.1791999999999,16.64941,2009,1
1356,69.17555,16.61286,2009,1
1357,69.1720399999999,16.63793,2009,1
1358,69.1769699999999,16.6467999999999,2009,1
1359,69.1806799999999,16.6446299999999,2009,1
1360,69.17672,16.63051,2009,1
1361,69.1777199999999,16.6216599999999,2009,1
1362,69.1779899999999,16.63551,2009,1
1363,69.17538,16.6277499999999,2009,1
1364,69.17456,16.61886,2009,1
1365,69.17403,16.6276499999999,2009,1
1366,69.17362,16.62383,2009,1
1367,69.1713799999999,16.62367,2009,1
1368,69.1713299999999,16.6286999999999,2009,1
1369,69.17064,16.60723,2009,1
1370,69.1692599999999,16.61091,2009,1
1371,69.1688199999999,16.60961,2009,1
1372,69.1673799999999,16.6195899999999,2009,1
1373,68.9817,16.6150799999999,2009,1
1374,68.97167,16.67773,2009,1
1375,68.9782699999999,16.6780599999999,2009,1
1376,68.9778299999999,16.6901699999999,2009,1
1377,68.97597,16.69717,2009,1
1378,68.97305,16.7278899999999,2009,1
1379,68.9703899999999,16.73001,2009,1
1380,68.9674899999999,16.7335299999999,2009,1
1381,68.9686899999999,16.7573599999999,2009,1
1382,68.97082,16.76248,2009,1
1383,68.9914299999999,16.58653,2009,1
1384,68.99285,16.5852399999999,2009,1
1385,68.98103,16.6192099999999,2009,1
1386,68.98233,16.6034599999999,2009,1
1387,68.97865,16.5996799999999,2009,1
1388,68.9788499999999,16.62365,2009,1
1389,63.8152499999999,11.4093,2009,0
1390,63.8160499999999,11.4056,2009,0
1391,63.82383,11.41653,2009,0
1392,63.82395,11.41712,2009,0
1393,63.82419,11.41801,2009,0
1394,63.82484,11.41967,2009,0
1395,63.8256999999999,11.42051,2009,0
1396,63.82609,11.4220299999999,2009,0
1397,63.82981,11.4229,2009,0
1398,63.8299,11.42393,2009,0
1399,63.64645,9.74318,2009,0
1400,63.6465,9.74258,2009,0
1401,63.64649,9.74239,2009,0
1402,63.64647,9.74198,2009,0
1403,63.6453199999999,9.72359999999999,2009,0
1404,63.6351299999999,9.67353999999999,2009,0
1405,63.63512,9.67326,2009,0
1406,63.63512,9.67291,2009,0
1407,63.6351999999999,9.67212999999999,2009,0
1408,63.63984,9.68407,2009,0
1409,63.64401,9.70411,2009,0
1410,63.64428,9.70856,2009,0
1411,63.64432,9.70825,2009,0
1412,63.64466,9.70752,2009,0
1413,63.6447799999999,9.70749,2009,0
1414,63.645,9.70696,2009,0
1415,63.6448699999999,9.71138,2009,0
1416,63.6450099999999,9.71102,2009,0
1417,63.6451599999999,9.71058,2009,0
1418,63.64551,9.70966,2009,0
1419,62.656215,6.962632,2017,0
1420,62.6541599999999,7.006064,2017,0
1421,62.652385,6.942982,2017,0
1422,62.6346399999999,7.11009,2017,0
1423,62.635986,7.159494,2017,0
1424,62.6300529999999,7.170289,2017,0
1425,62.6249639999999,7.142803,2017,0
1426,62.6525979999999,7.008973,2017,0
1427,62.6528139999999,7.009951,2017,0
1428,62.651524,6.992739,2017,0
1429,62.612174,6.924824,2017,0
1430,62.610472,6.922897,2017,0
1431,62.6104759999999,6.922597,2017,0
1432,62.6096999999999,6.924802,2017,0
1433,62.609636,6.925135,2017,0
1434,62.609665,6.925645,2017,0
1435,62.6086019999999,6.928631,2017,0
1436,62.6057059999999,6.923192,2017,0
1437,62.6055989999999,6.922731,2017,0
1438,62.605361,6.922401,2017,0
1439,62.605156,6.922579,2017,0
1440,62.6045889999999,6.921813,2017,0
1441,62.604422,6.920504,2017,0
1442,62.6027309999999,6.917345,2017,0
1443,62.577944,6.916459,2017,0
1444,66.853576,13.060579,2011,0
1445,66.8533819999999,13.0604929999999,2011,0
1446,66.8534099999999,13.059454,2011,0
1447,66.8534769999999,13.059172,2011,0
1448,66.845285,13.060013,2011,0
1449,66.8452319999999,13.059626,2011,0
1450,66.844808,13.059678,2011,0
1451,66.840152,13.0629019999999,2011,0
1452,66.8402389999999,13.061913,2011,0
1453,66.840175,13.060183,2011,0
1454,66.840253,13.059775,2011,0
1455,66.840371,13.0596809999999,2011,0
1456,66.840467,13.059569,2011,0
1457,66.82759,13.023666,2011,0
1458,66.827837,13.023237,2011,0
1459,66.8281309999999,13.023052,2011,0
1460,66.828456,13.022928,2011,0
1461,66.80992,13.044197,2011,0
1462,66.810344,13.044924,2011,0
1463,66.7964099999999,12.994486,2011,0
1464,66.796846,12.995176,2011,0
1465,66.796699,12.996422,2011,0
1466,66.79676,12.997654,2011,0
1467,66.790491,13.046106,2011,0
1468,66.790779,13.045645,2011,0
1469,66.791324,13.045239,2011,0
1470,66.792133,13.044597,2011,0
1471,66.7876289999999,13.0534839999999,2011,0
1472,66.78748,13.052624,2011,0
1473,66.7812959999999,13.038425,2011,0
1474,66.781225,13.03792,2011,0
1475,66.7744809999999,13.069284,2011,0
1476,66.7746669999999,13.069228,2011,0
1477,66.8252609999999,13.17939,2011,0
1478,66.825038,13.178699,2011,0
1479,66.824838,13.179145,2011,0
1480,66.8319809999999,13.155663,2011,0
1481,66.832183,13.155822,2011,0
1482,66.8326349999999,13.156253,2011,0
1483,66.8419789999999,13.241469,2011,0
1484,66.8424449999999,13.2415679999999,2011,0
1485,66.8590959999999,13.225738,2011,0
1486,66.8590049999999,13.22648,2011,0
1487,66.859215,13.22401,2011,0
1488,66.849303,13.272918,2011,0
1489,66.8393059999999,13.297492,2011,0
1490,66.838909,13.2966099999999,2011,0
1491,66.839229,13.296431,2011,0
1492,66.8439359999999,13.317311,2011,0
1493,66.8439039999999,13.317026,2011,0
1494,66.8441579999999,13.317094,2011,0
1495,66.870112,13.407928,2011,0
1496,66.8701659999999,13.4074639999999,2011,0
1497,66.8698579999999,13.3887909999999,2011,0
1498,66.870182,13.388325,2011,0
1499,66.8709329999999,13.3858099999999,2011,0
1500,66.9330429999999,13.368841,2011,0
1501,66.933293,13.367874,2011,0
1502,66.9356319999999,13.3655349999999,2011,0
1503,66.9304049999999,13.343552,2011,0
1504,66.930796,13.3424879999999,2011,0
1505,66.931234,13.3409619999999,2011,0
1506,66.917585,13.3492929999999,2011,0
1507,66.9180209999999,13.3487659999999,2011,0
1508,66.913121,13.3461459999999,2011,0
1509,66.913498,13.345967,2011,0
1510,66.9141979999999,13.345748,2011,0
1511,66.9069719999999,13.359809,2011,0
1512,66.906462,13.359764,2011,0
1513,66.8953489999999,13.367304,2011,0
1514,66.895751,13.366458,2011,0
1515,66.8934239999999,13.379282,2011,0
1516,63.87886,11.07421,2009,0
1517,63.8784899999999,11.07441,2009,0
1518,63.8602899999999,11.29449,2009,0
1519,63.83576,11.29773,2009,0
1520,63.853783,11.1922999999999,2010,0
1521,63.864533,11.2372669999999,2010,0
1522,63.8492499999999,11.304567,2010,0
1523,63.8539,11.30615,2010,0
1524,63.8539,11.305617,2010,0
1525,63.8539329999999,11.305133,2010,0
1526,63.9048099999999,10.93947,2009,0
1527,63.8803899999999,11.0492,2009,0
1528,63.8802099999999,11.04912,2009,0
1529,63.87754,11.0482499999999,2009,0
1530,63.86393,11.04815,2009,0
1531,63.8638899999999,11.04809,2009,0
1532,63.86368,11.0478,2009,0
1533,63.85817,11.04975,2009,0
1534,63.85812,11.04968,2009,0
1535,63.85826,11.0497599999999,2009,0
1536,67.629885,14.601397,2012,0
1537,67.629923,14.601315,2012,0
1538,67.650395,14.5873349999999,2012,0
1539,67.65626,14.5917549999999,2012,0
1540,67.657166,14.5932689999999,2012,0
1541,67.669212,14.695814,2012,0
1542,67.6684479999999,14.7058269999999,2012,0
1543,67.6606179999999,14.735275,2012,0
1544,67.658641,14.750197,2012,0
1545,67.6585419999999,14.749574,2012,0
1546,67.7157749999999,14.857988,2012,0
1547,67.7550719999999,14.6311579999999,2012,0
1548,67.7549309999999,14.631458,2012,0
1549,67.755239,14.6309,2012,0
1550,67.745411,14.5936179999999,2012,0
1551,67.7210369999999,14.559597,2012,0
1552,67.7211819999999,14.56024,2012,0
1553,67.7213449999999,14.5611619999999,2012,0
1554,67.718643,14.578324,2012,0
1555,67.7180769999999,14.578039,2012,0
1556,67.7231969999999,14.603278,2012,0
1557,67.723111,14.602625,2012,0
1558,67.7226689999999,14.627091,2012,0
1559,67.7225109999999,14.626695,2012,0
1560,67.7265459999999,14.6542379999999,2012,0
1561,67.7262939999999,14.654125,2012,0
1562,67.774669,14.578639,2012,0
1563,67.774697,14.580254,2012,0
1564,67.7738329999999,14.5623869999999,2012,0
1565,67.772075,14.558362,2012,0
1566,67.7729599999999,14.559968,2012,0
1567,67.7815279999999,14.552294,2012,0
1568,67.7812619999999,14.552638,2012,0
1569,67.7806839999999,14.552298,2012,0
1570,67.7819049999999,14.566483,2012,0
1571,67.7823949999999,14.567154,2012,0
1572,67.7811119999999,14.584452,2012,0
1573,67.772642,14.505706,2012,0
1574,67.7726049999999,14.504492,2012,0
1575,67.773121,14.5044419999999,2012,0
1576,67.7738949999999,14.505436,2012,0
1577,67.7738559999999,14.507258,2012,0
1578,67.7735239999999,14.475599,2012,0
1579,67.7776429999999,14.470757,2012,0
1580,67.7778059999999,14.4704979999999,2012,0
1581,67.778277,14.4698949999999,2012,0
1582,67.7770289999999,14.461259,2012,0
1583,67.7772879999999,14.462151,2012,0
1584,67.7775649999999,14.462926,2012,0
1585,67.788026,14.474042,2012,0
1586,67.7881229999999,14.474167,2012,0
1587,67.7880499999999,14.4733839999999,2012,0
1588,67.787839,14.471196,2012,0
1589,67.787794,14.468645,2012,0
1590,67.7877349999999,14.465585,2012,0
1591,67.7885069999999,14.517643,2012,0
1592,67.7886029999999,14.5190059999999,2012,0
1593,67.7884339999999,14.520471,2012,0
1594,67.787885,14.548845,2012,0
1595,67.7917589999999,14.550034,2012,0
1596,67.791369,14.5501039999999,2012,0
1597,67.790706,14.551126,2012,0
1598,67.791824,14.6699009999999,2012,0
1599,67.7917999999999,14.669169,2012,0
1600,67.7919129999999,14.746164,2012,0
1601,67.7923959999999,14.747809,2012,0
1602,67.7949019999999,14.761642,2012,0
1603,67.8240409999999,14.658696,2012,0
1604,67.823504,14.6576419999999,2012,0
1605,67.822794,14.656518,2012,0
1606,67.821944,14.6553439999999,2012,0
1607,67.852372,14.70698,2012,0
1608,67.85136,14.668051,2012,0
1609,67.851522,14.6676249999999,2012,0
1610,67.8590559999999,14.669651,2012,0
1611,67.8457099999999,14.627247,2012,0
1612,67.8450399999999,14.6272769999999,2012,0
1613,67.8402499999999,14.5911779999999,2012,0
1614,67.8404649999999,14.589738,2012,0
1615,67.8394009999999,14.5866589999999,2012,0
1616,67.838386,14.545018,2012,0
1617,67.839798,14.541947,2012,0
1618,67.839928,14.5409659999999,2012,0
1619,67.8398569999999,14.539935,2012,0
1620,67.84062,14.535133,2012,0
1621,67.851138,14.552128,2012,0
1622,67.8513719999999,14.552612,2012,0
1623,67.852135,14.554009,2012,0
1624,67.862746,14.600758,2012,0
1625,67.8629109999999,14.600491,2012,0
1626,67.863189,14.6001499999999,2012,0
1627,67.868347,14.607118,2012,0
1628,67.868043,14.6073559999999,2012,0
1629,67.8677289999999,14.608171,2012,0
1630,67.8762109999999,14.633176,2012,0
1631,67.876941,14.633347,2012,0
1632,67.877198,14.63216,2012,0
1633,67.8768989999999,14.631047,2012,0
1634,67.8824259999999,14.661405,2012,0
1635,67.8826339999999,14.661372,2012,0
1636,67.8752109999999,14.6619309999999,2012,0
1637,67.8562249999999,14.594087,2012,0
1638,67.856285,14.593572,2012,0
1639,67.8899349999999,14.744766,2012,0
1640,67.88974,14.744395,2012,0
1641,67.8897189999999,14.753568,2012,0
1642,67.9479149999999,14.849284,2012,0
1643,67.947091,14.848045,2012,0
1644,67.946725,14.848625,2012,0
1645,67.9446489999999,14.856862,2012,0
1646,67.944916,14.855191,2012,0
1647,67.9447329999999,14.865435,2012,0
1648,67.9590769999999,14.899348,2012,0
1649,67.9592909999999,14.89868,2012,0
1650,67.9596719999999,14.900115,2012,0
1651,67.9629709999999,14.913354,2012,0
1652,67.9631519999999,14.912374,2012,0
1653,67.967911,14.9121849999999,2012,0
1654,67.96795,14.911409,2012,0
1655,67.968513,14.919415,2012,0
1656,67.9730679999999,14.915564,2012,0
1657,67.9732159999999,14.915196,2012,0
1658,67.972733,14.9335349999999,2012,0
1659,67.972074,14.9325069999999,2012,0
1660,67.971197,14.930323,2012,0
1661,67.970083,14.9318969999999,2012,0
1662,67.974958,14.953106,2012,0
1663,67.9752009999999,14.952481,2012,0
1664,67.9952049999999,15.064412,2012,0
1665,67.99539,15.063221,2012,0
1666,68.0015779999999,15.069309,2012,0
1667,68.0011789999999,15.068833,2012,0
1668,68.012735,15.07581,2012,0
1669,68.012831,15.075189,2012,0
1670,67.998293,15.070144,2012,0
1671,61.371853,5.520353,2015,0
1672,61.3718289999999,5.52045,2015,0
1673,61.3040409999999,5.056591,2015,0
1674,61.304076,5.056667,2015,0
1675,61.303424,5.056434,2015,0
1676,61.303417,5.05669,2015,0
1677,61.303373,5.056745,2015,0
1678,61.289383,5.018866,2015,0
1679,61.2881429999999,5.018245,2015,0
1680,61.286956,5.014135,2015,0
1681,61.286974,5.014115,2015,0
1682,61.286824,5.015753,2015,0
1683,61.2866349999999,5.018411,2015,0
1684,61.287542,5.018353,2015,0
1685,62.43992,6.05568,2017,0
1686,62.4074049999999,6.094522,2017,0
1687,62.403201,6.109354,2017,0
1688,62.414749,6.341597,2017,0
1689,62.39925,6.121557,2017,0
1690,62.407507,6.328041,2017,0
1691,62.4081359999999,6.322487,2017,0
1692,62.4045109999999,6.278658,2017,0
1693,62.3967439999999,6.150385,2017,0
1694,62.397078,6.144273,2017,0
1695,62.397849,6.131661,2017,0
1696,62.403469,6.295851,2017,0
1697,62.401654,6.262131,2017,0
1698,62.398831,6.2236,2017,0
1699,62.395983,6.156365,2017,0
1700,62.3947709999999,6.196891,2017,0
1701,63.48982,8.19317,2017,0
1702,62.7609229999999,6.818753,2017,0
1703,62.7506089999999,6.718416,2017,0
1704,62.7570059999999,6.873253,2017,0
1705,62.7470959999999,6.740546,2017,0
1706,62.751603,6.857151,2017,0
1707,62.748809,6.849202,2017,0
1708,62.740495,6.733511,2017,0
1709,62.742665,6.847793,2017,0
1710,62.7382929999999,6.786538,2017,0
1711,62.7354369999999,6.781287,2017,0
1712,62.728285,6.668139,2017,0
1713,62.698436,6.667862,2017,0
1714,62.673966,6.660881,2017,0
1715,62.6775009999999,6.750828,2017,0
1716,62.678234,6.764491,2017,0
1717,62.678652,6.927032,2017,0
1718,62.6670129999999,6.846202,2017,0
1719,62.672567,6.900552,2017,0
1720,62.662951,6.84731,2017,0
1721,62.6725459999999,6.665554,2017,0
1722,62.6724719999999,6.664942,2017,0
1723,62.6748669999999,6.911016,2017,0
1724,62.6749149999999,6.912715,2017,0
1725,62.674916,6.912984,2017,0
1726,62.674906,6.913297,2017,0
1727,62.674835,6.913634,2017,0
1728,62.6748079999999,6.91372,2017,0
1729,62.6747299999999,6.913929,2017,0
1730,62.6746929999999,6.914135,2017,0
1731,62.6746509999999,6.914409,2017,0
1732,62.674607,6.914612,2017,0
1733,62.6740459999999,6.912058,2017,0
1734,62.6741699999999,6.911879,2017,0
1735,62.674334,6.911795,2017,0
1736,62.6747749999999,6.911707,2017,0
1737,62.6722309999999,6.899544,2017,0
1738,62.6712199999999,6.895405,2017,0
1739,62.6711129999999,6.894948,2017,0
1740,62.6711469999999,6.894801,2017,0
1741,62.6708649999999,6.894104,2017,0
1742,62.747714,6.913146,2017,0
1743,62.74681,6.911125,2017,0
1744,62.746634,6.910096,2017,0
1745,62.748606,6.914994,2017,0
1746,62.7489429999999,6.915458,2017,0
1747,62.48904,6.18741,2017,0
1748,62.48843,6.17782,2017,0
1749,62.49982,6.17932,2017,0
1750,62.4677599999999,6.06682,2017,0
1751,62.4655399999999,6.06749,2017,0
1752,62.4287819999999,6.481847,2017,0
1753,62.4292039999999,6.473277,2017,0
1754,62.4297279999999,6.471187,2017,0
1755,62.429568,6.464549,2017,0
1756,62.4244539999999,6.412365,2017,0
1757,62.4183269999999,6.381547,2017,0
1758,62.4182819999999,6.388572,2017,0
1759,62.417304,6.37811,2017,0
1760,68.232167,15.009867,2012,1
1761,68.2315669999999,15.009683,2012,1
1762,68.230883,15.0094169999999,2012,1
1763,68.2376,15.01185,2012,1
1764,68.237667,15.00995,2012,1
1765,68.244617,15.010133,2012,1
1766,68.2451499999999,15.009767,2012,1
1767,68.255733,15.011533,2012,1
1768,68.256433,15.0111,2012,1
1769,68.256933,15.0101669999999,2012,1
1770,68.269433,15.033433,2012,1
1771,68.246683,15.054933,2012,1
1772,68.233917,14.6557,2012,1
1773,68.2337169999999,14.65535,2012,1
1774,68.23335,14.6551329999999,2012,1
1775,68.234217,14.62735,2012,1
1776,68.2339,14.6274669999999,2012,1
1777,68.232967,14.6252999999999,2012,1
1778,68.21925,14.546533,2012,1
1779,68.210783,14.5139499999999,2012,1
1780,68.2104499999999,14.512683,2012,1
1781,68.150283,14.614117,2012,1
1782,68.150467,14.6130499999999,2012,1
1783,68.15045,14.614267,2012,1
1784,68.150433,14.613917,2012,1
1785,68.150317,14.6297169999999,2012,1
1786,68.1505499999999,14.627783,2012,1
1787,68.1505999999999,14.627483,2012,1
1788,68.155983,14.6283829999999,2012,1
1789,68.1560499999999,14.6282669999999,2012,1
1790,68.1560999999999,14.6282,2012,1
1791,68.1566169999999,14.627533,2012,1
1792,68.152417,14.646117,2012,1
1793,68.15255,14.6457169999999,2012,1
1794,68.161133,14.652867,2012,1
1795,68.160583,14.6534169999999,2012,1
1796,68.167117,14.652183,2012,1
1797,68.1675,14.6514,2012,1
1798,68.170433,14.661517,2012,1
1799,68.17085,14.661333,2012,1
1800,68.1739,14.668467,2012,1
1801,68.1735829999999,14.6678169999999,2012,1
1802,68.1865829999999,14.709533,2012,1
1803,68.186717,14.70895,2012,1
1804,68.1934169999999,14.704367,2012,1
1805,68.1933669999999,14.7038329999999,2012,1
1806,68.1950669999999,14.7076499999999,2012,1
1807,68.203917,14.707633,2012,1
1808,68.2041669999999,14.707267,2012,1
1809,68.2087329999999,14.702,2012,1
1810,68.2088329999999,14.682267,2012,1
1811,68.209,14.681633,2012,1
1812,68.209117,14.681483,2012,1
1813,68.2122999999999,14.6651,2012,1
1814,68.2118499999999,14.6648,2012,1
1815,68.218283,14.669567,2012,1
1816,68.2186829999999,14.66925,2012,1
1817,68.214117,14.6905,2012,1
1818,68.2135169999999,14.6900169999999,2012,1
1819,68.2164999999999,14.701317,2012,1
1820,68.2165329999999,14.70105,2012,1
1821,68.2232329999999,14.69715,2012,1
1822,68.223983,14.697583,2012,1
1823,68.224333,14.6972,2012,1
1824,68.226633,14.710333,2012,1
1825,68.2267499999999,14.709383,2012,1
1826,68.2494669999999,14.732117,2012,1
1827,68.256433,14.7174169999999,2012,1
1828,68.2567329999999,14.71645,2012,1
1829,68.2561,14.7168829999999,2012,1
1830,68.1980829999999,14.458752,2013,1
1831,68.1980449999999,14.4583689999999,2013,1
1832,68.1654999999999,14.431248,2013,0
1833,68.166105,14.433127,2013,0
1834,68.1668829999999,14.43491,2013,0
1835,68.157117,14.405478,2013,0
1836,68.156675,14.407518,2013,0
1837,68.1697609999999,14.367118,2013,0
1838,68.169184,14.366539,2013,0
1839,68.1784049999999,14.3354199999999,2013,0
1840,68.143011,14.2736959999999,2013,0
1841,68.1399959999999,14.2058,2013,0
1842,68.1395519999999,14.204158,2013,0
1843,68.140596,14.199185,2013,0
1844,68.1402449999999,14.198941,2013,0
1845,68.1402599999999,14.198869,2013,0
1846,68.13539,14.178921,2013,0
1847,68.135878,14.172938,2013,0
1848,68.135176,14.1727969999999,2013,0
1849,68.1345929999999,14.173059,2013,0
1850,68.1413869999999,14.151667,2013,0
1851,68.142216,14.151411,2013,0
1852,68.1432049999999,14.151578,2013,0
1853,68.144418,14.162651,2013,0
1854,68.145476,14.146048,2013,0
1855,68.1462329999999,14.1457169999999,2013,0
1856,68.1468459999999,14.1443829999999,2013,0
1857,68.1473369999999,14.143564,2013,0
1858,68.1904629999999,14.196362,2013,0
1859,68.2002779999999,14.193374,2013,1
1860,68.2022889999999,14.1933,2013,1
1861,68.2073529999999,14.176297,2013,1
1862,68.3619029999999,14.0023199999999,2014,1
1863,68.360028,14.023968,2014,1
1864,68.3093779999999,14.29908,2014,0
1865,68.319626,14.2809849999999,2014,0
1866,68.33247,14.445525,2014,0
1867,68.391277,14.403071,2014,1
1868,68.3941729999999,14.410337,2014,1
1869,68.3938619999999,14.409725,2014,1
1870,68.4327499999999,14.209949,2014,1
1871,68.4319279999999,14.207601,2014,1
1872,68.4301839999999,14.2038569999999,2014,1
1873,68.4227649999999,14.194856,2014,1
1874,68.386858,14.0646439999999,2014,1
1875,68.388219,14.059721,2014,1
1876,68.3844629999999,13.98307,2014,1
1877,68.38374,13.98112,2014,1
1878,68.3785599999999,13.975039,2014,1
1879,60.0861999999999,5.516683,2009,0
1880,60.0864499999999,5.534383,2009,0
1881,60.0840999999999,5.510433,2009,0
1882,60.0842999999999,5.522283,2009,0
1883,60.084617,5.52665,2009,0
1884,60.0840669999999,5.529967,2009,0
1885,60.0832169999999,5.528017,2009,0
1886,60.0825,5.522683,2009,0
1887,60.0793499999999,5.517033,2009,0
1888,60.078583,5.511667,2009,0
1889,60.078733,5.53195,2009,0
1890,60.0772499999999,5.52175,2009,0
1891,60.0786829999999,5.555967,2009,0
1892,60.07515,5.507867,2009,0
1893,60.0759499999999,5.5241,2009,0
1894,60.0746499999999,5.509883,2009,0
1895,60.075367,5.521283,2009,0
1896,60.0771999999999,5.548383,2009,0
1897,60.074483,5.521767,2009,0
1898,60.0761329999999,5.548967,2009,0
1899,60.074717,5.537617,2009,0
1900,60.0728829999999,5.518483,2009,0
1901,60.0739329999999,5.536767,2009,0
1902,60.075367,5.556517,2009,0
1903,60.0733999999999,5.531567,2009,0
1904,60.0735,5.53365,2009,0
1905,60.0743829999999,5.54875,2009,0
1906,60.074333,5.555717,2009,0
1907,60.0733499999999,5.543483,2009,0
1908,60.0733999999999,5.545183,2009,0
1909,60.0739829999999,5.55245,2009,0
1910,60.0720669999999,5.540067,2009,0
1911,60.0711999999999,5.53475,2009,0
1912,60.0707999999999,5.532483,2009,0
1913,60.07135,5.543733,2009,0
1914,60.0718669999999,5.553583,2009,0
1915,60.068883,5.51585,2009,0
1916,60.069183,5.521383,2009,0
1917,60.069583,5.53255,2009,0
1918,60.0696829999999,5.542383,2009,0
1919,60.068617,5.534683,2009,0
1920,60.067267,5.53195,2009,0
1921,60.066267,5.526167,2009,0
1922,60.0671,5.540533,2009,0
1923,60.0656499999999,5.524433,2009,0
1924,60.065567,5.525683,2009,0
1925,60.0666,5.5415,2009,0
1926,60.067467,5.55065,2009,0
1927,60.0654669999999,5.5262,2009,0
1928,60.067017,5.5475,2009,0
1929,60.06465,5.525983,2009,0
1930,60.065783,5.5403,2009,0
1931,60.0662999999999,5.54765,2009,0
1932,60.064267,5.522283,2009,0
1933,60.0672169999999,5.5681,2009,0
1934,60.067067,5.565617,2009,0
1935,60.0626669999999,5.52445,2009,0
1936,60.063467,5.545683,2009,0
1937,60.0647499999999,5.567417,2009,0
1938,60.0635169999999,5.5532,2009,0
1939,60.0619999999999,5.54385,2009,0
1940,60.0634999999999,5.569683,2009,0
1941,60.061267,5.551517,2009,0
1942,60.069133,5.54125,2009,0
1943,60.066333,5.5214,2009,0
1944,60.06795,5.551733,2009,0
1945,60.0865,5.5339,2009,0
1946,60.07025,5.523217,2009,0
1947,60.0729499999999,5.500767,2009,0
1948,60.0733999999999,5.503767,2009,0
1949,60.0733,5.504467,2009,0
1950,60.075583,5.55155,2009,0
1951,60.062967,5.5323,2009,0
1952,60.0593829999999,5.524033,2009,0
1953,60.0596,5.53745,2009,0
1954,60.05745,5.517433,2009,0
1955,60.057583,5.5203,2009,0
1956,60.0568499999999,5.5198,2009,0
1957,60.057917,5.53655,2009,0
1958,60.0566,5.5248,2009,0
1959,60.054133,5.523267,2009,0
1960,60.0547169999999,5.505883,2009,0
1961,60.0568,5.53475,2009,0
1962,60.056133,5.528317,2009,0
1963,60.055933,5.52905,2009,0
1964,60.0562499999999,5.533183,2009,0
1965,60.056483,5.5336,2009,0
1966,60.05395,5.517217,2009,0
1967,60.053933,5.523183,2009,0
1968,60.053617,5.52205,2009,0
1969,60.052233,5.518567,2009,0
1970,60.0523499999999,5.534417,2009,0
1971,60.051383,5.535233,2009,0
1972,60.051467,5.53595,2009,0
1973,60.05015,5.525367,2009,0
1974,60.050417,5.529867,2009,0
1975,60.085267,5.534117,2009,0
1976,62.105673,5.10643,2014,0
1977,62.108769,5.111692,2014,0
1978,62.1117289999999,5.115067,2014,0
1979,62.111763,5.115539,2014,0
1980,62.111676,5.104938,2014,0
1981,62.111863,5.104393,2014,0
1982,62.1144839999999,5.115611,2014,0
1983,62.11518,5.109583,2014,0
1984,62.1182069999999,5.107621,2014,0
1985,62.1096689999999,5.102217,2014,0
1986,62.112475,5.100327,2014,0
1987,62.112867,5.102614,2014,0
1988,62.1135299999999,5.102395,2014,0
1989,62.1169489999999,5.109001,2014,0
1990,62.1059119999999,5.109733,2014,0
1991,62.10598,5.110677,2014,0
1992,62.106966,5.105522,2014,0
1993,62.10797,5.116303,2014,0
1994,62.1109119999999,5.116302,2014,0
1995,62.1109939999999,5.0955,2014,0
1996,62.1125499999999,5.116717,2014,0
1997,62.1132759999999,5.114558,2014,0
1998,62.1152829999999,5.110999,2014,0
1999,62.117545,5.114121,2014,0
2000,62.106251,5.101893,2014,0
2001,62.10972,5.099785,2014,0
2002,62.1113879999999,5.110348,2014,0
2003,62.1137859999999,5.109076,2014,0
2004,62.1135459999999,5.099491,2014,0
2005,62.115605,5.106061,2014,0
2006,62.116013,5.105443,2014,0
2007,62.1129869999999,5.113687,2014,0
2008,62.107646,5.10868,2014,0
2009,62.0945559999999,5.238516,2015,0
2010,62.0952729999999,5.235869,2015,0
2011,62.097422,5.22793,2015,0
2012,62.0984839999999,5.239656,2015,0
2013,62.0973589999999,5.220708,2015,0
2014,62.097715,5.222524,2015,0
2015,62.09834,5.228114,2015,0
2016,62.098508,5.230474,2015,0
2017,62.098778,5.234249,2015,0
2018,62.0993879999999,5.236465,2015,0
2019,62.098633,5.222708,2015,0
2020,62.098854,5.222636,2015,0
2021,62.09884,5.219261,2015,0
2022,62.1013919999999,5.216982,2015,0
2023,62.1016279999999,5.220286,2015,0
2024,62.0967869999999,5.234895,2015,0
2025,62.099119,5.23269,2015,0
2026,62.1002629999999,5.226524,2015,0
2027,62.095768,5.233295,2015,0
2028,62.096181,5.226401,2015,0
2029,62.0978009999999,5.242774,2015,0
2030,62.100023,5.229499,2015,0
2031,62.100301,5.220717,2015,0
2032,62.1008399999999,5.228268,2015,0
2033,62.1004209999999,5.21923,2015,0
2034,62.100878,5.222461,2015,0
2035,62.100695,5.216726,2015,0
2036,62.1013689999999,5.226165,2015,0
2037,62.1014029999999,5.226637,2015,0
2038,62.1011519999999,5.219958,2015,0
2039,62.1012199999999,5.220902,2015,0
2040,62.095844,5.243891,2015,0
2041,62.0957539999999,5.22992,2015,0
2042,62.095787,5.230392,2015,0
2043,62.096494,5.240301,2015,0
2044,62.0967679999999,5.237798,2015,0
2045,62.1911589999999,5.241453,2014,0
2046,62.19187,5.245096,2014,0
2047,62.1941539999999,5.239024,2014,0
2048,62.195601,5.2371,2014,0
2049,62.195635,5.237573,2014,0
2050,62.1962309999999,5.23641,2014,0
2051,62.1968609999999,5.23572,2014,0
2052,62.197712,5.234959,2014,0
2053,62.1982209999999,5.235761,2014,0
2054,62.1983749999999,5.234742,2014,0
2055,62.198784,5.234125,2014,0
2056,62.191139,5.244365,2014,0
2057,62.1935429999999,5.236801,2014,0
2058,62.1945819999999,5.235494,2014,0
2059,62.1954089999999,5.243944,2014,0
2060,62.195529,5.242451,2014,0
2061,62.195683,5.241433,2014,0
2062,62.1958849999999,5.244273,2014,0
2063,62.1959039999999,5.24136,2014,0
2064,62.194918,5.240228,2014,0
2065,62.1906299999999,5.243562,2014,0
2066,62.191591,5.253904,2014,0
2067,62.193216,5.241751,2014,0
2068,62.195298,5.232839,2014,0
2069,62.1976299999999,5.230625,2014,0
2070,62.192385,5.2396,2014,0
2071,62.2002069999999,5.241412,2014,0
2072,62.1970049999999,5.247299,2014,0
2073,62.198587,5.247269,2014,0
2074,62.1989949999999,5.246651,2014,0
2075,62.1981439999999,5.247413,2014,0
2076,62.1981639999999,5.2445,2014,0
2077,62.1987069999999,5.245776,2014,0
2078,62.1948909999999,5.151104,2014,0
2079,62.1946349999999,5.157002,2014,0
2080,62.1959269999999,5.156093,2014,0
2081,62.197544,5.150232,2014,0
2082,62.198936,5.163341,2014,0
2083,62.1994979999999,5.161703,2014,0
2084,62.1965909999999,5.155875,2014,0
2085,62.201216,5.157262,2014,0
2086,62.197029,5.174625,2014,0
2087,62.1958259999999,5.154673,2014,0
2088,62.197187,5.148411,2014,0
2089,62.2015359999999,5.171209,2014,0
2090,62.201047,5.148595,2014,0
2091,62.202119,5.147758,2014,0
2092,62.197628,5.154565,2014,0
2093,62.194839,5.153543,2014,0
2094,62.200961,5.156861,2014,0
2095,62.2005679999999,5.167166,2014,0
2096,62.193714,5.169415,2014,0
2097,62.2045639999999,5.169246,2014,0
2098,62.189264,5.249818,2014,0
2099,62.1873939999999,5.248974,2014,0
2100,62.187548,5.247955,2014,0
2101,62.1889759999999,5.248943,2014,0
2102,62.189442,5.23959,2014,0
2103,62.1890569999999,5.253275,2014,0
2104,62.190739,5.254665,2014,0
2105,62.1895659999999,5.254078,2014,0
2106,62.189821,5.25448,2014,0
2107,62.189404,5.245414,2014,0
2108,66.215219,12.52497,2015,0
2109,66.2151949999999,12.525233,2015,0
2110,66.21522,12.525475,2015,0
2111,66.215078,12.526391,2015,0
2112,66.2012629999999,12.545938,2015,0
2113,66.2000589999999,12.4641819999999,2015,0
2114,66.200038,12.4650599999999,2015,0
2115,66.1022289999999,12.29716,2015,0
2116,66.1422819999999,12.195345,2015,0
2117,66.1422649999999,12.19569,2015,0
2118,66.142218,12.195854,2015,0
2119,66.142178,12.195861,2015,0
2120,66.146794,12.220122,2015,0
2121,66.146915,12.2196789999999,2015,0
2122,66.147074,12.219521,2015,0
2123,66.1471769999999,12.21917,2015,0
2124,66.147242,12.218005,2015,0
2125,66.148222,12.238087,2015,0
2126,66.1483309999999,12.237506,2015,0
2127,66.198723,12.165507,2015,0
2128,66.198334,12.1651399999999,2015,0
2129,66.1981519999999,12.164148,2015,0
2130,66.1977789999999,12.162677,2015,0
2131,66.216879,12.181739,2015,0
2132,66.2132689999999,12.149381,2015,0
2133,66.213301,12.148941,2015,0
2134,66.2133599999999,12.148954,2015,0
2135,66.213391,12.148877,2015,0
2136,66.213413,12.148735,2015,0
2137,66.2134109999999,12.148687,2015,0
2138,66.2137869999999,12.125416,2015,0
2139,66.2138159999999,12.125029,2015,0
2140,66.213813,12.124749,2015,0
2141,66.2137259999999,12.1244359999999,2015,0
2142,66.213633,12.124184,2015,0
2143,66.2135849999999,12.1239779999999,2015,0
2144,66.223015,12.1447249999999,2015,0
2145,66.2229549999999,12.1453779999999,2015,0
2146,66.2228879999999,12.145675,2015,0
2147,66.23247,12.16901,2015,0
2148,66.239857,12.163474,2015,0
2149,66.239017,12.20353,2015,0
2150,66.253933,12.2452179999999,2015,0
2151,66.2539139999999,12.2453439999999,2015,0
2152,66.2417779999999,12.249897,2015,0
2153,66.266737,12.2883669999999,2015,0
2154,66.266924,12.2886419999999,2015,0
2155,66.267093,12.288879,2015,0
2156,66.267143,12.288971,2015,0
2157,61.0176719999999,4.999609,2014,0
2158,61.017263,4.992601,2014,0
2159,61.0172189999999,4.992925,2014,0
2160,61.0175819999999,4.991406,2014,0
2161,61.017574,4.991467,2014,0
2162,61.017575,4.991522,2014,0
2163,61.0175309999999,4.991009,2014,0
2164,61.017789,4.98912,2014,0
2165,61.017822,4.989343,2014,0
2166,61.0183219999999,4.990071,2014,0
2167,61.018376,4.990394,2014,0
2168,61.0185299999999,4.987873,2014,0
2169,61.0168559999999,4.986426,2014,0
2170,61.01688,4.986548,2014,0
2171,61.0169259999999,4.986677,2014,0
2172,61.017771,4.983058,2014,0
2173,61.017772,4.983127,2014,0
2174,61.017802,4.98326,2014,0
2175,61.01784,4.983372,2014,0
2176,61.0178579999999,4.983484,2014,0
2177,61.0178969999999,4.9836,2014,0
2178,61.019097,4.981401,2014,0
2179,61.01948,4.983191,2014,0
2180,61.0196019999999,4.984827,2014,0
2181,61.0194279999999,4.984911,2014,0
2182,61.0207669999999,4.987338,2014,0
2183,61.0200299999999,4.989051,2014,0
2184,61.0201569999999,4.990512,2014,0
2185,61.020167,4.990627,2014,0
2186,61.020833,4.990679,2014,0
2187,61.020896,4.995645,2014,0
2188,61.020783,5.000051,2014,0
2189,61.0276169999999,4.987817,2014,0
2190,61.028035,4.985091,2014,0
2191,61.028514,4.98646,2014,0
2192,61.028492,4.986605,2014,0
2193,61.028384,4.988061,2014,0
2194,61.029893,4.993082,2014,0
2195,61.0298829999999,4.993212,2014,0
2196,61.02985,4.993578,2014,0
2197,61.029837,4.993694,2014,0
2198,61.029823,4.993756,2014,0
2199,61.029826,4.993881,2014,0
2200,61.028371,5.000929,2014,0
2201,61.0280279999999,5.000208,2014,0
2202,61.028117,4.99962,2014,0
2203,61.026674,4.993159,2014,0
2204,61.026606,4.994114,2014,0
2205,61.026586,4.994433,2014,0
2206,61.0266039999999,4.994553,2014,0
2207,61.026611,4.99465,2014,0
2208,61.026426,4.997242,2014,0
2209,61.0247129999999,4.999228,2014,0
2210,61.0230779999999,4.997981,2014,0
2211,61.0227679999999,4.990509,2014,0
2212,61.022789,4.990658,2014,0
2213,61.023533,4.990293,2014,0
2214,61.023563,4.990421,2014,0
2215,61.0221159999999,4.986215,2014,0
2216,61.023842,4.99028,2014,0
2217,60.9689789999999,4.810646,2014,0
2218,60.968817,4.81089,2014,0
2219,60.9692709999999,4.808005,2014,0
2220,60.969366,4.807334,2014,0
2221,60.9705749999999,4.808361,2014,0
2222,60.971539,4.811729,2014,0
2223,60.971434,4.811347,2014,0
2224,60.9713309999999,4.811097,2014,0
2225,60.9735319999999,4.806039,2014,0
2226,60.973781,4.806097,2014,0
2227,60.975009,4.805214,2014,0
2228,60.973716,4.801365,2014,0
2229,60.974001,4.799934,2014,0
2230,60.9739209999999,4.799706,2014,0
2231,60.9730509999999,4.799404,2014,0
2232,60.972971,4.799032,2014,0
2233,60.9729099999999,4.803065,2014,0
2234,60.9742389999999,4.793845,2014,0
2235,60.971876,4.789302,2014,0
2236,60.9706219999999,4.78821,2014,0
2237,60.97079,4.787514,2014,0
2238,60.969625,4.789364,2014,0
2239,60.9688939999999,4.786625,2014,0
2240,60.9686349999999,4.786152,2014,0
2241,60.97028,4.799762,2014,0
2242,60.9694659999999,4.79945,2014,0
2243,60.968834,4.801972,2014,0
2244,60.9690579999999,4.80173,2014,0
2245,60.9682779999999,4.801844,2014,0
2246,60.9688129999999,4.796889,2014,0
2247,60.9689979999999,4.796336,2014,0
2248,60.970545,4.795783,2014,0
2249,60.9706189999999,4.79406,2014,0
2250,60.970714,4.793628,2014,0
2251,60.969957,4.793727,2014,0
2252,60.9690179999999,4.789803,2014,0
2253,60.968102,4.79076,2014,0
2254,60.966622,4.789356,2014,0
2255,60.966262,4.787882,2014,0
2256,60.9651479999999,4.788748,2014,0
2257,60.964334,4.792274,2014,0
2258,60.964244,4.792343,2014,0
2259,60.963217,4.799223,2014,0
2260,60.963006,4.799296,2014,0
2261,60.962791,4.79852,2014,0
2262,60.9622269999999,4.802893,2014,0
2263,60.964945,4.805201,2014,0
2264,60.964485,4.809055,2014,0
2265,60.964345,4.809502,2014,0
2266,60.965631,4.808301,2014,0
2267,60.965639,4.80801,2014,0
2268,60.9661449999999,4.809833,2014,0
2269,60.966379,4.809758,2014,0
2270,61.0239079999999,4.989945,2014,0
2271,61.019112,4.995603,2014,0
2272,61.018165,4.995062,2014,0
2273,61.079315,5.126007,2014,0
2274,61.0808609999999,5.125472,2014,0
2275,61.081127,5.123569,2014,0
2276,61.081367,5.123872,2014,0
2277,61.080691,5.122805,2014,0
2278,61.08066,5.122033,2014,0
2279,61.082436,5.124071,2014,0
2280,61.082287,5.124462,2014,0
2281,61.083053,5.124955,2014,0
2282,61.082532,5.126395,2014,0
2283,61.0835,5.126878,2014,0
2284,61.082464,5.128671,2014,0
2285,61.0823889999999,5.128888,2014,0
2286,61.081037,5.13316,2014,0
2287,61.0811369999999,5.132269,2014,0
2288,61.0814799999999,5.133208,2014,0
2289,61.081786,5.135981,2014,0
2290,61.08191,5.13531,2014,0
2291,61.0806249999999,5.138199,2014,0
2292,61.0759669999999,5.145876,2014,0
2293,61.0749879999999,5.142818,2014,0
2294,61.074407,5.140309,2014,0
2295,61.073414,5.138637,2014,0
2296,61.0744339999999,5.136778,2014,0
2297,61.0754239999999,5.138344,2014,0
2298,61.075315,5.136075,2014,0
2299,61.075938,5.135436,2014,0
2300,61.0757249999999,5.135495,2014,0
2301,61.0733359999999,5.13702,2014,0
2302,61.07332,5.136365,2014,0
2303,61.074147,5.133124,2014,0
2304,61.073737,5.129538,2014,0
2305,61.07341,5.128993,2014,0
2306,61.07339,5.128703,2014,0
2307,61.073675,5.128441,2014,0
2308,61.073632,5.128207,2014,0
2309,61.076948,5.124287,2014,0
2310,61.076942,5.12378,2014,0
2311,61.078105,5.131382,2014,0
2312,61.077269,5.132609,2014,0
2313,61.079559,5.137006,2014,0
2314,61.080689,5.138007,2014,0
2315,61.077153,5.139419,2014,0
2316,61.083649,5.140453,2014,0
2317,61.08371,5.140081,2014,0
2318,61.084311,5.138808,2014,0
2319,61.0845479999999,5.138831,2014,0
2320,61.0843279999999,5.135541,2014,0
2321,61.083097,5.134179,2014,0
2322,61.083063,5.134581,2014,0
2323,61.085413,5.13519,2014,0
2324,61.08525,5.133916,2014,0
2325,61.085335,5.133445,2014,0
2326,66.2435449999999,13.648998,2015,0
2327,58.96235,10.86996,2008,0
2328,58.96383,10.8260799999999,2008,0
2329,58.9652,10.8309099999999,2008,0
2330,58.97507,10.82793,2008,0
2331,58.97766,10.82562,2008,0
2332,58.97771,10.82122,2008,0
2333,58.9789699999999,10.8201699999999,2008,0
2334,58.98026,10.82661,2008,0
2335,58.98133,10.8297899999999,2008,0
2336,58.9814599999999,10.8308,2008,0
2337,58.98154,10.82942,2008,0
2338,58.9816599999999,10.8308599999999,2008,0
2339,58.9825799999999,10.8236,2008,0
2340,58.9833,10.82549,2008,0
2341,58.9838799999999,10.8246699999999,2008,0
2342,58.98431,10.82571,2008,0
2343,58.98358,10.82033,2008,0
2344,58.98434,10.83888,2008,0
2345,58.9864099999999,10.83577,2008,0
2346,58.9870299999999,10.83533,2008,0
2347,58.98725,10.8369199999999,2008,0
2348,58.9786,10.85316,2008,0
2349,58.9794199999999,10.85141,2008,0
2350,58.98095,10.85223,2008,0
2351,58.98261,10.85082,2008,0
2352,58.98324,10.85832,2008,0
2353,58.98373,10.85877,2008,0
2354,58.9838,10.85862,2008,0
2355,58.9874099999999,10.861,2008,0
2356,58.9732699999999,10.84906,2008,0
2357,58.97408,10.83872,2008,0
2358,58.9737399999999,10.8342899999999,2008,0
2359,58.9671299999999,10.84862,2008,0
2360,59.04999,10.8572299999999,2008,0
2361,59.0507399999999,10.8561599999999,2008,0
2362,59.0510299999999,10.85462,2008,0
2363,59.05169,10.86017,2008,0
2364,59.0531799999999,10.85791,2008,0
2365,59.05237,10.85355,2008,0
2366,59.05341,10.85205,2008,0
2367,59.0544,10.84965,2008,0
2368,59.05534,10.85324,2008,0
2369,59.0548599999999,10.85477,2008,0
2370,59.0536099999999,10.8640399999999,2008,0
2371,59.0556199999999,10.86149,2008,0
2372,59.0557,10.85964,2008,0
2373,59.0567599999999,10.85693,2008,0
2374,59.05785,10.8553999999999,2008,0
2375,59.0571399999999,10.85438,2008,0
2376,59.05688,10.85398,2008,0
2377,58.959988,10.866038,2008,0
2378,58.96032,10.865971,2008,0
2379,58.959229,10.8547829999999,2008,0
2380,58.96112,10.8608189999999,2008,0
2381,58.961627,10.8602279999999,2008,0
2382,58.9622639999999,10.863151,2008,0
2383,58.9636259999999,10.8661999999999,2008,0
2384,58.9637519999999,10.866783,2008,0
2385,58.9634829999999,10.85917,2008,0
2386,58.964322,10.85818,2008,0
2387,58.9627479999999,10.853389,2008,0
2388,58.96372,10.853854,2008,0
2389,58.9648929999999,10.854557,2008,0
2390,58.966073,10.85491,2008,0
2391,58.966448,10.85574,2008,0
2392,58.9671349999999,10.859486,2008,0
2393,58.9709149999999,10.865577,2008,0
2394,58.971125,10.86467,2008,0
2395,58.969157,10.864208,2008,0
2396,58.969901,10.854957,2008,0
2397,58.9699609999999,10.8512299999999,2008,0
2398,58.967066,10.850644,2008,0
2399,58.9664229999999,10.851076,2008,0
2400,58.9659899999999,10.8505819999999,2008,0
2401,58.966932,10.841222,2008,0
2402,58.9681709999999,10.840666,2008,0
2403,58.9686949999999,10.8464639999999,2008,0
2404,58.972127,10.8413939999999,2008,0
2405,58.9741349999999,10.838957,2008,0
2406,58.974496,10.8490959999999,2008,0
2407,58.9729189999999,10.859595,2008,0
2408,58.975375,10.860382,2008,0
2409,59.0457279999999,10.859722,2008,0
2410,59.0459469999999,10.8582889999999,2008,0
2411,59.0469599999999,10.859932,2008,0
2412,59.048329,10.859215,2008,0
2413,59.048445,10.856928,2008,0
2414,59.0696069999999,10.857796,2008,0
2415,59.069001,10.859437,2008,0
2416,59.069803,10.8611609999999,2008,0
2417,59.0669589999999,10.853472,2008,0
2418,59.066783,10.854098,2008,0
2419,59.0683209999999,10.852131,2008,0
2420,59.068928,10.852053,2008,0
2421,59.0651999999999,10.852258,2008,0
2422,59.065319,10.849771,2008,0
2423,59.064219,10.850694,2008,0
2424,59.0626299999999,10.855439,2008,0
2425,59.062801,10.8578589999999,2008,0
2426,59.0598999999999,10.867333,2008,0
2427,59.059925,10.866738,2008,0
2428,59.061287,10.8699379999999,2008,0
2429,59.063189,10.869039,2008,0
2430,59.0636069999999,10.871357,2008,0
2431,59.064584,10.8712149999999,2008,0
2432,59.0648509999999,10.871967,2008,0
2433,59.067256,10.8756679999999,2008,0
2434,60.2651899999999,5.32429,2009,0
2435,60.24224,5.29057,2009,0
2436,60.25594,5.29751,2009,0
2437,60.25854,5.30896,2009,0
2438,60.2646,5.32364,2009,0
2439,60.24166,5.29085,2009,0
2440,60.2650599999999,5.32416,2009,0
2441,60.2591699999999,5.30915,2009,0
2442,60.25616,5.29793,2009,0
2443,63.5669299999999,10.62322,2009,0
2444,63.56712,10.62079,2009,0
2445,63.5669299999999,10.60506,2009,0
2446,63.5670799999999,10.6051199999999,2009,0
2447,63.56734,10.6005699999999,2009,0
2448,63.5669899999999,10.5987899999999,2009,0
2449,63.56622,10.5973299999999,2009,0
2450,63.56606,10.59683,2009,0
2451,63.5658499999999,10.59631,2009,0
2452,63.56546,10.59526,2009,0
2453,63.5653,10.59495,2009,0
2454,63.5649099999999,10.59345,2009,0
2455,63.56479,10.5933899999999,2009,0
2456,63.56486,10.5931599999999,2009,0
2457,63.5649599999999,10.59275,2009,0
2458,63.5650199999999,10.59251,2009,0
2459,63.5790799999999,10.61483,2009,0
2460,63.5789199999999,10.61533,2009,0
2461,63.57932,10.61692,2009,0
2462,63.57983,10.61703,2009,0
2463,63.58068,10.6154899999999,2009,0
2464,63.5861999999999,10.62762,2009,0
2465,63.5855699999999,10.63413,2009,0
2466,63.58541,10.6344499999999,2009,0
2467,63.5873899999999,10.61988,2009,0
2468,63.5872499999999,10.61992,2009,0
2469,63.647517,10.842733,2010,0
2470,63.540033,10.64165,2010,0
2471,63.540933,10.6404169999999,2010,0
2472,63.541367,10.6389669999999,2010,0
2473,63.5418,10.636233,2010,0
2474,63.542883,10.633233,2010,0
2475,63.544383,10.6320169999999,2010,0
2476,63.544617,10.629733,2010,0
2477,63.5442669999999,10.628617,2010,0
2478,63.547533,10.627233,2010,0
2479,63.5489499999999,10.6292,2010,0
2480,63.55415,10.6449,2010,0
2481,63.554417,10.6443829999999,2010,0
2482,63.554617,10.643917,2010,0
2483,63.55485,10.6435,2010,0
2484,63.5550169999999,10.64335,2010,0
2485,63.55525,10.6428999999999,2010,0
2486,63.5553999999999,10.6420999999999,2010,0
2487,63.5555,10.641467,2010,0
2488,63.5523499999999,10.645167,2010,0
2489,63.5525829999999,10.644817,2010,0
2490,63.5527829999999,10.644633,2010,0
2491,63.553167,10.6443999999999,2010,0
2492,63.5534329999999,10.644017,2010,0
2493,63.553817,10.642633,2010,0
2494,63.5540829999999,10.64165,2010,0
2495,63.559317,10.6468,2010,0
2496,63.559133,10.646583,2010,0
2497,63.559083,10.6465669999999,2010,0
2498,63.5590169999999,10.64635,2010,0
2499,63.558967,10.646317,2010,0
2500,63.5589,10.64625,2010,0
2501,63.55875,10.645833,2010,0
2502,63.5585499999999,10.6453,2010,0
2503,63.5583999999999,10.6451829999999,2010,0
2504,63.55825,10.64465,2010,0
2505,63.558067,10.64395,2010,0
2506,63.557783,10.643217,2010,0
2507,63.5675829999999,10.726067,2010,0
2508,63.5673,10.725833,2010,0
2509,63.5671669999999,10.725417,2010,0
2510,63.5667499999999,10.724917,2010,0
2511,63.5676169999999,10.7259499999999,2010,0
2512,63.5679329999999,10.7267329999999,2010,0
2513,63.568283,10.7280669999999,2010,0
2514,63.5686499999999,10.7287,2010,0
2515,63.568817,10.729017,2010,0
2516,63.5688669999999,10.7291329999999,2010,0
2517,63.56915,10.730517,2010,0
2518,63.569833,10.735617,2010,0
2519,63.60902,10.49797,2009,0
2520,63.60933,10.50772,2009,0
2521,63.60934,10.5070099999999,2009,0
2522,63.6094799999999,10.50647,2009,0
2523,58.8017219999999,9.48617,2008,0
2524,58.80115,9.484828,2008,0
2525,58.8018229999999,9.487437,2008,0
2526,58.802571,9.49108099999999,2008,0
2527,58.803474,9.489333,2008,0
2528,58.804414,9.493213,2008,0
2529,58.8088789999999,9.495652,2008,0
2530,58.809224,9.496593,2008,0
2531,58.807872,9.503007,2008,0
2532,58.8095339999999,9.49645699999999,2008,0
2533,58.8094699999999,9.495955,2008,0
2534,58.8098919999999,9.499959,2008,0
2535,58.809856,9.499653,2008,0
2536,58.80979,9.499143,2008,0
2537,58.8109309999999,9.497807,2008,0
2538,58.810892,9.49725499999999,2008,0
2539,58.8108939999999,9.497944,2008,0
2540,58.811658,9.498113,2008,0
2541,58.8116449999999,9.497885,2008,0
2542,58.810392,9.494368,2008,0
2543,58.8095199999999,9.489234,2008,0
2544,58.8094669999999,9.48896,2008,0
2545,58.809424,9.488671,2008,0
2546,58.809252,9.490402,2008,0
2547,58.8092019999999,9.490102,2008,0
2548,58.8092609999999,9.49185499999999,2008,0
2549,58.809223,9.491567,2008,0
2550,58.9150229999999,9.670365,2008,0
2551,58.9152119999999,9.670548,2008,0
2552,58.913724,9.672772,2008,0
2553,58.914012,9.67291099999999,2008,0
2554,58.9141529999999,9.672984,2008,0
2555,58.9139789999999,9.67656599999999,2008,0
2556,58.914293,9.676701,2008,0
2557,58.914754,9.677618,2008,0
2558,58.914859,9.67764,2008,0
2559,58.914982,9.67765999999999,2008,0
2560,58.91393,9.678247,2008,0
2561,58.9141229999999,9.678303,2008,0
2562,58.913682,9.680213,2008,0
2563,58.913851,9.680299,2008,0
2564,58.9139619999999,9.680369,2008,0
2565,58.910375,9.683395,2008,0
2566,58.910468,9.683453,2008,0
2567,58.9106519999999,9.683545,2008,0
2568,58.910404,9.68441299999999,2008,0
2569,58.9105059999999,9.68449599999999,2008,0
2570,58.9106179999999,9.684558,2008,0
2571,58.909652,9.68262799999999,2008,0
2572,58.909756,9.682706,2008,0
2573,58.909902,9.682809,2008,0
2574,58.9074749999999,9.68115,2008,0
2575,58.907665,9.681259,2008,0
2576,58.907817,9.681353,2008,0
2577,58.9045619999999,9.67219399999999,2008,0
2578,58.904668,9.672313,2008,0
2579,58.9047869999999,9.671329,2008,0
2580,58.904966,9.671491,2008,0
2581,58.9052,9.671574,2008,0
2582,58.908658,9.670346,2008,0
2583,58.9087809999999,9.670479,2008,0
2584,58.908931,9.670631,2008,0
2585,58.917648,9.687234,2008,0
2586,58.91789,9.68743199999999,2008,0
2587,58.9178629999999,9.68662999999999,2008,0
2588,58.9179689999999,9.686719,2008,0
2589,58.9177139999999,9.68456499999999,2008,0
2590,58.9178,9.684627,2008,0
2591,58.831183,9.556278,2008,0
2592,58.8310609999999,9.55581699999999,2008,0
2593,58.829673,9.552406,2008,0
2594,58.829576,9.55213799999999,2008,0
2595,58.829452,9.551807,2008,0
2596,58.829611,9.551924,2008,0
2597,58.8294849999999,9.55151399999999,2008,0
2598,58.829658,9.548351,2008,0
2599,58.829605,9.54805799999999,2008,0
2600,58.8295079999999,9.548956,2008,0
2601,58.831485,9.553031,2008,0
2602,58.8313869999999,9.552728,2008,0
2603,58.833466,9.554145,2008,0
2604,58.833396,9.55388499999999,2008,0
2605,58.833491,9.550349,2008,0
2606,58.8333489999999,9.550526,2008,0
2607,58.832773,9.54868199999999,2008,0
2608,58.832706,9.548373,2008,0
2609,58.832383,9.547471,2008,0
2610,58.8322069999999,9.547178,2008,0
2611,58.831924,9.546738,2008,0
2612,58.831715,9.546469,2008,0
2613,58.8312839999999,9.546189,2008,0
2614,58.8310669999999,9.54602,2008,0
2615,58.831017,9.54570599999999,2008,0
2616,58.831102,9.54506499999999,2008,0
2617,58.8297919999999,9.542933,2008,0
2618,58.830005,9.545253,2008,0
2619,58.831786,9.535492,2008,0
2620,58.8321529999999,9.53721299999999,2008,0
2621,58.832135,9.53705199999999,2008,0
2622,58.833269,9.54055,2008,0
2623,58.8332249999999,9.54028199999999,2008,0
2624,58.833061,9.542482,2008,0
2625,58.8330869999999,9.542376,2008,0
2626,58.833097,9.542246,2008,0
2627,58.833112,9.542099,2008,0
2628,58.830888,9.538709,2008,0
2629,58.8309459999999,9.53882499999999,2008,0
2630,58.8292969999999,9.538848,2008,0
2631,58.8294,9.538866,2008,0
2632,58.8285819999999,9.544039,2008,0
2633,58.8285389999999,9.543653,2008,0
2634,58.828353,9.544597,2008,0
2635,58.828398,9.54654,2008,0
2636,58.827247,9.542567,2008,0
2637,58.827193,9.54235899999999,2008,0
2638,58.8263839999999,9.540575,2008,0
2639,58.8263219999999,9.54035799999999,2008,0
2640,58.826853,9.538952,2008,0
2641,58.826794,9.538819,2008,0
2642,58.827227,9.538133,2008,0
2643,58.827261,9.53799199999999,2008,0
2644,58.827429,9.535268,2008,0
2645,58.827516,9.535359,2008,0
2646,58.827626,9.535349,2008,0
2647,58.826915,9.534006,2008,0
2648,58.8269439999999,9.533979,2008,0
2649,58.827384,9.5337,2008,0
2650,58.8274419999999,9.533687,2008,0
2651,58.825879,9.533796,2008,0
2652,58.8259029999999,9.533768,2008,0
2653,58.8249489999999,9.532925,2008,0
2654,58.8249599999999,9.532804,2008,0
2655,58.824703,9.531841,2008,0
2656,58.8244109999999,9.530412,2008,0
2657,58.824469,9.52853799999999,2008,0
2658,58.824541,9.52842399999999,2008,0
2659,58.8229639999999,9.52691899999999,2008,0
2660,58.8227329999999,9.527983,2008,0
2661,58.821866,9.524164,2008,0
2662,58.8211349999999,9.522443,2008,0
2663,58.8206709999999,9.522921,2008,0
2664,58.820152,9.526583,2008,0
2665,58.820117,9.526308,2008,0
2666,58.818502,9.527867,2008,0
2667,58.8232959999999,9.52210099999999,2008,0
2668,58.8233,9.521921,2008,0
2669,58.82339,9.521692,2008,0
2670,58.822122,9.520848,2008,0
2671,58.8221879999999,9.52083099999999,2008,0
2672,58.9383369999999,9.726758,2008,0
2673,58.937719,9.721571,2008,0
2674,58.937843,9.721135,2008,0
2675,58.935039,9.717927,2008,0
2676,58.935153,9.717521,2008,0
2677,58.93522,9.717363,2008,0
2678,58.9353229999999,9.717121,2008,0
2679,58.9354,9.716912,2008,0
2680,58.9356039999999,9.72767,2008,0
2681,58.9356859999999,9.727399,2008,0
2682,58.9357279999999,9.72715,2008,0
2683,58.934212,9.729634,2008,0
2684,58.9343239999999,9.729312,2008,0
2685,58.9308759999999,9.723596,2008,0
2686,58.9315649999999,9.720762,2008,0
2687,58.9316699999999,9.720516,2008,0
2688,58.9317769999999,9.720292,2008,0
2689,58.9322149999999,9.719196,2008,0
2690,58.9323619999999,9.718978,2008,0
2691,58.932772,9.72128,2008,0
2692,58.9329139999999,9.720991,2008,0
2693,58.932614,9.721482,2008,0
2694,58.9327249999999,9.721264,2008,0
2695,58.9331889999999,9.713741,2008,0
2696,58.9332909999999,9.713531,2008,0
2697,58.932782,9.710603,2008,0
2698,58.9330209999999,9.710281,2008,0
2699,58.931131,9.710706,2008,0
2700,58.931227,9.71056699999999,2008,0
2701,58.9314559999999,9.71202899999999,2008,0
2702,58.931558,9.711867,2008,0
2703,58.930568,9.715215,2008,0
2704,58.93065,9.715109,2008,0
2705,58.9307319999999,9.71499599999999,2008,0
2706,58.930833,9.714859,2008,0
2707,58.930905,9.714755,2008,0
2708,58.9293509999999,9.7156,2008,0
2709,58.929462,9.715398,2008,0
2710,58.92866,9.717496,2008,0
2711,58.928944,9.71711799999999,2008,0
2712,58.9289109999999,9.70989499999999,2008,0
2713,58.9290439999999,9.70972199999999,2008,0
2714,58.9277069999999,9.71040799999999,2008,0
2715,58.927838,9.710285,2008,0
2716,58.927948,9.710176,2008,0
2717,58.927815,9.70276999999999,2008,0
2718,58.927973,9.702617,2008,0
2719,58.9240179999999,9.703844,2008,0
2720,58.924196,9.70373099999999,2008,0
2721,58.922685,9.70557299999999,2008,0
2722,58.9228719999999,9.705389,2008,0
2723,58.9229279999999,9.70534299999999,2008,0
2724,58.9207279999999,9.703874,2008,0
2725,58.92083,9.70377399999999,2008,0
2726,58.9210319999999,9.703561,2008,0
2727,58.9200659999999,9.706986,2008,0
2728,58.9200909999999,9.70687599999999,2008,0
2729,58.9201509999999,9.70683799999999,2008,0
2730,58.920234,9.70680499999999,2008,0
2731,58.9191149999999,9.70083,2008,0
2732,58.919299,9.700644,2008,0
2733,58.9285679999999,9.696659,2008,0
2734,58.9287059999999,9.69647,2008,0
2735,58.89213,9.639284,2008,0
2736,58.892302,9.639289,2008,0
2737,58.891517,9.629097,2008,0
2738,58.891649,9.62910499999999,2008,0
2739,58.887903,9.625912,2008,0
2740,58.8880929999999,9.625871,2008,0
2741,58.886135,9.626165,2008,0
2742,58.8862809999999,9.62617099999999,2008,0
2743,58.884777,9.626403,2008,0
2744,58.8849549999999,9.626426,2008,0
2745,58.885032,9.626434,2008,0
2746,58.883592,9.62845199999999,2008,0
2747,58.883786,9.62846,2008,0
2748,58.8835669999999,9.62892199999999,2008,0
2749,58.883678,9.62897399999999,2008,0
2750,58.883983,9.632265,2008,0
2751,58.884155,9.63227599999999,2008,0
2752,58.889688,9.638048,2008,0
2753,58.88987,9.638042,2008,0
2754,58.888837,9.637878,2008,0
2755,58.8889509999999,9.63793899999999,2008,0
2756,58.8895529999999,9.641348,2008,0
2757,58.889612,9.641302,2008,0
2758,58.889687,9.641302,2008,0
2759,58.8897169999999,9.642739,2008,0
2760,58.8897759999999,9.642759,2008,0
2761,58.889831,9.642797,2008,0
2762,58.889899,9.64283799999999,2008,0
2763,58.890084,9.647159,2008,0
2764,58.8900429999999,9.64729299999999,2008,0
2765,58.8900069999999,9.647294,2008,0
2766,58.8907859999999,9.650795,2008,0
2767,58.890898,9.650809,2008,0
2768,58.890954,9.650809,2008,0
2769,58.8933419999999,9.65689399999999,2008,0
2770,58.8934939999999,9.657073,2008,0
2771,58.7854,9.42625999999999,2009,0
2772,58.7854999999999,9.42627,2009,0
2773,58.7856,9.42625999999999,2009,0
2774,58.78567,9.42625999999999,2009,0
2775,58.78578,9.42623,2009,0
2776,58.7862099999999,9.42627,2009,0
2777,58.7863499999999,9.4262,2009,0
2778,58.78629,9.42725,2009,0
2779,58.7864099999999,9.42725,2009,0
2780,58.78754,9.4289,2009,0
2781,58.78764,9.42891,2009,0
2782,58.7860599999999,9.43298,2009,0
2783,58.78618,9.43300999999999,2009,0
2784,58.7862399999999,9.43298,2009,0
2785,58.7876499999999,9.43515,2009,0
2786,58.7877099999999,9.43512999999999,2009,0
2787,58.78777,9.43511,2009,0
2788,58.7878699999999,9.43582,2009,0
2789,58.7890099999999,9.43125,2009,0
2790,58.78911,9.43125,2009,0
2791,58.7891699999999,9.43126,2009,0
2792,58.7897099999999,9.43526999999999,2009,0
2793,58.78979,9.4353,2009,0
2794,58.7898599999999,9.43535999999999,2009,0
2795,58.78992,9.43539,2009,0
2796,58.78923,9.43549999999999,2009,0
2797,58.7892799999999,9.43552,2009,0
2798,58.78936,9.43558,2009,0
2799,58.7889199999999,9.44056,2009,0
2800,58.78896,9.44061999999999,2009,0
2801,58.7907,9.44238,2009,0
2802,58.79077,9.44247,2009,0
2803,58.7909099999999,9.44272999999999,2009,0
2804,58.7915899999999,9.4419,2009,0
2805,58.7916299999999,9.44197,2009,0
2806,58.79167,9.44206,2009,0
2807,58.7917399999999,9.44217,2009,0
2808,58.7940899999999,9.44926,2009,0
2809,58.7942299999999,9.44943,2009,0
2810,58.7923499999999,9.43327,2009,0
2811,58.79245,9.43337,2009,0
2812,58.7934199999999,9.43234,2009,0
2813,58.79348,9.43241,2009,0
2814,58.79366,9.43266,2009,0
2815,58.79073,9.43046,2009,0
2816,58.79079,9.43055,2009,0
2817,58.79084,9.43063,2009,0
2818,58.7909,9.43075,2009,0
2819,58.79095,9.43035,2009,0
2820,58.79106,9.4305,2009,0
2821,58.7911399999999,9.43061,2009,0
2822,58.79122,9.4292,2009,0
2823,58.7912699999999,9.42925999999999,2009,0
2824,58.792,9.42557,2009,0
2825,58.79213,9.42573999999999,2009,0
2826,58.79216,9.4258,2009,0
2827,58.7930399999999,9.42306,2009,0
2828,58.79314,9.42324,2009,0
2829,58.79354,9.42414,2009,0
2830,58.79361,9.42428,2009,0
2831,58.7937,9.42442999999999,2009,0
2832,58.7937799999999,9.42456999999999,2009,0
2833,58.79457,9.4243,2009,0
2834,58.7946299999999,9.42435,2009,0
2835,58.79469,9.42437999999999,2009,0
2836,58.7933099999999,9.42111,2009,0
2837,58.79287,9.42015,2009,0
2838,58.7891199999999,9.41798,2009,0
2839,58.7892799999999,9.41825,2009,0
2840,58.7893899999999,9.4184,2009,0
2841,58.7896399999999,9.41944999999999,2009,0
2842,58.78979,9.41963,2009,0
2843,58.7899999999999,9.42005,2009,0
2844,58.79027,9.42069,2009,0
2845,58.7904199999999,9.42101,2009,0
2846,58.79083,9.42223,2009,0
2847,58.78882,9.42421,2009,0
2848,58.78891,9.42441,2009,0
2849,58.79372,9.43604,2009,0
2850,58.79377,9.43615,2009,0
2851,58.79386,9.43632,2009,0
2852,58.7939399999999,9.43647,2009,0
2853,58.7939099999999,9.43744,2009,0
2854,58.79397,9.43755,2009,0
2855,58.79486,9.43673,2009,0
2856,58.79495,9.43685999999999,2009,0
2857,58.7950099999999,9.43695,2009,0
2858,58.7952299999999,9.43906999999999,2009,0
2859,58.79594,9.4429,2009,0
2860,58.7960199999999,9.44304999999999,2009,0
2861,58.7961,9.44322,2009,0
2862,58.79768,9.44272,2009,0
2863,58.79777,9.44289,2009,0
2864,58.79786,9.44300999999999,2009,0
2865,58.79796,9.44319,2009,0
2866,58.7977599999999,9.44219,2009,0
2867,58.79786,9.44231,2009,0
2868,58.7979699999999,9.44253,2009,0
2869,58.79804,9.44261,2009,0
2870,58.7980999999999,9.44272999999999,2009,0
2871,58.79786,9.44037,2009,0
2872,58.79793,9.44046999999999,2009,0
2873,58.7964399999999,9.43868999999999,2009,0
2874,58.7964699999999,9.43872,2009,0
2875,58.79594,9.43596999999999,2009,0
2876,58.7961999999999,9.43634999999999,2009,0
2877,58.79628,9.43645,2009,0
2878,58.79574,9.43343,2009,0
2879,58.79581,9.43356,2009,0
2880,58.7959,9.43368,2009,0
2881,58.7969799999999,9.43402,2009,0
2882,58.7970499999999,9.43411,2009,0
2883,58.79764,9.43526999999999,2009,0
2884,58.7976999999999,9.43534,2009,0
2885,58.7984099999999,9.43459,2009,0
2886,58.7984799999999,9.43465999999999,2009,0
2887,58.79854,9.43476,2009,0
2888,58.7992899999999,9.44148,2009,0
2889,58.7993799999999,9.44159,2009,0
2890,58.79954,9.44185,2009,0
2891,58.79963,9.44197,2009,0
2892,58.8004299999999,9.44041,2009,0
2893,58.80049,9.44045,2009,0
2894,58.80059,9.44054,2009,0
2895,58.80071,9.44063,2009,0
2896,58.8007199999999,9.44616,2009,0
2897,58.8009899999999,9.4466,2009,0
2898,58.80903,9.4598,2009,0
2899,58.80904,9.45987,2009,0
2900,58.80675,9.45876999999999,2009,0
2901,58.80677,9.45886999999999,2009,0
2902,58.80678,9.45892,2009,0
2903,58.80621,9.45897,2009,0
2904,58.8063,9.45919,2009,0
2905,58.80633,9.45927,2009,0
2906,58.8051,9.46069999999999,2009,0
2907,58.80519,9.46078999999999,2009,0
2908,58.80503,9.45992,2009,0
2909,58.8050599999999,9.46001,2009,0
2910,58.8051099999999,9.46005,2009,0
2911,58.8050399999999,9.45815,2009,0
2912,58.8050799999999,9.45822,2009,0
2913,58.80333,9.45606,2009,0
2914,58.80344,9.45618,2009,0
2915,58.8013899999999,9.45243999999999,2009,0
2916,58.80147,9.45256,2009,0
2917,58.80154,9.45262999999999,2009,0
2918,58.8019699999999,9.4468,2009,0
2919,58.80203,9.44689999999999,2009,0
2920,58.80266,9.44575,2009,0
2921,58.8027099999999,9.44581,2009,0
2922,58.80303,9.44516999999999,2009,0
2923,58.8030499999999,9.4452,2009,0
2924,58.8032899999999,9.44408999999999,2009,0
2925,58.8033,9.44405,2009,0
2926,58.8033599999999,9.44405,2009,0
2927,58.80337,9.44405,2009,0
2928,58.8033799999999,9.44406,2009,0
2929,58.8031799999999,9.44701,2009,0
2930,58.80353,9.44815,2009,0
2931,58.80357,9.44830999999999,2009,0
2932,58.8036,9.44834,2009,0
2933,58.8036299999999,9.44834,2009,0
2934,58.8036499999999,9.44834,2009,0
2935,58.80333,9.44904,2009,0
2936,58.80335,9.44905999999999,2009,0
2937,58.8038499999999,9.45058,2009,0
2938,58.80387,9.45065,2009,0
2939,58.80391,9.45068,2009,0
2940,58.80402,9.45011,2009,0
2941,58.80404,9.45008999999999,2009,0
2942,58.80406,9.45007,2009,0
2943,58.80406,9.45002,2009,0
2944,58.80406,9.44997,2009,0
2945,58.80402,9.44746999999999,2009,0
2946,58.8040099999999,9.44744,2009,0
2947,58.804,9.44739,2009,0
2948,58.8040099999999,9.44736999999999,2009,0
2949,58.8043199999999,9.4494,2009,0
2950,58.8042799999999,9.44938,2009,0
2951,58.80427,9.44932,2009,0
2952,58.80429,9.44927,2009,0
2953,58.80429,9.44928,2009,0
2954,58.8051,9.44938,2009,0
2955,58.80512,9.44938,2009,0
2956,58.8051299999999,9.44938999999999,2009,0
2957,58.80516,9.44938999999999,2009,0
2958,58.8051999999999,9.44936,2009,0
2959,58.80489,9.45147,2009,0
2960,58.8049,9.45138,2009,0
2961,58.80492,9.45132,2009,0
2962,58.8046399999999,9.45109,2009,0
2963,58.8046599999999,9.451,2009,0
2964,58.80467,9.45093,2009,0
2965,58.80543,9.45317,2009,0
2966,58.80543,9.45316,2009,0
2967,58.8054199999999,9.45299999999999,2009,0
2968,58.8055799999999,9.45398999999999,2009,0
2969,58.80554,9.45387,2009,0
2970,58.8055099999999,9.45377,2009,0
2971,58.90109,9.63073,2009,0
2972,58.9012,9.6305,2009,0
2973,58.90487,9.63507,2009,0
2974,58.90527,9.6351,2009,0
2975,58.9155599999999,9.64687999999999,2009,0
2976,58.9218199999999,9.62318,2009,0
2977,58.9218499999999,9.62274,2009,0
2978,58.9212599999999,9.62604999999999,2009,0
2979,58.9201199999999,9.62811999999999,2009,0
2980,58.90841,9.63038,2009,0
2981,58.905,9.63538,2009,0
2982,58.8293499999999,9.48255,2009,0
2983,58.82979,9.4847,2009,0
2984,58.8303999999999,9.48476999999999,2009,0
2985,58.8303299999999,9.48503,2009,0
2986,58.83144,9.48489,2009,0
2987,58.83131,9.48553,2009,0
2988,58.8424699999999,9.53567,2009,0
2989,58.8424499999999,9.53581,2009,0
2990,58.84241,9.53619999999999,2009,0
2991,58.84239,9.53645,2009,0
2992,58.8423799999999,9.53661999999999,2009,0
2993,58.8423599999999,9.53694999999999,2009,0
2994,58.84235,9.53703,2009,0
2995,58.8423299999999,9.53717,2009,0
2996,58.8423099999999,9.53739,2009,0
2997,58.84228,9.53776,2009,0
2998,58.8422699999999,9.53791,2009,0
2999,58.8422699999999,9.53818,2009,0
3000,58.84223,9.53838,2009,0
3001,58.84221,9.53857,2009,0
3002,58.84219,9.53872999999999,2009,0
3003,58.8421799999999,9.53886999999999,2009,0
3004,58.84226,9.54002,2009,0
3005,58.84226,9.54099,2009,0
3006,58.84225,9.54116999999999,2009,0
3007,58.84223,9.54142,2009,0
3008,58.8422199999999,9.54167,2009,0
3009,58.84221,9.54186999999999,2009,0
3010,58.84221,9.54212,2009,0
3011,58.84219,9.54313,2009,0
3012,58.84225,9.54411999999999,2009,0
3013,58.8422399999999,9.54435999999999,2009,0
3014,58.84228,9.54458999999999,2009,0
3015,58.8422899999999,9.54482,2009,0
3016,58.8422699999999,9.54515999999999,2009,0
3017,58.8422399999999,9.5454,2009,0
3018,58.84232,9.5458,2009,0
3019,58.8426499999999,9.54754999999999,2009,0
3020,58.84264,9.54843999999999,2009,0
3021,58.8425599999999,9.5495,2009,0
3022,58.84255,9.54989,2009,0
3023,58.84239,9.55242999999999,2009,0
3024,58.84237,9.55267,2009,0
3025,58.84235,9.55278,2009,0
3026,58.84232,9.55296,2009,0
3027,58.8422899999999,9.55314,2009,0
3028,58.84183,9.55705,2009,0
3029,58.8418199999999,9.55719,2009,0
3030,58.7612799999999,9.36935,2008,0
3031,58.7604899999999,9.36168,2008,0
3032,58.7598399999999,9.36222,2008,0
3033,58.75988,9.36308,2008,0
3034,58.7603099999999,9.37297,2008,0
3035,58.75871,9.37756,2008,0
3036,58.75768,9.35910999999999,2008,0
3037,58.75757,9.36172,2008,0
3038,58.7569,9.36182999999999,2008,0
3039,58.75457,9.35485,2008,0
3040,58.75453,9.35918,2008,0
3041,58.75359,9.34287999999999,2008,0
3042,58.7542899999999,9.35879,2008,0
3043,58.75263,9.35689,2008,0
3044,58.7519599999999,9.34661,2008,0
3045,58.7520099999999,9.34789999999999,2008,0
3046,58.75132,9.34758,2008,0
3047,58.7509099999999,9.34332,2008,0
3048,58.7509299999999,9.34894,2008,0
3049,58.7513099999999,9.35754,2008,0
3050,58.75216,9.38728,2008,0
3051,58.75021,9.34775999999999,2008,0
3052,58.75034,9.35596999999999,2008,0
3053,58.75001,9.35342999999999,2008,0
3054,58.74886,9.34279,2008,0
3055,58.7486999999999,9.34411,2008,0
3056,58.7483799999999,9.37274,2008,0
3057,58.7476699999999,9.36679,2008,0
3058,58.7474399999999,9.36683,2008,0
3059,58.74756,9.36941,2008,0
3060,58.74786,9.37628999999999,2008,0
3061,58.7471299999999,9.36991,2008,0
3062,58.74743,9.37679,2008,0
3063,58.74644,9.3644,2008,0
3064,58.7465499999999,9.36698,2008,0
3065,58.74598,9.37443,2008,0
3066,58.7450699999999,9.35899,2008,0
3067,58.7452699999999,9.36848,2008,0
3068,58.7453399999999,9.3702,2008,0
3069,58.74427,9.35609,2008,0
3070,58.7448199999999,9.37374999999999,2008,0
3071,58.7445999999999,9.37898,2008,0
3072,58.7435699999999,9.36053,2008,0
3073,58.7445299999999,9.38246,2008,0
3074,58.74344,9.36271999999999,2008,0
3075,58.74306,9.35932,2008,0
3076,58.74284,9.35934999999999,2008,0
3077,58.74297,9.36236,2008,0
3078,58.74376,9.38040999999999,2008,0
3079,58.7429599999999,9.36713,2008,0
3080,58.7427199999999,9.37712,2008,0
3081,58.7418699999999,9.36297,2008,0
3082,58.74193,9.36426,2008,0
3083,58.74257,9.37888,2008,0
3084,58.74152,9.35999999999999,2008,0
3085,58.74091,9.36659,2008,0
3086,58.7409299999999,9.36702,2008,0
3087,58.7399199999999,9.35938999999999,2008,0
3088,58.74056,9.37401,2008,0
3089,58.7394699999999,9.35427,2008,0
3090,58.74022,9.37146,2008,0
3091,58.73924,9.35431,2008,0
3092,58.73949,9.3599,2008,0
3093,58.73966,9.36896,2008,0
3094,58.73872,9.35266,2008,0
3095,58.7391,9.36645,2008,0
3096,58.73865,9.36652,2008,0
3097,58.7381299999999,9.36487999999999,2008,0
3098,58.7376599999999,9.35933,2008,0
3099,58.73738,9.35807,2008,0
3100,58.73733,9.36198,2008,0
3101,58.73705,9.36591999999999,2008,0
3102,58.7363,9.35392,2008,0
3103,58.7363599999999,9.35521,2008,0
3104,58.7364299999999,9.35693,2008,0
3105,58.73644,9.36212,2008,0
3106,58.73608,9.36434,2008,0
3107,58.73565,9.35965,2008,0
3108,58.73405,9.35385999999999,2008,0
3109,58.73384,9.35432,2008,0
3110,58.7316199999999,9.34991999999999,2008,0
3111,58.73133,9.34824,2008,0
3112,60.6015829999999,4.955033,2009,0
3113,60.600217,4.962383,2009,0
3114,60.5991829999999,4.959733,2009,0
3115,60.5959999999999,4.96675,2009,0
3116,60.5865,4.993583,2009,0
3117,60.560333,5.0335,2009,0
3118,60.5949999999999,4.97065,2009,0
3119,60.5951829999999,4.971783,2009,0
3120,60.5928499999999,4.9642,2009,0
3121,60.5922169999999,4.968,2009,0
3122,60.5911669999999,4.962083,2009,0
3123,60.5899829999999,4.966,2009,0
3124,60.5889499999999,4.962083,2009,0
3125,60.5895999999999,4.990717,2009,0
3126,68.5687999999999,16.52963,2012,1
3127,69.43855,17.1389,2008,1
3128,69.43719,17.14124,2008,1
3129,69.43353,17.13608,2008,1
3130,69.43895,17.17217,2008,1
3131,69.43702,17.18751,2008,1
3132,69.4355999999999,17.1847199999999,2008,1
3133,69.4402099999999,17.17858,2008,1
3134,69.4318099999999,17.17145,2008,1
3135,69.43218,17.1790899999999,2008,1
3136,69.42955,17.1713799999999,2008,1
3137,69.4819799999999,17.3185199999999,2008,1
3138,69.47919,17.32589,2008,1
3139,69.4769699999999,17.3243699999999,2008,1
3140,69.45637,17.1393899999999,2008,1
3141,69.45125,17.16016,2008,1
3142,69.4526999999999,17.15185,2008,1
3143,69.4691499999999,17.1401499999999,2008,1
3144,69.4741999999999,17.13963,2008,1
3145,69.4917599999999,17.2914199999999,2008,1
3146,69.49061,17.31049,2008,1
3147,69.4903,17.33349,2008,1
3148,69.48932,17.3065199999999,2008,1
3149,69.4879899999999,17.30509,2008,1
3150,69.4876799999999,17.32809,2008,1
3151,69.4877299999999,17.29099,2008,1
3152,69.48766,17.2960999999999,2008,1
3153,69.48681,17.2921699999999,2008,1
3154,69.48644,17.32028,2008,1
3155,69.61506,17.79515,2008,1
3156,69.61015,17.81378,2008,1
3157,69.6088299999999,17.7581799999999,2008,1
3158,69.60729,17.76206,2008,1
3159,69.5998299999999,17.7594099999999,2008,1
3160,69.6000999999999,17.77013,2008,1
3161,69.6154599999999,17.66514,2008,1
3162,69.61512,17.66113,2008,1
3163,69.6198399999999,17.6539399999999,2008,1
3164,69.6235099999999,17.65523,2008,1
3165,69.6002299999999,17.7109999999999,2008,1
3166,69.60324,17.71403,2008,1
3167,69.6349699999999,17.72426,2008,1
3168,69.6321599999999,17.7316299999999,2008,1
3169,69.6291899999999,17.7209499999999,2008,1
3170,69.62452,17.70361,2008,1
3171,69.6230599999999,17.71115,2008,1
3172,69.62103,17.72634,2008,1
3173,69.6162099999999,17.7759299999999,2008,1
3174,69.6158599999999,17.7694499999999,2008,1
3175,69.6126299999999,17.7754699999999,2008,1
3176,69.6119099999999,17.79211,2008,1
3177,69.61159,17.78434,2008,1
3178,69.60809,17.7787299999999,2008,1
3179,69.51518,17.99621,2008,1
3180,69.5134699999999,18.0026499999999,2008,1
3181,69.5090799999999,18.01169,2008,1
3182,69.5053199999999,18.0241399999999,2008,1
3183,69.5015899999999,18.0313699999999,2008,1
3184,69.49438,18.05977,2008,1
3185,69.4892799999999,18.0694799999999,2008,1
3186,69.5219299999999,17.9687899999999,2008,1
3187,69.52006,17.9736499999999,2008,1
3188,69.5187099999999,17.9734699999999,2008,1
3189,69.5152499999999,17.99221,2008,1
3190,69.51295,17.9957299999999,2008,1
3191,69.37912,18.07646,2008,1
3192,69.3790999999999,18.0777299999999,2008,1
3193,69.3779799999999,18.0902999999999,2008,1
3194,69.37751,18.09151,2008,1
3195,69.34984,18.08246,2008,1
3196,69.3413299999999,18.08124,2008,1
3197,69.5134599999999,18.00043,2008,1
3198,69.5053199999999,18.0241599999999,2008,1
3199,69.5127499999999,17.9959099999999,2008,1
3200,69.2336499999999,17.95251,2009,1
3201,69.23308,17.95145,2009,1
3202,64.7252,11.0904799999999,2007,0
3203,64.7193769999999,11.123263,2007,0
3204,64.7216659999999,11.122768,2007,0
3205,64.739383,11.326585,2007,0
3206,64.7421879999999,11.316977,2007,0
3207,64.738268,11.3012219999999,2007,0
3208,64.735465,11.287359,2007,0
3209,64.734587,11.27879,2007,0
3210,64.726703,11.236227,2007,0
3211,64.726994,11.236273,2007,0
3212,64.7279259999999,11.235602,2007,0
3213,64.7281229999999,11.2292179999999,2007,0
3214,64.729928,11.2063659999999,2007,0
3215,64.730778,11.205158,2007,0
3216,64.724388,11.185566,2007,0
3217,64.724496,11.1862359999999,2007,0
3218,64.724743,11.186648,2007,0
3219,64.7248189999999,11.18685,2007,0
3220,64.7241709999999,11.148228,2007,0
3221,64.740121,11.1352119999999,2007,0
3222,64.734761,11.1249129999999,2007,0
3223,64.7340209999999,11.115912,2007,0
3224,64.734746,11.090911,2007,0
3225,64.7306789999999,11.0816839999999,2007,0
3226,64.7764099999999,11.209422,2007,0
3227,64.791212,11.127074,2007,0
3228,64.7912639999999,11.1234249999999,2007,0
3229,64.7920809999999,11.12005,2007,0
3230,64.798382,11.121256,2007,0
3231,64.842945,11.2098429999999,2007,0
3232,64.8600229999999,11.270441,2007,0
3233,64.86069,11.271064,2007,0
3234,64.8607619999999,11.270611,2007,0
3235,64.890611,11.332788,2007,0
3236,64.924304,11.492338,2007,0
3237,64.924233,11.492364,2007,0
3238,64.924121,11.492346,2007,0
3239,64.938383,11.383512,2007,0
3240,64.938282,11.384001,2007,0
3241,64.9372269999999,11.388092,2007,0
3242,64.937531,11.388355,2007,0
3243,64.9372489999999,11.391931,2007,0
3244,64.9374689999999,11.391899,2007,0
3245,64.938907,11.410586,2007,0
3246,64.938941,11.415293,2007,0
3247,64.9376429999999,11.4211329999999,2007,0
3248,64.947147,11.454211,2007,0
3249,64.9628869999999,11.489901,2007,0
3250,64.97965,11.564492,2007,0
3251,64.9806559999999,11.570162,2007,0
3252,65.0157439999999,11.67647,2007,0
3253,64.859993,11.270451,2007,0
3254,64.9375069999999,11.418464,2007,0
3255,64.70653,11.0018049999999,2007,0
3256,64.7047479999999,10.9864979999999,2007,0
3257,64.704018,11.030983,2007,0
3258,64.70986,11.014392,2007,0
3259,64.6997779999999,10.990249,2007,0
3260,64.7005249999999,11.00031,2007,0
3261,64.701806,10.989525,2007,0
3262,64.715269,11.0484589999999,2007,0
3263,64.7154419999999,11.037846,2007,0
3264,64.702522,11.006926,2007,0
3265,64.69835,10.972334,2007,0
3266,64.718322,11.0154239999999,2007,0
3267,64.7203889999999,11.025562,2007,0
3268,64.7206149999999,11.025902,2007,0
3269,64.715592,11.006009,2007,0
3270,64.6906929999999,11.084902,2007,0
3271,64.6906419999999,11.08487,2007,0
3272,64.6900169999999,11.085572,2007,0
3273,64.6897869999999,11.085742,2007,0
3274,64.6901199999999,11.084832,2007,0
3275,64.6887219999999,11.0825309999999,2007,0
3276,64.688686,11.0814509999999,2007,0
3277,64.6870579999999,11.0721969999999,2007,0
3278,64.687032,11.071374,2007,0
3279,64.687634,11.072277,2007,0
3280,64.6878049999999,11.072271,2007,0
3281,64.6856889999999,11.067237,2007,0
3282,64.6856609999999,11.066141,2007,0
3283,64.685495,11.064797,2007,0
3284,64.6854369999999,11.0646249999999,2007,0
3285,64.6858409999999,11.063625,2007,0
3286,64.6860709999999,11.059054,2007,0
3287,64.6520459999999,11.106071,2007,0
3288,64.691034,10.930087,2007,0
3289,64.6304329999999,11.035009,2007,0
3290,64.598628,11.0317279999999,2007,0
3291,64.6530949999999,11.089858,2007,0
3292,64.688219,10.928952,2007,0
3293,64.6468239999999,11.011775,2007,0
3294,64.6802449999999,10.919349,2007,0
3295,64.6197379999999,11.0268409999999,2007,0
3296,64.634808,11.037877,2007,0
3297,64.69781,10.944437,2007,0
3298,64.6358809999999,11.033215,2007,0
3299,64.6935399999999,10.933983,2007,0
3300,64.68752,10.9223009999999,2007,0
3301,64.6783159999999,10.9158279999999,2007,0
3302,64.6728389999999,11.056527,2007,0
3303,64.672481,11.057093,2007,0
3304,64.6733619999999,11.0616509999999,2007,0
3305,64.671738,11.060109,2007,0
3306,64.6720899999999,11.0604499999999,2007,0
3307,64.6472279999999,11.070186,2007,0
3308,64.6472559999999,11.0706539999999,2007,0
3309,64.647001,11.069098,2007,0
3310,64.646473,11.065172,2007,0
3311,64.646134,11.0646179999999,2007,0
3312,64.644692,11.0640699999999,2007,0
3313,64.64498,11.0618719999999,2007,0
3314,64.6450349999999,11.0610839999999,2007,0
3315,64.645071,11.06052,2007,0
3316,64.5962609999999,11.043507,2007,0
3317,64.596665,11.041278,2007,0
3318,64.596754,11.0410369999999,2007,0
3319,64.607977,11.030051,2007,0
3320,64.6081039999999,11.030219,2007,0
3321,64.6093529999999,11.0282889999999,2007,0
3322,64.609498,11.028207,2007,0
3323,64.6082179999999,11.0257489999999,2007,0
3324,64.6082159999999,11.0254949999999,2007,0
3325,60.24165,5.18464,2009,0
3326,60.2420199999999,5.18404,2009,0
3327,60.2466999999999,5.17821,2009,0
3328,60.2417999999999,5.18446,2009,0
3329,60.24635,5.17716,2009,0
3330,58.0142999999999,7.01224,2008,0
3331,58.0129799999999,6.99852,2008,0
3332,58.01281,6.99941,2008,0
3333,58.01241,6.99652,2008,0
3334,58.0118999999999,7.01703,2008,0
3335,58.0115199999999,7.01457,2008,0
3336,58.0122599999999,7.0263,2008,0
3337,58.0109399999999,7.01257,2008,0
3338,58.01149,7.02477,2008,0
3339,58.0099299999999,7.00728,2008,0
3340,58.0095999999999,7.00565,2008,0
3341,58.01062,7.02539,2008,0
3342,58.0101,7.02423,2008,0
3343,58.00996,7.02554,2008,0
3344,58.00918,7.02401,2008,0
3345,58.0088,7.02155,2008,0
3346,58.0078699999999,7.02473,2008,0
3347,58.00667,7.0199,2008,0
3348,58.00363,6.9968,2008,0
3349,58.00278,6.99401,2008,0
3350,58.00184,7.0006,2008,0
3351,58.00077,6.99446,2008,0
3352,58.0001,6.99801,2008,0
3353,57.99985,6.99764,2008,0
3354,58.0153499999999,7.02518,2008,0
3355,58.0091499999999,7.01637,2008,0
3356,58.0079399999999,7.01155,2008,0
3357,58.0083399999999,7.01783,2008,0
3358,58.00791,7.01453,2008,0
3359,58.0079199999999,7.01835,2008,0
3360,58.0076699999999,7.01798,2008,0
3361,58.0060199999999,7.00603,2008,0
3362,58.0060599999999,7.01027,2008,0
3363,58.0062199999999,7.01278,2008,0
3364,58.00542,7.01084,2008,0
3365,58.00424,7.00643,2008,0
3366,58.00404,7.0069,2008,0
3367,58.0030799999999,7.01306,2008,0
3368,57.9956999999999,7.01047,2008,0
3369,57.99503,7.01062,2008,0
3370,57.9944199999999,7.0116,2008,0
3371,57.993,7.01065,2008,0
3372,58.1278,6.54065,2007,0
3373,58.1283099999999,6.54821,2007,0
3374,58.1268299999999,6.53619,2007,0
3375,58.1270799999999,6.5502,2007,0
3376,58.1257999999999,6.5343,2007,0
3377,58.1263,6.54186,2007,0
3378,58.12527,6.53315,2007,0
3379,58.12617,6.54658,2007,0
3380,58.12673,6.55498,2007,0
3381,58.12527,6.53997,2007,0
3382,58.12603,6.55131,2007,0
3383,58.12491,6.53793,2007,0
3384,58.12413,6.52959,2007,0
3385,58.12534,6.55105,2007,0
3386,58.12431,6.54575,2007,0
3387,58.1248999999999,6.55798,2007,0
3388,58.12263,6.5308,2007,0
3389,58.12426,6.55514,2007,0
3390,58.12218,6.5309,2007,0
3391,58.12409,6.55945,2007,0
3392,58.12404,6.56202,2007,0
3393,58.1215699999999,6.52849,2007,0
3394,58.12261,6.54402,2007,0
3395,58.12306,6.55074,2007,0
3396,58.1221099999999,6.54329,2007,0
3397,58.12223,6.5552,2007,0
3398,58.12142,6.54644,2007,0
3399,58.12089,6.5487,2007,0
3400,58.1195799999999,6.53238,2007,0
3401,58.11977,6.53532,2007,0
3402,58.11927,6.53117,2007,0
3403,58.1198899999999,6.54382,2007,0
3404,58.11836,6.54461,2007,0
3405,58.11741,6.53375,2007,0
3406,58.11806,6.5434,2007,0
3407,58.1175799999999,6.53968,2007,0
3408,58.1164899999999,6.53013,2007,0
3409,58.11621,6.52934,2007,0
3410,58.11596,6.52898,2007,0
3411,58.1163299999999,6.53443,2007,0
3412,58.1169999999999,6.54792,2007,0
3413,58.1164199999999,6.54592,2007,0
3414,58.1145799999999,6.5421,2007,0
3415,58.1142499999999,6.54047,2007,0
3416,58.11453,6.54467,2007,0
3417,58.1133299999999,6.54027,2007,0
3418,58.11334,6.54368,2007,0
3419,58.11303,6.54247,2007,0
3420,58.11289,6.54378,2007,0
3421,58.1130599999999,6.54971,2007,0
3422,58.11133,6.53733,2007,0
3423,58.11139,6.54158,2007,0
3424,58.1120099999999,6.55081,2007,0
3425,58.11106,6.54337,2007,0
3426,58.1099699999999,6.54064,2007,0
3427,58.11028,6.54526,2007,0
3428,58.11101,6.55617,2007,0
3429,58.10981,6.54153,2007,0
3430,58.1097299999999,6.55732,2007,0
3431,58.10842,6.54101,2007,0
3432,58.1083399999999,6.54316,2007,0
3433,58.10842,6.54442,2007,0
3434,58.1093499999999,6.55827,2007,0
3435,58.10812,6.54663,2007,0
3436,58.1084299999999,6.55465,2007,0
3437,58.1086,6.55717,2007,0
3438,58.10725,6.54385,2007,0
3439,58.1070899999999,6.54474,2007,0
3440,58.10757,6.55187,2007,0
3441,58.10779,6.55864,2007,0
3442,58.10718,6.55282,2007,0
3443,58.1064,6.55471,2007,0
3444,58.10643,6.55513,2007,0
3445,58.10531,6.54516,2007,0
3446,58.10607,6.56331,2007,0
3447,58.10593,6.56462,2007,0
3448,58.10571,6.56468,2007,0
3449,58.10501,6.5576,2007,0
3450,58.1040399999999,6.54973,2007,0
3451,58.1022299999999,6.55314,2007,0
3452,58.1013499999999,6.55676,2007,0
3453,58.0668999999999,6.64627,2008,0
3454,58.06671,6.64675,2008,0
3455,58.0650699999999,6.64585,2008,0
3456,58.06524,6.64837,2008,0
3457,58.06418,6.65288,2008,0
3458,58.0636799999999,6.64874,2008,0
3459,58.06313,6.64716,2008,0
3460,58.0627599999999,6.65534,2008,0
3461,58.06179,6.64748,2008,0
3462,58.0622899999999,6.65502,2008,0
3463,58.06107,6.64339,2008,0
3464,58.06065,6.64391,2008,0
3465,58.06118,6.65188,2008,0
3466,58.06004,6.6415,2008,0
3467,58.05957,6.64459,2008,0
3468,58.0585999999999,6.64695,2008,0
3469,58.05912,6.65491,2008,0
3470,58.0587599999999,6.65287,2008,0
3471,58.0581499999999,6.65046,2008,0
3472,58.06031,6.68315,2008,0
3473,58.0579899999999,6.65135,2008,0
3474,58.05782,6.65565,2008,0
3475,58.05948,6.6808,2008,0
3476,58.05917,6.67959,2008,0
3477,58.0595799999999,6.68588,2008,0
3478,58.05892,6.67922,2008,0
3479,58.0587,6.67928,2008,0
3480,58.0587299999999,6.67969,2008,0
3481,58.0585799999999,6.68781,2008,0
3482,58.0562899999999,6.65643,2008,0
3483,58.0571699999999,6.68346,2008,0
3484,58.05568,6.66764,2008,0
3485,58.0552599999999,6.67157,2008,0
3486,58.05592,6.68503,2008,0
3487,58.05501,6.67461,2008,0
3488,58.0551999999999,6.67754,2008,0
3489,58.05404,6.67015,2008,0
3490,58.05407,6.67057,2008,0
3491,58.05324,6.6614,2008,0
3492,58.05442,6.68283,2008,0
3493,58.0529599999999,6.66743,2008,0
3494,58.0526199999999,6.66921,2008,0
3495,58.0525099999999,6.67094,2008,0
3496,58.0516799999999,6.66177,2008,0
3497,58.0517899999999,6.67025,2008,0
3498,58.05059,6.67266,2008,0
3499,58.07056,6.66074,2008,0
3500,58.06826,6.6566,2008,0
3501,58.06826,6.66001,2008,0
3502,58.0684499999999,6.66294,2008,0
3503,58.06848,6.66336,2008,0
3504,58.0679799999999,6.66263,2008,0
3505,58.0672,6.66111,2008,0
3506,58.06654,6.66807,2008,0
3507,58.0664,6.66938,2008,0
3508,58.0655399999999,6.66661,2008,0
3509,58.06573,6.66954,2008,0
3510,58.06562,6.67127,2008,0
3511,58.0639299999999,6.66273,2008,0
3512,58.0638399999999,6.66828,2008,0
3513,58.06373,6.67001,2008,0
3514,58.0627799999999,6.68981,2008,0
3515,58.06194,6.68745,2008,0
3516,58.0621099999999,6.68997,2008,0
3517,58.06089,6.68855,2008,0
3518,63.43332,9.97663,2009,0
3519,63.4331499999999,9.97655999999999,2009,0
3520,63.44306,9.97911,2009,0
3521,63.44268,9.97972,2009,0
3522,63.44304,9.97874,2009,0
3523,63.44277,9.97866,2009,0
3524,63.37626,9.94403,2009,0
3525,63.3258799999999,10.0846,2009,0
3526,63.3256999999999,10.0845699999999,2009,0
3527,63.33494,10.06929,2009,0
3528,67.2688169999999,14.451283,2011,0
3529,67.2690329999999,14.451317,2011,0
3530,67.2687329999999,14.452083,2011,0
3531,67.2687169999999,14.4514999999999,2011,0
3532,67.268467,14.4505669999999,2011,0
3533,67.267667,14.4461499999999,2011,0
3534,67.26425,14.410683,2011,0
3535,67.2640329999999,14.4104329999999,2011,0
3536,67.2644669999999,14.4111499999999,2011,0
3537,67.264767,14.412083,2011,0
3538,67.26345,14.406967,2011,0
3539,67.26385,14.408817,2011,0
3540,67.2605329999999,14.3820169999999,2011,0
3541,67.260383,14.3813499999999,2011,0
3542,67.26035,14.381067,2011,0
3543,67.2606499999999,14.3808,2011,0
3544,67.2520499999999,14.3201,2011,0
3545,67.2529669999999,14.320817,2011,0
3546,67.252767,14.31415,2011,0
3547,67.2527999999999,14.3158829999999,2011,0
3548,67.2527999999999,14.3167,2011,0
3549,67.2276829999999,14.439133,2011,0
3550,67.22745,14.4399169999999,2011,0
3551,67.19275,14.631683,2011,0
3552,67.262833,14.711067,2011,0
3553,67.27525,14.708767,2011,0
3554,67.2927669999999,13.490033,2011,0
3555,67.29325,13.489083,2011,0
3556,67.2944329999999,13.4877,2011,0
3557,67.29465,13.486883,2011,0
3558,67.292067,13.490183,2011,0
3559,67.304933,13.5077,2011,0
3560,67.3050829999999,13.5194829999999,2011,0
3561,67.3037829999999,13.520367,2011,0
3562,67.3045999999999,13.528383,2011,0
3563,67.305183,13.5285329999999,2011,0
3564,67.30265,13.54955,2011,0
3565,67.303267,13.550583,2011,0
3566,67.296783,13.61295,2011,0
3567,67.2977329999999,13.6337329999999,2011,0
3568,67.298,13.634567,2011,0
3569,67.2986499999999,13.634983,2011,0
3570,67.2957669999999,13.66985,2011,0
3571,67.295967,13.6707,2011,0
3572,67.296833,13.671433,2011,0
3573,67.2900329999999,13.67825,2011,0
3574,67.290317,13.6788,2011,0
3575,67.290717,13.679933,2011,0
3576,67.2922669999999,13.704033,2011,0
3577,67.2922499999999,13.70515,2011,0
3578,67.291983,13.70695,2011,0
3579,67.30445,13.690033,2011,0
3580,67.3051329999999,13.6910329999999,2011,0
3581,67.3068999999999,13.7017,2011,0
3582,67.306267,13.7030169999999,2011,0
3583,67.317367,13.7011,2011,0
3584,67.317283,13.703117,2011,0
3585,67.31595,13.7000329999999,2011,0
3586,67.316483,13.701967,2011,0
3587,67.3170999999999,13.701817,2011,0
3588,67.3852669999999,13.876633,2011,0
3589,67.3872329999999,13.8416169999999,2011,0
3590,67.387967,13.84205,2011,0
3591,67.3868999999999,13.8406,2011,0
3592,67.3910329999999,13.8393,2011,0
3593,67.3907169999999,13.8376,2011,0
3594,67.391817,13.8384,2011,0
3595,67.392217,13.8371999999999,2011,0
3596,67.3924499999999,13.83655,2011,0
3597,67.4057669999999,13.821667,2011,0
3598,67.406267,13.821367,2011,0
3599,67.4056999999999,13.851917,2011,0
3600,67.405883,13.850667,2011,0
3601,67.4096669999999,13.8524999999999,2011,0
3602,67.4099999999999,13.8537669999999,2011,0
3603,67.42895,13.9051829999999,2011,0
3604,67.4292829999999,13.9047,2011,0
3605,67.428233,13.903133,2011,0
3606,67.4437,13.897133,2011,0
3607,67.4428329999999,13.896933,2011,0
3608,67.446117,13.9016,2011,0
3609,67.445317,13.9041999999999,2011,0
3610,67.4574,14.017167,2011,0
3611,67.4569999999999,14.0171329999999,2011,0
3612,67.45635,14.017367,2011,0
3613,67.4600329999999,14.0498829999999,2011,0
3614,67.460417,14.0507,2011,0
3615,67.4322669999999,14.025783,2011,0
3616,67.405017,14.011717,2011,0
3617,67.405067,14.012383,2011,0
3618,67.402617,14.015783,2011,0
3619,67.403017,14.0164829999999,2011,0
3620,67.40335,14.016617,2011,0
3621,67.3284,14.1624,2011,0
3622,67.332733,14.1809999999999,2011,0
3623,67.3333329999999,14.181217,2011,0
3624,67.3368169999999,14.1938169999999,2011,0
3625,67.336667,14.1946169999999,2011,0
3626,67.2749,14.529183,2011,0
3627,67.3200829999999,14.0459499999999,2011,0
3628,67.3200829999999,14.046483,2011,0
3629,67.3200999999999,14.047133,2011,0
3630,67.319917,14.04635,2011,0
3631,67.3204999999999,14.029183,2011,0
3632,67.3201499999999,14.028717,2011,0
3633,67.3195999999999,14.02725,2011,0
3634,67.31895,14.0263,2011,0
3635,67.3205999999999,14.0213,2011,0
3636,67.3204669999999,14.022167,2011,0
3637,67.3158669999999,14.009517,2011,0
3638,67.3072829999999,14.007583,2011,0
3639,67.3071829999999,14.00905,2011,0
3640,67.288533,14.023417,2011,0
3641,67.2884169999999,14.024183,2011,0
3642,67.2888499999999,14.024017,2011,0
3643,67.28955,14.01385,2011,0
3644,67.2896499999999,14.014517,2011,0
3645,67.289883,14.014767,2011,0
3646,67.2896499999999,14.0154,2011,0
3647,67.290333,13.994217,2011,0
3648,67.2900499999999,13.9948169999999,2011,0
3649,67.2906499999999,13.995417,2011,0
3650,67.290633,13.995767,2011,0
3651,67.244083,13.957633,2011,0
3652,67.243367,13.95425,2011,0
3653,67.2429499999999,13.953917,2011,0
3654,67.24155,13.956383,2011,0
3655,67.241583,13.956517,2011,0
3656,67.241533,13.957483,2011,0
3657,67.225783,13.952017,2011,0
3658,67.225717,13.95265,2011,0
3659,67.22565,13.9508329999999,2011,0
3660,67.225767,13.951017,2011,0
3661,67.225767,13.951167,2011,0
3662,67.218883,13.931133,2011,0
3663,67.218733,13.9303,2011,0
3664,67.2191499999999,13.93005,2011,0
3665,67.219767,13.9308169999999,2011,0
3666,67.220483,13.93155,2011,0
3667,67.2174169999999,13.952283,2011,0
3668,67.2175,13.9530999999999,2011,0
3669,67.2671169999999,14.407467,2011,0
3670,67.2670499999999,14.423317,2011,0
3671,67.267217,14.4242,2011,0
3672,67.246283,14.693917,2011,0
3673,67.2438329999999,14.614933,2011,0
3674,67.2905669999999,14.37115,2011,0
3675,67.2904999999999,14.371283,2011,0
3676,67.2351,14.6121669999999,2011,0
3677,67.2309999999999,14.616583,2011,0
3678,67.3341669999999,14.4863,2011,0
3679,67.3342329999999,14.48615,2011,0
3680,67.3342169999999,14.4864669999999,2011,0
3681,67.3337499999999,14.487233,2011,0
3682,67.334333,14.486917,2011,0
3683,67.3342829999999,14.486367,2011,0
3684,67.3851329999999,14.62485,2011,0
3685,67.3852169999999,14.624667,2011,0
3686,67.3847999999999,14.624317,2011,0
3687,67.3461829999999,14.4775829999999,2011,0
3688,67.372641,14.247412,2012,0
3689,67.372049,14.247203,2012,0
3690,67.371335,14.242042,2012,0
3691,67.3716739999999,14.241482,2012,0
3692,67.3715229999999,14.240536,2012,0
3693,67.3718089999999,14.2407889999999,2012,0
3694,67.379199,14.1901449999999,2012,0
3695,67.3812439999999,14.195181,2012,0
3696,67.3817049999999,14.1957039999999,2012,0
3697,67.381315,14.193409,2012,0
3698,67.398137,14.252755,2012,0
3699,67.4046539999999,14.2501339999999,2012,0
3700,67.404745,14.251749,2012,0
3701,67.406946,14.250734,2012,0
3702,67.4068419999999,14.2511259999999,2012,0
3703,67.409396,14.252888,2012,0
3704,67.410103,14.263902,2012,0
3705,67.4092849999999,14.2627159999999,2012,0
3706,67.444112,14.360447,2012,0
3707,67.444674,14.36392,2012,0
3708,67.442931,14.373802,2012,0
3709,67.450124,14.367894,2012,0
3710,67.4497599999999,14.3679349999999,2012,0
3711,67.4496139999999,14.376222,2012,0
3712,67.4491239999999,14.376477,2012,0
3713,67.4471649999999,14.656184,2012,0
3714,67.447207,14.657507,2012,0
3715,67.4479939999999,14.6641189999999,2012,0
3716,67.440887,14.670968,2012,0
3717,67.44082,14.6711969999999,2012,0
3718,67.439295,14.7516479999999,2012,0
3719,67.4474689999999,14.711179,2012,0
3720,67.4222589999999,14.616284,2012,0
3721,67.4222019999999,14.615313,2012,0
3722,67.41782,14.606185,2012,0
3723,67.417888,14.606628,2012,0
3724,67.418694,14.6035419999999,2012,0
3725,67.4104549999999,14.608809,2012,0
3726,67.4128879999999,14.614026,2012,0
3727,67.4117329999999,14.580116,2012,0
3728,67.3928329999999,14.45088,2012,0
3729,67.392549,14.450073,2012,0
3730,67.372066,14.4882519999999,2012,0
3731,67.371875,14.488619,2012,0
3732,67.371576,14.486573,2012,0
3733,67.372585,14.491121,2012,0
3734,67.367783,14.497636,2012,0
3735,67.367642,14.497054,2012,0
3736,67.35935,14.534462,2012,0
3737,67.3545919999999,14.534859,2012,0
3738,67.354466,14.535164,2012,0
3739,67.354307,14.534583,2012,0
3740,67.349652,14.532062,2012,0
3741,67.4954539999999,14.660831,2012,0
3742,67.495939,14.662088,2012,0
3743,67.496278,14.66294,2012,0
3744,67.499395,14.694618,2012,0
3745,67.502936,14.68505,2012,0
3746,67.533257,14.559452,2012,0
3747,67.53323,14.558754,2012,0
3748,67.532734,14.558455,2012,0
3749,67.5324949999999,14.557766,2012,0
3750,67.5318939999999,14.556991,2012,0
3751,67.53735,14.566163,2012,0
3752,67.538179,14.567743,2012,0
3753,67.538244,14.569381,2012,0
3754,67.5446879999999,14.5832669999999,2012,0
3755,67.544966,14.58234,2012,0
3756,67.5455759999999,14.582136,2012,0
3757,67.5428239999999,14.596413,2012,0
3758,67.5425919999999,14.596659,2012,0
3759,67.542428,14.5957519999999,2012,0
3760,67.5595629999999,14.573261,2012,0
3761,67.5598329999999,14.573929,2012,0
3762,67.5595119999999,14.5730799999999,2012,0
3763,67.5605639999999,14.576829,2012,0
3764,67.5628169999999,14.596518,2012,0
3765,67.563353,14.5969359999999,2012,0
3766,67.563494,14.59824,2012,0
3767,67.563574,14.599589,2012,0
3768,67.563607,14.621181,2012,0
3769,67.5645549999999,14.62221,2012,0
3770,67.5946179999999,14.659134,2012,0
3771,67.594949,14.660161,2012,0
3772,67.5950449999999,14.6620159999999,2012,0
3773,67.5956809999999,14.655571,2012,0
3774,67.595831,14.655104,2012,0
3775,67.5954219999999,14.654532,2012,0
3776,67.5987509999999,14.6456979999999,2012,0
3777,67.5981989999999,14.645612,2012,0
3778,67.6130509999999,14.664747,2012,0
3779,67.613049,14.6641429999999,2012,0
3780,67.6149,14.671058,2012,0
3781,67.6149479999999,14.6728179999999,2012,0
3782,67.614676,14.674141,2012,0
3783,65.380108,12.0244389999999,2016,0
3784,65.380261,12.024088,2016,0
3785,65.380508,12.0238619999999,2016,0
3786,65.3807189999999,12.0237599999999,2016,0
3787,65.380758,12.023745,2016,0
3788,65.3808539999999,12.0236059999999,2016,0
3789,65.379057,12.021877,2016,0
3790,65.44285,11.984102,2016,0
3791,65.445046,11.984019,2016,0
3792,65.444816,11.9841409999999,2016,0
3793,65.444811,11.983938,2016,0
3794,65.445414,11.9847819999999,2016,0
3795,65.448035,11.999081,2016,0
3796,65.44911,12.000674,2016,0
3797,65.4504019999999,12.01365,2016,0
3798,65.4497779999999,12.012446,2016,0
3799,65.45765,12.037222,2016,0
3800,65.458081,12.040292,2016,0
3801,65.4613039999999,12.0486039999999,2016,0
3802,65.465615,12.062809,2016,0
3803,65.46786,12.0653729999999,2016,0
3804,65.4673389999999,12.06199,2016,0
3805,65.469553,12.060848,2016,0
3806,65.4694879999999,12.060953,2016,0
3807,65.4642149999999,12.0373079999999,2016,0
3808,65.463678,12.033625,2016,0
3809,65.4636679999999,12.0321269999999,2016,0
3810,65.4677789999999,12.065683,2016,0
3811,65.442874,12.048386,2016,0
3812,65.435445,11.946242,2016,0
3813,65.435122,11.946716,2016,0
3814,65.39614,12.000848,2016,0
3815,65.3805459999999,12.0300619999999,2016,0
3816,65.3804889999999,12.029424,2016,0
3817,65.387758,12.044169,2016,0
3818,65.3884189999999,12.047796,2016,0
3819,65.388321,12.048095,2016,0
3820,65.3882049999999,12.04808,2016,0
3821,65.388546,12.05014,2016,0
3822,65.3890829999999,12.0529139999999,2016,0
3823,65.389734,12.055667,2016,0
3824,65.389835,12.058344,2016,0
3825,65.3885209999999,12.061707,2016,0
3826,65.3884079999999,12.061773,2016,0
3827,65.435207,11.9474389999999,2016,0
3828,65.4350129999999,11.946552,2016,0
3829,65.4354799999999,11.946437,2016,0
3830,65.4351039999999,11.946477,2016,0
3831,65.4372599999999,11.948788,2016,0
3832,65.5310759999999,12.12175,2015,0
3833,65.530904,12.121972,2015,0
3834,65.5308799999999,12.12198,2015,0
3835,65.5305429999999,12.12246,2015,0
3836,65.5304909999999,12.122543,2015,0
3837,65.52539,12.135161,2015,0
3838,65.525249,12.1354419999999,2015,0
3839,65.525209,12.1355629999999,2015,0
3840,65.5250649999999,12.13611,2015,0
3841,65.524945,12.136433,2015,0
3842,65.524878,12.136653,2015,0
3843,65.524872,12.109667,2015,0
3844,65.5246259999999,12.1104249999999,2015,0
3845,65.5164039999999,12.084863,2015,0
3846,65.5164029999999,12.084726,2015,0
3847,65.5164189999999,12.0843779999999,2015,0
3848,65.5164659999999,12.084293,2015,0
3849,65.516536,12.0842949999999,2015,0
3850,65.5183279999999,12.075672,2015,0
3851,65.5181359999999,12.076271,2015,0
3852,65.517994,12.0768439999999,2015,0
3853,65.4834089999999,12.0844799999999,2015,0
3854,65.483305,12.084652,2015,0
3855,65.48321,12.0848359999999,2015,0
3856,65.4831439999999,12.084992,2015,0
3857,65.481902,12.061507,2015,0
3858,65.481813,12.061792,2015,0
3859,65.4817149999999,12.062282,2015,0
3860,65.465614,12.038114,2015,0
3861,65.465373,12.038905,2015,0
3862,65.429575,12.003429,2015,0
3863,65.429443,12.004432,2015,0
3864,65.429416,12.004625,2015,0
3865,65.423112,11.9812309999999,2015,0
3866,65.42309,11.981305,2015,0
3867,65.423122,11.981681,2015,0
3868,65.423201,11.981718,2015,0
3869,65.404047,11.9809509999999,2015,0
3870,65.403806,11.9818289999999,2015,0
3871,65.402792,11.9827759999999,2015,0
3872,65.4026669999999,11.983191,2015,0
3873,65.390629,11.989984,2015,0
3874,65.389463,11.991082,2015,0
3875,65.3891679999999,11.9916,2015,0
3876,65.388727,11.9923199999999,2015,0
3877,65.37282,11.956642,2015,0
3878,65.3724119999999,11.95687,2015,0
3879,65.3723729999999,11.9569449999999,2015,0
3880,65.3722,11.9570329999999,2015,0
3881,65.3721029999999,11.957102,2015,0
3882,65.371975,11.957436,2015,0
3883,65.3719049999999,11.9577069999999,2015,0
3884,65.3634239999999,11.9915319999999,2015,0
3885,65.3627309999999,11.9928539999999,2015,0
3886,65.362565,11.9935139999999,2015,0
3887,65.45376,11.38091,2015,0
3888,65.453613,11.380477,2015,0
3889,65.453477,11.3801799999999,2015,0
3890,65.453412,11.380046,2015,0
3891,65.453361,11.37992,2015,0
3892,65.453309,11.379809,2015,0
3893,65.34828,11.696425,2015,0
3894,65.3479099999999,11.6959,2015,0
3895,65.3476509999999,11.695543,2015,0
3896,65.34721,11.6947189999999,2015,0
3897,65.3552499999999,11.7334689999999,2015,0
3898,65.3550369999999,11.733095,2015,0
3899,65.388332,11.700352,2015,0
3900,65.3882679999999,11.699875,2015,0
3901,65.3881279999999,11.699623,2015,0
3902,65.4249449999999,11.717705,2015,0
3903,65.4247089999999,11.717211,2015,0
3904,65.424453,11.716754,2015,0
3905,65.4241329999999,11.716108,2015,0
3906,65.4239,11.715667,2015,0
3907,65.452927,11.728742,2015,0
3908,65.4526939999999,11.72883,2015,0
3909,63.6976,9.373817,2008,0
3910,63.735683,9.495717,2008,0
3911,63.7083,9.452817,2008,0
3912,63.6734999999999,9.356233,2008,0
3913,63.66805,9.3306,2008,0
3914,63.7235599999999,9.52557,2009,0
3915,63.7233099999999,9.52534,2009,0
3916,63.72364,9.52584,2009,0
3917,63.7235299999999,9.52577,2009,0
3918,63.7274499999999,9.51446,2009,0
3919,63.7274299999999,9.51412,2009,0
3920,63.72715,9.51378,2009,0
3921,63.7041499999999,9.48903999999999,2009,0
3922,63.70421,9.48897,2009,0
3923,63.69968,9.48969,2009,0
3924,63.69959,9.48962,2009,0
3925,63.69959,9.48953,2009,0
3926,63.70302,9.44778,2009,0
3927,63.70308,9.44744,2009,0
3928,63.7027599999999,9.43840999999999,2009,0
3929,63.7028699999999,9.4381,2009,0
3930,63.70262,9.39112,2009,0
3931,63.70262,9.39075,2009,0
3932,63.6995999999999,9.36799,2009,0
3933,63.6952,9.36853,2009,0
3934,63.69532,9.36869,2009,0
3935,63.69558,9.3691,2009,0
3936,63.69594,9.38875,2009,0
3937,63.6919699999999,9.39999,2009,0
3938,63.68103,9.38414,2009,0
3939,63.65728,9.33616,2009,0
3940,63.6438399999999,9.35966999999999,2009,0
3941,63.6439099999999,9.35947,2009,0
3942,63.64412,9.35946,2009,0
3943,63.6439,9.35966,2009,0
3944,63.6439999999999,9.35952999999999,2009,0
3945,63.6452299999999,9.36896999999999,2009,0
3946,63.64528,9.36866,2009,0
3947,63.6454,9.36828,2009,0
3948,63.64135,9.38158,2009,0
3949,63.64137,9.38137,2009,0
3950,63.64096,9.38238999999999,2009,0
3951,63.64101,9.38233999999999,2009,0
3952,63.63797,9.35959,2009,0
3953,63.63799,9.35912,2009,0
3954,63.63803,9.35840999999999,2009,0
3955,63.6319599999999,9.46091,2009,0
3956,63.63197,9.46017,2009,0
3957,63.6319,9.46017999999999,2009,0
3958,63.6319599999999,9.45992,2009,0
3959,63.63199,9.4596,2009,0
3960,63.6319999999999,9.4595,2009,0
3961,63.63962,9.45111,2009,0
3962,63.63965,9.45109,2009,0
3963,63.63955,9.45079,2009,0
3964,63.63955,9.45068,2009,0
3965,63.6395199999999,9.4506,2009,0
3966,63.63955,9.45055,2009,0
3967,63.63956,9.45044,2009,0
3968,63.6383999999999,9.5311,2009,0
3969,63.63828,9.5311,2009,0
3970,63.6382899999999,9.53114,2009,0
3971,63.6382699999999,9.53091,2009,0
3972,63.63842,9.53069,2009,0
3973,63.6385,9.53068,2009,0
3974,63.6385399999999,9.53051999999999,2009,0
3975,63.6692899999999,9.63772,2009,0
3976,63.66977,9.63138,2009,0
3977,63.6698299999999,9.63139999999999,2009,0
3978,63.6698799999999,9.63141,2009,0
3979,63.66904,9.62748,2009,0
3980,63.66899,9.62735999999999,2009,0
3981,63.6689799999999,9.62714,2009,0
3982,63.6477599999999,9.5581,2009,0
3983,63.64797,9.55786999999999,2009,0
3984,63.6480099999999,9.55744,2009,0
3985,63.829467,9.53168299999999,2008,0
3986,63.86065,9.530383,2008,0
3987,63.8471669999999,9.571567,2008,0
3988,63.8416169999999,9.670633,2008,0
3989,63.827283,9.577233,2008,0
3990,63.7698899999999,9.35225999999999,2008,0
3991,63.7740999999999,9.35435,2008,0
3992,63.7739669999999,9.36596699999999,2008,0
3993,63.775683,9.524367,2008,0
3994,63.773867,9.354433,2008,0
3995,63.0032599999999,7.79423,2017,0
3996,63.0054799999999,7.79367,2017,0
3997,63.01169,7.82686,2017,0
3998,63.01391,7.82631,2017,0
3999,62.97335,7.87098,2017,0
4000,62.99137,7.7823,2017,0
4001,62.99385,7.78664,2017,0
4002,63.00103,7.79478,2017,0
4003,63.0007799999999,7.78988,2017,0
4004,63.0035099999999,7.79912,2017,0
4005,63.0052299999999,7.78878,2017,0
4006,63.0084599999999,7.80782,2017,0
4007,63.00301,7.78933,2017,0
4008,63.0020299999999,7.81436,2017,0
4009,63.0017799999999,7.80947,2017,0
4010,62.7696839999999,7.933234,2017,0
4011,62.7689689999999,7.92878,2017,0
4012,62.733978,7.737536,2017,0
4013,62.7311669999999,7.717503,2017,0
4014,62.73098,7.717108,2017,0
4015,62.7279869999999,7.702373,2017,0
4016,62.4642279999999,6.65806,2017,0
4017,62.490015,6.723117,2017,0
4018,62.488318,6.7148,2017,0
4019,62.4879839999999,6.71355,2017,0
4020,62.4884119999999,6.714821,2017,0
4021,62.4872909999999,6.710691,2017,0
4022,62.487299,6.708752,2017,0
4023,62.4865339999999,6.703492,2017,0
4024,62.473291,6.672016,2017,0
4025,62.474325,6.67321,2017,0
4026,62.4897909999999,6.722422,2017,0
4027,62.489648,6.722442,2017,0
4028,62.4893939999999,6.720305,2017,0
4029,62.459172,6.604149,2017,0
4030,62.458644,6.603501,2017,0
4031,62.4535389999999,6.595489,2017,0
4032,62.4748409999999,6.721756,2017,0
4033,62.474701,6.718529,2017,0
4034,62.475504,6.692417,2017,0
4035,62.475465,6.70525,2017,0
4036,62.4753469999999,6.704603,2017,0
4037,62.475413,6.703755,2017,0
4038,62.3254999999999,6.13857,2017,0
4039,62.33681,6.17409,2017,0
4040,62.375278,6.313268,2017,0
4041,62.375576,6.321125,2017,0
4042,62.3759179999999,6.326297,2017,0
4043,62.370434,6.308259,2017,0
4044,62.369585,6.3036,2017,0
4045,62.372188,6.348598,2017,0
4046,62.3622209999999,6.260301,2017,0
4047,62.362354,6.264522,2017,0
4048,62.3641259999999,6.282752,2017,0
4049,62.356349,6.228481,2017,0
4050,62.2299,5.91985,2017,0
4051,62.21692,5.92862,2017,0
4052,62.21914,5.92795,2017,0
4053,62.22357,5.92661,2017,0
4054,62.22359,5.8927,2017,0
4055,62.22328,5.88795,2017,0
4056,62.22612,5.89678,2017,0
4057,62.2147099999999,5.92929,2017,0
4058,62.21661,5.92387,2017,0
4059,62.622909,7.262051,2017,0
4060,62.6231879999999,7.260892,2017,0
4061,62.623305,7.260959,2017,0
4062,62.623342,7.260929,2017,0
4063,62.6218549999999,7.251731,2017,0
4064,62.621917,7.251817,2017,0
4065,62.6562819999999,7.446103,2017,0
4066,62.6568499999999,7.450247,2017,0
4067,62.6506559999999,7.430091,2017,0
4068,62.5421199999999,7.438449,2017,0
4069,62.542012,7.438346,2017,0
4070,62.534067,7.445887,2017,0
4071,62.5322409999999,7.449017,2017,0
4072,62.532086,7.452243,2017,0
4073,62.4980809999999,7.548532,2017,0
4074,62.4977299999999,7.551855,2017,0
4075,62.7339819999999,7.109682,2017,0
4076,62.7320879999999,7.085962,2017,0
4077,62.732306,7.078553,2017,0
4078,62.7319529999999,7.075019,2017,0
4079,62.731256,7.064137,2017,0
4080,62.733373,7.137792,2017,0
4081,62.72579,7.000644,2017,0
4082,62.7239179999999,7.125624,2017,0
4083,62.72382,7.126361,2017,0
4084,62.7237349999999,7.12705,2017,0
4085,62.7258259999999,7.130139,2017,0
4086,62.721674,7.130921,2017,0
4087,62.718156,7.107929,2017,0
4088,62.7184099999999,7.108324,2017,0
4089,62.716419,7.113618,2017,0
4090,62.712349,7.118337,2017,0
4091,62.712631,7.122575,2017,0
4092,62.7130689999999,7.128088,2017,0
4093,62.713261,7.133194,2017,0
4094,62.7148079999999,7.159405,2017,0
4095,62.714719,7.159254,2017,0
4096,62.7116529999999,7.181325,2017,0
4097,62.7108589999999,7.179406,2017,0
4098,62.710898,7.179339,2017,0
4099,62.7110419999999,7.179486,2017,0
4100,62.71043,7.168819,2017,0
4101,62.710385,7.167657,2017,0
4102,62.7105019999999,7.167298,2017,0
4103,62.710549,7.16694,2017,0
4104,62.7106679999999,7.166756,2017,0
4105,62.7108649999999,7.166482,2017,0
4106,62.7161049999999,7.268869,2017,0
4107,62.710656,7.179707,2017,0
4108,62.705196,7.189912,2017,0
4109,62.7049329999999,7.189737,2017,0
4110,62.7080879999999,7.213358,2017,0
4111,62.707951,7.213472,2017,0
4112,62.651507,7.236704,2017,0
4113,62.6498989999999,7.254166,2017,0
4114,62.647548,7.293638,2017,0
4115,62.6467189999999,7.300426,2017,0
4116,62.64649,7.307534,2017,0
4117,62.7226209999999,7.385899,2017,0
4118,62.7232399999999,7.37946,2017,0
4119,62.7214669999999,7.393492,2017,0
4120,62.720775,7.387363,2017,0
4121,62.7119989999999,7.614509,2017,0
4122,62.711866,7.614344,2017,0
4123,62.71163,7.613833,2017,0
4124,62.690831,7.374819,2017,0
4125,62.690317,7.423271,2017,0
4126,62.6899469999999,7.414506,2017,0
4127,62.686888,7.40077,2017,0
4128,62.687376,7.36382,2017,0
4129,62.68585,7.480724,2017,0
4130,62.684525,7.470114,2017,0
4131,62.684739,7.470108,2017,0
4132,62.6843059999999,7.493141,2017,0
4133,62.6778479999999,7.454247,2017,0
4134,62.6713639999999,7.364308,2017,0
4135,62.6699169999999,7.353045,2017,0
4136,62.67193,7.444126,2017,0
4137,62.667808,7.371459,2017,0
4138,62.665821,7.407048,2017,0
4139,62.666549,7.425763,2017,0
4140,62.7802,7.663053,2017,0
4141,62.7782899999999,7.661019,2017,0
4142,68.007795,15.443878,2012,0
4143,68.002167,15.377439,2012,0
4144,68.064661,15.290495,2012,1
4145,68.0664089999999,15.2959499999999,2012,1
4146,68.0746809999999,15.298316,2012,1
4147,68.0751049999999,15.296077,2012,1
4148,68.0759259999999,15.300145,2012,1
4149,68.0758859999999,15.299801,2012,1
4150,68.07604,15.299089,2012,1
4151,68.0808519999999,15.305548,2012,1
4152,68.0801749999999,15.3063,2012,1
4153,68.116449,15.3956339999999,2012,1
4154,68.1166649999999,15.395001,2012,1
4155,68.117867,15.3968399999999,2012,1
4156,68.117891,15.3965669999999,2012,1
4157,68.11968,15.3980429999999,2012,1
4158,68.1196319999999,15.397655,2012,1
4159,68.119797,15.396998,2012,1
4160,68.125742,15.378859,2012,1
4161,68.1258129999999,15.378206,2012,1
4162,68.125736,15.377585,2012,1
4163,68.128269,15.386464,2012,1
4164,68.1318579999999,15.3882569999999,2012,1
4165,68.1318909999999,15.387893,2012,1
4166,68.1320359999999,15.386808,2012,1
4167,68.133627,15.388747,2012,1
4168,68.13351,15.388282,2012,1
4169,68.1810909999999,15.587885,2012,1
4170,68.1809169999999,15.587564,2012,1
4171,68.180964,15.58658,2012,1
4172,68.181037,15.585077,2012,1
4173,68.185309,15.59747,2012,1
4174,68.1853969999999,15.5968649999999,2012,1
4175,68.1853739999999,15.595853,2012,1
4176,68.1857899999999,15.594237,2012,1
4177,68.1862409999999,15.594998,2012,1
4178,68.1860439999999,15.60324,2012,1
4179,68.1861889999999,15.602394,2012,1
4180,63.6197299999999,9.81264,2009,0
4181,63.49215,10.034883,2010,0
4182,63.4923,10.0205,2010,0
4183,63.4917999999999,10.02135,2010,0
4184,63.48825,9.986333,2010,0
4185,63.489317,9.987417,2010,0
4186,63.489967,9.9868,2010,0
4187,63.491517,9.98641699999999,2010,0
4188,63.497017,9.974067,2010,0
4189,63.5517499999999,9.915017,2010,0
4190,63.5515669999999,9.915167,2010,0
4191,63.551433,9.914317,2010,0
4192,63.551783,9.914667,2010,0
4193,63.5525999999999,9.911433,2010,0
4194,63.55805,9.9036,2010,0
4195,63.5593999999999,9.904,2010,0
4196,63.559533,9.904533,2010,0
4197,63.579717,9.913833,2010,0
4198,63.5801999999999,9.915333,2010,0
4199,63.580883,9.9169,2010,0
4200,63.581783,9.918333,2010,0
4201,63.5794,9.912867,2010,0
4202,63.5786999999999,9.91259999999999,2010,0
4203,63.578583,9.91251699999999,2010,0
4204,63.578183,9.911833,2010,0
4205,63.5782,9.9115,2010,0
4206,63.577967,9.910067,2010,0
4207,63.5776499999999,9.909817,2010,0
4208,63.5774329999999,9.909317,2010,0
4209,63.577083,9.90845,2010,0
4210,63.5767999999999,9.90668299999999,2010,0
4211,63.576467,9.906117,2010,0
4212,63.5763499999999,9.905583,2010,0
4213,63.576317,9.9049,2010,0
4214,63.576467,9.90429999999999,2010,0
4215,60.75921,4.6839,2005,0
4216,60.75912,4.68377,2005,0
4217,60.75902,4.68388,2005,0
4218,60.7590399999999,4.68395,2005,0
4219,60.7509999999999,4.70728,2005,0
4220,60.7497699999999,4.70511,2005,0
4221,60.75838,4.68317,2005,0
4222,60.7582999999999,4.68288,2005,0
4223,60.7583399999999,4.68293,2005,0
4224,60.7583399999999,4.68277,2005,0
4225,60.7514699999999,4.70727,2005,0
4226,60.7509799999999,4.7073,2005,0
4227,60.7511599999999,4.70733,2005,0
4228,60.74994,4.7055,2005,0
4229,60.7499699999999,4.70545,2005,0
4230,60.74991,4.7052,2005,0
4231,60.74893,4.70482,2005,0
4232,60.7490099999999,4.70505,2005,0
4233,60.74902,4.70507,2005,0
4234,60.74897,4.70512,2005,0
4235,60.8057999999999,4.68253,2005,0
4236,60.80568,4.68226,2005,0
4237,60.80575,4.68222,2005,0
4238,60.79515,4.66811,2005,0
4239,60.7907999999999,4.65771,2005,0
4240,60.7907599999999,4.6581,2005,0
4241,60.7907,4.65777,2005,0
4242,60.79081,4.65794,2005,0
4243,60.7893699999999,4.66891,2005,0
4244,60.7892599999999,4.66877,2005,0
4245,60.78923,4.66886,2005,0
4246,60.78784,4.66633,2005,0
4247,60.7879,4.66612,2005,0
4248,60.7878499999999,4.66621,2005,0
4249,60.78247,4.67906,2005,0
4250,60.78251,4.67929,2005,0
4251,60.7825599999999,4.67936,2005,0
4252,60.78139,4.66986,2005,0
4253,60.78139,4.66997,2005,0
4254,60.78143,4.66987,2005,0
4255,60.77703,4.69084,2005,0
4256,60.77707,4.69074,2005,0
4257,60.77718,4.69107,2005,0
4258,60.7770799999999,4.69057,2005,0
4259,60.8036,4.66422,2005,0
4260,60.80362,4.66473,2005,0
4261,60.8035399999999,4.66473,2005,0
4262,60.8031999999999,4.66618,2005,0
4263,60.79502,4.66435,2005,0
4264,60.7951699999999,4.66425,2005,0
4265,60.79513,4.66438,2005,0
4266,60.7813,4.66994,2005,0
4267,60.77707,4.69114,2005,0
4268,60.8064899999999,4.66297,2005,0
4269,60.80494,4.66324,2005,0
4270,60.8050199999999,4.66348,2005,0
4271,60.8047299999999,4.67233,2005,0
4272,60.8018,4.66273,2005,0
4273,60.80181,4.66227,2005,0
4274,60.80185,4.66237,2005,0
4275,60.80185,4.66234,2005,0
4276,60.80183,4.66241,2005,0
4277,60.80655,4.66297,2005,0
4278,60.8064499999999,4.6631,2005,0
4279,60.80642,4.66296,2005,0
4280,60.8064699999999,4.66285,2005,0
4281,60.8065599999999,4.67409,2005,0
4282,60.80519,4.6636,2005,0
4283,60.8069899999999,4.66017,2005,0
4284,60.80704,4.66003,2005,0
4285,60.80711,4.6598,2005,0
4286,60.80706,4.66029,2005,0
4287,60.80724,4.66011,2005,0
4288,60.7951699999999,4.66472,2005,0
4289,60.77685,4.68523,2005,0
4290,60.7768299999999,4.68532,2005,0
4291,60.77684,4.68508,2005,0
4292,60.77678,4.68505,2005,0
4293,60.7768,4.68532,2005,0
4294,60.77562,4.68914,2005,0
4295,60.77559,4.68908,2005,0
4296,60.77577,4.68917,2005,0
4297,60.7755399999999,4.68889,2005,0
4298,60.80662,4.67397,2005,0
4299,60.8064699999999,4.67396,2005,0
4300,60.8064699999999,4.67384,2005,0
4301,60.80509,4.66344,2005,0
4302,60.80474,4.67236,2005,0
4303,60.8047899999999,4.67248,2005,0
4304,60.80487,4.67244,2005,0
4305,60.80487,4.67233,2005,0
4306,60.80481,4.67237,2005,0
4307,60.7738299999999,4.69031,2005,0
4308,60.77387,4.69057,2005,0
4309,60.77024,4.69073,2005,0
4310,60.7702299999999,4.69065,2005,0
4311,60.77026,4.69113,2005,0
4312,60.77029,4.69135,2005,0
4313,60.7668499999999,4.69585,2005,0
4314,60.7670099999999,4.69611,2005,0
4315,60.76695,4.69602,2005,0
4316,60.7667799999999,4.69587,2005,0
4317,60.7657999999999,4.69139,2005,0
4318,60.76587,4.69164,2005,0
4319,60.76581,4.69156,2005,0
4320,60.77317,4.67047,2005,0
4321,60.77328,4.6701,2005,0
4322,60.77318,4.67015,2005,0
4323,60.7699599999999,4.67709,2005,0
4324,60.76986,4.67714,2005,0
4325,60.76436,4.67426,2005,0
4326,60.7643899999999,4.67418,2005,0
4327,60.7643399999999,4.67403,2005,0
4328,60.76424,4.67405,2005,0
4329,60.759,4.70343,2005,0
4330,60.75912,4.7036,2005,0
4331,60.7589499999999,4.703,2005,0
4332,60.7683499999999,4.67185,2005,0
4333,60.7683899999999,4.67185,2005,0
4334,60.76838,4.67197,2005,0
4335,60.76845,4.67196,2005,0
4336,60.76847,4.67182,2005,0
4337,60.7675199999999,4.67545,2005,0
4338,60.76765,4.67535,2005,0
4339,60.7598399999999,4.70145,2005,0
4340,60.7596399999999,4.70141,2005,0
4341,60.7597799999999,4.70149,2005,0
4342,60.75972,4.70147,2005,0
4343,60.75961,4.70125,2005,0
4344,60.7596399999999,4.70137,2005,0
4345,70.0133819999999,23.472263,2017,1
4346,70.0135499999999,23.472826,2017,1
4347,70.013575,23.473419,2017,1
4348,70.013557,23.474156,2017,1
4349,70.0138209999999,23.479963,2017,1
4350,70.0138139999999,23.4810179999999,2017,1
4351,70.013891,23.482151,2017,1
4352,70.0140049999999,23.482854,2017,1
4353,70.014251,23.483584,2017,1
4354,70.014464,23.4846,2017,1
4355,70.014565,23.4850929999999,2017,1
4356,70.0144939999999,23.4862949999999,2017,1
4357,70.049333,22.317788,2017,1
4358,70.0491169999999,22.3179179999999,2017,1
4359,69.985989,23.458389,2017,1
4360,69.985971,23.458411,2017,1
4361,69.993087,23.426632,2017,1
4362,69.986208,23.4486169999999,2017,1
4363,69.986249,23.4490559999999,2017,1
4364,69.9863959999999,23.450001,2017,1
4365,69.9859459999999,23.454746,2017,1
4366,69.985251,23.457073,2017,1
4367,69.985296,23.457626,2017,1
4368,69.9850469999999,23.458421,2017,1
4369,69.984898,23.457953,2017,1
4370,69.9834539999999,23.461454,2017,1
4371,69.982899,23.4627869999999,2017,1
4372,69.982273,23.46491,2017,1
4373,69.98237,23.465147,2017,1
4374,69.9824569999999,23.4651479999999,2017,1
4375,69.9827449999999,23.465143,2017,1
4376,69.9829179999999,23.465356,2017,1
4377,69.983062,23.4653889999999,2017,1
4378,69.983421,23.465093,2017,1
4379,69.9835369999999,23.4648989999999,2017,1
4380,69.9839429999999,23.4640829999999,2017,1
4381,69.984001,23.464043,2017,1
4382,69.9842569999999,23.463653,2017,1
4383,69.984392,23.463424,2017,1
4384,69.9846349999999,23.463215,2017,1
4385,69.9847809999999,23.4629869999999,2017,1
4386,69.984915,23.4627669999999,2017,1
4387,69.9850179999999,23.462494,2017,1
4388,69.9851519999999,23.4616809999999,2017,1
4389,69.9852589999999,23.4612969999999,2017,1
4390,69.9853509999999,23.461061,2017,1
4391,69.985494,23.460497,2017,1
4392,69.9855909999999,23.459978,2017,1
4393,69.98564,23.4597039999999,2017,1
4394,69.9857329999999,23.4591759999999,2017,1
4395,69.9858009999999,23.458815,2017,1
4396,69.9859649999999,23.458638,2017,1
4397,69.9859459999999,23.458912,2017,1
4398,69.992748,23.427171,2017,1
4399,69.992872,23.4266539999999,2017,1
4400,69.993069,23.426403,2017,1
4401,69.9930959999999,23.426511,2017,1
4402,69.993009,23.4270059999999,2017,1
4403,69.9929589999999,23.4271929999999,2017,1
4404,69.992862,23.427313,2017,1
4405,69.99276,23.427696,2017,1
4406,69.992782,23.4277359999999,2017,1
4407,69.9926909999999,23.427636,2017,1
4408,69.992692,23.426769,2017,1
4409,69.9929149999999,23.4261769999999,2017,1
4410,69.9927359999999,23.4259619999999,2017,1
4411,69.992591,23.425182,2017,1
4412,69.992664,23.423912,2017,1
4413,69.992828,23.42228,2017,1
4414,69.992901,23.421292,2017,1
4415,69.9932369999999,23.42076,2017,1
4416,69.9933609999999,23.420679,2017,1
4417,69.993446,23.420693,2017,1
4418,69.993639,23.420721,2017,1
4419,69.9938319999999,23.420649,2017,1
4420,69.9939459999999,23.4205679999999,2017,1
4421,69.9942659999999,23.420646,2017,1
4422,69.994031,23.42066,2017,1
4423,69.9940079999999,23.4206679999999,2017,1
4424,69.993948,23.420697,2017,1
4425,69.99391,23.420712,2017,1
4426,69.9902869999999,23.385831,2017,1
4427,69.988607,23.389932,2017,1
4428,69.987639,23.3885089999999,2017,1
4429,69.986348,23.3894519999999,2017,1
4430,69.986597,23.388787,2017,1
4431,69.9869199999999,23.3882149999999,2017,1
4432,69.9871339999999,23.3878699999999,2017,1
4433,69.9873759999999,23.3874129999999,2017,1
4434,69.9874999999999,23.387169,2017,1
4435,69.9877429999999,23.386696,2017,1
4436,69.987986,23.386167,2017,1
4437,69.9882089999999,23.3857089999999,2017,1
4438,69.988584,23.384898,2017,1
4439,69.988933,23.384172,2017,1
4440,69.9890529999999,23.3839189999999,2017,1
4441,69.989354,23.383388,2017,1
4442,69.9894939999999,23.38306,2017,1
4443,69.989641,23.382726,2017,1
4444,69.9897739999999,23.3824669999999,2017,1
4445,69.990047,23.3819729999999,2017,1
4446,69.9901459999999,23.381765,2017,1
4447,69.990311,23.381499,2017,1
4448,69.990561,23.3811,2017,1
4449,69.990803,23.3807189999999,2017,1
4450,69.9910919999999,23.380247,2017,1
4451,69.991337,23.37979,2017,1
4452,69.9915,23.379448,2017,1
4453,69.991737,23.378989,2017,1
4454,69.991898,23.378588,2017,1
4455,69.992142,23.37807,2017,1
4456,69.9923009999999,23.377499,2017,1
4457,69.9921709999999,23.3777329999999,2017,1
4458,69.9921789999999,23.377561,2017,1
4459,69.9921269999999,23.377492,2017,1
4460,70.013592,23.474594,2017,1
4461,70.013501,23.4750109999999,2017,1
4462,70.0137189999999,23.4763829999999,2017,1
4463,70.0138859999999,23.4770809999999,2017,1
4464,70.013934,23.4778419999999,2017,1
4465,70.014401,23.4839389999999,2017,1
4466,70.0146019999999,23.485509,2017,1
4467,70.01452,23.4856349999999,2017,1
4468,70.014386,23.4873669999999,2017,1
4469,70.014488,23.4884309999999,2017,1
4470,70.014464,23.488707,2017,1
4471,70.014505,23.4891019999999,2017,1
4472,70.0145299999999,23.489273,2017,1
4473,70.0145559999999,23.4897269999999,2017,1
4474,70.0145459999999,23.489849,2017,1
4475,70.014581,23.4900769999999,2017,1
4476,70.014621,23.4903319999999,2017,1
4477,70.0146349999999,23.4907089999999,2017,1
4478,70.01469,23.491136,2017,1
4479,70.0147549999999,23.491886,2017,1
4480,70.014874,23.492034,2017,1
4481,70.0149499999999,23.4914409999999,2017,1
4482,70.0149779999999,23.490997,2017,1
4483,70.0150749999999,23.489677,2017,1
4484,70.015078,23.4894339999999,2017,1
4485,70.015089,23.489232,2017,1
4486,70.0151,23.4890159999999,2017,1
4487,70.015179,23.4885209999999,2017,1
4488,70.0152219999999,23.488219,2017,1
4489,70.015242,23.4877919999999,2017,1
4490,70.0255559999999,23.492626,2017,1
4491,70.025385,23.4923879999999,2017,1
4492,70.025068,23.492238,2017,1
4493,70.0244869999999,23.492317,2017,1
4494,70.023606,23.4902729999999,2017,1
4495,70.0227229999999,23.4883099999999,2017,1
4496,70.0220989999999,23.4873189999999,2017,1
4497,70.021652,23.487179,2017,1
4498,70.0207809999999,23.4875289999999,2017,1
4499,70.0200059999999,23.48804,2017,1
4500,70.0193029999999,23.488235,2017,1
4501,70.0179449999999,23.489186,2017,1
4502,70.017706,23.48947,2017,1
4503,70.0169709999999,23.4914209999999,2017,1
4504,70.016823,23.4920469999999,2017,1
4505,70.016542,23.493611,2017,1
4506,70.0165839999999,23.494033,2017,1
4507,70.0165449999999,23.494907,2017,1
4508,70.0167179999999,23.4951499999999,2017,1
4509,70.016497,23.4968359999999,2017,1
4510,70.0162299999999,23.497519,2017,1
4511,70.0160699999999,23.4979289999999,2017,1
4512,70.0167079999999,23.49893,2017,1
4513,70.016883,23.499348,2017,1
4514,70.0172199999999,23.500035,2017,1
4515,70.0178279999999,23.500785,2017,1
4516,70.0185359999999,23.5015749999999,2017,1
4517,70.019885,23.502158,2017,1
4518,70.021448,23.501871,2017,1
4519,70.0227859999999,23.5021799999999,2017,1
4520,70.023041,23.5013089999999,2017,1
4521,70.0239899999999,23.500374,2017,1
4522,70.0247169999999,23.498664,2017,1
4523,70.026188,23.4984679999999,2017,1
4524,70.0264269999999,23.4965909999999,2017,1
4525,70.002279,23.49973,2017,1
4526,70.0026199999999,23.499154,2017,1
4527,70.00275,23.498287,2017,1
4528,69.9824729999999,23.453624,2017,1
4529,69.982645,23.454812,2017,1
4530,69.9826929999999,23.4552349999999,2017,1
4531,69.9826149999999,23.4551419999999,2017,1
4532,69.982459,23.455538,2017,1
4533,69.9822609999999,23.456092,2017,1
4534,69.982313,23.455501,2017,1
4535,70.223112,22.614144,2017,1
4536,70.179297,23.365269,2017,1
4537,70.1794479999999,23.365818,2017,1
4538,70.179637,23.3670779999999,2017,1
4539,70.179651,23.367691,2017,1
4540,70.1796549999999,23.368662,2017,1
4541,70.17972,23.369388,2017,1
4542,70.179764,23.370206,2017,1
4543,70.179775,23.370256,2017,1
4544,70.179792,23.370372,2017,1
4545,70.1798009999999,23.3706509999999,2017,1
4546,70.1798,23.371043,2017,1
4547,70.179804,23.3714249999999,2017,1
4548,70.179693,23.370801,2017,1
4549,70.179579,23.370583,2017,1
4550,70.179467,23.370415,2017,1
4551,70.1792559999999,23.370021,2017,1
4552,70.179241,23.369474,2017,1
4553,70.022137,23.360332,2017,1
4554,70.022091,23.360275,2017,1
4555,70.022226,23.374858,2017,1
4556,70.0223,23.3752099999999,2017,1
4557,70.0223469999999,23.3753449999999,2017,1
4558,70.022282,23.375454,2017,1
4559,70.022199,23.375653,2017,1
4560,70.022107,23.375558,2017,1
4561,70.022034,23.3754279999999,2017,1
4562,70.0220099999999,23.375525,2017,1
4563,70.021945,23.375699,2017,1
4564,70.0218619999999,23.3757139999999,2017,1
4565,70.021781,23.3757419999999,2017,1
4566,70.021681,23.375768,2017,1
4567,70.021647,23.375765,2017,1
4568,70.0215819999999,23.3757139999999,2017,1
4569,70.021484,23.375423,2017,1
4570,70.0215189999999,23.375712,2017,1
4571,70.021523,23.3757729999999,2017,1
4572,70.0215089999999,23.375881,2017,1
4573,70.021456,23.3759109999999,2017,1
4574,70.021393,23.375681,2017,1
4575,70.021372,23.3754689999999,2017,1
4576,70.024016,23.446027,2017,1
4577,70.023953,23.446102,2017,1
4578,70.023925,23.446128,2017,1
4579,70.023831,23.446107,2017,1
4580,70.023786,23.446204,2017,1
4581,70.0237549999999,23.44633,2017,1
4582,70.023736,23.446407,2017,1
4583,70.023712,23.446489,2017,1
4584,70.023657,23.446579,2017,1
4585,70.023605,23.4466849999999,2017,1
4586,70.0235069999999,23.4468129999999,2017,1
4587,70.023443,23.447354,2017,1
4588,70.0234729999999,23.447552,2017,1
4589,70.023458,23.447789,2017,1
4590,70.023432,23.4478809999999,2017,1
4591,70.0233949999999,23.448011,2017,1
4592,70.0234509999999,23.448613,2017,1
4593,70.023685,23.448975,2017,1
4594,70.0238099999999,23.4490279999999,2017,1
4595,70.023846,23.449157,2017,1
4596,70.02378,23.4494469999999,2017,1
4597,70.023673,23.4497339999999,2017,1
4598,70.0235689999999,23.450036,2017,1
4599,70.023487,23.45007,2017,1
4600,70.0234049999999,23.450139,2017,1
4601,70.023311,23.450299,2017,1
4602,70.023218,23.450361,2017,1
4603,70.022934,23.450675,2017,1
4604,70.022846,23.4510919999999,2017,1
4605,70.0230219999999,23.451794,2017,1
4606,70.0230999999999,23.452373,2017,1
4607,70.0232579999999,23.452855,2017,1
4608,70.02337,23.453095,2017,1
4609,70.023426,23.453346,2017,1
4610,70.0234269999999,23.453727,2017,1
4611,70.0232929999999,23.454332,2017,1
4612,70.023216,23.454605,2017,1
4613,70.022964,23.45486,2017,1
4614,70.022827,23.4549659999999,2017,1
4615,70.0227139999999,23.455134,2017,1
4616,70.0226009999999,23.455216,2017,1
4617,70.022537,23.4553009999999,2017,1
4618,70.0224819999999,23.4553909999999,2017,1
4619,70.022457,23.4554639999999,2017,1
4620,70.022417,23.455576,2017,1
4621,70.022323,23.455734,2017,1
4622,70.0222179999999,23.455943,2017,1
4623,70.022081,23.456164,2017,1
4624,70.0219749999999,23.4564069999999,2017,1
4625,70.021905,23.456544,2017,1
4626,70.019496,23.4635859999999,2017,1
4627,70.019456,23.463856,2017,1
4628,70.0193919999999,23.4640099999999,2017,1
4629,70.019355,23.464115,2017,1
4630,70.0192729999999,23.464345,2017,1
4631,70.019192,23.464549,2017,1
4632,70.0191329999999,23.464713,2017,1
4633,70.0190149999999,23.4650539999999,2017,1
4634,70.0188799999999,23.4654589999999,2017,1
4635,70.0187789999999,23.465775,2017,1
4636,70.0185469999999,23.466529,2017,1
4637,70.0184589999999,23.4667889999999,2017,1
4638,70.0184249999999,23.4669099999999,2017,1
4639,70.018303,23.467258,2017,1
4640,70.0181259999999,23.4677709999999,2017,1
4641,70.01806,23.4679399999999,2017,1
4642,70.0179569999999,23.46828,2017,1
4643,70.018804,23.472221,2017,1
4644,70.0187509999999,23.472462,2017,1
4645,70.0185019999999,23.473621,2017,1
4646,70.0183959999999,23.473977,2017,1
4647,70.018118,23.475064,2017,1
4648,70.018084,23.4752019999999,2017,1
4649,70.0178389999999,23.476291,2017,1
4650,70.018393,23.481428,2017,1
4651,70.018359,23.481952,2017,1
4652,70.0185699999999,23.483028,2017,1
4653,70.018518,23.483388,2017,1
4654,70.0184359999999,23.483839,2017,1
4655,70.018251,23.484399,2017,1
4656,70.017848,23.485046,2017,1
4657,70.0175129999999,23.485153,2017,1
4658,70.0172869999999,23.485319,2017,1
4659,70.0171359999999,23.4856179999999,2017,1
4660,70.0170289999999,23.4858879999999,2017,1
4661,70.016901,23.486156,2017,1
4662,70.0168429999999,23.486314,2017,1
4663,70.0166449999999,23.48677,2017,1
4664,70.016306,23.487134,2017,1
4665,70.015917,23.4875669999999,2017,1
4666,70.015691,23.487804,2017,1
4667,70.014994,23.488346,2017,1
4668,70.024358,23.4305829999999,2017,1
4669,70.0242779999999,23.430664,2017,1
4670,70.024184,23.43094,2017,1
4671,70.024133,23.4312,2017,1
4672,70.0240639999999,23.431469,2017,1
4673,70.024011,23.4316169999999,2017,1
4674,70.023982,23.431729,2017,1
4675,70.0238789999999,23.4320039999999,2017,1
4676,70.012172,23.4895229999999,2017,1
4677,70.012252,23.490091,2017,1
4678,70.0122769999999,23.490583,2017,1
4679,70.0123399999999,23.491425,2017,1
4680,70.012416,23.4923609999999,2017,1
4681,70.0125369999999,23.493119,2017,1
4682,70.012623,23.493818,2017,1
4683,70.012375,23.493433,2017,1
4684,70.0121079999999,23.4929659999999,2017,1
4685,70.0120409999999,23.492698,2017,1
4686,70.0119669999999,23.492159,2017,1
4687,70.011915,23.491595,2017,1
4688,70.011819,23.4908019999999,2017,1
4689,70.011722,23.490261,2017,1
4690,70.0115969999999,23.489829,2017,1
4691,70.0118159999999,23.491069,2017,1
4692,70.011915,23.490473,2017,1
4693,70.011937,23.489902,2017,1
4694,70.0122769999999,23.489996,2017,1
4695,70.0126209999999,23.489652,2017,1
4696,70.012921,23.489308,2017,1
4697,70.0130319999999,23.489142,2017,1
4698,70.022896,23.3887649999999,2017,1
4699,70.022626,23.388417,2017,1
4700,70.022406,23.3891309999999,2017,1
4701,70.0223749999999,23.389216,2017,1
4702,70.022276,23.389312,2017,1
4703,70.022137,23.389405,2017,1
4704,70.021915,23.389654,2017,1
4705,70.028328,22.2946859999999,2017,1
4706,70.0281769999999,22.2948689999999,2017,1
4707,70.0282279999999,22.295438,2017,1
4708,70.0284039999999,22.296218,2017,1
4709,70.0283419999999,22.2967879999999,2017,1
4710,70.028383,22.297142,2017,1
4711,70.028486,22.2972469999999,2017,1
4712,70.0283009999999,22.297692,2017,1
4713,70.028271,22.2979349999999,2017,1
4714,70.028141,22.298213,2017,1
4715,70.028011,22.2985709999999,2017,1
4716,70.0278619999999,22.298729,2017,1
4717,70.027573,22.2995179999999,2017,1
4718,70.027461,22.299343,2017,1
4719,70.0274359999999,22.299291,2017,1
4720,70.027365,22.299188,2017,1
4721,70.026088,22.302976,2017,1
4722,70.0259439999999,22.303107,2017,1
4723,70.026131,22.3034089999999,2017,1
4724,70.026189,22.3034649999999,2017,1
4725,70.0261009999999,22.30337,2017,1
4726,70.026047,22.303222,2017,1
4727,70.0333169999999,22.287945,2017,1
4728,70.0334249999999,22.287388,2017,1
4729,70.0334689999999,22.28716,2017,1
4730,70.033438,22.2873829999999,2017,1
4731,70.0334289999999,22.2876629999999,2017,1
4732,70.0334179999999,22.287253,2017,1
4733,70.033388,22.2870829999999,2017,1
4734,70.033388,22.286835,2017,1
4735,70.033421,22.2867129999999,2017,1
4736,70.0333349999999,22.28722,2017,1
4737,70.0333509999999,22.287407,2017,1
4738,70.033415,22.287638,2017,1
4739,70.033663,22.287593,2017,1
4740,70.0337629999999,22.28744,2017,1
4741,70.033865,22.2872559999999,2017,1
4742,70.0339239999999,22.2871729999999,2017,1
4743,70.033956,22.287185,2017,1
4744,70.034025,22.2874,2017,1
4745,70.034063,22.2876639999999,2017,1
4746,70.034073,22.28787,2017,1
4747,70.034101,22.2881259999999,2017,1
4748,70.0341229999999,22.2883859999999,2017,1
4749,70.034142,22.28857,2017,1
4750,70.0343129999999,22.289365,2017,1
4751,70.034315,22.289725,2017,1
4752,70.0325229999999,22.285447,2017,1
4753,70.032463,22.2853619999999,2017,1
4754,70.032414,22.2856549999999,2017,1
4755,70.032409,22.285809,2017,1
4756,70.0324119999999,22.2859319999999,2017,1
4757,70.032432,22.286058,2017,1
4758,70.0324459999999,22.286175,2017,1
4759,70.0324889999999,22.286265,2017,1
4760,70.0325189999999,22.286334,2017,1
4761,70.0325409999999,22.2863989999999,2017,1
4762,70.032556,22.2864749999999,2017,1
4763,70.0325749999999,22.286776,2017,1
4764,70.0325509999999,22.28667,2017,1
4765,70.0324339999999,22.2859349999999,2017,1
4766,70.0324329999999,22.2858109999999,2017,1
4767,70.032477,22.2858319999999,2017,1
4768,70.032228,22.2852999999999,2017,1
4769,70.032162,22.2851609999999,2017,1
4770,70.0320949999999,22.285076,2017,1
4771,70.032048,22.284901,2017,1
4772,70.032008,22.2848119999999,2017,1
4773,70.0319039999999,22.284685,2017,1
4774,70.031863,22.284794,2017,1
4775,70.0318529999999,22.2851679999999,2017,1
4776,70.031722,22.285007,2017,1
4777,70.0315959999999,22.285201,2017,1
4778,70.0314719999999,22.284941,2017,1
4779,70.031441,22.2846879999999,2017,1
4780,70.0314139999999,22.2844319999999,2017,1
4781,70.0313699999999,22.2840449999999,2017,1
4782,70.031344,22.283666,2017,1
4783,70.0312639999999,22.283722,2017,1
4784,70.0312349999999,22.2837619999999,2017,1
4785,70.0312519999999,22.28378,2017,1
4786,70.0312019999999,22.2836609999999,2017,1
4787,70.0312119999999,22.2838129999999,2017,1
4788,70.03122,22.283842,2017,1
4789,70.0367279999999,22.277809,2017,1
4790,70.036653,22.278061,2017,1
4791,70.0366429999999,22.2784359999999,2017,1
4792,70.036668,22.2786529999999,2017,1
4793,70.036765,22.2788849999999,2017,1
4794,70.037126,22.278801,2017,1
4795,70.0372399999999,22.2787159999999,2017,1
4796,70.037339,22.278433,2017,1
4797,70.037405,22.278261,2017,1
4798,70.0374759999999,22.278452,2017,1
4799,70.037507,22.2790269999999,2017,1
4800,70.037546,22.279225,2017,1
4801,70.0376629999999,22.2790229999999,2017,1
4802,70.0377189999999,22.278959,2017,1
4803,70.0378419999999,22.278924,2017,1
4804,70.038131,22.278808,2017,1
4805,70.0383839999999,22.279108,2017,1
4806,70.0385169999999,22.2793999999999,2017,1
4807,70.038572,22.2797249999999,2017,1
4808,70.04939,22.317148,2017,1
4809,70.049598,22.317335,2017,1
4810,70.0498079999999,22.3172989999999,2017,1
4811,70.0499789999999,22.317163,2017,1
4812,70.050042,22.317383,2017,1
4813,70.0497139999999,22.3176419999999,2017,1
4814,70.3929959999999,22.849599,2016,1
4815,70.39233,22.851502,2016,1
4816,70.391878,22.851458,2016,1
4817,70.3911599999999,22.85274,2016,1
4818,70.3907039999999,22.8543869999999,2016,1
4819,70.392717,22.8555649999999,2016,1
4820,70.393123,22.852395,2016,1
4821,70.393534,22.8522889999999,2016,1
4822,70.393568,22.852364,2016,1
4823,70.393596,22.852374,2016,1
4824,70.393595,22.8524029999999,2016,1
4825,70.39358,22.852442,2016,1
4826,70.3935939999999,22.852498,2016,1
4827,70.390167,22.862881,2016,1
4828,70.389626,22.8700149999999,2016,1
4829,70.39005,22.870183,2016,1
4830,70.3911939999999,22.8600409999999,2016,1
4831,70.3913419999999,22.859952,2016,1
4832,70.3914469999999,22.8596429999999,2016,1
4833,70.370034,22.879714,2016,1
4834,70.370433,22.87967,2016,1
4835,70.3696999999999,22.88241,2016,1
4836,70.3689619999999,22.8825609999999,2016,1
4837,70.36919,22.8840059999999,2016,1
4838,70.3692089999999,22.8848249999999,2016,1
4839,70.369224,22.8849519999999,2016,1
4840,70.3677739999999,22.8789559999999,2016,1
4841,70.3680329999999,22.8730909999999,2016,1
4842,70.368542,22.8704269999999,2016,1
4843,70.370469,22.873968,2016,1
4844,70.374306,22.874922,2016,1
4845,70.3730429999999,22.877354,2016,1
4846,70.372448,22.878537,2016,1
4847,70.3812159999999,22.895619,2016,1
4848,70.3812159999999,22.8956109999999,2016,1
4849,70.380801,22.895374,2016,1
4850,70.3806579999999,22.8956219999999,2016,1
4851,70.3803249999999,22.895889,2016,1
4852,70.380853,22.8929459999999,2016,1
4853,70.380323,22.894254,2016,1
4854,70.379034,22.890618,2016,1
4855,70.3784189999999,22.895446,2016,1
4856,70.373739,22.887933,2016,1
4857,70.373771,22.888266,2016,1
4858,70.3740899999999,22.887789,2016,1
4859,70.3746469999999,22.8866629999999,2016,1
4860,70.375466,22.8833069999999,2016,1
4861,70.376275,22.880196,2016,1
4862,70.37648,22.876791,2016,1
4863,70.3772079999999,22.874424,2016,1
4864,70.377313,22.8730739999999,2016,1
4865,70.377936,22.87473,2016,1
4866,70.377032,22.869091,2016,1
4867,70.3763479999999,22.865379,2016,1
4868,70.3778829999999,22.864723,2016,1
4869,70.380497,22.871565,2016,1
4870,70.379168,22.877934,2016,1
4871,70.3784849999999,22.882328,2016,1
4872,70.377493,22.882802,2016,1
4873,70.3772,22.881032,2016,1
4874,70.3810569999999,22.880209,2016,1
4875,70.380138,22.8850769999999,2016,1
4876,70.3809119999999,22.887376,2016,1
4877,70.3822849999999,22.8872639999999,2016,1
4878,70.3833869999999,22.888356,2016,1
4879,70.385794,22.880485,2016,1
4880,70.386004,22.879169,2016,1
4881,70.387252,22.8770269999999,2016,1
4882,70.383712,22.873149,2016,1
4883,67.077133,14.33315,2011,0
4884,67.078517,14.3049,2011,0
4885,67.0524929999999,14.040324,2011,0
4886,67.1236439999999,13.883812,2011,0
4887,67.1238409999999,13.884136,2011,0
4888,67.1239049999999,13.884511,2011,0
4889,67.1239219999999,13.88471,2011,0
4890,67.1241859999999,13.884979,2011,0
4891,67.1246739999999,13.884598,2011,0
4892,67.124971,13.883955,2011,0
4893,67.1253829999999,13.882963,2011,0
4894,67.1253289999999,13.882876,2011,0
4895,67.126063,13.873951,2011,0
4896,67.1261779999999,13.8717539999999,2011,0
4897,67.126157,13.871377,2011,0
4898,67.126237,13.8714949999999,2011,0
4899,67.132655,13.918198,2011,0
4900,67.132587,13.918481,2011,0
4901,67.132531,13.919456,2011,0
4902,67.132434,13.920263,2011,0
4903,67.131601,13.920507,2011,0
4904,67.131696,13.92046,2011,0
4905,67.138233,13.898152,2011,0
4906,67.1381939999999,13.898645,2011,0
4907,67.1379089999999,13.898915,2011,0
4908,67.1377159999999,13.8984989999999,2011,0
4909,67.149562,13.9297799999999,2011,0
4910,67.1496,13.928463,2011,0
4911,67.149225,13.9263739999999,2011,0
4912,67.148977,13.926205,2011,0
4913,67.1659599999999,13.984367,2011,0
4914,67.1659839999999,13.984686,2011,0
4915,67.166194,13.984724,2011,0
4916,67.166345,13.984636,2011,0
4917,67.1346589999999,13.7137709999999,2011,0
4918,67.134743,13.713722,2011,0
4919,67.138812,13.715244,2011,0
4920,67.138231,13.7091999999999,2011,0
4921,67.1381439999999,13.707738,2011,0
4922,67.138011,13.706014,2011,0
4923,67.139059,13.70768,2011,0
4924,67.1393769999999,13.708873,2011,0
4925,67.139689,13.709799,2011,0
4926,67.1532689999999,13.712656,2011,0
4927,67.153992,13.714613,2011,0
4928,67.155495,13.716353,2011,0
4929,67.159018,13.706184,2011,0
4930,67.1591339999999,13.706327,2011,0
4931,67.1593239999999,13.70667,2011,0
4932,67.1593869999999,13.706863,2011,0
4933,67.1658319999999,13.7116089999999,2011,0
4934,67.1655059999999,13.71033,2011,0
4935,67.165447,13.709562,2011,0
4936,67.1653929999999,13.708812,2011,0
4937,67.1652469999999,13.708354,2011,0
4938,67.1651899999999,13.7083739999999,2011,0
4939,67.178847,13.716576,2011,0
4940,67.1787659999999,13.71494,2011,0
4941,67.178516,13.714453,2011,0
4942,67.179697,13.68345,2011,0
4943,67.179557,13.682847,2011,0
4944,67.1842769999999,13.699208,2011,0
4945,67.183503,13.69922,2011,0
4946,67.1831179999999,13.698639,2011,0
4947,67.1830039999999,13.698487,2011,0
4948,67.1934629999999,13.804473,2011,0
4949,67.1934159999999,13.804501,2011,0
4950,67.193539,13.804045,2011,0
4951,67.1942449999999,13.805521,2011,0
4952,67.194423,13.804603,2011,0
4953,67.1944179999999,13.80308,2011,0
4954,67.1948639999999,13.801519,2011,0
4955,66.9846079999999,13.831597,2011,0
4956,66.994127,13.864342,2011,0
4957,66.9938369999999,13.862817,2011,0
4958,67.003504,13.886055,2011,0
4959,67.00337,13.8862609999999,2011,0
4960,67.0151919999999,13.8921309999999,2011,0
4961,67.0156209999999,13.891234,2011,0
4962,67.0104019999999,13.6389049999999,2011,0
4963,67.0100659999999,13.639689,2011,0
4964,67.00978,13.641845,2011,0
4965,67.0348149999999,13.636437,2011,0
4966,67.034896,13.636794,2011,0
4967,67.035221,13.637192,2011,0
4968,67.0616689999999,13.686608,2011,0
4969,67.058812,13.6436829999999,2011,0
4970,67.0588769999999,13.6416299999999,2011,0
4971,67.070902,13.628019,2011,0
4972,67.0708159999999,13.6283049999999,2011,0
4973,67.072027,13.657726,2011,0
4974,67.072365,13.657189,2011,0
4975,67.1053469999999,13.787061,2011,0
4976,67.1055839999999,13.786708,2011,0
4977,67.1037589999999,13.792937,2011,0
4978,67.1015299999999,13.794076,2011,0
4979,67.1015689999999,13.788967,2011,0
4980,67.1032649999999,13.789031,2011,0
4981,65.733922,12.576727,2015,0
4982,65.7338309999999,12.577272,2015,0
4983,65.7337919999999,12.577661,2015,0
4984,65.7336999999999,12.578016,2015,0
4985,65.7336109999999,12.578384,2015,0
4986,65.73359,12.578542,2015,0
4987,65.7279589999999,12.586171,2015,0
4988,65.7279,12.586627,2015,0
4989,65.727753,12.587355,2015,0
4990,65.727692,12.588092,2015,0
4991,65.7214029999999,12.5730439999999,2015,0
4992,65.7212909999999,12.573218,2015,0
4993,65.721152,12.573421,2015,0
4994,65.721113,12.573574,2015,0
4995,65.6490969999999,12.372294,2015,0
4996,65.6457259999999,12.366799,2015,0
4997,65.642205,12.363771,2015,0
4998,65.639931,12.3601449999999,2015,0
4999,65.616049,12.330468,2015,0
5000,65.615831,12.330932,2015,0
5001,65.6157149999999,12.3311949999999,2015,0
5002,65.6156019999999,12.331472,2015,0
5003,65.615397,12.33195,2015,0
5004,65.610944,12.360961,2015,0
5005,65.610684,12.3620389999999,2015,0
5006,68.3666829999999,15.945433,2012,1
5007,68.366567,15.946033,2012,1
5008,68.3664169999999,15.946967,2012,1
5009,68.3660169999999,15.9286499999999,2012,1
5010,68.3657,15.929133,2012,1
5011,68.3688999999999,15.906183,2012,1
5012,68.381917,15.9202499999999,2012,1
5013,68.27405,15.660083,2012,1
5014,68.2739669999999,15.6622,2012,1
5015,68.2729329999999,15.6480999999999,2012,1
5016,68.2769669999999,15.652683,2012,1
5017,68.275817,15.64265,2012,1
5018,68.276083,15.64255,2012,1
5019,68.2763669999999,15.643383,2012,1
5020,68.2652999999999,15.621117,2012,1
5021,68.265117,15.6222829999999,2012,1
5022,68.264217,15.62035,2012,1
5023,68.2819329999999,15.5062669999999,2012,1
5024,68.2845669999999,15.5164829999999,2012,1
5025,68.284817,15.517383,2012,1
5026,68.2849829999999,15.5368169999999,2012,1
5027,68.2843,15.5376169999999,2012,1
5028,68.288633,15.542083,2012,1
5029,68.288267,15.542417,2012,1
5030,68.3059829999999,15.630267,2012,1
5031,68.305717,15.630117,2012,1
5032,68.3054829999999,15.640767,2012,1
5033,68.3051999999999,15.638083,2012,1
5034,68.3077169999999,15.4873999999999,2012,1
5035,68.3076669999999,15.4857169999999,2012,1
5036,68.3136999999999,15.4957829999999,2012,1
5037,68.275733,15.347033,2012,1
5038,68.27545,15.347683,2012,1
5039,68.274933,15.347567,2012,1
5040,68.275233,15.3149,2012,1
5041,68.2771,15.29095,2012,1
5042,68.27715,15.29175,2012,1
5043,68.2818,15.296467,2012,1
5044,68.2674669999999,15.283917,2012,1
5045,68.2669,15.283483,2012,1
5046,68.26335,15.264217,2012,1
5047,68.263233,15.262767,2012,1
5048,68.263067,15.261533,2012,1
5049,68.277033,15.24525,2012,1
5050,68.267167,15.226183,2012,1
5051,68.26685,15.223433,2012,1
5052,68.2666499999999,15.2221829999999,2012,1
5053,68.2631329999999,15.197683,2012,1
5054,68.2626,15.1977829999999,2012,1
5055,68.262083,15.196583,2012,1
5056,68.271533,15.196633,2012,1
5057,68.2716829999999,15.195717,2012,1
5058,68.27325,15.208567,2012,1
5059,68.2734829999999,15.207883,2012,1
5060,68.9801539999999,15.912857,2014,1
5061,68.959242,15.9265539999999,2014,1
5062,68.959062,15.9247929999999,2014,1
5063,68.959021,15.923848,2014,1
5064,68.958746,15.920909,2014,1
5065,68.9397019999999,15.989204,2014,1
5066,68.938167,15.989579,2014,1
5067,68.934228,15.979449,2014,1
5068,68.9347039999999,15.976889,2014,1
5069,68.905236,15.950321,2014,1
5070,68.8853469999999,15.957426,2014,1
5071,68.885351,15.957989,2014,1
5072,62.9919099999999,7.92592,2017,0
5073,62.9948699999999,7.94007,2017,0
5074,63.01343,7.86115,2017,0
5075,63.01615,7.87041,2017,0
5076,63.03595,7.90526,2017,0
5077,63.0260499999999,7.88783,2017,0
5078,59.09519,10.77049,2008,0
5079,59.0951299999999,10.7704299999999,2008,0
5080,59.09413,10.76632,2008,0
5081,59.09416,10.76671,2008,0
5082,59.09671,10.7685,2008,0
5083,59.09747,10.76825,2008,0
5084,59.0971899999999,10.77433,2008,0
5085,59.0976599999999,10.77284,2008,0
5086,59.0979499999999,10.7725899999999,2008,0
5087,59.09866,10.7712699999999,2008,0
5088,59.09846,10.76742,2008,0
5089,59.09969,10.7658,2008,0
5090,59.0998,10.76571,2008,0
5091,59.1012899999999,10.76894,2008,0
5092,59.10148,10.76796,2008,0
5093,59.1012399999999,10.76417,2008,0
5094,59.10014,10.76087,2008,0
5095,59.1008799999999,10.76102,2008,0
5096,59.1020299999999,10.75831,2008,0
5097,59.1016199999999,10.76149,2008,0
5098,59.103,10.76599,2008,0
5099,59.10329,10.77084,2008,0
5100,59.1054,10.76744,2008,0
5101,59.10511,10.76666,2008,0
5102,59.10347,10.75998,2008,0
5103,59.1038599999999,10.75769,2008,0
5104,59.1058799999999,10.76213,2008,0
5105,59.1063199999999,10.75695,2008,0
5106,59.1054299999999,10.75122,2008,0
5107,59.10631,10.7504899999999,2008,0
5108,59.10774,10.75153,2008,0
5109,59.10837,10.75064,2008,0
5110,59.10817,10.7529,2008,0
5111,59.1070399999999,10.75807,2008,0
5112,59.1081,10.75632,2008,0
5113,59.1079599999999,10.75885,2008,0
5114,59.1083799999999,10.76551,2008,0
5115,59.1100199999999,10.76214,2008,0
5116,59.10969,10.75648,2008,0
5117,59.1098199999999,10.75503,2008,0
5118,59.1117899999999,10.73882,2008,0
5119,59.11204,10.73868,2008,0
5120,59.11236,10.73518,2008,0
5121,59.11263,10.73534,2008,0
5122,59.11318,10.73429,2008,0
5123,59.1137099999999,10.73494,2008,0
5124,59.12182,10.73978,2008,0
5125,59.12059,10.73944,2008,0
5126,59.11789,10.74827,2008,0
5127,59.11764,10.74832,2008,0
5128,59.1188,10.74823,2008,0
5129,59.11887,10.74928,2008,0
5130,59.11903,10.74975,2008,0
5131,59.1191,10.7491,2008,0
5132,59.1184599999999,10.75127,2008,0
5133,59.1167799999999,10.75022,2008,0
5134,59.1205599999999,10.7395499999999,2008,0
5135,59.1200699999999,10.7371099999999,2008,0
5136,59.12001,10.73615,2008,0
5137,59.11845,10.73753,2008,0
5138,59.1169099999999,10.73916,2008,0
5139,59.11692,10.74006,2008,0
5140,59.11652,10.73945,2008,0
5141,59.1167999999999,10.74259,2008,0
5142,59.1158,10.74492,2008,0
5143,59.1154599999999,10.74272,2008,0
5144,59.11522,10.74179,2008,0
5145,59.11524,10.7477,2008,0
5146,59.1125809999999,10.754863,2008,0
5147,59.112752,10.7539669999999,2008,0
5148,59.1129549999999,10.7542209999999,2008,0
5149,59.1120779999999,10.756208,2008,0
5150,59.111403,10.757046,2008,0
5151,59.111381,10.756676,2008,0
5152,59.1113599999999,10.756245,2008,0
5153,59.1122349999999,10.751813,2008,0
5154,59.1116579999999,10.749425,2008,0
5155,59.110897,10.7484769999999,2008,0
5156,59.11543,10.752691,2008,0
5157,59.116638,10.75704,2008,0
5158,59.0945949999999,10.7906929999999,2008,0
5159,59.0911049999999,10.784886,2008,0
5160,59.091017,10.783541,2008,0
5161,59.0900159999999,10.782434,2008,0
5162,59.091824,10.776319,2008,0
5163,59.09476,10.774578,2008,0
5164,59.094864,10.77471,2008,0
5165,59.1521079999999,10.795056,2008,0
5166,63.79862,11.06825,2009,0
5167,63.81757,11.2186699999999,2009,0
5168,59.177067,10.544833,2005,0
5169,59.1709329999999,10.540917,2005,0
5170,59.1762999999999,10.526683,2005,0
5171,59.1762,10.5262829999999,2005,0
5172,59.176,10.526433,2005,0
5173,59.1747999999999,10.521433,2005,0
5174,59.17455,10.521533,2005,0
5175,59.174767,10.52195,2005,0
5176,59.174933,10.521767,2005,0
5177,59.174833,10.4735,2005,0
5178,69.86825,20.54332,2009,1
5179,69.88687,20.5548,2009,1
5180,69.8832199999999,20.55786,2009,1
5181,70.24308,20.66564,2009,1
5182,70.2406699999999,20.68493,2009,1
5183,70.2405499999999,20.68889,2009,1
5184,70.2409499999999,20.64776,2009,1
5185,70.23864,20.69235,2009,1
5186,70.2396099999999,20.64739,2009,1
5187,70.23896,20.65386,2009,1
5188,70.23837,20.6723199999999,2009,1
5189,70.2379099999999,20.68683,2009,1
5190,70.23703,20.6719499999999,2009,1
5191,70.23532,20.68345,2009,1
5192,70.2357999999999,20.6397,2009,1
5193,70.2350699999999,20.6488,2009,1
5194,70.2354899999999,20.6209899999999,2009,1
5195,70.2338799999999,20.6577799999999,2009,1
5196,70.23407,20.6232599999999,2009,1
5197,70.2342799999999,20.6020499999999,2009,1
5198,70.23265,20.62553,2009,1
5199,70.23151,20.6331999999999,2009,1
5200,70.0505,20.7853299999999,2009,1
5201,70.0469999999999,20.75188,2009,1
5202,70.03143,20.74773,2009,1
5203,70.02316,20.7200799999999,2009,1
5204,69.89158,20.5482,2009,1
5205,70.172938,28.575295,2017,1
5206,70.172966,28.577698,2017,1
5207,70.1731589999999,28.5794749999999,2017,1
5208,70.17304,28.581757,2017,1
5209,70.173146,28.58265,2017,1
5210,70.1733559999999,28.5831039999999,2017,1
5211,70.1740369999999,28.5832739999999,2017,1
5212,70.174226,28.5831449999999,2017,1
5213,70.1743529999999,28.582438,2017,1
5214,70.1228169999999,28.5915649999999,2017,1
5215,70.1225179999999,28.591856,2017,1
5216,70.122444,28.591598,2017,1
5217,70.1223909999999,28.591294,2017,1
5218,70.122409,28.5908249999999,2017,1
5219,70.122388,28.590487,2017,1
5220,70.122183,28.590563,2017,1
5221,70.1221039999999,28.5901999999999,2017,1
5222,70.121981,28.589326,2017,1
5223,70.121914,28.588332,2017,1
5224,70.121949,28.587975,2017,1
5225,70.1219499999999,28.587755,2017,1
5226,70.122168,28.5877799999999,2017,1
5227,70.122268,28.586977,2017,1
5228,70.122307,28.586676,2017,1
5229,70.122516,28.5856619999999,2017,1
5230,70.1230539999999,28.584489,2017,1
5231,70.123219,28.583552,2017,1
5232,70.123237,28.5827129999999,2017,1
5233,60.6900059999999,4.710882,2004,0
5234,60.6810029999999,4.76629,2004,0
5235,60.6809459999999,4.765981,2004,0
5236,60.6732239999999,4.786594,2004,0
5237,60.703977,4.748825,2004,0
5238,60.703929,4.74938,2004,0
5239,60.6691119999999,4.744651,2004,0
5240,60.669113,4.744411,2004,0
5241,60.669148,4.744315,2004,0
5242,60.6637729999999,4.769566,2004,0
5243,60.650919,4.764864,2004,0
5244,60.6506669999999,4.765393,2004,0
5245,60.6503769999999,4.764256,2004,0
5246,60.7129649999999,4.734333,2004,0
5247,60.7130709999999,4.734167,2004,0
5248,60.7132549999999,4.734,2004,0
5249,60.712786,4.733877,2004,0
5250,60.7128749999999,4.733683,2004,0
5251,60.678037,4.765348,2004,0
5252,60.6780779999999,4.765384,2004,0
5253,60.6779739999999,4.765184,2004,0
5254,60.6778809999999,4.765002,2004,0
5255,60.6777969999999,4.764883,2004,0
5256,60.675901,4.767411,2004,0
5257,60.675834,4.767083,2004,0
5258,60.675787,4.766736,2004,0
5259,60.6677469999999,4.70774,2004,0
5260,60.6677529999999,4.707169,2004,0
5261,60.650474,4.764687,2004,0
5262,60.674798,4.770122,2004,0
5263,60.67468,4.770508,2004,0
5264,60.6740789999999,4.770252,2004,0
5265,60.6629969999999,4.75266,2004,0
5266,60.662979,4.750631,2004,0
5267,60.69033,4.710778,2004,0
5268,60.6901459999999,4.711098,2004,0
5269,60.6900989999999,4.710959,2004,0
5270,60.6505599999999,4.765169,2004,0
5271,60.677916,4.765071,2004,0
5272,60.667737,4.707488,2004,0
5273,60.660964,4.747551,2004,0
5274,60.682901,4.746337,2004,0
5275,60.6827809999999,4.74536,2004,0
5276,60.6827049999999,4.744703,2004,0
5277,60.6826099999999,4.743948,2004,0
5278,60.680846,4.766693,2004,0
5279,60.680641,4.766297,2004,0
5280,60.680503,4.765935,2004,0
5281,60.680923,4.766325,2004,0
5282,60.6727649999999,4.787076,2004,0
5283,60.672612,4.787817,2004,0
5284,60.6729899999999,4.786592,2004,0
5285,60.6726949999999,4.786656,2004,0
5286,60.6724159999999,4.786731,2004,0
5287,60.6690309999999,4.744027,2004,0
5288,60.677857,4.76475,2004,0
5289,60.675499,4.76758,2004,0
5290,60.6753059999999,4.767401,2004,0
5291,60.6989319999999,4.742785,2004,0
5292,60.698965,4.742604,2004,0
5293,60.698981,4.742421,2004,0
5294,60.6989919999999,4.742242,2004,0
5295,60.6744879999999,4.77055,2004,0
5296,60.674469,4.770389,2004,0
5297,60.674247,4.770556,2004,0
5298,60.662703,4.753191,2004,0
5299,60.662723,4.752765,2004,0
5300,60.66272,4.752228,2004,0
5301,60.660626,4.747323,2004,0
5302,60.660646,4.747148,2004,0
5303,60.660701,4.746863,2004,0
5304,60.660628,4.747111,2004,0
5305,60.6606159999999,4.746819,2004,0
5306,60.63295,4.76773,2005,0
5307,60.63309,4.76793,2005,0
5308,60.63306,4.76804,2005,0
5309,60.6329199999999,4.76765,2005,0
5310,60.63186,4.75997,2005,0
5311,60.6318199999999,4.75993,2005,0
5312,60.6405299999999,4.73848,2005,0
5313,60.64063,4.73869,2005,0
5314,60.63326,4.7664,2005,0
5315,60.63342,4.7687,2005,0
5316,60.6332999999999,4.76872,2005,0
5317,60.63324,4.76864,2005,0
5318,60.63322,4.76874,2005,0
5319,60.6314399999999,4.76157,2005,0
5320,60.6313699999999,4.76143,2005,0
5321,60.6313999999999,4.76153,2005,0
5322,60.52105,4.83286,2009,0
5323,60.5220699999999,4.85503,2009,0
5324,60.52038,4.8418,2009,0
5325,60.51959,4.83745,2009,0
5326,60.5176099999999,4.82936,2009,0
5327,60.51787,4.8357,2009,0
5328,60.5173399999999,4.83771,2009,0
5329,60.51657,4.8306,2009,0
5330,60.5167,4.83516,2009,0
5331,60.51639,4.85178,2009,0
5332,60.5150099999999,4.84854,2009,0
5333,60.5144099999999,4.84368,2009,0
5334,60.51335,4.84172,2009,0
5335,60.51245,4.8388,2009,0
5336,60.5118399999999,4.8367,2009,0
5337,60.5110999999999,4.83004,2009,0
5338,60.51238,4.85259,2009,0
5339,60.5092799999999,4.81823,2009,0
5340,60.5116599999999,4.8698,2009,0
5341,60.50665,4.8723,2009,0
5342,60.5054999999999,4.86027,2009,0
5343,60.5030399999999,4.86655,2009,0
5344,60.50827,4.82864,2009,0
5345,60.50827,4.83737,2009,0
5346,60.50348,4.82511,2009,0
5347,60.50287,4.82026,2009,0
5348,60.50216,4.82278,2009,0
5349,60.5014299999999,4.82209,2009,0
5350,60.5043599999999,4.86017,2009,0
5351,60.5009099999999,4.82409,2009,0
5352,60.50244,4.85573,2009,0
5353,60.49832,4.82583,2009,0
5354,60.49783,4.82828,2009,0
5355,60.4988999999999,4.84216,2009,0
5356,60.4981999999999,4.85064,2009,0
5357,60.49839,4.86205,2009,0
5358,60.4991699999999,4.87511,2009,0
5359,60.49568,4.83263,2009,0
5360,60.49757,4.85726,2009,0
5361,60.4987399999999,4.8725,2009,0
5362,60.49898,4.87563,2009,0
5363,60.49786,4.87277,2009,0
5364,60.49492,4.83746,2009,0
5365,60.49728,4.87112,2009,0
5366,60.49391,4.83319,2009,0
5367,60.49584,4.87892,2009,0
5368,60.4941699999999,4.86889,2009,0
5369,60.49374,4.86627,2009,0
5370,60.48969,4.84599,2009,0
5371,60.49083,4.86077,2009,0
5372,60.48823,4.82994,2009,0
5373,60.4904999999999,4.8595,2009,0
5374,60.4902799999999,4.87425,2009,0
5375,60.4881499999999,4.85244,2009,0
5376,60.814345,4.816755,2004,0
5377,60.814373,4.81706,2004,0
5378,60.807988,4.844129,2004,0
5379,60.807825,4.84409,2004,0
5380,60.808025,4.843842,2004,0
5381,60.8160209999999,4.805092,2004,0
5382,60.8159169999999,4.804951,2004,0
5383,60.8159879999999,4.80527,2004,0
5384,60.816167,4.805284,2004,0
5385,60.8161739999999,4.804825,2004,0
5386,60.80946,4.797775,2004,0
5387,60.8093059999999,4.797437,2004,0
5388,60.797679,4.798395,2004,0
5389,60.8181459999999,4.761697,2004,0
5390,60.833981,4.805775,2004,0
5391,60.8339119999999,4.805806,2004,0
5392,60.834037,4.80549,2004,0
5393,60.834028,4.805539,2004,0
5394,60.8226159999999,4.765485,2004,0
5395,60.822656,4.765453,2004,0
5396,60.8228429999999,4.765393,2004,0
5397,60.823028,4.765319,2004,0
5398,60.794007,4.786781,2004,0
5399,60.793925,4.786575,2004,0
5400,60.793964,4.786358,2004,0
5401,60.7940919999999,4.786296,2004,0
5402,60.818989,4.766118,2004,0
5403,60.819042,4.76602,2004,0
5404,60.8190639999999,4.765744,2004,0
5405,60.8070329999999,4.770652,2004,0
5406,60.806877,4.770645,2004,0
5407,60.806969,4.770897,2004,0
5408,60.7950769999999,4.776998,2004,0
5409,60.795191,4.777333,2004,0
5410,60.79531,4.776912,2004,0
5411,60.795217,4.776778,2004,0
5412,60.7920379999999,4.798986,2004,0
5413,60.791981,4.798765,2004,0
5414,60.792064,4.798541,2004,0
5415,60.81607,4.804568,2004,0
5416,60.809058,4.798036,2004,0
5417,60.8091269999999,4.798025,2004,0
5418,60.8093289999999,4.798116,2004,0
5419,60.832008,4.80909,2004,0
5420,60.832095,4.80914,2004,0
5421,60.831941,4.80921,2004,0
5422,60.8319559999999,4.809032,2004,0
5423,60.797907,4.798787,2004,0
5424,60.7979509999999,4.79879,2004,0
5425,60.79787,4.798801,2004,0
5426,60.7977479999999,4.798597,2004,0
5427,64.01549,11.43078,2009,0
5428,64.0776999999999,11.27964,2009,0
5429,64.0700499999999,11.2345799999999,2009,0
5430,64.0699599999999,11.23501,2009,0
5431,62.4109759999999,6.547063,2017,0
5432,62.4010639999999,6.450863,2017,0
5433,62.392834,6.420615,2017,0
5434,62.388283,6.405848,2017,0
5435,62.386353,6.404035,2017,0
5436,62.3862639999999,6.403667,2017,0
5437,62.382109,6.407145,2017,0
5438,62.3578839999999,6.401273,2017,0
5439,62.381013,6.41076,2017,0
5440,62.3726369999999,6.423681,2017,0
5441,62.372058,6.424058,2017,0
5442,62.3678299999999,6.418839,2017,0
5443,62.356081,6.586233,2017,0
5444,62.3544079999999,6.587167,2017,0
5445,62.1955499999999,5.44622,2017,0
5446,62.10407,5.43182,2017,0
5447,62.1062799999999,5.43112,2017,0
5448,62.1359399999999,5.40235,2017,0
5449,62.13837,5.37257,2017,0
5450,62.1380399999999,5.36784,2017,0
5451,62.1434599999999,5.3806,2017,0
5452,62.14799,5.413,2017,0
5453,62.16292,5.43242,2017,0
5454,62.17653,5.43292,2017,0
5455,62.1787399999999,5.43221,2017,0
5456,62.18128,5.43624,2017,0
5457,62.18095,5.43151,2017,0
5458,62.18316,5.4308,2017,0
5459,62.18283,5.42606,2017,0
5460,62.0394,5.51014,2017,0
5461,62.0489,5.51678,2017,0
5462,62.12299,5.41131,2017,0
5463,62.1252,5.4106,2017,0
5464,62.1286399999999,5.39501,2017,0
5465,62.15816,5.4291,2017,0
5466,62.0371799999999,5.51083,2017,0
5467,62.07578,5.51742,2017,0
5468,62.15628,5.43453,2017,0
5469,62.1794,5.44168,2017,0
5470,62.1342799999999,5.37871,2017,0
5471,62.13848,5.40637,2017,0
5472,62.13904,5.38202,2017,0
5473,62.1435699999999,5.41441,2017,0
5474,62.1432399999999,5.40968,2017,0
5475,62.1483199999999,5.41773,2017,0
5476,62.1508699999999,5.42175,2017,0
5477,62.1559499999999,5.4298,2017,0
5478,62.1283099999999,5.39029,2017,0
5479,62.15341,5.42578,2017,0
5480,62.12897,5.39974,2017,0
5481,62.1315099999999,5.40376,2017,0
5482,62.13716,5.38746,2017,0
5483,62.13871,5.37729,2017,0
5484,62.15053,5.41702,2017,0
5485,62.11103,5.43444,2017,0
5486,62.10882,5.43514,2017,0
5487,62.1651299999999,5.43171,2017,0
5488,62.2003899999999,5.48341,2017,0
5489,62.1293,5.40447,2017,0
5490,62.197797,5.497155,2017,0
5491,62.192033,5.458331,2017,0
5492,62.154609,5.431165,2017,0
5493,62.149132,5.421701,2017,0
5494,62.1430799999999,5.414823,2017,0
5495,62.1365989999999,5.410956,2017,0
5496,62.106281,5.435524,2017,0
5497,62.100473,5.526649,2017,0
5498,62.081893,5.593131,2017,0
5499,62.0790009999999,5.593869,2017,0
5500,62.075659,5.588451,2017,0
5501,68.3030899999999,16.0524939999999,2012,1
5502,68.302833,16.0525009999999,2012,1
5503,68.3025949999999,16.05189,2012,1
5504,68.318436,16.1434029999999,2012,1
5505,68.318595,16.143954,2012,1
5506,68.2509349999999,15.9202049999999,2012,1
5507,68.250985,15.919865,2012,1
5508,68.25046,15.917934,2012,1
5509,68.256337,15.922183,2012,1
5510,68.2564009999999,15.921725,2012,1
5511,68.256625,15.921123,2012,1
5512,68.256776,15.920878,2012,1
5513,68.2575429999999,15.933624,2012,1
5514,68.2578759999999,15.927235,2012,1
5515,68.25794,15.926441,2012,1
5516,68.2579549999999,15.925456,2012,1
5517,69.8457999999999,20.48788,2009,1
5518,69.85123,20.5048299999999,2009,1
5519,69.8491199999999,20.50036,2009,1
5520,69.8434,20.5106,2009,1
5521,69.80498,20.5161599999999,2009,1
5522,69.80231,20.5297899999999,2009,1
5523,69.79464,20.51605,2009,1
5524,69.7943099999999,20.52638,2009,1
5525,69.7886699999999,20.5340099999999,2009,1
5526,69.84998,20.50345,2009,1
5527,69.8501499999999,20.50685,2009,1
5528,70.5052139999999,23.980547,2016,1
5529,70.507941,23.9939639999999,2016,1
5530,70.522739,23.987694,2016,1
5531,70.519936,23.980338,2016,1
5532,70.510112,24.0003579999999,2016,1
5533,70.523205,23.991972,2016,1
5534,70.5137799999999,24.031154,2016,1
5535,70.5173779999999,23.9771609999999,2016,1
5536,70.5231059999999,23.993963,2016,1
5537,70.5080399999999,23.991975,2016,1
5538,70.523294,23.9947249999999,2016,1
5539,70.510547,23.973436,2016,1
5540,70.50958,23.997408,2016,1
5541,70.5226959999999,23.9931009999999,2016,1
5542,70.509673,23.950001,2016,1
5543,70.5073289999999,23.9835239999999,2016,1
5544,70.5157659999999,23.959491,2016,1
5545,70.5108369999999,23.9539079999999,2016,1
5546,70.508125,23.981168,2016,1
5547,70.5155529999999,23.95465,2016,1
5548,70.5103909999999,23.9720109999999,2016,1
5549,70.507805,23.983059,2016,1
5550,70.511301,23.9764839999999,2016,1
5551,70.5182209999999,23.982963,2016,1
5552,70.50879,23.981465,2016,1
5553,70.508469,23.983355,2016,1
5554,70.512827,24.018522,2016,1
5555,70.509454,23.9817609999999,2016,1
5556,70.51497,23.961849,2016,1
5557,70.5176459999999,23.985419,2016,1
5558,70.5109029999999,23.9525809999999,2016,1
5559,70.5120639999999,23.974791,2016,1
5560,70.515017,23.970006,2016,1
5561,70.510231,23.9888869999999,2016,1
5562,70.5124169999999,23.972237,2016,1
5563,70.510749,23.983017,2016,1
5564,70.511972,24.003902,2016,1
5565,70.510518,23.987659,2016,1
5566,70.5241929999999,24.0039459999999,2016,1
5567,70.5115729999999,23.9982989999999,2016,1
5568,70.511728,23.999725,2016,1
5569,70.518268,23.991121,2016,1
5570,70.520184,23.998082,2016,1
5571,66.539382,12.786436,2015,0
5572,66.539017,12.787069,2015,0
5573,66.539026,12.787304,2015,0
5574,66.5862039999999,12.5691729999999,2015,0
5575,66.5859729999999,12.5689689999999,2015,0
5576,66.585704,12.5687359999999,2015,0
5577,66.585503,12.568522,2015,0
5578,66.585372,12.568394,2015,0
5579,66.585284,12.5683089999999,2015,0
5580,66.5989299999999,12.619488,2015,0
5581,66.5988499999999,12.619514,2015,0
5582,66.5986089999999,12.619656,2015,0
5583,66.5985649999999,12.619718,2015,0
5584,66.5985799999999,12.619704,2015,0
5585,66.6184829999999,12.6852649999999,2015,0
5586,66.618319,12.684882,2015,0
5587,66.6295489999999,12.751002,2015,0
5588,66.629507,12.751027,2015,0
5589,66.6293419999999,12.75115,2015,0
5590,66.629101,12.7512209999999,2015,0
5591,66.6420179999999,12.761822,2015,0
5592,66.6418919999999,12.761559,2015,0
5593,66.641748,12.761317,2015,0
5594,66.6414019999999,12.76077,2015,0
5595,66.679631,12.713284,2015,0
5596,66.6794739999999,12.712831,2015,0
5597,66.679292,12.712832,2015,0
5598,66.6791889999999,12.7125749999999,2015,0
5599,66.679113,12.712327,2015,0
5600,66.6789629999999,12.7118319999999,2015,0
5601,66.6788789999999,12.711567,2015,0
5602,66.684702,12.729379,2015,0
5603,66.684593,12.729454,2015,0
5604,66.6845299999999,12.72936,2015,0
5605,66.6844439999999,12.729258,2015,0
5606,66.6843109999999,12.729378,2015,0
5607,66.687078,12.767453,2015,0
5608,66.686892,12.767211,2015,0
5609,66.6867129999999,12.766814,2015,0
5610,66.6866109999999,12.766586,2015,0
5611,66.6863529999999,12.766081,2015,0
5612,66.6862179999999,12.76585,2015,0
5613,66.686062,12.7655449999999,2015,0
5614,66.685721,12.764904,2015,0
5615,66.68545,12.764547,2015,0
5616,66.685299,12.7642919999999,2015,0
5617,66.68111,12.953255,2015,0
5618,66.6814059999999,12.956885,2015,0
5619,66.627932,12.9169909999999,2015,0
5620,66.627694,12.916808,2015,0
5621,66.6276309999999,12.916839,2015,0
5622,66.627566,12.91641,2015,0
5623,66.610016,12.996418,2015,0
5624,66.5959579999999,12.926658,2015,0
5625,66.5956319999999,12.926555,2015,0
5626,66.595472,12.926529,2015,0
5627,66.5331649999999,12.974546,2015,0
5628,66.533129,12.974148,2015,0
5629,61.598948,4.983011,2015,0
5630,61.5993489999999,4.97913,2015,0
5631,61.599027,4.97951,2015,0
5632,61.5984699999999,4.976964,2015,0
5633,61.598072,4.971494,2015,0
5634,61.598151,4.977291,2015,0
5635,61.5974569999999,4.974781,2015,0
5636,61.5976349999999,4.995151,2015,0
5637,61.5970909999999,4.987941,2015,0
5638,61.598038,4.985286,2015,0
5639,61.5970799999999,4.983179,2015,0
5640,61.596848,4.983528,2015,0
5641,61.597431,4.982512,2015,0
5642,61.5970749999999,4.982941,2015,0
5643,61.597821,4.98088,2015,0
5644,61.5976289999999,4.980984,2015,0
5645,61.5974999999999,4.981118,2015,0
5646,61.59711,4.975152,2015,0
5647,61.5967389999999,4.975751,2015,0
5648,61.5963789999999,4.975825,2015,0
5649,61.596797,4.977158,2015,0
5650,61.596525,4.977391,2015,0
5651,61.5967929999999,4.986326,2015,0
5652,61.596547,4.986969,2015,0
5653,61.596828,4.988551,2015,0
5654,61.595241,4.978125,2015,0
5655,61.595131,4.979535,2015,0
5656,61.5950139999999,4.971419,2015,0
5657,61.5946259999999,4.973349,2015,0
5658,61.5953459999999,4.994665,2015,0
5659,61.595064,4.988432,2015,0
5660,61.5949049999999,4.986237,2015,0
5661,61.594071,4.996164,2015,0
5662,61.593586,4.973426,2015,0
5663,61.593442,4.976239,2015,0
5664,61.5931629999999,4.976668,2015,0
5665,61.592773,4.97598,2015,0
5666,61.5929909999999,4.978261,2015,0
5667,61.591597,4.985085,2015,0
5668,61.591504,4.984063,2015,0
5669,61.591818,4.979119,2015,0
5670,61.592486,4.984054,2015,0
5671,61.592855,4.986617,2015,0
5672,61.5933309999999,4.989755,2015,0
5673,61.5926389999999,4.978579,2015,0
5674,61.591355,4.984192,2015,0
5675,61.591262,4.98442,2015,0
5676,61.590335,4.986021,2015,0
5677,61.590178,4.986695,2015,0
5678,61.589961,4.982517,2015,0
5679,61.58982,4.98277,2015,0
5680,61.5895209999999,4.981847,2015,0
5681,61.589385,4.982231,2015,0
5682,61.589675,4.983938,2015,0
5683,61.5888319999999,4.986906,2015,0
5684,61.5885729999999,4.987155,2015,0
5685,61.5884489999999,4.988496,2015,0
5686,61.587271,4.982445,2015,0
5687,61.5881139999999,4.988799,2015,0
5688,61.586519,4.984212,2015,0
5689,61.5870189999999,4.982551,2015,0
5690,61.55731,4.937424,2015,0
5691,61.5561209999999,4.940404,2015,0
5692,61.556257,4.941515,2015,0
5693,61.5562869999999,4.942257,2015,0
5694,61.5560059999999,4.941079,2015,0
5695,61.555183,4.940849,2015,0
5696,61.555247,4.941135,2015,0
5697,61.555264,4.936562,2015,0
5698,61.555,4.937109,2015,0
5699,61.554993,4.937602,2015,0
5700,61.554757,4.941839,2015,0
5701,61.554786,4.942449,2015,0
5702,61.552675,4.922928,2015,0
5703,61.5527659999999,4.923162,2015,0
5704,61.553891,4.93335,2015,0
5705,61.551907,4.924098,2015,0
5706,61.5519049999999,4.924088,2015,0
5707,61.551955,4.925138,2015,0
5708,61.552768,4.933096,2015,0
5709,61.551949,4.925364,2015,0
5710,61.5517359999999,4.926214,2015,0
5711,61.538654,4.773032,2015,0
5712,61.538479,4.770388,2015,0
5713,61.5496139999999,4.919574,2015,0
5714,61.549703,4.919881,2015,0
5715,61.5494899999999,4.926402,2015,0
5716,61.5373859999999,4.783326,2015,0
5717,61.5368849999999,4.767476,2015,0
5718,61.536225,4.770332,2015,0
5719,61.535724,4.764183,2015,0
5720,61.548999,4.927639,2015,0
5721,61.548268,4.925983,2015,0
5722,61.5472389999999,4.923629,2015,0
5723,61.548127,4.932761,2015,0
5724,61.5346529999999,4.76443,2015,0
5725,61.5345299999999,4.775209,2015,0
5726,61.5347099999999,4.777978,2015,0
5727,61.535592,4.782479,2015,0
5728,61.5359989999999,4.785792,2015,0
5729,61.546362,4.9233,2015,0
5730,61.5462429999999,4.93098,2015,0
5731,61.5469099999999,4.931036,2015,0
5732,61.5470669999999,4.933927,2015,0
5733,61.547077,4.935854,2015,0
5734,61.532597,4.777292,2015,0
5735,61.532349,4.773295,2015,0
5736,61.533233,4.774683,2015,0
5737,61.533847,4.777405,2015,0
5738,61.533236,4.770728,2015,0
5739,61.5322249999999,4.760891,2015,0
5740,61.532546,4.78514,2015,0
5741,61.532384,4.779102,2015,0
5742,61.53247,4.778783,2015,0
5743,61.5317349999999,4.774684,2015,0
5744,61.5318949999999,4.774231,2015,0
5745,61.5322329999999,4.773308,2015,0
5746,61.531649,4.78585,2015,0
5747,61.5318759999999,4.784836,2015,0
5748,61.5312059999999,4.773587,2015,0
5749,61.531345,4.773477,2015,0
5750,61.5309219999999,4.766745,2015,0
5751,61.529885,4.765867,2015,0
5752,61.530213,4.769183,2015,0
5753,61.5296469999999,4.784135,2015,0
5754,61.528782,4.773917,2015,0
5755,61.527977,4.777626,2015,0
5756,61.5280959999999,4.777788,2015,0
5757,61.526935,4.773653,2015,0
5758,61.527597,4.771458,2015,0
5759,61.527562,4.769577,2015,0
5760,61.526597,4.766317,2015,0
5761,61.526287,4.768628,2015,0
5762,61.5283289999999,4.784808,2015,0
5763,61.528545,4.785207,2015,0
5764,61.5262,4.778638,2015,0
5765,61.5263879999999,4.778278,2015,0
5766,61.525958,4.778451,2015,0
5767,61.52611,4.780409,2015,0
5768,61.5262699999999,4.78014,2015,0
5769,61.527051,4.78198,2015,0
5770,61.526141,4.76845,2015,0
5771,61.5260859999999,4.769205,2015,0
5772,61.4822759999999,5.216098,2015,0
5773,61.482466,5.218034,2015,0
5774,61.4827379999999,5.22901,2015,0
5775,61.481188,5.214218,2015,0
5776,61.481706,5.216048,2015,0
5777,61.4815979999999,5.219443,2015,0
5778,61.482674,5.228887,2015,0
5779,61.48261,5.228685,2015,0
5780,61.4825719999999,5.228584,2015,0
5781,61.4803929999999,5.212131,2015,0
5782,61.479953,5.212363,2015,0
5783,61.480778,5.219257,2015,0
5784,61.480893,5.221056,2015,0
5785,61.481709,5.224591,2015,0
5786,61.480716,5.228308,2015,0
5787,61.481158,5.23186,2015,0
5788,61.4788259999999,5.225125,2015,0
5789,61.479475,5.216613,2015,0
5790,61.4796539999999,5.223362,2015,0
5791,61.4794819999999,5.223454,2015,0
5792,61.480058,5.225508,2015,0
5793,61.479286,5.227646,2015,0
5794,61.480409,5.231285,2015,0
5795,61.4777229999999,5.218443,2015,0
5796,61.4783619999999,5.224097,2015,0
5797,61.4784429999999,5.225131,2015,0
5798,61.476953,5.217578,2015,0
5799,61.4775509999999,5.218993,2015,0
5800,61.4772639999999,5.219343,2015,0
5801,61.478307,5.229032,2015,0
5802,61.4782209999999,5.229529,2015,0
5803,61.47823,5.229722,2015,0
5804,61.47583,5.22638,2015,0
5805,61.4755759999999,5.227218,2015,0
5806,61.475521,5.227643,2015,0
5807,61.4744699999999,5.219136,2015,0
5808,61.474378,5.219719,2015,0
5809,61.474488,5.22141,2015,0
5810,61.475337,5.235152,2015,0
5811,61.4735269999999,5.226362,2015,0
5812,61.4741119999999,5.23458,2015,0
5813,61.4730429999999,5.226344,2015,0
5814,61.472754,5.228415,2015,0
5815,61.47308,5.229103,2015,0
5816,61.4027839999999,4.76152,2015,0
5817,61.4029,4.761708,2015,0
5818,61.402982,4.761808,2015,0
5819,61.401494,4.776991,2015,0
5820,61.399526,4.766022,2015,0
5821,61.4006669999999,4.768315,2015,0
5822,61.399858,4.759751,2015,0
5823,61.400002,4.759896,2015,0
5824,61.400356,4.770986,2015,0
5825,61.400154,4.772768,2015,0
5826,61.400508,4.780507,2015,0
5827,61.401572,4.782956,2015,0
5828,61.401681,4.783027,2015,0
5829,61.397806,4.761262,2015,0
5830,61.398853,4.762625,2015,0
5831,61.398158,4.767211,2015,0
5832,61.3997099999999,4.773216,2015,0
5833,61.399602,4.774856,2015,0
5834,61.398544,4.77557,2015,0
5835,61.398823,4.777171,2015,0
5836,61.39685,4.763532,2015,0
5837,61.3969379999999,4.763676,2015,0
5838,61.3966489999999,4.759178,2015,0
5839,61.396746,4.759326,2015,0
5840,61.396887,4.759528,2015,0
5841,61.3983479999999,4.776305,2015,0
5842,61.3982979999999,4.781726,2015,0
5843,61.398499,4.783397,2015,0
5844,61.3985279999999,4.783582,2015,0
5845,61.398685,4.784147,2015,0
5846,61.3971209999999,4.785245,2015,0
5847,61.397368,4.785383,2015,0
5848,61.3979659999999,4.783311,2015,0
5849,61.396923,4.780047,2015,0
5850,61.3962379999999,4.767703,2015,0
5851,61.3958939999999,4.767,2015,0
5852,61.3963749999999,4.765292,2015,0
5853,61.3963809999999,4.762988,2015,0
5854,61.396329,4.762975,2015,0
5855,61.395924,4.780143,2015,0
5856,61.3962989999999,4.780298,2015,0
5857,61.395817,4.782416,2015,0
5858,61.3944649999999,4.769482,2015,0
5859,61.394745,4.771025,2015,0
5860,61.395121,4.771575,2015,0
5861,61.3952329999999,4.771638,2015,0
5862,61.3953119999999,4.771612,2015,0
5863,61.3949289999999,4.766859,2015,0
5864,61.3951629999999,4.767174,2015,0
5865,61.3953149999999,4.768037,2015,0
5866,61.395761,4.769781,2015,0
5867,61.393352,4.760004,2015,0
5868,61.3938959999999,4.766305,2015,0
5869,61.394078,4.768961,2015,0
5870,61.39417,4.78226,2015,0
5871,61.3943719999999,4.782285,2015,0
5872,61.392215,4.767681,2015,0
5873,61.3923729999999,4.767923,2015,0
5874,61.3926289999999,4.768248,2015,0
5875,61.3918499999999,4.76716,2015,0
5876,61.3920049999999,4.767271,2015,0
5877,61.3905669999999,4.773734,2015,0
5878,61.390684,4.770371,2015,0
5879,61.3509839999999,4.590683,2015,0
5880,61.350068,4.591059,2015,0
5881,61.349645,4.587,2015,0
5882,61.349336,4.578161,2015,0
5883,61.349176,4.594255,2015,0
5884,61.349372,4.59428,2015,0
5885,61.349248,4.596373,2015,0
5886,61.349645,4.596887,2015,0
5887,61.3489039999999,4.590025,2015,0
5888,61.3491319999999,4.587461,2015,0
5889,61.3491939999999,4.586597,2015,0
5890,61.348036,4.57599,2015,0
5891,61.3481329999999,4.593856,2015,0
5892,61.346969,4.583143,2015,0
5893,61.3461059999999,4.591862,2015,0
5894,61.346828,4.589875,2015,0
5895,61.3469819999999,4.594291,2015,0
5896,61.345229,4.579292,2015,0
5897,61.3447419999999,4.574406,2015,0
5898,61.3453019999999,4.596551,2015,0
5899,61.3458869999999,4.59729,2015,0
5900,61.345919,4.598107,2015,0
5901,61.34624,4.598418,2015,0
5902,61.3464209999999,4.598556,2015,0
5903,61.34619,4.601269,2015,0
5904,61.34604,4.601848,2015,0
5905,61.345595,4.600795,2015,0
5906,61.3459239999999,4.600349,2015,0
5907,61.346243,4.600721,2015,0
5908,61.346355,4.600899,2015,0
5909,61.3451049999999,4.580844,2015,0
5910,61.3440769999999,4.576667,2015,0
5911,61.3445639999999,4.573892,2015,0
5912,61.3446119999999,4.573976,2015,0
5913,61.343994,4.57884,2015,0
5914,61.3436069999999,4.580056,2015,0
5915,61.3434639999999,4.581552,2015,0
5916,61.343558,4.581897,2015,0
5917,61.3436609999999,4.595072,2015,0
5918,61.3420959999999,4.580281,2015,0
5919,61.3433199999999,4.588658,2015,0
5920,61.3414429999999,4.595579,2015,0
5921,61.341576,4.595855,2015,0
5922,61.3410579999999,4.593503,2015,0
5923,61.341202,4.584577,2015,0
5924,61.34194,4.588583,2015,0
5925,61.340947,4.600215,2015,0
5926,61.3393999999999,4.57835,2015,0
5927,61.3398839999999,4.587004,2015,0
5928,61.34006,4.587539,2015,0
5929,61.340085,4.600275,2015,0
5930,61.339886,4.596233,2015,0
5931,61.338196,4.58085,2015,0
5932,61.3390849999999,4.585085,2015,0
5933,61.3391269999999,4.58653,2015,0
5934,61.339267,4.587073,2015,0
5935,61.337774,4.590025,2015,0
5936,61.3375989999999,4.593415,2015,0
5937,61.318032,4.71883,2015,0
5938,61.318063,4.71893,2015,0
5939,61.3318119999999,5.1503,2015,0
5940,61.3250979999999,5.075183,2015,0
5941,61.3251119999999,5.075091,2015,0
5942,61.325237,5.075514,2015,0
5943,61.325268,5.0757,2015,0
5944,62.0425759999999,5.085202,2014,0
5945,62.044564,5.078282,2014,0
5946,62.045518,5.085199,2014,0
5947,62.0472019999999,5.086574,2014,0
5948,62.047389,5.08603,2014,0
5949,62.047438,5.077336,2014,0
5950,62.051386,5.088091,2014,0
5951,62.0439689999999,5.079442,2014,0
5952,62.048343,5.092949,2014,0
5953,62.048119,5.080487,2014,0
5954,62.05006,5.088527,2014,0
5955,62.043509,5.076218,2014,0
5956,62.0450919999999,5.082447,2014,0
5957,62.047215,5.071141,2014,0
5958,62.0438699999999,5.090562,2014,0
5959,62.04533,5.079476,2014,0
5960,61.948349,4.895956,2014,0
5961,61.9516599999999,4.903984,2014,0
5962,61.958931,4.889054,2014,0
5963,61.951931,4.892355,2014,0
5964,61.953825,4.896531,2014,0
5965,61.9538379999999,4.893642,2014,0
5966,61.953885,4.891222,2014,0
5967,61.9555229999999,4.895002,2014,0
5968,61.955153,4.886951,2014,0
5969,61.9564069999999,4.894707,2014,0
5970,61.9584649999999,4.894981,2014,0
5971,61.9496619999999,4.898401,2014,0
5972,61.950476,4.897168,2014,0
5973,61.949967,4.887243,2014,0
5974,61.9501759999999,4.890057,2014,0
5975,61.9512459999999,4.889219,2014,0
5976,61.952514,4.884949,2014,0
5977,61.953986,4.901765,2014,0
5978,61.95488,4.907718,2014,0
5979,61.954349,4.894432,2014,0
5980,61.955508,4.907027,2014,0
5981,61.955233,4.894137,2014,0
5982,61.955928,4.903522,2014,0
5983,61.9550369999999,4.888433,2014,0
5984,61.955558,4.895471,2014,0
5985,61.9557569999999,4.892039,2014,0
5986,61.956035,4.895793,2014,0
5987,61.9603609999999,4.890019,2014,0
5988,61.961151,4.894564,2014,0
5989,61.9615579999999,4.893947,2014,0
5990,61.957821,4.907698,2014,0
5991,61.9591599999999,4.904366,2014,0
5992,62.0505179999999,5.085483,2014,0
5993,62.051113,5.084323,2014,0
5994,62.051437,5.085663,2014,0
5995,62.051879,5.085518,2014,0
5996,62.0523889999999,5.086314,2014,0
5997,62.0537149999999,5.085878,2014,0
5998,62.0551109999999,5.092653,2014,0
5999,62.054752,5.084572,2014,0
6000,62.0509589999999,5.07907,2014,0
6001,62.052982,5.078886,2014,0
6002,62.052878,5.071205,2014,0
6003,62.053814,5.074754,2014,0
6004,62.048678,5.072588,2014,0
6005,62.048659,5.069219,2014,0
6006,62.049751,5.078021,2014,0
6007,62.049801,5.075593,2014,0
6008,62.055689,5.088122,2014,0
6009,62.056063,5.087035,2014,0
6010,62.0546009999999,5.091856,2014,0
6011,62.055365,5.086782,2014,0
6012,62.005996,5.193018,2015,0
6013,61.99942,5.180233,2015,0
6014,62.001561,5.184831,2015,0
6015,62.001936,5.183747,2015,0
6016,62.0062879999999,5.187628,2015,0
6017,61.997903,5.187463,2015,0
6018,62.000385,5.190508,2015,0
6019,62.0006729999999,5.191377,2015,0
6020,62.004524,5.175685,2015,0
6021,62.0037349999999,5.189901,2015,0
6022,62.0055809999999,5.17149,2015,0
6023,62.0074329999999,5.17522,2015,0
6024,62.000931,5.185517,2015,0
6025,61.9983939999999,5.191154,2015,0
6026,61.999552,5.188372,2015,0
6027,61.9996379999999,5.186418,2015,0
6028,62.0036029999999,5.181761,2015,0
6029,62.003486,5.176985,2015,0
6030,62.0076139999999,5.187197,2015,0
6031,62.007092,5.176775,2015,0
6032,62.00267,5.178214,2015,0
6033,62.0090119999999,5.181447,2015,0
6034,62.0082779999999,5.186981,2015,0
6035,62.009402,5.183727,2015,0
6036,69.6279399999999,18.9437099999999,2008,1
6037,69.6274599999999,18.94491,2008,1
6038,69.5582299999999,18.74322,2008,1
6039,69.5578399999999,18.74058,2008,1
6040,69.5574699999999,18.73666,2008,1
6041,69.55745,18.7379399999999,2008,1
6042,69.5563999999999,18.72363,2008,1
6043,69.5545999999999,18.7451499999999,2008,1
6044,69.55431,18.73739,2008,1
6045,69.554,18.73092,2008,1
6046,69.55361,18.72828,2008,1
6047,69.5535299999999,18.7321199999999,2008,1
6048,69.55288,18.72044,2008,1
6049,69.55285,18.72172,2008,1
6050,69.5521499999999,18.71261,2008,1
6051,69.54197,18.7057,2008,1
6052,69.54186,18.7108199999999,2008,1
6053,69.54183,18.7121,2008,1
6054,69.86493,18.5272,2008,1
6055,69.8632599999999,18.53845,2008,1
6056,69.8638299999999,18.5605,2008,1
6057,69.8664299999999,18.58437,2008,1
6058,69.87021,18.59709,2008,1
6059,69.8724299999999,18.57762,2008,1
6060,69.8688599999999,18.60309,2008,1
6061,69.8608399999999,18.55195,2008,1
6062,69.8590599999999,18.57929,2008,1
6063,69.90052,18.03539,2008,1
6064,69.8754399999999,18.71498,2008,1
6065,69.8730699999999,18.72108,2008,1
6066,69.8730199999999,18.7236699999999,2008,1
6067,69.83826,18.99877,2008,1
6068,69.8367999999999,19.0036999999999,2008,1
6069,69.81868,19.01066,2008,1
6070,69.86842,18.4944799999999,2008,1
6071,69.86878,18.5333399999999,2008,1
6072,69.87072,18.5276199999999,2008,1
6073,69.9317999999999,18.04154,2008,1
6074,69.92658,18.0329699999999,2008,1
6075,69.92645,18.02619,2008,1
6076,69.92283,18.02043,2008,1
6077,69.91969,18.01671,2008,1
6078,69.9052599999999,17.99181,2008,1
6079,69.90393,17.99023,2008,1
6080,69.91364,18.02945,2008,1
6081,69.91115,18.04345,2008,1
6082,69.9076799999999,18.01031,2008,1
6083,69.9062899999999,18.01272,2008,1
6084,69.90551,18.03219,2008,1
6085,69.90531,18.04391,2008,1
6086,69.90428,18.05159,2008,1
6087,69.9024299999999,18.10614,2008,1
6088,69.90273,18.06312,2008,1
6089,69.90286,18.00309,2008,1
6090,69.89982,18.1018399999999,2008,1
6091,69.90072,18.0236699999999,2008,1
6092,69.89958,18.06396,2008,1
6093,69.89946,18.01827,2008,1
6094,69.89924,18.0312899999999,2008,1
6095,69.8987099999999,18.0364299999999,2008,1
6096,69.89821,18.0650599999999,2008,1
6097,69.8983599999999,18.00375,2008,1
6098,69.89763,18.02061,2008,1
6099,69.89614,18.10652,2008,1
6100,69.89601,18.0882299999999,2008,1
6101,69.8965299999999,18.0061,2008,1
6102,69.8962099999999,17.99823,2008,1
6103,69.89515,18.0607,2008,1
6104,69.60572,17.9559299999999,2008,1
6105,69.60853,17.96726,2008,1
6106,69.6115,17.98158,2008,1
6107,69.6085499999999,18.0184199999999,2008,1
6108,69.6103899999999,17.9712099999999,2008,1
6109,69.60934,17.99902,2008,1
6110,69.61408,17.95439,2008,1
6111,69.61023,17.95248,2008,1
6112,69.60389,18.0061,2008,1
6113,69.60603,18.01011,2008,1
6114,69.60495,17.99455,2008,1
6115,69.5986999999999,17.99532,2008,1
6116,69.6219399999999,17.9505699999999,2008,1
6117,69.6209,17.95184,2008,1
6118,69.62684,17.95475,2008,1
6119,69.62612,17.9586299999999,2008,1
6120,69.63897,17.92197,2008,1
6121,69.63758,17.92435,2008,1
6122,69.6349799999999,17.9188399999999,2008,1
6123,69.63351,17.9263699999999,2008,1
6124,69.6293699999999,17.93224,2008,1
6125,69.62408,17.9263599999999,2008,1
6126,70.0210799999999,18.5545,2009,1
6127,70.01944,18.55169,2009,1
6128,70.01689,18.56185,2009,1
6129,70.0142599999999,18.55984,2009,1
6130,70.01764,18.54728,2009,1
6131,70.0022699999999,18.5409599999999,2009,1
6132,70.0053,18.54247,2009,1
6133,70.0014299999999,18.56555,2009,1
6134,69.99415,18.57489,2009,1
6135,70.00422,18.5935999999999,2009,1
6136,70.0057699999999,18.59636,2009,1
6137,70.0043,18.6266399999999,2009,1
6138,70.0073799999999,18.62998,2009,1
6139,70.00629,18.63868,2009,1
6140,70.0125,18.5568899999999,2009,1
6141,70.01063,18.5576499999999,2009,1
6142,70.0080399999999,18.54177,2009,1
6143,70.0116299999999,18.53791,2009,1
6144,70.02029,18.4926099999999,2009,1
6145,70.02634,18.49097,2009,1
6146,70.01202,18.43983,2009,1
6147,70.01336,18.43806,2009,1
6148,70.02334,18.4378899999999,2009,1
6149,70.0230999999999,18.44432,2009,1
6150,70.0225899999999,18.45634,2009,1
6151,70.0156,18.53792,2009,1
6152,70.00851,18.46312,2009,1
6153,70.0094299999999,18.50786,2009,1
6154,70.00909,18.5025599999999,2009,1
6155,70.00901,18.50648,2009,1
6156,70.00794,18.51549,2009,1
6157,70.0075899999999,18.5101799999999,2009,1
6158,70.0078599999999,18.4734799999999,2009,1
6159,70.00712,18.51141,2009,1
6160,70.0060699999999,18.4731799999999,2009,1
6161,70.0059499999999,18.47972,2009,1
6162,70.0050399999999,18.50319,2009,1
6163,70.00449,18.50834,2009,1
6164,70.0028999999999,18.4975799999999,2009,1
6165,70.0028899999999,18.47528,2009,1
6166,70.00261,18.48966,2009,1
6167,70.00005,18.4826699999999,2009,1
6168,69.9978899999999,18.47838,2009,1
6169,69.99249,18.47879,2009,1
6170,69.9921899999999,18.49447,2009,1
6171,69.9918899999999,18.48656,2009,1
6172,69.9916199999999,18.4773299999999,2009,1
6173,69.9888899999999,18.4795,2009,1
6174,69.98854,18.4742,2009,1
6175,69.9883899999999,18.48204,2009,1
6176,69.6099799999999,18.02933,2008,1
6177,69.60495,17.99531,2008,1
6178,69.78476,19.06398,2009,1
6179,69.7685299999999,19.0560599999999,2009,1
6180,69.77378,19.05593,2009,1
6181,69.6257499999999,18.91086,2009,1
6182,69.62765,18.90688,2009,1
6183,69.62618,18.8928499999999,2009,1
6184,69.62715,18.9191,2009,1
6185,70.20286,19.82649,2009,1
6186,70.2006999999999,19.7729399999999,2009,1
6187,70.19919,19.7792199999999,2009,1
6188,70.1986399999999,19.76583,2009,1
6189,70.19764,19.76958,2009,1
6190,70.1957299999999,19.80758,2009,1
6191,70.19454,19.78477,2009,1
6192,70.1948,19.75831,2009,1
6193,70.19153,19.81323,2009,1
6194,70.19087,19.82103,2009,1
6195,70.1912399999999,19.79063,2009,1
6196,70.1907199999999,19.79316,2009,1
6197,70.16812,20.0450799999999,2009,1
6198,70.16995,20.04135,2009,1
6199,70.17484,20.0334299999999,2009,1
6200,70.1772399999999,20.03282,2009,1
6201,70.17936,20.0278099999999,2009,1
6202,70.2144799999999,19.8292199999999,2009,1
6203,70.2123399999999,19.84198,2009,1
6204,70.2092899999999,19.78819,2009,1
6205,70.2076899999999,19.81435,2009,1
6206,70.20608,19.80735,2009,1
6207,70.20582,19.78341,2009,1
6208,70.2055699999999,19.7926399999999,2009,1
6209,70.20478,19.78847,2009,1
6210,70.2032099999999,19.7801499999999,2009,1
6211,70.2022699999999,19.7985,2009,1
6212,70.2008299999999,19.7849,2009,1
6213,70.2758999999999,19.21028,2009,1
6214,70.27249,19.18298,2009,1
6215,70.27155,19.20407,2009,1
6216,70.26737,19.2098599999999,2009,1
6217,70.2659799999999,19.19229,2009,1
6218,70.21034,19.01258,2009,1
6219,70.2089399999999,19.0149599999999,2009,1
6220,70.19874,18.98912,2009,1
6221,70.19736,18.9901799999999,2009,1
6222,70.29407,19.1635899999999,2009,1
6223,70.29832,19.1947599999999,2009,1
6224,70.29903,19.19912,2009,1
6225,70.2993199999999,19.20992,2009,1
6226,70.29944,19.22209,2009,1
6227,70.30306,19.1612,2009,1
6228,70.2908999999999,19.20271,2009,1
6229,70.28877,19.2169099999999,2009,1
6230,70.28837,19.19554,2009,1
6231,70.2873199999999,19.2019799999999,2009,1
6232,70.2776099999999,19.1946699999999,2009,1
6233,70.27755,19.19731,2009,1
6234,70.27722,19.1919299999999,2009,1
6235,70.2767,19.17586,2009,1
6236,70.26958,19.1730799999999,2009,1
6237,70.21293,19.01706,2009,1
6238,70.2124,19.02094,2009,1
6239,70.21259,18.97192,2009,1
6240,70.21016,19.00061,2009,1
6241,70.2104999999999,18.96489,2009,1
6242,70.20932,18.9978,2009,1
6243,70.2081699999999,18.94853,2009,1
6244,70.2063299999999,18.97071,2009,1
6245,70.2058499999999,18.97194,2009,1
6246,70.2054899999999,18.9679,2009,1
6247,70.20529,18.9771399999999,2009,1
6248,70.2053099999999,18.9559299999999,2009,1
6249,70.2036499999999,18.9900699999999,2009,1
6250,70.2033899999999,19.00195,2009,1
6251,70.2032999999999,18.98603,2009,1
6252,70.1985899999999,18.9957199999999,2009,1
6253,70.1976099999999,18.9995,2009,1
6254,70.19489,19.0002999999999,2009,1
6255,70.14472,18.75045,2009,1
6256,70.12819,18.77623,2009,1
6257,70.1270499999999,18.77009,2009,1
6258,70.12443,18.77027,2009,1
6259,70.1493499999999,18.71658,2009,1
6260,70.14888,18.71782,2009,1
6261,70.1483999999999,18.7190599999999,2009,1
6262,70.1449599999999,18.7118299999999,2009,1
6263,70.14435,18.71965,2009,1
6264,70.1439299999999,18.71825,2009,1
6265,70.14309,18.71546,2009,1
6266,70.1424999999999,18.7219599999999,2009,1
6267,70.13705,18.75653,2009,1
6268,70.1435699999999,18.75925,2009,1
6269,70.14955,18.69811,2009,1
6270,70.14924,18.6477,2009,1
6271,70.14435,18.64552,2009,1
6272,70.1423499999999,18.64121,2009,1
6273,70.1851,18.76803,2009,1
6274,70.18526,18.7389399999999,2009,1
6275,70.18496,18.75344,2009,1
6276,70.1847199999999,18.72163,2009,1
6277,70.1835899999999,18.7757,2009,1
6278,70.18348,18.78097,2009,1
6279,70.18398,18.7360599999999,2009,1
6280,70.18164,18.78328,2009,1
6281,70.18227,18.73178,2009,1
6282,70.1810799999999,18.7672999999999,2009,1
6283,70.1808,18.78048,2009,1
6284,70.1806899999999,18.78576,2009,1
6285,70.18124,18.7382099999999,2009,1
6286,70.18085,18.75667,2009,1
6287,70.1806799999999,18.7645799999999,2009,1
6288,70.1806299999999,18.7672199999999,2009,1
6289,70.18076,18.73945,2009,1
6290,70.1807299999999,18.74076,2009,1
6291,70.1799,18.78032,2009,1
6292,70.17998,18.7551899999999,2009,1
6293,70.1799,18.7591399999999,2009,1
6294,70.1794799999999,18.7789199999999,2009,1
6295,70.17981,18.74192,2009,1
6296,70.1795599999999,18.7537899999999,2009,1
6297,70.17909,18.7761999999999,2009,1
6298,70.17928,18.74579,2009,1
6299,70.17914,18.7523899999999,2009,1
6300,70.1783099999999,18.7707599999999,2009,1
6301,70.17825,18.7733999999999,2009,1
6302,70.1434699999999,18.69703,2009,1
6303,70.1705599999999,20.03228,2009,1
6304,66.542405,12.255421,2015,0
6305,66.543942,12.262463,2015,0
6306,66.544019,12.2627279999999,2015,0
6307,66.5438249999999,12.263934,2015,0
6308,66.543705,12.265138,2015,0
6309,66.5554549999999,12.2284299999999,2015,0
6310,66.555346,12.22826,2015,0
6311,66.5929869999999,12.179269,2015,0
6312,66.59283,12.179357,2015,0
6313,66.592804,12.1796019999999,2015,0
6314,66.59268,12.179914,2015,0
6315,66.5924859999999,12.17991,2015,0
6316,66.592399,12.180154,2015,0
6317,66.59219,12.180709,2015,0
6318,66.609316,12.149241,2015,0
6319,66.609329,12.149505,2015,0
6320,66.609262,12.149761,2015,0
6321,66.6089589999999,12.149936,2015,0
6322,66.608862,12.150589,2015,0
6323,66.588278,12.103837,2015,0
6324,66.5880059999999,12.103486,2015,0
6325,66.587935,12.103401,2015,0
6326,66.5879269999999,12.103414,2015,0
6327,66.5641559999999,12.099963,2015,0
6328,66.5639489999999,12.100189,2015,0
6329,66.5638589999999,12.100258,2015,0
6330,66.5638249999999,12.100284,2015,0
6331,66.547842,12.162151,2015,0
6332,66.547764,12.162133,2015,0
6333,66.547719,12.16224,2015,0
6334,66.536918,12.124451,2015,0
6335,66.536781,12.124245,2015,0
6336,66.536641,12.12405,2015,0
6337,66.536473,12.123908,2015,0
6338,66.517847,12.0508919999999,2015,0
6339,66.517611,12.050578,2015,0
6340,66.5174789999999,12.0503269999999,2015,0
6341,66.5173149999999,12.0501919999999,2015,0
6342,66.524106,12.0140069999999,2015,0
6343,66.481879,12.057403,2015,0
6344,66.4814549999999,12.057055,2015,0
6345,66.481632,12.058374,2015,0
6346,66.4810849999999,12.057743,2015,0
6347,66.476267,12.003684,2015,0
6348,66.476201,12.003717,2015,0
6349,66.476179,12.002966,2015,0
6350,66.4762759999999,12.002647,2015,0
6351,66.4762379999999,12.002556,2015,0
6352,66.4761249999999,12.001866,2015,0
6353,66.479556,11.976906,2015,0
6354,66.4794919999999,11.977608,2015,0
6355,66.4794019999999,11.9779579999999,2015,0
6356,66.479346,11.977841,2015,0
6357,66.479712,11.9768779999999,2015,0
6358,66.479853,11.976368,2015,0
6359,66.4798789999999,11.9759309999999,2015,0
6360,66.479922,11.975553,2015,0
6361,66.4913439999999,11.990409,2015,0
6362,66.4911469999999,11.989905,2015,0
6363,66.4909459999999,11.989455,2015,0
6364,66.490802,11.989125,2015,0
6365,66.4906859999999,11.988624,2015,0
6366,68.6124059999999,14.597291,2014,1
6367,68.612125,14.5960719999999,2014,1
6368,68.611665,14.594718,2014,1
6369,68.6112799999999,14.593814,2014,1
6370,68.611096,14.593489,2014,1
6371,68.611041,14.593577,2014,1
6372,68.610904,14.593495,2014,1
6373,68.610833,14.5932429999999,2014,1
6374,68.599114,14.523386,2014,1
6375,68.598326,14.5215359999999,2014,1
6376,68.590997,14.316139,2014,1
6377,68.590699,14.3174379999999,2014,1
6378,68.5905659999999,14.3183019999999,2014,1
6379,68.5863389999999,14.3083209999999,2014,1
6380,68.5861799999999,14.296333,2014,1
6381,68.5860629999999,14.296332,2014,1
6382,68.585425,14.296873,2014,1
6383,68.5854389999999,14.2962209999999,2014,1
6384,68.591659,14.3062869999999,2014,1
6385,68.592201,14.2828149999999,2014,1
6386,68.599839,14.287572,2014,1
6387,68.599663,14.28628,2014,1
6388,68.599601,14.285322,2014,1
6389,68.6051769999999,14.291762,2014,1
6390,68.605067,14.291335,2014,1
6391,68.60486,14.290851,2014,1
6392,68.6047329999999,14.290542,2014,1
6393,68.618346,14.283307,2014,1
6394,68.6182249999999,14.284252,2014,1
6395,68.6181399999999,14.284755,2014,1
6396,68.633172,14.267628,2014,1
6397,68.632777,14.26999,2014,1
6398,68.632226,14.272489,2014,1
6399,68.628472,14.311653,2014,1
6400,68.6280079999999,14.325761,2014,1
6401,68.6305409999999,14.330557,2014,1
6402,68.6360789999999,14.331479,2014,1
6403,68.636002,14.334075,2014,1
6404,68.6358299999999,14.334496,2014,1
6405,68.635728,14.3345389999999,2014,1
6406,68.652489,14.308433,2014,1
6407,68.67113,14.339205,2014,1
6408,68.671968,14.3396539999999,2014,1
6409,68.672374,14.339009,2014,1
6410,68.646876,14.372979,2014,1
6411,68.647644,14.3765959999999,2014,1
6412,68.6205219999999,14.374966,2014,1
6413,68.619956,14.374979,2014,1
6414,68.60866,14.397047,2014,1
6415,68.608249,14.397479,2014,1
6416,68.5941399999999,14.466039,2014,1
6417,68.5940439999999,14.466645,2014,1
6418,68.731845,14.522726,2014,1
6419,68.7313889999999,14.51525,2014,1
6420,68.743976,14.50117,2014,1
6421,68.7437299999999,14.50113,2014,1
6422,68.743521,14.501089,2014,1
6423,68.745731,14.52037,2014,1
6424,68.745812,14.5207169999999,2014,1
6425,68.7457639999999,14.520864,2014,1
6426,68.7385579999999,14.469579,2014,1
6427,68.738394,14.469461,2014,1
6428,68.738269,14.469288,2014,1
6429,68.7378729999999,14.472592,2014,1
6430,68.750314,14.45542,2014,1
6431,68.750684,14.455097,2014,1
6432,68.749803,14.447784,2014,1
6433,68.7495049999999,14.4475029999999,2014,1
6434,68.7488139999999,14.4408569999999,2014,1
6435,68.7477099999999,14.434275,2014,1
6436,68.7541269999999,14.4204849999999,2014,1
6437,68.755678,14.4336749999999,2014,1
6438,68.7558049999999,14.433184,2014,1
6439,68.7506609999999,14.442045,2014,1
6440,68.750416,14.4419369999999,2014,1
6441,68.7501979999999,14.441532,2014,1
6442,68.749751,14.4408169999999,2014,1
6443,68.7477039999999,14.4413,2014,1
6444,68.747387,14.440953,2014,1
6445,68.843467,14.707827,2014,1
6446,68.7937359999999,14.627012,2014,1
6447,68.7940909999999,14.6267809999999,2014,1
6448,68.8317069999999,14.550209,2014,1
6449,68.831169,14.549733,2014,1
6450,68.830859,14.5505239999999,2014,1
6451,68.789026,14.439235,2014,1
6452,68.787835,14.439477,2014,1
6453,68.787333,14.4365919999999,2014,1
6454,68.7870819999999,14.436042,2014,1
6455,68.7869519999999,14.435827,2014,1
6456,68.7868749999999,14.4356899999999,2014,1
6457,68.78682,14.435591,2014,1
6458,68.78673,14.4354289999999,2014,1
6459,68.787777,14.441916,2014,1
6460,68.770853,14.451066,2014,1
6461,68.7707,14.450277,2014,1
6462,68.7703319999999,14.447998,2014,1
6463,68.770391,14.4469809999999,2014,1
6464,68.7537379999999,14.419522,2014,1
6465,68.753123,14.41817,2014,1
6466,68.752909,14.4166399999999,2014,1
6467,68.753427,14.416081,2014,1
6468,67.7858769999999,12.832259,2014,0
6469,67.7910389999999,12.821171,2014,0
6470,67.7845669999999,12.7900849999999,2014,0
6471,67.7835829999999,12.791592,2014,0
6472,67.747089,12.766832,2014,0
6473,67.72243,12.778321,2014,0
6474,67.722301,12.776474,2014,0
6475,67.721069,12.758585,2014,0
6476,67.7217019999999,12.7582559999999,2014,0
6477,67.722434,12.758171,2014,0
6478,67.7571439999999,12.7179559999999,2014,0
6479,67.75602,12.706594,2014,0
6480,67.7411639999999,12.665378,2014,0
6481,67.7415179999999,12.6648409999999,2014,0
6482,67.7376529999999,12.6138189999999,2014,0
6483,67.735076,12.59333,2014,0
6484,67.733767,12.577843,2014,0
6485,67.728953,12.546462,2014,0
6486,67.7287129999999,12.543791,2014,0
6487,67.728413,12.54216,2014,0
6488,67.7130489999999,12.580332,2014,0
6489,67.7131779999999,12.578604,2014,0
6490,67.6945319999999,12.779774,2014,0
6491,67.69522,12.779513,2014,0
6492,67.679714,12.7627419999999,2014,0
6493,67.679095,12.761714,2014,0
6494,67.6751399999999,12.740346,2014,0
6495,67.674547,12.742549,2014,0
6496,67.67413,12.743387,2014,0
6497,67.6664099999999,12.732753,2014,0
6498,67.65125,12.728246,2014,0
6499,67.407847,11.976813,2014,0
6500,67.405383,11.9773429999999,2014,0
6501,67.403981,11.9767969999999,2014,0
6502,67.422172,11.943745,2014,0
6503,67.4809699999999,12.220128,2014,0
6504,67.4810059999999,12.220837,2014,0
6505,67.4806459999999,12.219409,2014,0
6506,67.4802229999999,12.218907,2014,0
6507,67.480253,12.219246,2014,0
6508,67.494573,12.238072,2014,0
6509,67.494133,12.239388,2014,0
6510,67.4996569999999,12.249776,2014,0
6511,65.9078719999999,11.9194999999999,2015,0
6512,66.0239729999999,11.9558389999999,2015,0
6513,66.0236479999999,11.95592,2015,0
6514,66.0234269999999,11.956185,2015,0
6515,66.0231579999999,11.956886,2015,0
6516,66.0229429999999,11.957056,2015,0
6517,66.0227699999999,11.957444,2015,0
6518,66.0415349999999,11.969753,2015,0
6519,66.041262,11.9692329999999,2015,0
6520,66.041284,11.968385,2015,0
6521,66.0408589999999,11.968181,2015,0
6522,66.0409709999999,11.96815,2015,0
6523,66.0596189999999,12.010973,2015,0
6524,66.059807,12.00923,2015,0
6525,66.057377,12.003144,2015,0
6526,66.054198,11.95082,2015,0
6527,66.0540649999999,11.9510229999999,2015,0
6528,66.054017,11.9514359999999,2015,0
6529,66.054162,11.951311,2015,0
6530,66.0541869999999,11.951285,2015,0
6531,66.016266,11.8974069999999,2015,0
6532,66.0160719999999,11.896868,2015,0
6533,66.015932,11.8963649999999,2015,0
6534,66.015499,11.89539,2015,0
6535,66.015269,11.8947749999999,2015,0
6536,65.994534,11.980503,2015,0
6537,65.9947379999999,11.980807,2015,0
6538,65.994887,11.980937,2015,0
6539,65.9949419999999,11.981266,2015,0
6540,65.994915,11.981267,2015,0
6541,65.994825,11.9812759999999,2015,0
6542,65.9948629999999,11.9814399999999,2015,0
6543,66.009522,12.038504,2015,0
6544,66.0095929999999,12.037659,2015,0
6545,66.0095529999999,12.0376759999999,2015,0
6546,66.0096209999999,12.037356,2015,0
6547,66.0097949999999,12.036635,2015,0
6548,66.00985,12.036137,2015,0
6549,65.914315,12.004034,2015,0
6550,65.9141039999999,12.003384,2015,0
6551,65.9140189999999,12.003206,2015,0
6552,65.710221,11.912997,2015,0
6553,65.7111019999999,11.907892,2015,0
6554,65.6879079999999,11.721685,2015,0
6555,65.654736,11.600279,2015,0
6556,65.654904,11.600339,2015,0
6557,65.6549729999999,11.601122,2015,0
6558,65.6550029999999,11.601293,2015,0
6559,65.655056,11.601362,2015,0
6560,65.6550239999999,11.6028199999999,2015,0
6561,65.655274,11.606145,2015,0
6562,65.655343,11.606095,2015,0
6563,65.655478,11.605921,2015,0
6564,65.655608,11.605867,2015,0
6565,65.6555029999999,11.605618,2015,0
6566,65.655591,11.605242,2015,0
6567,65.6556489999999,11.605178,2015,0
6568,65.655831,11.6045529999999,2015,0
6569,65.655844,11.6044769999999,2015,0
6570,65.6249169999999,11.522942,2015,0
6571,65.6249619999999,11.523383,2015,0
6572,65.624599,11.525026,2015,0
6573,65.624643,11.525361,2015,0
6574,65.624683,11.525229,2015,0
6575,65.6248559999999,11.525079,2015,0
6576,65.606385,11.511167,2015,0
6577,65.6063259999999,11.511417,2015,0
6578,65.6062349999999,11.51148,2015,0
6579,65.6062469999999,11.511423,2015,0
6580,65.6061899999999,11.511623,2015,0
6581,65.6061919999999,11.5116619999999,2015,0
6582,65.60616,11.512045,2015,0
6583,65.6055499999999,11.51417,2015,0
6584,65.6053579999999,11.514725,2015,0
6585,65.647794,11.464218,2015,0
6586,65.648038,11.4647349999999,2015,0
6587,65.675111,11.529222,2015,0
6588,65.675066,11.529959,2015,0
6589,65.6751849999999,11.5301089999999,2015,0
6590,65.6407279999999,11.396671,2015,0
6591,65.640709,11.396754,2015,0
6592,65.6406669999999,11.396876,2015,0
6593,65.6405709999999,11.397012,2015,0
6594,65.6403889999999,11.397276,2015,0
6595,65.6107899999999,11.393796,2015,0
6596,65.6058519999999,11.298451,2015,0
6597,65.605883,11.298823,2015,0
6598,65.6056779999999,11.299369,2015,0
6599,65.6056619999999,11.2993609999999,2015,0
6600,65.605677,11.299378,2015,0
6601,65.6057109999999,11.299377,2015,0
6602,65.6056339999999,11.299504,2015,0
6603,65.6056439999999,11.299882,2015,0
6604,65.605254,11.300452,2015,0
6605,65.6048689999999,11.302089,2015,0
6606,65.60483,11.30283,2015,0
6607,65.605079,11.3031419999999,2015,0
6608,65.5650219999999,11.341805,2015,0
6609,65.5646009999999,11.341418,2015,0
6610,65.5643249999999,11.3404729999999,2015,0
6611,65.5641219999999,11.340157,2015,0
6612,65.5637949999999,11.3389419999999,2015,0
6613,65.563534,11.338307,2015,0
6614,65.563394,11.3379449999999,2015,0
6615,65.563243,11.337529,2015,0
6616,65.5631269999999,11.337472,2015,0
6617,65.544629,11.4277599999999,2015,0
6618,65.544301,11.426325,2015,0
6619,65.969401,11.94252,2015,0
6620,65.9575719999999,12.00529,2015,0
6621,65.95757,12.00529,2015,0
6622,65.957543,12.005386,2015,0
6623,65.9575339999999,12.005432,2015,0
6624,65.9574439999999,12.005749,2015,0
6625,65.957389,12.005834,2015,0
6626,65.945813,12.012377,2015,0
6627,65.9455839999999,12.012449,2015,0
6628,65.945701,12.0126019999999,2015,0
6629,65.945712,12.012592,2015,0
6630,65.939158,11.85585,2015,0
6631,65.9172559999999,11.815365,2015,0
6632,65.917,11.816051,2015,0
6633,65.9169239999999,11.816317,2015,0
6634,65.8396869999999,11.662602,2015,0
6635,65.8394749999999,11.6621869999999,2015,0
6636,65.8390339999999,11.66137,2015,0
6637,65.838789,11.6610029999999,2015,0
6638,65.8385719999999,11.66039,2015,0
6639,65.7519309999999,11.550843,2015,0
6640,65.751467,11.550628,2015,0
6641,65.7513479999999,11.549898,2015,0
6642,65.751198,11.54925,2015,0
6643,65.7762689999999,11.595518,2015,0
6644,65.77563,11.595419,2015,0
6645,65.7776779999999,11.6625619999999,2015,0
6646,65.7362569999999,11.801257,2015,0
6647,65.7361829999999,11.801283,2015,0
6648,65.7360659999999,11.801295,2015,0
6649,65.7088169999999,11.7665279999999,2015,0
6650,65.70872,11.766446,2015,0
6651,65.719009,11.705031,2015,0
6652,65.834778,11.918601,2015,0
6653,65.834619,11.918558,2015,0
6654,65.834479,11.918449,2015,0
6655,65.8343679999999,11.918374,2015,0
6656,65.8341999999999,11.918284,2015,0
6657,65.834095,11.918256,2015,0
6658,65.8339909999999,11.9181519999999,2015,0
6659,65.833937,11.918087,2015,0
6660,65.833825,11.917963,2015,0
6661,65.777569,11.948159,2015,0
6662,65.7772769999999,11.94797,2015,0
6663,65.77705,11.9478399999999,2015,0
6664,65.7569139999999,11.990988,2015,0
6665,57.99071,7.4353,2008,0
6666,57.98516,7.42926,2008,0
6667,57.9838799999999,7.43038,2008,0
6668,57.98368,7.43085,2008,0
6669,57.9818799999999,7.43081,2008,0
6670,57.99658,7.41665,2008,0
6671,57.99311,7.40762,2008,0
6672,57.99322,7.42076,2008,0
6673,57.9913099999999,7.4114,2008,0
6674,57.9919599999999,7.4223,2008,0
6675,57.99056,7.41029,2008,0
6676,57.99044,7.41201,2008,0
6677,57.98904,7.41486,2008,0
6678,57.98874,7.41365,2008,0
6679,57.98879,7.41449,2008,0
6680,57.98832,7.41798,2008,0
6681,57.9866099999999,7.3933,2008,0
6682,57.98718,7.4178,2008,0
6683,57.9853099999999,7.42796,2008,0
6684,57.98416,7.41632,2008,0
6685,57.9830499999999,7.41655,2008,0
6686,57.9829599999999,7.42252,2008,0
6687,57.98321,7.42671,2008,0
6688,57.98281,7.42764,2008,0
6689,57.9806999999999,7.41493,2008,0
6690,58.0026599999999,7.41281,2008,0
6691,58.00207,7.41421,2008,0
6692,57.99815,7.409533,2008,0
6693,57.99719,7.40803,2008,0
6694,57.9966,7.40561,2008,0
6695,57.9960799999999,7.40445,2008,0
6696,57.9953799999999,7.40417,2008,0
6697,57.99513,7.4038,2008,0
6698,65.2085799999999,12.063496,2015,0
6699,65.208646,12.0635379999999,2015,0
6700,65.2086549999999,12.064081,2015,0
6701,65.209265,12.073995,2015,0
6702,65.2093809999999,12.074493,2015,0
6703,65.209202,12.076892,2015,0
6704,65.239372,12.025313,2015,0
6705,65.2752919999999,12.04279,2015,0
6706,65.287862,12.063926,2015,0
6707,65.287779,12.0550029999999,2015,0
6708,65.287895,12.055751,2015,0
6709,65.2938819999999,12.054525,2015,0
6710,65.293845,12.05552,2015,0
6711,65.307725,12.017727,2015,0
6712,65.308468,12.019265,2015,0
6713,65.3060679999999,11.948553,2015,0
6714,65.3041249999999,11.946118,2015,0
6715,65.3093159999999,11.901832,2015,0
6716,65.3030229999999,11.902377,2015,0
6717,65.3033269999999,11.9036589999999,2015,0
6718,65.2875229999999,11.893413,2015,0
6719,65.2877399999999,11.8941909999999,2015,0
6720,65.271899,11.932306,2015,0
6721,65.272062,11.9331739999999,2015,0
6722,65.27167,11.932726,2015,0
6723,65.2449929999999,11.941912,2015,0
6724,65.234942,11.9405629999999,2015,0
6725,65.235061,11.941268,2015,0
6726,65.356662,12.0160389999999,2015,0
6727,65.3565219999999,12.016461,2015,0
6728,65.356491,12.016537,2015,0
6729,65.3563539999999,12.016838,2015,0
6730,65.3562309999999,12.017034,2015,0
6731,65.355992,12.017417,2015,0
6732,65.355801,12.017713,2015,0
6733,65.3573719999999,12.04397,2015,0
6734,65.349231,12.068922,2015,0
6735,65.371549,11.44171,2015,0
6736,65.371319,11.441341,2015,0
6737,65.3710849999999,11.440965,2015,0
6738,65.3706849999999,11.439686,2015,0
6739,65.370569,11.4394449999999,2015,0
6740,65.3657529999999,11.510937,2015,0
6741,65.3655949999999,11.510557,2015,0
6742,65.365351,11.5101,2015,0
6743,65.365132,11.509759,2015,0
6744,65.3649429999999,11.509418,2015,0
6745,65.3317799999999,11.546376,2015,0
6746,65.331608,11.545887,2015,0
6747,65.3308799999999,11.547203,2015,0
6748,65.330573,11.546241,2015,0
6749,65.330342,11.545437,2015,0
6750,65.330185,11.54484,2015,0
6751,65.3297819999999,11.544383,2015,0
6752,65.316033,11.63856,2015,0
6753,65.3160929999999,11.640153,2015,0
6754,65.3159969999999,11.639428,2015,0
6755,65.3167799999999,11.638006,2015,0
6756,65.3157549999999,11.636521,2015,0
6757,65.3301369999999,11.686807,2015,0
6758,69.038521,15.174416,2014,1
6759,69.037418,15.1767129999999,2014,1
6760,69.036984,15.178388,2014,1
6761,69.0203419999999,15.063114,2014,1
6762,69.022771,15.088006,2014,1
6763,69.0103699999999,15.029,2014,1
6764,69.0100829999999,15.029779,2014,1
6765,68.9813709999999,14.99494,2014,1
6766,68.981099,14.996039,2014,1
6767,68.956607,14.926111,2014,1
6768,68.956197,14.925532,2014,1
6769,68.9553949999999,14.9283129999999,2014,1
6770,68.89758,14.778885,2014,1
6771,68.896972,14.7794539999999,2014,1
6772,68.9082169999999,15.036533,2014,1
6773,68.839883,14.816337,2014,1
6774,68.8395069999999,14.817556,2014,1
6775,68.855242,14.780029,2014,1
6776,68.855176,14.7809399999999,2014,1
6777,68.855187,14.781477,2014,1
6778,68.8609849999999,14.774445,2014,1
6779,68.8609239999999,14.774232,2014,1
6780,68.8349879999999,14.756653,2014,1
6781,68.8433959999999,14.711776,2014,1
6782,68.8427619999999,14.711482,2014,1
6783,68.842447,14.710215,2014,1
6784,68.842173,14.708646,2014,1
6785,69.166324,15.6239329999999,2014,1
6786,69.1495139999999,16.0793469999999,2014,1
6787,69.1477929999999,16.0754309999999,2014,1
6788,69.1478599999999,16.0710459999999,2014,1
6789,69.1432099999999,16.064616,2014,1
6790,69.142577,16.0657719999999,2014,1
6791,69.139643,16.06143,2014,1
6792,69.139707,15.629026,2014,1
6793,69.1398769999999,15.628384,2014,1
6794,69.166109,15.623972,2014,1
6795,69.1646329999999,15.625976,2014,1
6796,69.1647049999999,15.63087,2014,1
6797,69.1635299999999,15.659185,2014,1
6798,69.164049,15.6575019999999,2014,1
6799,69.164602,15.6539129999999,2014,1
6800,69.171879,15.683903,2014,1
6801,69.1712569999999,15.6853269999999,2014,1
6802,69.176585,15.708629,2014,1
6803,69.1767239999999,15.709882,2014,1
6804,69.1773649999999,15.709644,2014,1
6805,69.2018249999999,15.7466019999999,2014,1
6806,69.201418,15.746308,2014,1
6807,69.214402,15.7969279999999,2014,1
6808,69.2143769999999,15.797026,2014,1
6809,69.227371,15.7977159999999,2014,1
6810,69.2282359999999,15.799276,2014,1
6811,69.237879,15.806575,2014,1
6812,69.2388299999999,15.805296,2014,1
6813,69.238966,15.805312,2014,1
6814,69.238971,15.805324,2014,1
6815,69.2490389999999,15.789788,2014,1
6816,69.2495619999999,15.7891239999999,2014,1
6817,69.249577,15.7891189999999,2014,1
6818,69.2496199999999,15.789164,2014,1
6819,69.2523609999999,15.829984,2014,1
6820,69.25251,15.8282039999999,2014,1
6821,69.2649109999999,15.812965,2014,1
6822,69.265579,15.809975,2014,1
6823,69.266491,15.810165,2014,1
6824,69.2665549999999,15.8113759999999,2014,1
6825,69.268231,15.837316,2014,1
6826,69.26931,15.837603,2014,1
6827,69.273835,15.857123,2014,1
6828,69.2731689999999,15.8531049999999,2014,1
6829,69.273159,15.85274,2014,1
6830,69.273161,15.852731,2014,1
6831,69.273161,15.8527299999999,2014,1
6832,69.2731619999999,15.852702,2014,1
6833,69.2723909999999,15.877546,2014,1
6834,69.28794,15.871919,2014,1
6835,69.287743,15.873779,2014,1
6836,69.286866,15.875241,2014,1
6837,69.302029,15.8725989999999,2014,1
6838,69.3027299999999,15.872711,2014,1
6839,69.302863,15.872111,2014,1
6840,69.288888,15.929815,2014,1
6841,69.28942,15.928903,2014,1
6842,62.845547,6.632985,2017,0
6843,62.8451439999999,6.631321,2017,0
6844,62.8386679999999,6.62843,2017,0
6845,62.819848,6.388698,2017,0
6846,62.8192809999999,6.413842,2017,0
6847,62.829334,6.599063,2017,0
6848,62.833739,6.62473,2017,0
6849,62.81907,6.541852,2017,0
6850,62.825125,6.605581,2017,0
6851,62.786538,6.416877,2017,0
6852,62.781517,6.403456,2017,0
6853,62.781537,6.400443,2017,0
6854,62.903435,6.672902,2017,0
6855,62.8944359999999,6.652105,2017,0
6856,62.887501,6.680333,2017,0
6857,62.879939,6.687741,2017,0
6858,62.877932,6.669211,2017,0
6859,62.875847,6.684883,2017,0
6860,62.874481,6.65091,2017,0
6861,63.4791499999999,8.11769999999999,2017,0
6862,63.48384,8.12161,2017,0
6863,63.48167,8.07677,2017,0
6864,63.37498,8.2482,2017,0
6865,63.37404,8.22833999999999,2017,0
6866,63.37698,8.24271,2017,0
6867,63.3777899999999,8.21238999999999,2017,0
6868,63.38893,8.20975,2017,0
6869,63.4166099999999,8.22328,2017,0
6870,63.42974,8.21514,2017,0
6871,63.44415,8.18655,2017,0
6872,63.48046,8.05186,2017,0
6873,63.4097799999999,8.17463,2017,0
6874,63.41845,8.16752999999999,2017,0
6875,63.42291,8.16646,2017,0
6876,63.4290299999999,8.20021,2017,0
6877,63.46782,8.07005,2017,0
6878,63.46932,8.05457,2017,0
6879,63.3802499999999,8.21683,2017,0
6880,63.48787,8.06518,2017,0
6881,63.48185,8.12712999999999,2017,0
6882,63.48113,8.11218,2017,0
6883,63.5004599999999,8.09237,2017,0
6884,63.50123,8.06192,2017,0
6885,63.45855,8.15793,2017,0
6886,63.48763,8.06019,2017,0
6887,63.4044499999999,8.20735,2017,0
6888,63.39115,8.20922,2017,0
6889,63.4275099999999,8.21566999999999,2017,0
6890,63.4754099999999,8.13372,2017,0
6891,63.4972599999999,8.07297999999999,2017,0
6892,63.3891599999999,8.21471,2017,0
6893,63.38741,8.22518,2017,0
6894,63.47527,8.038,2017,0
6895,63.4734199999999,8.13923999999999,2017,0
6896,63.48257,8.14208,2017,0
6897,63.499,8.06246,2017,0
6898,63.3916299999999,8.21915,2017,0
6899,63.4672199999999,8.15081,2017,0
6900,63.4812999999999,8.16254,2017,0
6901,63.47565,8.1387,2017,0
6902,63.47955,8.17304,2017,0
6903,63.42282,8.21175,2017,0
6904,63.4695699999999,8.05955,2017,0
6905,63.38646,8.20531,2017,0
6906,63.47256,8.02858999999999,2017,0
6907,63.4602999999999,8.14743,2017,0
6908,63.49212,8.01371999999999,2017,0
6909,63.1009699999999,7.29703,2017,0
6910,63.0255399999999,7.36175,2017,0
6911,63.0277699999999,7.36116,2017,0
6912,63.0799,7.49169,2017,0
6913,62.9846,7.69476,2017,0
6914,62.9895599999999,7.70343,2017,0
6915,62.9922899999999,7.71266,2017,0
6916,62.99204,7.70777,2017,0
6917,62.99477,7.717,2017,0
6918,63.0803,7.67064,2017,0
6919,63.0894499999999,7.6733,2017,0
6920,63.0909899999999,7.5734,2017,0
6921,62.98409,7.68498,2017,0
6922,63.0716499999999,7.6778,2017,0
6923,63.08252,7.67008,2017,0
6924,63.0916799999999,7.67274,2017,0
6925,63.08525,7.55,2017,0
6926,63.0234799999999,7.40698,2017,0
6927,63.02846,7.41561,2017,0
6928,63.0709999999999,7.49399,2017,0
6929,63.09244,7.5581,2017,0
6930,63.0921799999999,7.55319,2017,0
6931,63.0855099999999,7.55491,2017,0
6932,63.11182,7.28916,2017,0
6933,63.07298,7.48237,2017,0
6934,63.0878799999999,7.5145,2017,0
6935,63.06942,7.67836,2017,0
6936,63.0617,7.44668,2017,0
6937,63.0851299999999,7.50526,2017,0
6938,63.03773,7.37841,2017,0
6939,63.09741,7.56678,2017,0
6940,63.08825,7.56416,2017,0
6941,63.0285599999999,7.37585,2017,0
6942,63.09622,7.58699,2017,0
6943,63.0754499999999,7.49284,2017,0
6944,63.1495099999999,7.52844,2017,0
6945,63.0891799999999,7.53904,2017,0
6946,63.0939899999999,7.58756,2017,0
6947,63.05917,7.35786,2017,0
6948,63.08728,7.33551,2017,0
6949,63.1546099999999,7.4972,2017,0
6950,63.02946,7.35078,2017,0
6951,63.0403099999999,7.34295,2017,0
6952,63.0493799999999,7.38529,2017,0
6953,63.0504299999999,7.40489,2017,0
6954,63.0631399999999,7.43139,2017,0
6955,63.08485,7.41577,2017,0
6956,63.0369299999999,7.36372,2017,0
6957,63.09572,7.28349,2017,0
6958,63.08657,7.48996,2017,0
6959,63.03248,7.36489,2017,0
6960,63.0780699999999,7.67121,2017,0
6961,63.1297,7.41028,2017,0
6962,63.0491099999999,7.38039,2017,0
6963,63.7881829999999,8.459783,2008,0
6964,63.8569669999999,8.36248299999999,2008,0
6965,63.8560829999999,8.50835,2008,0
6966,63.836933,8.33995,2008,0
6967,63.8280829999999,8.501583,2008,0
6968,63.8149829999999,8.31645,2008,0
6969,63.814183,8.38533299999999,2008,0
6970,63.81045,8.430717,2008,0
6971,63.802733,8.45425,2008,0
6972,63.795983,8.400383,2008,0
6973,63.780883,8.34404999999999,2008,0
6974,63.7696669999999,8.339767,2008,0
6975,63.7565669999999,8.264333,2008,0
6976,63.755617,8.38819999999999,2008,0
6977,63.75206,8.36468299999999,2008,0
6978,64.0050099999999,9.17357,2007,0
6979,63.99915,9.18908,2007,0
6980,64.0078,9.14339,2007,0
6981,63.99231,9.1254,2007,0
6982,63.9923399999999,9.12547,2007,0
6983,63.99662,9.11811999999999,2007,0
6984,63.97323,9.11678,2007,0
6985,63.97319,9.11675,2007,0
6986,63.9731799999999,9.11665,2007,0
6987,63.9731299999999,9.11672,2007,0
6988,63.9730399999999,9.11661999999999,2007,0
6989,63.9736699999999,9.11435,2007,0
6990,63.97366,9.11431,2007,0
6991,64.0915499999999,9.27543,2007,0
6992,64.0915799999999,9.27546,2007,0
6993,64.09157,9.2757,2007,0
6994,64.0915899999999,9.27586999999999,2007,0
6995,64.09157,9.27618,2007,0
6996,64.0915799999999,9.2763,2007,0
6997,64.09215,9.27762,2007,0
6998,64.0921799999999,9.27801,2007,0
6999,64.0922699999999,9.27821,2007,0
7000,64.0918199999999,9.27828,2007,0
7001,64.09184,9.27851,2007,0
7002,64.09192,9.27877999999999,2007,0
7003,64.0920399999999,9.27915999999999,2007,0
7004,64.0921799999999,9.27959,2007,0
7005,64.08396,9.26153,2007,0
7006,64.08382,9.26178,2007,0
7007,64.08391,9.26179999999999,2007,0
7008,64.08427,9.26247,2007,0
7009,64.0844699999999,9.26249,2007,0
7010,64.0845599999999,9.26274,2007,0
7011,64.0848699999999,9.26409999999999,2007,0
7012,64.0853,9.22331,2007,0
7013,64.0830399999999,9.22223999999999,2007,0
7014,64.0829999999999,9.22209,2007,0
7015,64.0829899999999,9.22203,2007,0
7016,64.07504,9.23485,2007,0
7017,64.07518,9.23476,2007,0
7018,64.0752099999999,9.23474,2007,0
7019,64.0751599999999,9.23471,2007,0
7020,64.0751199999999,9.23447,2007,0
7021,64.0750699999999,9.23424999999999,2007,0
7022,64.07504,9.23418,2007,0
7023,64.07509,9.23454,2007,0
7024,64.0749299999999,9.23485999999999,2007,0
7025,64.0747,9.23535,2007,0
7026,64.0565799999999,9.23121,2007,0
7027,64.0565399999999,9.23115999999999,2007,0
7028,64.0559999999999,9.23113,2007,0
7029,64.05593,9.23114,2007,0
7030,64.02948,9.19959,2007,0
7031,64.02939,9.19965,2007,0
7032,64.0292699999999,9.19966,2007,0
7033,64.0289199999999,9.19955,2007,0
7034,64.00535,9.18755,2007,0
7035,64.0322599999999,9.15264,2007,0
7036,64.03242,9.1556,2007,0
7037,64.0319999999999,9.15856,2007,0
7038,64.0319899999999,9.15860999999999,2007,0
7039,64.02495,9.1591,2007,0
7040,64.02487,9.15917,2007,0
7041,64.02016,9.14738,2007,0
7042,64.02012,9.14734,2007,0
7043,64.0200999999999,9.14730999999999,2007,0
7044,64.0200499999999,9.14729,2007,0
7045,64.0199999999999,9.14720999999999,2007,0
7046,63.9864499999999,9.05688,2007,0
7047,63.9864499999999,9.05695,2007,0
7048,63.9864999999999,9.057,2007,0
7049,63.98602,9.05606,2007,0
7050,63.9859099999999,9.05588,2007,0
7051,63.98595,9.05583,2007,0
7052,63.9863199999999,9.05453,2007,0
7053,63.98651,9.05455,2007,0
7054,63.98711,9.05481,2007,0
7055,63.99318,9.03114,2007,0
7056,63.9932099999999,9.03126,2007,0
7057,63.9933199999999,9.03173,2007,0
7058,63.99336,9.03196,2007,0
7059,63.98429,9.01261,2007,0
7060,63.98425,9.01263,2007,0
7061,63.9842099999999,9.01254,2007,0
7062,63.9842,9.01244,2007,0
7063,63.9842099999999,9.01225999999999,2007,0
7064,63.98422,9.01205,2007,0
7065,63.98424,9.0119,2007,0
7066,63.9840599999999,8.99665,2007,0
7067,63.98344,8.99485,2007,0
7068,63.9832499999999,8.99461,2007,0
7069,63.98321,8.99414,2007,0
7070,63.9831799999999,8.99366,2007,0
7071,63.9831599999999,8.99334,2007,0
7072,63.98113,8.98802,2007,0
7073,63.98013,8.98705,2007,0
7074,63.9801599999999,8.98718,2007,0
7075,63.98019,8.98734999999999,2007,0
7076,63.97186,8.97816,2007,0
7077,63.9718299999999,8.97816,2007,0
7078,63.9718099999999,8.97847999999999,2007,0
7079,63.97184,8.97844,2007,0
7080,63.97408,9.01375,2007,0
7081,63.97408,9.01380999999999,2007,0
7082,63.97411,9.01384,2007,0
7083,63.9610199999999,9.01354,2007,0
7084,63.9610199999999,9.01357999999999,2007,0
7085,63.96101,9.01365,2007,0
7086,63.96108,9.01397,2007,0
7087,63.98774,9.1324,2007,0
7088,63.98776,9.13247,2007,0
7089,63.9877699999999,9.13242999999999,2007,0
7090,63.98792,9.13204,2007,0
7091,63.9932099999999,9.15555999999999,2007,0
7092,63.99325,9.15551999999999,2007,0
7093,63.99251,9.15634,2007,0
7094,63.9925,9.15638,2007,0
7095,63.9925399999999,9.15634,2007,0
7096,63.99248,9.15671,2007,0
7097,63.9924499999999,9.15689,2007,0
7098,63.99248,9.15672,2007,0
7099,63.9925199999999,9.15682,2007,0
7100,63.99244,9.15701,2007,0
7101,63.9923599999999,9.15724,2007,0
7102,63.9923399999999,9.15759,2007,0
7103,63.9921999999999,9.15797,2007,0
7104,63.98657,9.12284,2007,0
7105,63.9866,9.12282,2007,0
7106,63.98666,9.12311,2007,0
7107,63.98666,9.12317,2007,0
7108,63.9759699999999,9.01277999999999,2007,0
7109,63.97592,9.01275,2007,0
7110,64.03167,9.1586,2007,0
7111,64.0316799999999,9.15853,2007,0
7112,64.03032,9.12794,2007,0
7113,64.03036,9.12801,2007,0
7114,64.03033,9.12803,2007,0
7115,64.02243,9.08575,2007,0
7116,64.0225099999999,9.08604,2007,0
7117,64.0224,9.08623,2007,0
7118,64.02236,9.08611,2007,0
7119,64.02235,9.08604,2007,0
7120,64.02235,9.08588999999999,2007,0
7121,64.0223299999999,9.08578,2007,0
7122,64.02234,9.08559999999999,2007,0
7123,64.02236,9.08552,2007,0
7124,64.04949,9.10191,2007,0
7125,64.04949,9.10224,2007,0
7126,64.0494499999999,9.10239999999999,2007,0
7127,64.04943,9.10227,2007,0
7128,64.0493699999999,9.10218,2007,0
7129,64.0492299999999,9.10225999999999,2007,0
7130,64.0555399999999,9.2407,2007,0
7131,64.0555899999999,9.24079,2007,0
7132,64.0556399999999,9.24053,2007,0
7133,64.0557,9.24032,2007,0
7134,64.05571,9.24022,2007,0
7135,64.08592,9.22568,2007,0
7136,64.08592,9.22573,2007,0
7137,64.0858499999999,9.2257,2007,0
7138,64.08579,9.22561,2007,0
7139,64.09904,9.23044999999999,2007,0
7140,64.09896,9.23046,2007,0
7141,64.09882,9.23046,2007,0
7142,64.09877,9.23038,2007,0
7143,64.09874,9.23037,2007,0
7144,64.09868,9.23038,2007,0
7145,64.09868,9.23044999999999,2007,0
7146,63.9844599999999,9.0106,2007,0
7147,63.98463,9.01111,2007,0
7148,63.98471,9.01108999999999,2007,0
7149,63.9845899999999,9.01106,2007,0
7150,63.98433,9.01121,2007,0
7151,63.9842999999999,9.01138,2007,0
7152,63.98415,9.01144,2007,0
7153,63.9818599999999,8.9886,2007,0
7154,63.98185,8.98874,2007,0
7155,63.98185,8.98877,2007,0
7156,63.98176,8.98892,2007,0
7157,63.9816799999999,8.98889,2007,0
7158,63.9815899999999,8.98875999999999,2007,0
7159,63.9814399999999,8.98832999999999,2007,0
7160,63.98134,8.98781,2007,0
7161,63.9812099999999,8.98767,2007,0
7162,63.98115,8.98767999999999,2007,0
7163,63.9743799999999,9.01581,2007,0
7164,63.9743599999999,9.01567,2007,0
7165,63.97433,9.01567,2007,0
7166,63.9742999999999,9.01559999999999,2007,0
7167,63.97426,9.01535999999999,2007,0
7168,63.97424,9.01505,2007,0
7169,63.9673799999999,8.99576,2007,0
7170,63.9574399999999,8.98559,2007,0
7171,63.95741,8.98545,2007,0
7172,63.95741,8.98532999999999,2007,0
7173,63.96645,9.10835,2007,0
7174,63.96647,9.10835,2007,0
7175,63.9665499999999,9.10854,2007,0
7176,63.97719,9.13664999999999,2007,0
7177,63.9772,9.13646999999999,2007,0
7178,63.9772099999999,9.1363,2007,0
7179,63.9772099999999,9.13621,2007,0
7180,63.9930299999999,9.18266,2007,0
7181,63.99306,9.18249,2007,0
7182,63.99309,9.18235999999999,2007,0
7183,63.9931199999999,9.18227,2007,0
7184,63.9931699999999,9.18204,2007,0
7185,63.9932599999999,9.18185,2007,0
7186,63.9935699999999,9.18294,2007,0
7187,58.53808,9.00328,2008,0
7188,58.53631,8.98465,2008,0
7189,58.5333299999999,9.00281,2008,0
7190,58.53235,8.98662,2008,0
7191,58.53154,8.97901,2008,0
7192,58.5319799999999,8.9884,2008,0
7193,58.53202,8.98926,2008,0
7194,58.5315999999999,8.98976,2008,0
7195,58.53137,8.99452999999999,2008,0
7196,58.53036,8.98739,2008,0
7197,58.5303699999999,8.99729,2008,0
7198,58.52872,8.98122,2008,0
7199,58.5293199999999,8.99402,2008,0
7200,58.5283099999999,8.98215,2008,0
7201,58.5287099999999,8.99069,2008,0
7202,58.52778,8.98525,2008,0
7203,58.5267899999999,8.9738,2008,0
7204,58.5279299999999,9.01234,2008,0
7205,58.52615,8.99844,2008,0
7206,58.52595,8.99891,2008,0
7207,58.52525,9.00333,2008,0
7208,58.5234,8.97352,2008,0
7209,58.52503,9.0081,2008,0
7210,58.52367,8.99844,2008,0
7211,58.52375,9.00014,2008,0
7212,58.52413,9.00825,2008,0
7213,58.52431,9.0121,2008,0
7214,58.52351,8.99975,2008,0
7215,58.5236099999999,9.00189,2008,0
7216,58.52194,8.98539,2008,0
7217,58.5215099999999,8.99062999999999,2008,0
7218,58.5197,8.99051,2008,0
7219,58.51883,8.98635999999999,2008,0
7220,58.51937,9.00262,2008,0
7221,58.5186599999999,8.99241,2008,0
7222,58.51888,9.00184,2008,0
7223,58.51724,8.99093,2008,0
7224,58.51664,8.98759,2008,0
7225,58.51682,8.99144,2008,0
7226,58.5144,8.96388999999999,2008,0
7227,58.5146099999999,8.97805,2008,0
7228,58.51509,8.98828999999999,2008,0
7229,58.51366,8.97692,2008,0
7230,58.51303,8.96842,2008,0
7231,58.51386,8.98592,2008,0
7232,58.51424,8.99876,2008,0
7233,58.51261,8.96893,2008,0
7234,58.5129999999999,8.98692999999999,2008,0
7235,58.5116599999999,8.96307,2008,0
7236,58.5127,8.98526,2008,0
7237,58.51292,8.98995,2008,0
7238,58.5117899999999,8.97551999999999,2008,0
7239,58.51207,8.9815,2008,0
7240,58.5112099999999,8.96787999999999,2008,0
7241,58.51225,8.99006999999999,2008,0
7242,58.5108,8.96881,2008,0
7243,58.51088,8.97525,2008,0
7244,58.51098,8.98211,2008,0
7245,58.50979,8.9664,2008,0
7246,58.51093,8.99072,2008,0
7247,58.51095,8.99114999999999,2008,0
7248,58.51003,8.97626,2008,0
7249,58.51079,8.99247,2008,0
7250,58.5097799999999,8.9806,2008,0
7251,58.50905,8.97943,2008,0
7252,58.5093699999999,8.98626,2008,0
7253,58.50889,8.98075,2008,0
7254,58.50882,8.9842,2008,0
7255,58.50826,8.97699,2008,0
7256,59.0632,10.4783,2006,0
7257,59.0505,10.4625,2006,0
7258,59.0463,10.457,2006,0
7259,59.0439999999999,10.4415999999999,2006,0
7260,59.0324999999999,10.4369999999999,2006,0
7261,59.0484999999999,10.4183,2006,0
7262,59.0595,10.4735999999999,2006,0
7263,59.0627,10.4618,2006,0
7264,59.0587999999999,10.4536,2006,0
7265,59.035637,10.439017,2006,0
7266,59.035663,10.4389749999999,2006,0
7267,59.03569,10.4388989999999,2006,0
7268,59.038418,10.429421,2006,0
7269,59.0220029999999,10.423601,2006,0
7270,59.021932,10.423265,2006,0
7271,59.0220539999999,10.423391,2006,0
7272,59.0226809999999,10.4182109999999,2006,0
7273,59.022095,10.414887,2006,0
7274,59.0219999999999,10.4147529999999,2006,0
7275,59.0221609999999,10.414913,2006,0
7276,59.0220339999999,10.414833,2006,0
7277,59.023549,10.416372,2006,0
7278,59.023496,10.416134,2006,0
7279,59.023696,10.4163239999999,2006,0
7280,59.0257119999999,10.414282,2006,0
7281,59.025598,10.414571,2006,0
7282,59.0256249999999,10.4143209999999,2006,0
7283,59.059182,10.475702,2006,0
7284,59.059268,10.475424,2006,0
7285,59.0593,10.475604,2006,0
7286,59.034654,10.415494,2006,0
7287,59.03531,10.4068749999999,2006,0
7288,59.035404,10.406713,2006,0
7289,59.0354389999999,10.406852,2006,0
7290,59.035744,10.394726,2006,0
7291,59.0358069999999,10.394469,2006,0
7292,59.0403069999999,10.406226,2006,0
7293,59.0480469999999,10.412336,2006,0
7294,59.047989,10.4122489999999,2006,0
7295,59.047953,10.412215,2006,0
7296,59.0482859999999,10.412065,2006,0
7297,59.054017,10.418426,2006,0
7298,59.0543229999999,10.418495,2006,0
7299,59.0540999999999,10.418619,2006,0
7300,64.06601,11.2237399999999,2009,0
7301,64.04344,11.2154399999999,2009,0
7302,64.03014,11.2280599999999,2009,0
7303,64.0299899999999,11.22781,2009,0
7304,64.0298999999999,11.22762,2009,0
7305,64.0255599999999,11.22,2009,0
7306,64.0254699999999,11.21976,2009,0
7307,63.9461799999999,11.01317,2009,0
7308,63.9460699999999,11.0131999999999,2009,0
7309,64.8232229999999,10.625736,2007,0
7310,64.780296,10.621838,2007,0
7311,64.7819939999999,10.647061,2007,0
7312,64.7444339999999,10.646649,2007,0
7313,64.8385899999999,10.599539,2007,0
7314,64.753833,10.7921359999999,2007,0
7315,64.809629,10.684279,2007,0
7316,64.7881569999999,10.613744,2007,0
7317,64.81104,10.676392,2007,0
7318,64.7660599999999,10.781121,2007,0
7319,64.766024,10.6580049999999,2007,0
7320,64.7449589999999,10.746793,2007,0
7321,64.7725379999999,10.586269,2007,0
7322,64.7436189999999,10.649998,2007,0
7323,64.756088,10.671969,2007,0
7324,64.7500809999999,10.748125,2007,0
7325,64.9002339999999,10.550264,2007,0
7326,64.802822,10.535593,2007,0
7327,64.92748,10.73479,2007,0
7328,64.8005339999999,10.5552829999999,2007,0
7329,64.91539,10.529705,2007,0
7330,64.8915489999999,10.588838,2007,0
7331,64.949026,10.658856,2007,0
7332,64.867883,10.579669,2007,0
7333,64.8279129999999,10.522814,2007,0
7334,64.8926989999999,10.4994619999999,2007,0
7335,64.896613,10.616482,2007,0
7336,64.9244489999999,10.6648,2007,0
7337,64.950029,10.693249,2007,0
7338,64.9292559999999,10.6762149999999,2007,0
7339,64.9104339999999,10.6495339999999,2007,0
7340,64.875011,10.5539,2007,0
7341,64.8156929999999,10.555103,2007,0
7342,64.8083089999999,10.539268,2007,0
7343,64.9114529999999,10.5599799999999,2007,0
7344,64.911995,10.538059,2007,0
7345,64.9239469999999,10.7029619999999,2007,0
7346,64.8284799999999,10.54987,2007,0
7347,64.841603,10.533397,2007,0
7348,64.907813,10.521743,2007,0
7349,64.8661029999999,10.541472,2007,0
7350,64.90398,10.551245,2007,0
7351,64.9182069999999,10.546759,2007,0
7352,64.9136579999999,10.6336549999999,2007,0
7353,64.8168289999999,10.684616,2007,0
7354,64.8166669999999,10.684374,2007,0
7355,64.8168189999999,10.684694,2007,0
7356,64.814862,10.690846,2007,0
7357,64.8130029999999,10.6518809999999,2007,0
7358,64.812939,10.651528,2007,0
7359,64.812922,10.651116,2007,0
7360,64.812916,10.650957,2007,0
7361,64.81288,10.6506089999999,2007,0
7362,64.811941,10.6433149999999,2007,0
7363,64.811974,10.643226,2007,0
7364,64.812009,10.6433079999999,2007,0
7365,64.8050779999999,10.554235,2007,0
7366,64.804854,10.553991,2007,0
7367,64.8047609999999,10.5538709999999,2007,0
7368,64.802757,10.5529899999999,2007,0
7369,64.802833,10.552916,2007,0
7370,64.802852,10.55254,2007,0
7371,64.8029339999999,10.552398,2007,0
7372,64.7958179999999,10.549044,2007,0
7373,64.7957269999999,10.549958,2007,0
7374,64.796025,10.549238,2007,0
7375,64.7961889999999,10.549046,2007,0
7376,64.7963479999999,10.548849,2007,0
7377,64.7964869999999,10.548788,2007,0
7378,64.7965109999999,10.548645,2007,0
7379,64.795713,10.54585,2007,0
7380,64.7959579999999,10.545798,2007,0
7381,64.7962849999999,10.5456109999999,2007,0
7382,64.799211,10.540505,2007,0
7383,64.7993709999999,10.540661,2007,0
7384,64.799626,10.540418,2007,0
7385,64.8049149999999,10.9734339999999,2007,0
7386,64.803601,10.973893,2007,0
7387,64.791841,10.974807,2007,0
7388,64.8377129999999,11.180398,2007,0
7389,64.9466939999999,11.368117,2007,0
7390,64.946554,11.367917,2007,0
7391,64.9483859999999,11.3677189999999,2007,0
7392,64.9490899999999,11.369826,2007,0
7393,64.9491239999999,11.370525,2007,0
7394,65.2172319999999,11.519375,2007,0
7395,65.205222,11.494253,2007,0
7396,65.2053499999999,11.4940739999999,2007,0
7397,65.2034079999999,11.501935,2007,0
7398,65.198114,11.4697619999999,2007,0
7399,65.19803,11.4696269999999,2007,0
7400,65.197916,11.4693,2007,0
7401,65.1979539999999,11.468952,2007,0
7402,65.1990059999999,11.4488749999999,2007,0
7403,65.199157,11.448486,2007,0
7404,65.1992029999999,11.448308,2007,0
7405,65.1993499999999,11.447986,2007,0
7406,65.199381,11.447924,2007,0
7407,65.204053,11.453067,2007,0
7408,65.1917409999999,11.439396,2007,0
7409,65.189498,11.428526,2007,0
7410,65.1895219999999,11.428406,2007,0
7411,65.1894429999999,11.427707,2007,0
7412,65.1893709999999,11.427267,2007,0
7413,65.1893539999999,11.427063,2007,0
7414,65.1893259999999,11.426741,2007,0
7415,65.18134,11.431744,2007,0
7416,65.1776009999999,11.459113,2007,0
7417,65.1114649999999,11.5561659999999,2007,0
7418,65.111969,11.559359,2007,0
7419,65.112718,11.606779,2007,0
7420,65.1126519999999,11.606728,2007,0
7421,65.127886,11.587039,2007,0
7422,65.1412909999999,11.590218,2007,0
7423,65.1464689999999,11.6113409999999,2007,0
7424,65.1301239999999,11.625282,2007,0
7425,65.132704,11.6477419999999,2007,0
7426,65.1316989999999,11.662546,2007,0
7427,65.131849,11.662792,2007,0
7428,65.138962,11.740054,2007,0
7429,65.1215669999999,11.7910819999999,2007,0
7430,65.1218259999999,11.792432,2007,0
7431,65.108682,11.784174,2007,0
7432,65.082806,11.7423059999999,2007,0
7433,65.0851629999999,11.746618,2007,0
7434,65.086178,11.747612,2007,0
7435,65.08992,11.744668,2007,0
7436,62.50683,5.9377,2017,0
7437,62.51823,5.93911,2017,0
7438,62.52615,5.922,2017,0
7439,62.56414,5.88093,2017,0
7440,62.4602999999999,5.95192,2017,0
7441,62.49472,6.02937,2017,0
7442,62.49569,6.00953,2017,0
7443,62.4975999999999,6.00407,2017,0
7444,62.52796,6.0193,2017,0
7445,62.4617799999999,6.04421,2017,0
7446,62.48487,6.05189,2017,0
7447,62.49485,6.13683,2017,0
7448,62.5358099999999,6.07074,2017,0
7449,62.54086,6.079,2017,0
7450,62.52065,6.04597,2017,0
7451,62.52194,6.03091,2017,0
7452,62.5377099999999,6.06527,2017,0
7453,62.56481,6.13544,2017,0
7454,62.50822,6.09861,2017,0
7455,62.5364799999999,6.04607,2017,0
7456,62.5483699999999,6.12568,2017,0
7457,62.52422,5.96173,2017,0
7458,62.52328,5.94734,2017,0
7459,62.55022,5.87544,2017,0
7460,62.5479699999999,5.94468,2017,0
7461,62.5182,5.97335,2017,0
7462,62.54037,5.86208,2017,0
7463,62.46307,6.02918,2017,0
7464,62.49766,5.93562,2017,0
7465,62.5167799999999,6.09115,2017,0
7466,62.50855,6.00402,2017,0
7467,62.5200299999999,6.03638,2017,0
7468,62.52163,6.02611,2017,0
7469,62.54737,5.86652,2017,0
7470,62.60421,6.04513,2017,0
7471,62.51812,5.99983,2017,0
7472,62.5463799999999,5.95496,2017,0
7473,62.5176299999999,6.06488,2017,0
7474,62.5324,6.01795,2017,0
7475,62.5171899999999,6.02745,2017,0
7476,62.51565,6.17949,2017,0
7477,65.1663329999999,11.982369,2015,0
7478,65.166593,11.983949,2015,0
7479,65.1588119999999,11.97109,2015,0
7480,65.158946,11.971861,2015,0
7481,65.159254,11.973636,2015,0
7482,65.159294,11.973865,2015,0
7483,65.1578899999999,11.967606,2015,0
7484,65.158213,11.969554,2015,0
7485,65.1582709999999,11.970259,2015,0
7486,64.3115669999999,10.120167,2008,0
7487,64.303267,10.155517,2008,0
7488,64.2880169999999,10.1586669999999,2008,0
7489,64.2836999999999,10.181067,2008,0
7490,64.273533,10.140533,2008,0
7491,64.2672,10.160033,2008,0
7492,64.2592499999999,10.16465,2008,0
7493,64.256083,10.177167,2008,0
7494,64.25095,10.2044169999999,2008,0
7495,64.2345669999999,10.1695329999999,2008,0
7496,64.1516,9.9356,2008,0
7497,64.1470829999999,9.99893299999999,2008,0
7498,64.3371499999999,10.424033,2008,0
7499,64.3329999999999,10.439883,2008,0
7500,64.37115,10.2258,2008,0
7501,64.368807,10.36045,2008,0
7502,64.362617,10.215033,2008,0
7503,64.3560329999999,10.2359829999999,2008,0
7504,64.3518499999999,10.211617,2008,0
7505,64.3576999999999,10.3859169999999,2008,0
7506,64.3512499999999,10.262667,2008,0
7507,64.3452829999999,10.202667,2008,0
7508,64.3470499999999,10.267683,2008,0
7509,64.3483499999999,10.416833,2008,0
7510,64.3418829999999,10.264267,2008,0
7511,64.31255,10.377483,2008,0
7512,64.2857829999999,10.3883329999999,2008,0
7513,64.3375829999999,10.325733,2008,0
7514,64.3351329999999,10.32465,2008,0
7515,64.3323829999999,10.33325,2008,0
7516,64.3325669999999,10.3336,2008,0
7517,64.3329329999999,10.3538999999999,2008,0
7518,64.3312169999999,10.3294669999999,2008,0
7519,64.326217,10.384567,2008,0
7520,64.32465,10.277333,2008,0
7521,64.301383,10.26305,2008,0
7522,64.298417,10.25805,2008,0
7523,64.2926669999999,10.26375,2008,0
7524,63.0902,7.26505,2017,0
7525,63.10613,7.23018,2017,0
7526,63.0481399999999,7.321,2017,0
7527,63.11775,7.23277,2017,0
7528,63.11498,7.22354,2017,0
7529,62.9468129999999,6.921054,2017,0
7530,62.946891,6.921285,2017,0
7531,62.9426119999999,6.873631,2017,0
7532,62.943643,6.903247,2017,0
7533,62.936221,6.900954,2017,0
7534,62.926217,6.917661,2017,0
7535,62.9236289999999,6.913459,2017,0
7536,62.917673,6.908505,2017,0
7537,62.919581,6.887299,2017,0
7538,62.908099,6.88128,2017,0
7539,62.9058879999999,6.871553,2017,0
7540,62.9055699999999,6.870593,2017,0
7541,62.905543,6.870465,2017,0
7542,62.905501,6.870338,2017,0
7543,62.900714,6.928165,2017,0
7544,62.9007769999999,6.928682,2017,0
7545,62.9009209999999,6.929214,2017,0
7546,62.900987,6.929495,2017,0
7547,62.90111,6.928641,2017,0
7548,62.9009229999999,6.928169,2017,0
7549,62.8735969999999,6.989382,2017,0
7550,62.8668139999999,6.993137,2017,0
7551,62.8667739999999,6.992468,2017,0
7552,62.8669319999999,6.991826,2017,0
7553,62.867314,6.990711,2017,0
7554,62.867682,6.990297,2017,0
7555,62.835076,7.000817,2017,0
7556,62.6176999999999,6.2569,2017,0
7557,62.6224399999999,6.2604,2017,0
7558,62.6246599999999,6.25974,2017,0
7559,62.6306,6.28251,2017,0
7560,62.64381,6.31297,2017,0
7561,62.60916,6.12211,2017,0
7562,62.6074699999999,6.3825,2017,0
7563,62.65287,6.34698,2017,0
7564,62.6809,6.2077,2017,0
7565,62.6141999999999,6.1304,2017,0
7566,62.5988499999999,6.29403,2017,0
7567,62.60631,6.25537,2017,0
7568,62.5787899999999,6.24882,2017,0
7569,62.60528,6.23865,2017,0
7570,62.628683,6.663202,2017,0
7571,62.629212,6.663786,2017,0
7572,62.8717339999999,6.765066,2017,0
7573,62.8680549999999,6.767791,2017,0
7574,62.866545,6.772053,2017,0
7575,62.91798,6.687343,2017,0
7576,62.915292,6.716918,2017,0
7577,62.915258,6.717922,2017,0
7578,62.9153179999999,6.718287,2017,0
7579,62.9149979999999,6.712403,2017,0
7580,62.915298,6.663997,2017,0
7581,62.9151799999999,6.663861,2017,0
7582,62.915208,6.663593,2017,0
7583,62.915125,6.717805,2017,0
7584,62.8788479999999,6.760648,2017,0
7585,62.8793409999999,6.760187,2017,0
7586,62.872722,6.786555,2017,0
7587,62.8738859999999,6.80195,2017,0
7588,62.8721419999999,6.798101,2017,0
7589,62.774213,6.825709,2017,0
7590,62.851331,6.948078,2017,0
7591,62.8265439999999,6.798806,2017,0
7592,62.8279959999999,6.802238,2017,0
7593,62.828352,6.803296,2017,0
7594,62.828642,6.803677,2017,0
7595,62.823714,6.814849,2017,0
7596,62.8221449999999,6.814806,2017,0
7597,62.8220579999999,6.814858,2017,0
7598,62.8219449999999,6.814937,2017,0
7599,62.821567,6.814966,2017,0
7600,62.8130329999999,6.909799,2017,0
7601,62.813046,6.910582,2017,0
7602,62.7742569999999,6.898629,2017,0
7603,62.774315,6.898968,2017,0
7604,62.7746709999999,6.898524,2017,0
7605,62.773775,6.902363,2017,0
7606,62.7736329999999,6.902474,2017,0
7607,62.7738579999999,6.898035,2017,0
7608,62.774101,6.898258,2017,0
7609,62.766334,6.9425,2017,0
7610,62.7665739999999,6.942333,2017,0
7611,62.766575,6.942103,2017,0
7612,62.766486,6.941725,2017,0
7613,62.23373,5.40979,2017,0
7614,62.19332,5.57764,2017,0
7615,62.1920199999999,5.42797,2017,0
7616,62.2248799999999,5.41262,2017,0
7617,62.16658,5.38771,2017,0
7618,62.1662499999999,5.38298,2017,0
7619,62.17676,5.40381,2017,0
7620,62.1792999999999,5.40783,2017,0
7621,62.17831,5.39363,2017,0
7622,62.1779799999999,5.3889,2017,0
7623,62.18184,5.41186,2017,0
7624,62.2252799999999,5.58212,2017,0
7625,62.22782,5.58617,2017,0
7626,62.23004,5.58548,2017,0
7627,62.19756,5.37778,2017,0
7628,62.2388199999999,5.41786,2017,0
7629,62.16758,5.4019,2017,0
7630,62.16946,5.39646,2017,0
7631,62.17897,5.4031,2017,0
7632,62.1773099999999,5.37943,2017,0
7633,62.2389099999999,5.45177,2017,0
7634,62.23572,5.34126,2017,0
7635,62.24147,5.3588,2017,0
7636,62.2496599999999,5.34646,2017,0
7637,62.2570699999999,5.38774,2017,0
7638,62.2151399999999,5.3382,2017,0
7639,62.2638299999999,5.55058,2017,0
7640,62.26744,5.47178,2017,0
7641,62.2886799999999,5.48443,2017,0
7642,62.22973,5.44985,2017,0
7643,62.22599,5.36379,2017,0
7644,62.2282,5.36308,2017,0
7645,62.2685699999999,5.42288,2017,0
7646,62.26979,5.40792,2017,0
7647,62.21072,5.33963,2017,0
7648,62.2180699999999,5.34182,2017,0
7649,62.2444599999999,5.4015,2017,0
7650,62.2078399999999,5.33087,2017,0
7651,62.29023,5.47422,2017,0
7652,62.23019,5.39153,2017,0
7653,62.16913,5.39173,2017,0
7654,62.22223,5.3747,2017,0
7655,62.24578,5.32346,2017,0
7656,62.2243199999999,5.43704,2017,0
7657,62.16503,5.39788,2017,0
7658,62.25849,5.57167,2017,0
7659,62.2701399999999,5.54373,2017,0
7660,62.2815299999999,5.47697,2017,0
7661,62.22941,5.34814,2017,0
7662,62.23395,5.38062,2017,0
7663,62.28654,5.51911,2017,0
7664,62.16846,5.38227,2017,0
7665,62.2699649999999,5.432514,2017,0
7666,62.2680089999999,5.401179,2017,0
7667,62.269261,5.454407,2017,0
7668,62.266748,5.447556,2017,0
7669,62.269514,5.545698,2017,0
7670,62.264322,5.480863,2017,0
7671,62.2674799999999,5.552832,2017,0
7672,62.2592939999999,5.486926,2017,0
7673,62.260249,5.545856,2017,0
7674,62.2480389999999,5.4918,2017,0
7675,62.24654,5.491757,2017,0
7676,62.236907,5.456107,2017,0
7677,62.2389579999999,5.494221,2017,0
7678,62.240225,5.535822,2017,0
7679,62.2338779999999,5.477961,2017,0
7680,62.23051,5.477958,2017,0
7681,62.2304999999999,5.591923,2017,0
7682,62.225,5.528045,2017,0
7683,62.2197469999999,5.482368,2017,0
7684,62.2284739999999,5.593346,2017,0
7685,62.205893,5.360401,2017,0
7686,62.2241349999999,5.619643,2017,0
7687,62.199114,5.36117,2017,0
7688,62.2019799999999,5.368334,2017,0
7689,62.2081829999999,5.496172,2017,0
7690,62.2104349999999,5.48542,2017,0
7691,62.206257,5.487133,2017,0
7692,62.211651,5.565717,2017,0
7693,62.1944329999999,5.366229,2017,0
7694,62.1943649999999,5.356348,2017,0
7695,62.1953859999999,5.582105,2017,0
7696,62.193102,5.645262,2017,0
7697,62.2865279999999,5.47969,2017,0
7698,62.288296,5.550274,2017,0
7699,62.2842429999999,5.49866,2017,0
7700,62.286126,5.494023,2017,0
7701,62.283056,5.46683,2017,0
7702,62.245939,5.365033,2017,0
7703,62.2288739999999,5.315906,2017,0
7704,62.22252,5.338117,2017,0
7705,62.221066,5.403082,2017,0
7706,62.217485,5.404463,2017,0
7707,62.219217,5.404167,2017,0
7708,62.215017,5.427291,2017,0
7709,62.210877,5.416931,2017,0
7710,62.210566,5.462893,2017,0
7711,62.1940189999999,5.383017,2017,0
7712,62.189584,5.390818,2017,0
7713,62.1759399999999,5.400949,2017,0
7714,62.168975,5.403531,2017,0
7715,62.35022,5.42584,2017,0
7716,62.31129,5.55013,2017,0
7717,62.3169499999999,5.53375,2017,0
7718,62.3494999999999,5.51367,2017,0
7719,62.33368,5.51385,2017,0
7720,62.32056,5.45481,2017,0
7721,62.3014599999999,5.53866,2017,0
7722,62.32229,5.51261,2017,0
7723,62.3218699999999,5.47384,2017,0
7724,62.3545799999999,5.52179,2017,0
7725,62.3199899999999,5.47931,2017,0
7726,62.31801,5.45076,2017,0
7727,62.32527,5.2636,2017,0
7728,62.3270399999999,5.51596,2017,0
7729,62.3522,5.45441,2017,0
7730,62.475546,5.67529,2017,0
7731,62.4713769999999,5.679445,2017,0
7732,62.4595029999999,5.623682,2017,0
7733,62.4570659999999,5.621905,2017,0
7734,62.435394,5.602447,2017,0
7735,62.4176939999999,5.588515,2017,0
7736,62.4074049999999,5.579425,2017,0
7737,62.413867,5.689515,2017,0
7738,62.416519,5.701919,2017,0
7739,62.407594,5.635176,2017,0
7740,62.406033,5.626739,2017,0
7741,62.4051949999999,5.626185,2017,0
7742,62.407654,5.659409,2017,0
7743,62.413435,5.710519,2017,0
7744,62.404867,5.627727,2017,0
7745,62.4031609999999,5.635868,2017,0
7746,62.406328,5.651444,2017,0
7747,62.406373,5.680796,2017,0
7748,62.3888099999999,5.651829,2017,0
7749,62.386971,5.623042,2017,0
7750,62.3860379999999,5.642912,2017,0
7751,62.383212,5.653545,2017,0
7752,62.3694989999999,5.565184,2017,0
7753,62.377412,5.724977,2017,0
7754,62.375487,5.724718,2017,0
7755,62.3703229999999,5.682222,2017,0
7756,62.367181,5.687927,2017,0
7757,62.3593219999999,5.628632,2017,0
7758,62.3203079999999,5.708216,2017,0
7759,62.319639,5.703111,2017,0
7760,62.319116,5.732207,2017,0
7761,62.3179159999999,5.755953,2017,0
7762,62.299579,5.75043,2017,0
7763,62.2924149999999,5.794197,2017,0
7764,62.3336979999999,5.757225,2017,0
7765,62.319723,5.709193,2017,0
7766,62.319926,5.745292,2017,0
7767,62.313377,5.693812,2017,0
7768,62.313217,5.706715,2017,0
7769,62.3140489999999,5.715816,2017,0
7770,62.313876,5.723302,2017,0
7771,62.3148089999999,5.735965,2017,0
7772,62.3128239999999,5.709011,2017,0
7773,62.3119909999999,5.70953,2017,0
7774,62.3120869999999,5.712204,2017,0
7775,62.3129029999999,5.712302,2017,0
7776,62.3117209999999,5.72266,2017,0
7777,62.312381,5.718555,2017,0
7778,62.314729,5.738356,2017,0
7779,62.312406,5.750443,2017,0
7780,62.414892,5.696271,2017,0
7781,62.411617,5.68729,2017,0
7782,62.411892,5.688407,2017,0
7783,62.410341,5.706528,2017,0
7784,62.4061129999999,5.684457,2017,0
7785,62.3811579999999,5.732804,2017,0
7786,62.377392,5.729537,2017,0
7787,62.3640049999999,5.745926,2017,0
7788,62.3421659999999,5.763357,2017,0
7789,62.337578,5.74797,2017,0
7790,62.337037,5.7445,2017,0
7791,62.3335939999999,5.733261,2017,0
7792,62.321302,5.724717,2017,0
7793,62.3119909999999,5.580084,2017,0
7794,62.3134799999999,5.576225,2017,0
7795,62.3184699999999,5.7387,2017,0
7796,62.3064329999999,5.5436,2017,0
7797,62.314363,5.723342,2017,0
7798,62.314756,5.713549,2017,0
7799,62.31669,5.720736,2017,0
7800,62.3145499999999,5.71843,2017,0
7801,62.3170369999999,5.725938,2017,0
7802,62.3145529999999,5.713239,2017,0
7803,62.314857,5.714684,2017,0
7804,62.311092,5.714076,2017,0
7805,62.304189,5.601344,2017,0
7806,62.3083019999999,5.720271,2017,0
7807,62.3089179999999,5.717367,2017,0
7808,62.3081549999999,5.715777,2017,0
7809,62.306618,5.711701,2017,0
7810,62.305821,5.706569,2017,0
7811,62.3061069999999,5.700777,2017,0
7812,62.2997429999999,5.603607,2017,0
7813,62.305506,5.712029,2017,0
7814,62.304271,5.701001,2017,0
7815,62.302891,5.688627,2017,0
7816,62.3014259999999,5.689607,2017,0
7817,62.29567,5.596956,2017,0
7818,62.300628,5.700052,2017,0
7819,62.404319,5.664023,2017,0
7820,62.407336,5.694712,2017,0
7821,62.4036699999999,5.67946,2017,0
7822,62.376299,5.717561,2017,0
7823,62.3669999999999,5.740221,2017,0
7824,62.360618,5.749291,2017,0
7825,62.336751,5.747287,2017,0
7826,62.3189479999999,5.71087,2017,0
7827,62.3117329999999,5.74069,2017,0
7828,62.311649,5.741088,2017,0
7829,62.3110649999999,5.713366,2017,0
7830,62.3087609999999,5.769857,2017,0
7831,62.3061689999999,5.768575,2017,0
7832,62.4112549999999,5.690337,2017,0
7833,62.4056119999999,5.671444,2017,0
7834,62.405642,5.689107,2017,0
7835,62.389471,5.654513,2017,0
7836,62.385005,5.618888,2017,0
7837,62.3867669999999,5.634272,2017,0
7838,62.3811439999999,5.632025,2017,0
7839,62.377833,5.623416,2017,0
7840,62.3725799999999,5.728245,2017,0
7841,62.3709789999999,5.741555,2017,0
7842,62.3592459999999,5.636759,2017,0
7843,62.35361,5.606277,2017,0
7844,62.349803,5.653401,2017,0
7845,62.349339,5.677018,2017,0
7846,62.3382659999999,5.598892,2017,0
7847,62.342803,5.622063,2017,0
7848,62.335774,5.577211,2017,0
7849,62.337074,5.596671,2017,0
7850,62.3371309999999,5.601489,2017,0
7851,62.337482,5.7613,2017,0
7852,62.3341369999999,5.747842,2017,0
7853,62.3237489999999,5.736117,2017,0
7854,62.319465,5.732916,2017,0
7855,62.318603,5.711901,2017,0
7856,62.316592,5.716406,2017,0
7857,62.312463,5.761346,2017,0
7858,62.42692,5.609969,2017,0
7859,62.417991,5.606121,2017,0
7860,62.4066029999999,5.584426,2017,0
7861,62.401547,5.558391,2017,0
7862,62.3752369999999,5.550922,2017,0
7863,62.374091,5.543613,2017,0
7864,62.3735879999999,5.541427,2017,0
7865,62.370911,5.52739,2017,0
7866,62.3615929999999,5.503734,2017,0
7867,62.358711,5.476957,2017,0
7868,62.3588639999999,5.497711,2017,0
7869,62.3582469999999,5.48181,2017,0
7870,62.355784,5.495548,2017,0
7871,62.3474539999999,5.495514,2017,0
7872,62.3454219999999,5.48479,2017,0
7873,62.3414349999999,5.481822,2017,0
7874,62.343836,5.50491,2017,0
7875,62.3435959999999,5.50102,2017,0
7876,62.342944,5.49699,2017,0
7877,62.3417669999999,5.496348,2017,0
7878,62.3420509999999,5.492471,2017,0
7879,62.3408549999999,5.492607,2017,0
7880,62.339052,5.489983,2017,0
7881,62.3365269999999,5.48719,2017,0
7882,62.3353159999999,5.48065,2017,0
7883,62.3273039999999,5.477069,2017,0
7884,62.325532,5.47504,2017,0
7885,62.3226239999999,5.469619,2017,0
7886,62.319847,5.469195,2017,0
7887,62.3285369999999,5.666743,2017,0
7888,62.362867,5.668046,2017,0
7889,62.3625979999999,5.667585,2017,0
7890,62.3624859999999,5.667359,2017,0
7891,62.3623249999999,5.666694,2017,0
7892,62.3622999999999,5.666808,2017,0
7893,62.3621979999999,5.666923,2017,0
7894,62.362554,5.668303,2017,0
7895,62.362962,5.668928,2017,0
7896,62.363008,5.668529,2017,0
7897,62.3630799999999,5.668149,2017,0
7898,62.363843,5.665872,2017,0
7899,62.363591,5.66469,2017,0
7900,62.363266,5.667269,2017,0
7901,62.3634089999999,5.667397,2017,0
7902,62.363444,5.667844,2017,0
7903,62.36328,5.667853,2017,0
7904,62.358778,5.673013,2017,0
7905,62.359298,5.673259,2017,0
7906,62.3599419999999,5.673025,2017,0
7907,62.3601859999999,5.673466,2017,0
7908,70.2656429999999,30.952628,2017,1
7909,70.266531,30.941514,2017,1
7910,70.2666059999999,30.9403569999999,2017,1
7911,70.266091,30.933187,2017,1
7912,70.2651999999999,30.934442,2017,1
7913,70.265286,30.934085,2017,1
7914,70.2652899999999,30.934,2017,1
7915,70.4395839999999,30.877927,2017,1
7916,70.3614039999999,31.118102,2017,1
7917,70.3429469999999,31.05459,2017,1
7918,70.4399789999999,30.843585,2017,1
7919,70.439653,30.870653,2017,1
7920,70.3936989999999,31.068507,2017,1
7921,70.393719,31.0688609999999,2017,1
7922,70.393719,31.0689239999999,2017,1
7923,70.393736,31.0689439999999,2017,1
7924,70.401047,31.0625889999999,2017,1
7925,70.4012689999999,31.062456,2017,1
7926,70.407995,31.0648209999999,2017,1
7927,70.4085759999999,31.0642889999999,2017,1
7928,70.388282,31.070732,2017,1
7929,70.3884999999999,31.070712,2017,1
7930,70.382873,31.0701199999999,2017,1
7931,70.382958,31.0702609999999,2017,1
7932,70.3830109999999,31.070308,2017,1
7933,70.383142,31.070435,2017,1
7934,70.3833259999999,31.070647,2017,1
7935,70.38348,31.0708109999999,2017,1
7936,70.3835679999999,31.070961,2017,1
7937,70.3837079999999,31.0711109999999,2017,1
7938,70.377229,31.0721029999999,2017,1
7939,70.377936,31.0714609999999,2017,1
7940,70.374396,31.074304,2017,1
7941,70.374734,31.073916,2017,1
7942,70.3750789999999,31.0733539999999,2017,1
7943,70.386864,31.048347,2017,1
7944,70.387262,31.048718,2017,1
7945,70.38853,31.0469189999999,2017,1
7946,70.388602,31.046647,2017,1
7947,70.388632,31.046536,2017,1
7948,70.388653,31.046454,2017,1
7949,70.3899779999999,31.0432419999999,2017,1
7950,70.3901039999999,31.043132,2017,1
7951,70.390189,31.0430169999999,2017,1
7952,70.390343,31.042926,2017,1
7953,70.3903909999999,31.0429059999999,2017,1
7954,70.3905189999999,31.042905,2017,1
7955,70.3907229999999,31.042859,2017,1
7956,70.3896129999999,31.041972,2017,1
7957,70.3896529999999,31.042027,2017,1
7958,70.389768,31.042068,2017,1
7959,70.389903,31.0419939999999,2017,1
7960,70.388176,31.0412409999999,2017,1
7961,70.3882749999999,31.0412959999999,2017,1
7962,70.3888019999999,31.040098,2017,1
7963,70.3926649999999,31.038841,2017,1
7964,70.392751,31.03867,2017,1
7965,70.3928379999999,31.038709,2017,1
7966,70.3928599999999,31.0387099999999,2017,1
7967,70.3929389999999,31.038788,2017,1
7968,70.397649,31.027051,2017,1
7969,70.3984059999999,31.0261749999999,2017,1
7970,70.3985629999999,31.026488,2017,1
7971,70.4006159999999,31.0185859999999,2017,1
7972,70.400778,31.017726,2017,1
7973,70.4013539999999,31.0162669999999,2017,1
7974,70.403367,31.0175039999999,2017,1
7975,70.4032969999999,31.017823,2017,1
7976,70.403115,31.017582,2017,1
7977,70.402974,31.0175869999999,2017,1
7978,70.40513,31.016373,2017,1
7979,70.404888,31.0165599999999,2017,1
7980,70.3932209999999,31.116719,2017,1
7981,70.3932659999999,31.116883,2017,1
7982,70.3932989999999,31.1168529999999,2017,1
7983,70.393309,31.116609,2017,1
7984,70.3933119999999,31.116077,2017,1
7985,70.3933339999999,31.116049,2017,1
7986,70.3933799999999,31.116066,2017,1
7987,70.393444,31.1157,2017,1
7988,70.388112,31.1155259999999,2017,1
7989,70.388165,31.115231,2017,1
7990,70.3882789999999,31.11493,2017,1
7991,70.3886559999999,31.114598,2017,1
7992,70.3881059999999,31.116019,2017,1
7993,70.3881279999999,31.1159019999999,2017,1
7994,70.386921,31.119026,2017,1
7995,70.3871599999999,31.1181899999999,2017,1
7996,70.3859879999999,31.125713,2017,1
7997,70.384478,31.138901,2017,1
7998,70.385962,31.146749,2017,1
7999,70.3861169999999,31.14752,2017,1
8000,70.3861579999999,31.1474329999999,2017,1
8001,70.3864769999999,31.1442459999999,2017,1
8002,70.383319,31.118804,2017,1
8003,70.383037,31.118814,2017,1
8004,70.361585,31.115922,2017,1
8005,70.362227,31.114083,2017,1
8006,70.362313,31.114273,2017,1
8007,70.36238,31.1144339999999,2017,1
8008,70.362418,31.114542,2017,1
8009,70.360691,31.0980449999999,2017,1
8010,70.360932,31.09719,2017,1
8011,70.361078,31.097459,2017,1
8012,70.360409,31.0593709999999,2017,1
8013,70.3567139999999,31.059619,2017,1
8014,70.35603,31.057421,2017,1
8015,70.354866,31.061761,2017,1
8016,70.3542,31.066233,2017,1
8017,70.344598,31.063433,2017,1
8018,70.3439079999999,31.059882,2017,1
8019,70.342008,31.050656,2017,1
8020,70.341772,31.050277,2017,1
8021,70.3216989999999,31.066196,2017,1
8022,70.320794,31.061596,2017,1
8023,70.295506,31.066915,2017,1
8024,70.274842,31.001877,2017,1
8025,70.274984,30.997277,2017,1
8026,70.2764389999999,30.987919,2017,1
8027,70.2763259999999,30.9870379999999,2017,1
8028,70.276272,30.986474,2017,1
8029,70.276156,30.9853899999999,2017,1
8030,70.276049,30.983908,2017,1
8031,70.27602,30.979205,2017,1
8032,70.2764389999999,30.97625,2017,1
8033,70.2764569999999,30.974523,2017,1
8034,70.276328,30.9738609999999,2017,1
8035,70.274342,30.971986,2017,1
8036,70.271618,30.9727549999999,2017,1
8037,70.268432,30.977274,2017,1
8038,70.264829,30.9850029999999,2017,1
8039,70.2627559999999,30.9918729999999,2017,1
8040,70.262214,30.995829,2017,1
8041,70.2623349999999,30.9951089999999,2017,1
8042,70.2623839999999,30.9951949999999,2017,1
8043,70.26242,30.994861,2017,1
8044,70.2625069999999,30.9938049999999,2017,1
8045,70.398217,31.0259269999999,2017,1
8046,70.40093,31.017178,2017,1
8047,70.4011869999999,31.016486,2017,1
8048,70.295094,31.071808,2017,1
8049,70.4021359999999,31.0625329999999,2017,1
8050,70.402342,31.062255,2017,1
8051,70.4390149999999,30.875297,2017,1
8052,70.3209849999999,31.062491,2017,1
8053,70.3978139999999,31.026605,2017,1
8054,70.3979279999999,31.026457,2017,1
8055,70.39803,31.026074,2017,1
8056,70.4019169999999,31.062697,2017,1
8057,70.4020069999999,31.062709,2017,1
8058,70.4024859999999,31.061785,2017,1
8059,70.402642,31.0611159999999,2017,1
8060,70.402878,31.06034,2017,1
8061,70.403001,31.059937,2017,1
8062,70.4032459999999,31.0593569999999,2017,1
8063,70.4034529999999,31.058857,2017,1
8064,70.4036409999999,31.058509,2017,1
8065,70.4040739999999,31.05808,2017,1
8066,70.406046,31.0608359999999,2017,1
8067,70.4061449999999,31.060731,2017,1
8068,70.406282,31.0609,2017,1
8069,70.3668739999999,22.448121,2016,1
8070,70.367951,22.444623,2016,1
8071,70.367141,22.443728,2016,1
8072,70.36278,22.445381,2016,1
8073,70.3618069999999,22.4386599999999,2016,1
8074,70.3615539999999,22.437878,2016,1
8075,70.3616629999999,22.437379,2016,1
8076,70.360594,22.432725,2016,1
8077,70.358165,22.443068,2016,1
8078,70.3579649999999,22.4481539999999,2016,1
8079,70.3465879999999,22.451781,2016,1
8080,70.34963,22.4467299999999,2016,1
8081,70.3507319999999,22.441858,2016,1
8082,70.3495089999999,22.4600529999999,2016,1
8083,70.350088,22.456292,2016,1
8084,70.351973,22.4548419999999,2016,1
8085,70.3527459999999,22.4584949999999,2016,1
8086,70.3429749999999,22.466895,2016,1
8087,70.338115,22.471012,2016,1
8088,70.330993,22.475883,2016,1
8089,70.326768,22.4781249999999,2016,1
8090,70.3268539999999,22.477708,2016,1
8091,70.3268709999999,22.477606,2016,1
8092,70.3535519999999,22.4492559999999,2016,1
8093,70.355068,22.439923,2016,1
8094,70.353611,22.4362619999999,2016,1
8095,70.3533829999999,22.4364589999999,2016,1
8096,70.3521149999999,22.4255479999999,2016,1
8097,70.3526119999999,22.420839,2016,1
8098,70.354786,22.42557,2016,1
8099,70.3555159999999,22.428563,2016,1
8100,70.35651,22.432282,2016,1
8101,70.357342,22.436685,2016,1
8102,70.35765,22.438126,2016,1
8103,70.3560679999999,22.420904,2016,1
8104,70.3573049999999,22.419252,2016,1
8105,70.357134,22.38984,2016,1
8106,70.3561629999999,22.393214,2016,1
8107,70.358716,22.413418,2016,1
8108,70.3607339999999,22.407181,2016,1
8109,70.362216,22.403585,2016,1
8110,70.3636829999999,22.412036,2016,1
8111,70.362189,22.41386,2016,1
8112,70.3622909999999,22.413539,2016,1
8113,70.358564,22.421921,2016,1
8114,70.365245,22.4281669999999,2016,1
8115,70.555794,22.640326,2016,1
8116,70.555755,22.6405719999999,2016,1
8117,70.555698,22.640577,2016,1
8118,70.555588,22.640684,2016,1
8119,70.555385,22.638753,2016,1
8120,70.555395,22.639754,2016,1
8121,70.555394,22.6400499999999,2016,1
8122,70.5519079999999,22.699728,2016,1
8123,70.5525159999999,22.698397,2016,1
8124,70.5524659999999,22.6984649999999,2016,1
8125,70.5523809999999,22.698501,2016,1
8126,70.552147,22.698684,2016,1
8127,70.536438,22.6826919999999,2016,1
8128,70.5362429999999,22.682628,2016,1
8129,70.536011,22.6824529999999,2016,1
8130,70.5360189999999,22.6825119999999,2016,1
8131,70.536039,22.682556,2016,1
8132,70.533804,22.679922,2016,1
8133,70.5338059999999,22.6800469999999,2016,1
8134,70.5337499999999,22.680128,2016,1
8135,70.5336669999999,22.680128,2016,1
8136,70.5336159999999,22.680299,2016,1
8137,70.53333,22.6805179999999,2016,1
8138,70.5330859999999,22.680433,2016,1
8139,70.496419,22.567307,2016,1
8140,70.49629,22.56632,2016,1
8141,70.496228,22.56542,2016,1
8142,70.496261,22.564525,2016,1
8143,70.4964779999999,22.565245,2016,1
8144,70.4965789999999,22.565977,2016,1
8145,70.4965849999999,22.5670399999999,2016,1
8146,70.4960499999999,22.5683149999999,2016,1
8147,70.4954129999999,22.570737,2016,1
8148,70.494735,22.576158,2016,1
8149,70.4945019999999,22.578427,2016,1
8150,70.4943269999999,22.580454,2016,1
8151,70.494319,22.581477,2016,1
8152,70.494168,22.58358,2016,1
8153,70.493885,22.583372,2016,1
8154,70.494651,22.5829209999999,2016,1
8155,70.49553,22.582787,2016,1
8156,70.496615,22.578133,2016,1
8157,70.4965839999999,22.5779959999999,2016,1
8158,70.496516,22.577755,2016,1
8159,70.4964899999999,22.5776299999999,2016,1
8160,70.4961109999999,22.5746019999999,2016,1
8161,70.4936979999999,22.5695489999999,2016,1
8162,70.492804,22.569751,2016,1
8163,70.4924469999999,22.569334,2016,1
8164,70.492097,22.569175,2016,1
8165,70.491853,22.568458,2016,1
8166,70.4964209999999,22.5362809999999,2016,1
8167,70.498191,22.5337579999999,2016,1
8168,70.499757,22.533982,2016,1
8169,70.5011149999999,22.532751,2016,1
8170,70.501562,22.530117,2016,1
8171,70.501765,22.529346,2016,1
8172,70.502311,22.5275989999999,2016,1
8173,70.5029499999999,22.527656,2016,1
8174,70.503394,22.527697,2016,1
8175,70.503309,22.525258,2016,1
8176,70.503538,22.5249859999999,2016,1
8177,70.501109,22.469981,2016,1
8178,70.500574,22.4681479999999,2016,1
8179,70.499735,22.4665889999999,2016,1
8180,70.4994959999999,22.4664949999999,2016,1
8181,70.502425,22.46688,2016,1
8182,70.503726,22.466144,2016,1
8183,70.5001369999999,22.458815,2016,1
8184,70.499852,22.4615189999999,2016,1
8185,70.4999069999999,22.4620019999999,2016,1
8186,70.5001879999999,22.462913,2016,1
8187,70.4999289999999,22.464001,2016,1
8188,70.499639,22.4626069999999,2016,1
8189,70.499212,22.461113,2016,1
8190,70.4990399999999,22.460442,2016,1
8191,70.499007,22.4595589999999,2016,1
8192,70.4984149999999,22.3671849999999,2016,1
8193,70.4985729999999,22.3647029999999,2016,1
8194,70.498474,22.36266,2016,1
8195,70.4985839999999,22.360686,2016,1
8196,70.4985439999999,22.3590969999999,2016,1
8197,70.499054,22.358218,2016,1
8198,70.502171,22.358065,2016,1
8199,70.5033609999999,22.359423,2016,1
8200,70.509703,22.2513919999999,2016,1
8201,70.5098069999999,22.252652,2016,1
8202,70.5096719999999,22.253314,2016,1
8203,70.5095259999999,22.2519279999999,2016,1
8204,70.5085739999999,22.251038,2016,1
8205,70.5071389999999,22.2490799999999,2016,1
8206,70.4894639999999,22.247975,2016,1
8207,70.489945,22.24501,2016,1
8208,70.490268,22.243469,2016,1
8209,70.490279,22.243372,2016,1
8210,70.4829639999999,22.160231,2016,1
8211,70.483198,22.159379,2016,1
8212,70.4840449999999,22.157992,2016,1
8213,70.4843599999999,22.157627,2016,1
8214,70.484448,22.157406,2016,1
8215,70.5039069999999,22.1394519999999,2016,1
8216,70.503724,22.138835,2016,1
8217,70.503646,22.138603,2016,1
8218,70.503611,22.1382699999999,2016,1
8219,70.5035129999999,22.137535,2016,1
8220,70.7213859999999,22.425742,2016,1
8221,70.71795,22.41878,2016,1
8222,70.71711,22.422314,2016,1
8223,70.7171479999999,22.419525,2016,1
8224,70.7159929999999,22.419784,2016,1
8225,70.712895,22.409967,2016,1
8226,70.712203,22.409948,2016,1
8227,70.7115649999999,22.411002,2016,1
8228,70.714185,22.402656,2016,1
8229,70.714184,22.402656,2016,1
8230,70.71432,22.4045759999999,2016,1
8231,70.7042399999999,22.426658,2016,1
8232,70.703946,22.43966,2016,1
8233,70.7059009999999,22.4371669999999,2016,1
8234,70.7083609999999,22.4417839999999,2016,1
8235,70.709147,22.436062,2016,1
8236,70.704638,22.4494189999999,2016,1
8237,70.7019779999999,22.452503,2016,1
8238,70.7017309999999,22.451872,2016,1
8239,70.6995129999999,22.4563589999999,2016,1
8240,70.6999809999999,22.456726,2016,1
8241,70.699172,22.45491,2016,1
8242,70.6883219999999,22.4340499999999,2016,1
8243,70.688439,22.434134,2016,1
8244,70.6884079999999,22.4344189999999,2016,1
8245,70.688332,22.434538,2016,1
8246,70.6882849999999,22.434608,2016,1
8247,70.6882569999999,22.4346789999999,2016,1
8248,70.688214,22.434832,2016,1
8249,70.688157,22.434963,2016,1
8250,70.6881029999999,22.435119,2016,1
8251,70.688051,22.4330299999999,2016,1
8252,70.6879349999999,22.43307,2016,1
8253,70.6878049999999,22.433221,2016,1
8254,70.68777,22.433342,2016,1
8255,70.6876929999999,22.4335759999999,2016,1
8256,70.6873279999999,22.4278949999999,2016,1
8257,70.6872249999999,22.4281189999999,2016,1
8258,70.68716,22.428224,2016,1
8259,70.6870969999999,22.428329,2016,1
8260,70.68702,22.428533,2016,1
8261,70.6869109999999,22.4289449999999,2016,1
8262,70.686864,22.4295389999999,2016,1
8263,70.6865669999999,22.430755,2016,1
8264,70.686633,22.430392,2016,1
8265,70.702989,22.4759959999999,2016,1
8266,70.7030769999999,22.4771089999999,2016,1
8267,70.7048219999999,22.453161,2016,1
8268,70.7077139999999,22.4511049999999,2016,1
8269,70.7068919999999,22.455017,2016,1
8270,70.706861,22.4547029999999,2016,1
8271,70.7081799999999,22.45844,2016,1
8272,70.7084619999999,22.4628909999999,2016,1
8273,70.711554,22.462467,2016,1
8274,70.708267,22.481262,2016,1
8275,70.712479,22.493704,2016,1
8276,70.719312,22.4449669999999,2016,1
8277,70.719268,22.452421,2016,1
8278,70.7149359999999,22.43372,2016,1
8279,70.715321,22.4407579999999,2016,1
8280,70.7144689999999,22.442366,2016,1
8281,70.7151669999999,22.451326,2016,1
8282,70.671644,22.1739889999999,2016,1
8283,70.6712359999999,22.1780119999999,2016,1
8284,70.671287,22.180723,2016,1
8285,70.6707959999999,22.186004,2016,1
8286,70.668299,22.197692,2016,1
8287,70.6670199999999,22.185282,2016,1
8288,70.6626909999999,22.1795769999999,2016,1
8289,70.6623349999999,22.178353,2016,1
8290,70.6614849999999,22.171472,2016,1
8291,70.6614849999999,22.1714699999999,2016,1
8292,70.659537,22.169104,2016,1
8293,70.657599,22.17118,2016,1
8294,70.656965,22.166788,2016,1
8295,70.653675,22.1561169999999,2016,1
8296,70.6524919999999,22.148382,2016,1
8297,70.652287,22.1448749999999,2016,1
8298,70.6511959999999,22.139551,2016,1
8299,70.6563709999999,22.128339,2016,1
8300,70.6557449999999,22.127901,2016,1
8301,70.654508,22.13173,2016,1
8302,70.6540789999999,22.128962,2016,1
8303,70.6540069999999,22.12886,2016,1
8304,70.643754,22.231007,2016,1
8305,70.6417799999999,22.2309459999999,2016,1
8306,70.641963,22.230599,2016,1
8307,70.642086,22.230225,2016,1
8308,70.642257,22.229571,2016,1
8309,70.6425229999999,22.2288239999999,2016,1
8310,70.642668,22.227432,2016,1
8311,70.6428549999999,22.22613,2016,1
8312,70.6431209999999,22.2245449999999,2016,1
8313,70.643214,22.2237079999999,2016,1
8314,70.6433799999999,22.2222,2016,1
8315,70.644023,22.2208749999999,2016,1
8316,70.648915,22.212789,2016,1
8317,70.648915,22.212038,2016,1
8318,70.6525089999999,22.2123689999999,2016,1
8319,70.6373389999999,22.1422549999999,2016,1
8320,70.636369,22.141065,2016,1
8321,70.6354369999999,22.140028,2016,1
8322,70.635182,22.139578,2016,1
8323,70.6350029999999,22.1392899999999,2016,1
8324,70.6348859999999,22.139016,2016,1
8325,70.6347499999999,22.1388089999999,2016,1
8326,70.634601,22.138624,2016,1
8327,70.634421,22.1384669999999,2016,1
8328,70.634246,22.1382949999999,2016,1
8329,70.634157,22.138183,2016,1
8330,70.6340309999999,22.1380729999999,2016,1
8331,70.646782,22.14818,2016,1
8332,70.6471149999999,22.1583709999999,2016,1
8333,70.6465299999999,22.167216,2016,1
8334,70.644816,22.1742409999999,2016,1
8335,70.648864,22.184638,2016,1
8336,70.6501169999999,22.169922,2016,1
8337,70.6489219999999,22.158417,2016,1
8338,70.650383,22.154933,2016,1
8339,70.6440079999999,22.177764,2016,1
8340,70.643815,22.178331,2016,1
8341,70.6511509999999,22.2036769999999,2016,1
8342,70.652949,22.19384,2016,1
8343,70.655433,22.193204,2016,1
8344,70.65528,22.1955129999999,2016,1
8345,70.657336,22.2005009999999,2016,1
8346,70.659034,22.1987729999999,2016,1
8347,70.662328,22.1954899999999,2016,1
8348,70.663931,22.200723,2016,1
8349,70.719598,22.7214969999999,2016,1
8350,70.719639,22.721526,2016,1
8351,70.719665,22.721802,2016,1
8352,70.7197129999999,22.722266,2016,1
8353,70.7197189999999,22.72238,2016,1
8354,70.7206999999999,22.72537,2016,1
8355,70.722294,22.729281,2016,1
8356,70.722374,22.7294459999999,2016,1
8357,70.722576,22.729682,2016,1
8358,70.7238859999999,22.733428,2016,1
8359,70.7240639999999,22.733494,2016,1
8360,70.7257469999999,22.7383689999999,2016,1
8361,70.7284619999999,22.743165,2016,1
8362,70.728836,22.743238,2016,1
8363,70.7290239999999,22.743123,2016,1
8364,70.7291309999999,22.74306,2016,1
8365,70.7291919999999,22.743067,2016,1
8366,70.729298,22.743109,2016,1
8367,70.729329,22.7430419999999,2016,1
8368,70.729399,22.743151,2016,1
8369,70.722436,22.7323139999999,2016,1
8370,70.72216,22.732001,2016,1
8371,70.721851,22.730844,2016,1
8372,70.717662,22.724412,2016,1
8373,70.7177339999999,22.724488,2016,1
8374,70.701127,22.75935,2016,1
8375,70.7013469999999,22.7603289999999,2016,1
8376,70.701637,22.761461,2016,1
8377,70.702426,22.7649459999999,2016,1
8378,70.7027109999999,22.766642,2016,1
8379,70.702785,22.767913,2016,1
8380,70.702803,22.769586,2016,1
8381,70.702841,22.7702859999999,2016,1
8382,70.618262,22.706178,2016,1
8383,70.618296,22.7061509999999,2016,1
8384,70.6172239999999,22.7059679999999,2016,1
8385,70.6170309999999,22.706278,2016,1
8386,70.6168239999999,22.706009,2016,1
8387,70.366517,22.418313,2016,1
8388,70.714174,22.4032659999999,2016,1
8389,70.3643759999999,22.450029,2016,1
8390,70.3563,22.404837,2016,1
8391,70.356272,22.404871,2016,1
8392,70.3561449999999,22.387445,2016,1
8393,70.3560889999999,22.3921549999999,2016,1
8394,70.359144,22.407212,2016,1
8395,70.359255,22.407843,2016,1
8396,70.359318,22.408522,2016,1
8397,70.3628209999999,22.411814,2016,1
8398,70.3608059999999,22.423362,2016,1
8399,70.3625059999999,22.422611,2016,1
8400,70.7140689999999,22.403689,2016,1
8401,70.6991859999999,22.454497,2016,1
8402,70.710503,22.4510369999999,2016,1
8403,70.707278,22.47306,2016,1
8404,70.6554589999999,22.1281129999999,2016,1
8405,70.6543929999999,22.1308949999999,2016,1
8406,70.654357,22.130181,2016,1
8407,70.6487779999999,22.213352,2016,1
8408,70.6489449999999,22.212222,2016,1
8409,70.6523339999999,22.2122379999999,2016,1
8410,70.356345,22.3996609999999,2016,1
8411,70.3557289999999,22.3908099999999,2016,1
8412,70.359558,22.41208,2016,1
8413,70.709894,22.458631,2016,1
8414,70.711241,22.4552799999999,2016,1
8415,70.7089869999999,22.472898,2016,1
8416,70.7159379999999,22.4618439999999,2016,1
8417,70.702454,22.4627109999999,2016,1
8418,70.7063169999999,22.4537979999999,2016,1
8419,70.65528,22.128049,2016,1
8420,70.6552169999999,22.12796,2016,1
8421,70.6487989999999,22.2107719999999,2016,1
8422,70.6992649999999,22.449656,2016,1
8423,70.3622,22.451273,2016,1
8424,70.3637449999999,22.4424069999999,2016,1
8425,70.356029,22.3995159999999,2016,1
8426,70.356385,22.3962889999999,2016,1
8427,70.3561789999999,22.393656,2016,1
8428,70.356205,22.394116,2016,1
8429,70.475435,22.085533,2016,1
8430,70.489108,22.1237439999999,2016,1
8431,70.4893959999999,22.123556,2016,1
8432,70.489462,22.12479,2016,1
8433,70.5029889999999,22.132152,2016,1
8434,70.5034189999999,22.13691,2016,1
8435,70.714308,22.401582,2016,1
8436,70.7142529999999,22.401934,2016,1
8437,70.6993999999999,22.453219,2016,1
8438,70.7068019999999,22.4543409999999,2016,1
8439,70.7068629999999,22.454974,2016,1
8440,70.7069309999999,22.4550589999999,2016,1
8441,70.655113,22.128004,2016,1
8442,70.6549219999999,22.127915,2016,1
8443,70.6548829999999,22.1280709999999,2016,1
8444,70.654329,22.129839,2016,1
8445,70.6543429999999,22.129532,2016,1
8446,70.654272,22.129317,2016,1
8447,70.654228,22.129348,2016,1
8448,70.6539609999999,22.128957,2016,1
8449,70.6538699999999,22.128986,2016,1
8450,70.6538299999999,22.1289,2016,1
8451,70.653906,22.128713,2016,1
8452,70.6496109999999,22.2101849999999,2016,1
8453,70.652443,22.2124279999999,2016,1
8454,70.652471,22.21242,2016,1
8455,70.6525079999999,22.212387,2016,1
8456,70.6437909999999,22.1784299999999,2016,1
8457,70.64376,22.178692,2016,1
8458,70.6437159999999,22.178688,2016,1
8459,70.6435919999999,22.178574,2016,1
8460,70.6434979999999,22.178545,2016,1
8461,70.6434809999999,22.178557,2016,1
8462,70.723449,22.371624,2016,1
8463,70.7235749999999,22.3712039999999,2016,1
8464,70.723404,22.372865,2016,1
8465,64.0957329999999,9.87379999999999,2008,0
8466,64.091667,9.874733,2008,0
8467,64.086917,9.865783,2008,0
8468,64.0508829999999,9.9041,2008,0
8469,64.135317,9.932983,2008,0
8470,64.123383,9.932333,2008,0
8471,64.1219329999999,9.94093299999999,2008,0
8472,64.112717,9.954133,2008,0
8473,64.106817,9.862633,2008,0
8474,64.108833,9.947583,2008,0
8475,64.10338,9.86121,2008,0
8476,64.1055999999999,9.93151699999999,2008,0
8477,64.10025,9.84948299999999,2008,0
8478,64.1010899999999,10.0477799999999,2008,0
8479,64.0983829999999,10.0275669999999,2008,0
8480,64.08113,9.829817,2008,0
8481,64.076217,9.825167,2008,0
8482,64.0766169999999,9.85381699999999,2008,0
8483,64.0754,9.839133,2008,0
8484,64.0739829999999,9.85019999999999,2008,0
8485,64.0744169999999,9.93425,2008,0
8486,64.051067,9.852633,2008,0
8487,64.0513669999999,9.9041,2008,0
8488,64.051051,9.9079,2008,0
8489,64.0476,9.93183299999999,2008,0
8490,64.0465499999999,9.93169999999999,2008,0
8491,64.0413499999999,9.927583,2008,0
8492,64.04345,9.92205,2008,0
8493,64.013367,9.848417,2008,0
8494,63.99255,9.81875,2008,0
8495,63.983383,9.8244,2008,0
8496,63.9787669999999,9.824433,2008,0
8497,61.197533,4.679136,2015,0
8498,61.196258,4.683447,2015,0
8499,61.1966869999999,4.682512,2015,0
8500,61.194397,4.663575,2015,0
8501,61.1951389999999,4.667285,2015,0
8502,61.194527,4.667492,2015,0
8503,61.1954059999999,4.6845,2015,0
8504,61.1938239999999,4.663336,2015,0
8505,61.19464,4.669778,2015,0
8506,61.193196,4.664451,2015,0
8507,61.193232,4.662144,2015,0
8508,61.1921979999999,4.661175,2015,0
8509,61.1932619999999,4.662295,2015,0
8510,61.192838,4.670521,2015,0
8511,61.1938689999999,4.67273,2015,0
8512,61.193708,4.682316,2015,0
8513,61.193815,4.682846,2015,0
8514,61.194831,4.682325,2015,0
8515,61.192641,4.688483,2015,0
8516,61.1913059999999,4.66571,2015,0
8517,61.1914919999999,4.673963,2015,0
8518,61.192309,4.672511,2015,0
8519,61.190651,4.669592,2015,0
8520,61.19064,4.683194,2015,0
8521,61.1898219999999,4.67026,2015,0
8522,61.189649,4.662465,2015,0
8523,61.1882179999999,4.676094,2015,0
8524,61.1871909999999,4.666285,2015,0
8525,61.188184,4.666041,2015,0
8526,61.188502,4.666271,2015,0
8527,61.187955,4.662984,2015,0
8528,61.1878249999999,4.662227,2015,0
8529,61.1880219999999,4.684085,2015,0
8530,61.1879119999999,4.684238,2015,0
8531,61.1869069999999,4.66335,2015,0
8532,61.185611,4.670246,2015,0
8533,61.185634,4.669533,2015,0
8534,61.186396,4.671974,2015,0
8535,61.1863699999999,4.67261,2015,0
8536,61.1867779999999,4.679334,2015,0
8537,61.186788,4.680598,2015,0
8538,61.187736,4.685347,2015,0
8539,61.186377,4.665154,2015,0
8540,61.196789,4.835958,2015,0
8541,61.197035,4.836144,2015,0
8542,61.197177,4.829901,2015,0
8543,61.195146,4.824362,2015,0
8544,61.1951759999999,4.824244,2015,0
8545,61.1949419999999,4.82234,2015,0
8546,61.1944859999999,4.835364,2015,0
8547,61.194913,4.824389,2015,0
8548,61.1941869999999,4.821233,2015,0
8549,61.1942269999999,4.821269,2015,0
8550,61.19456,4.821176,2015,0
8551,61.194223,4.827519,2015,0
8552,61.1944409999999,4.845562,2015,0
8553,61.1942349999999,4.847092,2015,0
8554,61.1945049999999,4.847355,2015,0
8555,61.1940269999999,4.847824,2015,0
8556,61.1936,4.844214,2015,0
8557,61.1938099999999,4.8444,2015,0
8558,61.1934839999999,4.8428,2015,0
8559,61.1945789999999,4.841881,2015,0
8560,61.1933769999999,4.840795,2015,0
8561,61.193373,4.838606,2015,0
8562,61.193753,4.839069,2015,0
8563,61.1943709999999,4.83628,2015,0
8564,61.193142,4.826035,2015,0
8565,61.192847,4.843461,2015,0
8566,61.1925609999999,4.842093,2015,0
8567,61.192303,4.842156,2015,0
8568,61.192354,4.842229,2015,0
8569,61.190071,4.843992,2015,0
8570,61.189821,4.843468,2015,0
8571,61.1900059999999,4.844388,2015,0
8572,61.1904389999999,4.844419,2015,0
8573,61.1910979999999,4.847153,2015,0
8574,61.189675,4.84379,2015,0
8575,61.187168,4.827381,2015,0
8576,61.1875,4.827708,2015,0
8577,61.1879819999999,4.845347,2015,0
8578,61.1883079999999,4.845439,2015,0
8579,61.186725,4.842756,2015,0
8580,61.1867889999999,4.842689,2015,0
8581,61.186914,4.842589,2015,0
8582,61.18706,4.842444,2015,0
8583,61.146332,4.673445,2015,0
8584,61.145595,4.668887,2015,0
8585,61.1451879999999,4.668404,2015,0
8586,61.1450219999999,4.668147,2015,0
8587,61.1450359999999,4.671181,2015,0
8588,61.144775,4.67259,2015,0
8589,61.144514,4.672218,2015,0
8590,61.1444249999999,4.672091,2015,0
8591,61.1454799999999,4.676154,2015,0
8592,61.145181,4.675919,2015,0
8593,61.1435999999999,4.674843,2015,0
8594,61.1428239999999,4.680793,2015,0
8595,61.142746,4.666304,2015,0
8596,61.142538,4.665948,2015,0
8597,61.143039,4.685972,2015,0
8598,61.142287,4.685206,2015,0
8599,61.1413969999999,4.680325,2015,0
8600,61.141302,4.669469,2015,0
8601,61.139612,4.66079,2015,0
8602,61.139358,4.660513,2015,0
8603,61.139152,4.661167,2015,0
8604,61.1404459999999,4.684043,2015,0
8605,61.1383289999999,4.661396,2015,0
8606,61.138621,4.662076,2015,0
8607,61.138471,4.661906,2015,0
8608,61.139152,4.665577,2015,0
8609,61.1383,4.668026,2015,0
8610,61.1395529999999,4.674655,2015,0
8611,61.139136,4.682055,2015,0
8612,61.1384329999999,4.679415,2015,0
8613,61.1380869999999,4.679041,2015,0
8614,61.138412,4.678745,2015,0
8615,61.136678,4.660864,2015,0
8616,61.137926,4.670476,2015,0
8617,61.1378369999999,4.674719,2015,0
8618,61.1375069999999,4.674059,2015,0
8619,61.13765,4.673831,2015,0
8620,61.13738,4.683542,2015,0
8621,61.136484,4.672196,2015,0
8622,61.1377379999999,4.685683,2015,0
8623,61.1356729999999,4.672695,2015,0
8624,61.13539,4.672962,2015,0
8625,61.1362439999999,4.673927,2015,0
8626,61.136347,4.676144,2015,0
8627,61.135961,4.677392,2015,0
8628,61.1362809999999,4.680163,2015,0
8629,61.135908,4.681075,2015,0
8630,61.136108,4.685183,2015,0
8631,61.134709,4.669134,2015,0
8632,61.134793,4.676432,2015,0
8633,61.1352359999999,4.682474,2015,0
8634,61.1335959999999,4.667899,2015,0
8635,61.133929,4.681766,2015,0
8636,61.1333249999999,4.682123,2015,0
8637,61.0316729999999,4.573882,2014,0
8638,61.031477,4.573808,2014,0
8639,61.032107,4.572507,2014,0
8640,61.0329169999999,4.573252,2014,0
8641,61.032687,4.573345,2014,0
8642,61.0338369999999,4.576721,2014,0
8643,61.034208,4.571619,2014,0
8644,61.0338569999999,4.571445,2014,0
8645,61.0359139999999,4.573459,2014,0
8646,61.0367079999999,4.573934,2014,0
8647,61.03627,4.57712,2014,0
8648,61.035811,4.577035,2014,0
8649,61.0371409999999,4.578783,2014,0
8650,61.037154,4.579497,2014,0
8651,61.038888,4.580167,2014,0
8652,61.038935,4.579314,2014,0
8653,61.038637,4.579269,2014,0
8654,61.038122,4.574943,2014,0
8655,61.039051,4.574536,2014,0
8656,61.0387429999999,4.574573,2014,0
8657,61.038519,4.574632,2014,0
8658,61.038853,4.571893,2014,0
8659,61.033569,4.55687,2014,0
8660,61.034888,4.554086,2014,0
8661,61.035519,4.556056,2014,0
8662,61.037348,4.554801,2014,0
8663,61.037092,4.554961,2014,0
8664,61.0379909999999,4.552706,2014,0
8665,61.0399829999999,4.553501,2014,0
8666,61.039743,4.553544,2014,0
8667,61.0436279999999,4.558409,2014,0
8668,61.044038,4.559831,2014,0
8669,61.044089,4.564483,2014,0
8670,61.044079,4.564489,2014,0
8671,61.042929,4.569036,2014,0
8672,61.0420599999999,4.572294,2014,0
8673,61.0411459999999,4.574516,2014,0
8674,61.041355,4.574674,2014,0
8675,61.0407799999999,4.574609,2014,0
8676,61.0422069999999,4.577163,2014,0
8677,61.040616,4.564845,2014,0
8678,61.0405689999999,4.564837,2014,0
8679,61.039593,4.566219,2014,0
8680,61.0388749999999,4.5666,2014,0
8681,61.039503,4.563931,2014,0
8682,61.0397419999999,4.55991,2014,0
8683,61.038536,4.562364,2014,0
8684,61.037801,4.565477,2014,0
8685,61.03768,4.565663,2014,0
8686,61.038093,4.564904,2014,0
8687,61.038093,4.564026,2014,0
8688,61.035705,4.564061,2014,0
8689,61.0345599999999,4.560487,2014,0
8690,61.0335889999999,4.560275,2014,0
8691,61.033186,4.560337,2014,0
8692,61.032327,4.560348,2014,0
8693,61.0314959999999,4.561895,2014,0
8694,61.0340259999999,4.562375,2014,0
8695,61.034297,4.565639,2014,0
8696,61.033912,4.565789,2014,0
8697,61.0332239999999,4.566511,2014,0
8698,61.0087979999999,4.607555,2014,0
8699,61.008713,4.607401,2014,0
8700,61.0095549999999,4.606505,2014,0
8701,61.0105689999999,4.607884,2014,0
8702,61.010502,4.607404,2014,0
8703,61.011057,4.605929,2014,0
8704,61.0116429999999,4.608344,2014,0
8705,61.011361,4.608425,2014,0
8706,61.0124739999999,4.6088,2014,0
8707,61.0121839999999,4.608827,2014,0
8708,61.013871,4.608496,2014,0
8709,61.01391,4.61115,2014,0
8710,61.0136809999999,4.611332,2014,0
8711,61.0132449999999,4.611819,2014,0
8712,61.0151309999999,4.614232,2014,0
8713,61.016641,4.612572,2014,0
8714,61.018886,4.611645,2014,0
8715,61.0184879999999,4.611556,2014,0
8716,61.0192309999999,4.60549,2014,0
8717,61.0189349999999,4.605577,2014,0
8718,61.020398,4.60531,2014,0
8719,61.0205479999999,4.605453,2014,0
8720,61.0214629999999,4.605216,2014,0
8721,61.0210829999999,4.604202,2014,0
8722,61.020814,4.604166,2014,0
8723,61.0202609999999,4.601305,2014,0
8724,61.018113,4.600915,2014,0
8725,61.0181219999999,4.604494,2014,0
8726,61.017583,4.604606,2014,0
8727,61.018103,4.60567,2014,0
8728,61.0166219999999,4.605084,2014,0
8729,61.015239,4.606109,2014,0
8730,61.0159129999999,4.60345,2014,0
8731,61.016379,4.603932,2014,0
8732,61.0168139999999,4.600842,2014,0
8733,61.0168129999999,4.600736,2014,0
8734,61.016519,4.60075,2014,0
8735,61.0159039999999,4.597547,2014,0
8736,61.0166139999999,4.5939,2014,0
8737,61.014958,4.595292,2014,0
8738,61.014746,4.595174,2014,0
8739,61.014239,4.594674,2014,0
8740,61.013637,4.597207,2014,0
8741,61.013398,4.597579,2014,0
8742,61.012551,4.596291,2014,0
8743,61.0137319999999,4.595945,2014,0
8744,61.013843,4.594743,2014,0
8745,61.013579,4.593502,2014,0
8746,61.012697,4.595112,2014,0
8747,61.0123949999999,4.595614,2014,0
8748,61.011302,4.596778,2014,0
8749,61.0095549999999,4.595456,2014,0
8750,61.0122339999999,4.598965,2014,0
8751,61.009929,4.599355,2014,0
8752,61.009639,4.599386,2014,0
8753,61.0085819999999,4.601633,2014,0
8754,61.007818,4.601397,2014,0
8755,61.832658,4.838163,2014,0
8756,61.832681,4.832409,2014,0
8757,61.832832,4.8314,2014,0
8758,61.8334929999999,4.822079,2014,0
8759,61.8346099999999,4.827932,2014,0
8760,61.834947,4.826382,2014,0
8761,61.835506,4.833858,2014,0
8762,61.8360759999999,4.829357,2014,0
8763,61.838076,4.844016,2014,0
8764,61.836492,4.816764,2014,0
8765,61.837156,4.825643,2014,0
8766,61.836643,4.815755,2014,0
8767,61.8378659999999,4.832111,2014,0
8768,61.83825,4.837252,2014,0
8769,61.83769,4.820674,2014,0
8770,61.8394819999999,4.832529,2014,0
8771,61.839564,4.830585,2014,0
8772,61.840401,4.8327,2014,0
8773,61.8400979999999,4.825616,2014,0
8774,61.8427269999999,4.839587,2014,0
8775,61.833275,4.840352,2014,0
8776,61.830855,4.829188,2014,0
8777,61.8312269999999,4.828106,2014,0
8778,61.8319949999999,4.829286,2014,0
8779,61.833379,4.832654,2014,0
8780,61.834367,4.833761,2014,0
8781,61.834412,4.82225,2014,0
8782,61.834574,4.818364,2014,0
8783,61.8362509999999,4.840794,2014,0
8784,61.8368889999999,4.828127,2014,0
8785,61.8397039999999,4.841556,2014,0
8786,61.840181,4.841876,2014,0
8787,61.839446,4.82296,2014,0
8788,61.839632,4.822419,2014,0
8789,61.84132,4.841974,2014,0
8790,61.8419129999999,4.840818,2014,0
8791,61.8418769999999,4.831248,2014,0
8792,61.8442599999999,4.823743,2014,0
8793,61.8391919999999,4.840769,2014,0
8794,61.8316579999999,4.830835,2014,0
8795,61.831425,4.833786,2014,0
8796,61.839402,4.843573,2014,0
8797,61.839702,4.823353,2014,0
8798,61.840387,4.817375,2014,0
8799,61.8409339999999,4.818629,2014,0
8800,61.8431679999999,4.830337,2014,0
8801,61.730448,4.952373,2014,0
8802,61.728852,4.955284,2014,0
8803,61.729039,4.954745,2014,0
8804,61.7305309999999,4.950437,2014,0
8805,61.7249059999999,4.972326,2014,0
8806,61.7251809999999,4.976053,2014,0
8807,61.7314179999999,4.97162,2014,0
8808,61.72073,4.961771,2014,0
8809,61.7214129999999,4.964886,2014,0
8810,61.7194879999999,4.960271,2014,0
8811,61.7196599999999,4.962599,2014,0
8812,61.724929,4.960391,2014,0
8813,61.7265069999999,4.975618,2014,0
8814,61.7270869999999,4.977336,2014,0
8815,61.7301149999999,4.960118,2014,0
8816,61.724651,4.971933,2014,0
8817,61.725009,4.973724,2014,0
8818,61.722386,4.96886,2014,0
8819,61.723236,4.968104,2014,0
8820,61.7242109999999,4.95681,2014,0
8821,61.724426,4.950537,2014,0
8822,61.727437,4.951455,2014,0
8823,61.73178,4.958139,2014,0
8824,61.723666,4.955558,2014,0
8825,61.8862,5.232698,2015,0
8826,61.8869109999999,5.236305,2015,0
8827,61.887683,5.247084,2015,0
8828,61.8881919999999,5.247879,2015,0
8829,61.8882929999999,5.249285,2015,0
8830,61.888427,5.25116,2015,0
8831,61.887877,5.240309,2015,0
8832,61.8884329999999,5.244925,2015,0
8833,61.8893109999999,5.250876,2015,0
8834,61.889412,5.252282,2015,0
8835,61.8893309999999,5.247993,2015,0
8836,61.8898209999999,5.251671,2015,0
8837,61.88882,5.231375,2015,0
8838,61.888426,5.235338,2015,0
8839,61.8899809999999,5.244427,2015,0
8840,61.886938,5.243008,2015,0
8841,61.886958,5.240125,2015,0
8842,61.888339,5.237284,2015,0
8843,61.8893849999999,5.245578,2015,0
8844,61.888767,5.23379,2015,0
8845,61.88929,5.237937,2015,0
8846,61.889867,5.239669,2015,0
8847,61.889498,5.234514,2015,0
8848,61.891148,5.251245,2015,0
8849,61.8918919999999,5.255322,2015,0
8850,61.8866299999999,5.245025,2015,0
8851,61.8896319999999,5.236388,2015,0
8852,61.889518,5.23163,2015,0
8853,61.891047,5.249839,2015,0
8854,61.8924749999999,5.250819,2015,0
8855,61.891334,5.234882,2015,0
8856,61.893293,5.249597,2015,0
8857,61.739103,4.786246,2015,0
8858,61.7435899999999,4.785699,2015,0
8859,61.747506,4.780567,2015,0
8860,61.7483819999999,4.792214,2015,0
8861,61.7487649999999,4.788265,2015,0
8862,61.749136,4.787185,2015,0
8863,61.749634,4.781764,2015,0
8864,61.750532,4.787674,2015,0
8865,61.740374,4.800145,2015,0
8866,61.743025,4.799259,2015,0
8867,61.737616,4.790563,2015,0
8868,61.739432,4.79664,2015,0
8869,61.740999,4.790386,2015,0
8870,61.741402,4.780701,2015,0
8871,61.7426499999999,4.791266,2015,0
8872,61.743569,4.791437,2015,0
8873,61.74692,4.799867,2015,0
8874,61.746346,4.786209,2015,0
8875,61.7476869999999,4.801044,2015,0
8876,61.7467869999999,4.786061,2015,0
8877,61.7505799999999,4.794345,2015,0
8878,61.7507769999999,4.790935,2015,0
8879,61.7392529999999,4.78524,2015,0
8880,61.7434069999999,4.795311,2015,0
8881,61.743442,4.795777,2015,0
8882,61.746419,4.796214,2015,0
8883,61.747075,4.777845,2015,0
8884,61.748032,4.787555,2015,0
8885,61.74888,4.786793,2015,0
8886,61.743467,4.799112,2015,0
8887,61.7397059999999,4.782224,2015,0
8888,61.7409609999999,4.780849,2015,0
8889,61.741998,4.788619,2015,0
8890,61.74468,4.779125,2015,0
8891,61.7477409999999,4.786697,2015,0
8892,61.748522,4.794078,2015,0
8893,61.744007,4.782216,2015,0
8894,61.7447609999999,4.777188,2015,0
8895,61.7397759999999,4.783155,2015,0
8896,61.746405,4.79001,2015,0
8897,61.747019,4.783118,2015,0
8898,61.750658,4.783332,2015,0
8899,67.9610009999999,13.1722699999999,2014,0
8900,67.9620919999999,13.174848,2014,0
8901,67.943786,13.1348889999999,2014,0
8902,67.9434799999999,13.135225,2014,0
8903,67.9427639999999,13.135228,2014,0
8904,67.9318219999999,13.096276,2014,0
8905,67.923938,13.09402,2014,0
8906,67.923523,13.094441,2014,0
8907,67.9233619999999,13.094372,2014,0
8908,67.926006,13.084842,2014,0
8909,67.9104449999999,13.074469,2014,0
8910,67.909968,13.074827,2014,0
8911,67.9096409999999,13.07332,2014,0
8912,67.908704,13.061623,2014,0
8913,67.9085469999999,13.062106,2014,0
8914,67.908162,13.062047,2014,0
8915,67.907977,13.062766,2014,0
8916,67.8986309999999,13.056937,2014,0
8917,67.8979369999999,13.055971,2014,0
8918,67.890203,13.039866,2014,0
8919,67.890304,13.040514,2014,0
8920,67.8907499999999,13.041694,2014,0
8921,67.8906479999999,13.042002,2014,0
8922,67.8905769999999,13.043524,2014,0
8923,67.8817059999999,13.029551,2014,0
8924,67.8812649999999,13.029187,2014,0
8925,67.829621,12.871656,2014,0
8926,67.8298819999999,12.874077,2014,0
8927,67.827966,12.872488,2014,0
8928,67.8277819999999,12.873867,2014,0
8929,67.826682,12.872773,2014,0
8930,67.8262349999999,12.8722169999999,2014,0
8931,67.8260279999999,12.869589,2014,0
8932,67.8298369999999,12.8022209999999,2014,0
8933,67.8294549999999,12.802144,2014,0
8934,67.8291169999999,12.801727,2014,0
8935,67.8317739999999,12.79288,2014,0
8936,67.8317849999999,12.791772,2014,0
8937,67.846322,12.777976,2014,0
8938,67.8467959999999,12.77779,2014,0
8939,67.8465939999999,12.777416,2014,0
8940,67.855159,12.792595,2014,0
8941,67.8551719999999,12.791263,2014,0
8942,67.85518,12.790155,2014,0
8943,67.8481989999999,12.8362529999999,2014,0
8944,67.848207,12.837095,2014,0
8945,67.891041,12.801339,2014,0
8946,67.890538,12.801111,2014,0
8947,67.890291,12.800902,2014,0
8948,67.895657,12.8231009999999,2014,0
8949,67.895477,12.82285,2014,0
8950,67.8952589999999,12.822671,2014,0
8951,67.898075,12.805014,2014,0
8952,67.8975489999999,12.805002,2014,0
8953,67.896927,12.804582,2014,0
8954,67.896597,12.804318,2014,0
8955,67.8999469999999,12.760228,2014,0
8956,67.899338,12.760508,2014,0
8957,67.898904,12.760267,2014,0
8958,67.900951,12.799962,2014,0
8959,67.900801,12.7999329999999,2014,0
8960,67.9004199999999,12.8001799999999,2014,0
8961,67.903485,12.8070299999999,2014,0
8962,67.902921,12.806964,2014,0
8963,67.902567,12.807086,2014,0
8964,67.9023559999999,12.807213,2014,0
8965,67.9043,12.834668,2014,0
8966,67.903638,12.834965,2014,0
8967,67.9019689999999,12.842968,2014,0
8968,67.901988,12.8406249999999,2014,0
8969,67.906368,12.85487,2014,0
8970,67.906226,12.854755,2014,0
8971,67.914603,12.8609899999999,2014,0
8972,67.9314889999999,12.888881,2014,0
8973,67.931667,12.8904929999999,2014,0
8974,67.939773,12.9012119999999,2014,0
8975,67.9400109999999,12.9005569999999,2014,0
8976,67.955972,12.8932199999999,2014,0
8977,67.955494,12.892526,2014,0
8978,67.966192,12.89278,2014,0
8979,67.953034,12.8195099999999,2014,0
8980,67.939299,12.7743959999999,2014,0
8981,67.938714,12.774114,2014,0
8982,67.9383689999999,12.774122,2014,0
8983,67.962675,12.755781,2014,0
8984,67.962011,12.755699,2014,0
8985,67.961279,12.755471,2014,0
8986,67.960479,12.755103,2014,0
8987,67.995861,12.787881,2014,0
8988,67.995186,12.787967,2014,0
8989,68.009393,12.82367,2014,0
8990,68.00866,12.823904,2014,0
8991,68.167505,13.5266179999999,2013,0
8992,68.1735019999999,14.081638,2013,0
8993,68.172421,14.081966,2013,0
8994,68.1718309999999,14.0823009999999,2013,0
8995,68.1777739999999,14.081102,2013,0
8996,68.1785009999999,14.0829039999999,2013,0
8997,68.17915,14.085091,2013,0
8998,68.179923,14.0875039999999,2013,0
8999,68.179917,14.1085499999999,2013,0
9000,68.18025,14.109696,2013,0
9001,68.1860089999999,14.1109069999999,2013,0
9002,68.185496,14.110136,2013,0
9003,68.1476859999999,13.974498,2013,0
9004,68.1483319999999,13.9666859999999,2013,0
9005,68.1483439999999,13.9652449999999,2013,0
9006,68.1539449999999,13.946284,2013,0
9007,68.1537529999999,13.9477429999999,2013,0
9008,68.153372,13.948896,2013,0
9009,68.1407609999999,13.917393,2013,0
9010,68.1405299999999,13.915689,2013,0
9011,68.117272,13.87869,2013,0
9012,68.116848,13.8798619999999,2013,0
9013,68.1163329999999,13.87972,2013,0
9014,68.1031169999999,13.825044,2013,0
9015,68.103024,13.823422,2013,0
9016,68.0970379999999,13.7608339999999,2013,0
9017,68.0790609999999,13.719524,2013,0
9018,68.080932,13.6969259999999,2013,0
9019,68.072778,13.692347,2013,0
9020,68.056393,13.678595,2013,0
9021,68.055045,13.677756,2013,0
9022,68.0550939999999,13.675235,2013,0
9023,68.075958,13.65977,2013,0
9024,68.07546,13.660595,2013,0
9025,68.070131,13.651685,2013,0
9026,68.0703409999999,13.65093,2013,0
9027,68.071308,13.62458,2013,0
9028,68.0708869999999,13.623707,2013,0
9029,68.045872,13.53206,2013,0
9030,68.045883,13.532958,2013,0
9031,68.061023,13.5595669999999,2013,0
9032,68.061423,13.560199,2013,0
9033,68.1461139999999,13.470389,2013,0
9034,68.3754809999999,13.969638,2014,1
9035,68.3747249999999,13.968234,2014,1
9036,68.359514,13.9565269999999,2014,1
9037,68.3538659999999,13.841296,2014,0
9038,68.3220029999999,13.720089,2014,0
9039,68.3214629999999,13.7195889999999,2014,0
9040,68.32478,13.705938,2014,0
9041,68.2417439999999,13.519679,2014,0
9042,68.241757,13.518955,2014,0
9043,68.2419069999999,13.518424,2014,0
9044,68.242041,13.5280559999999,2014,0
9045,68.2452779999999,13.529965,2014,0
9046,68.245428,13.529526,2014,0
9047,68.2443449999999,13.562137,2014,0
9048,68.239613,13.567171,2014,0
9049,68.3324269999999,13.7833109999999,2014,0
9050,68.3331409999999,13.783372,2014,0
9051,68.33395,13.785482,2014,0
9052,68.334348,13.786624,2014,0
9053,68.336027,13.781921,2014,0
9054,68.333943,13.763356,2014,0
9055,68.334288,13.763108,2014,0
9056,68.334288,13.722853,2014,0
9057,68.334152,13.723127,2014,0
9058,68.3350109999999,13.723967,2014,0
9059,68.3357189999999,13.721404,2014,0
9060,68.3357819999999,13.7210889999999,2014,0
9061,68.335234,13.714033,2014,0
9062,68.3352409999999,13.7144359999999,2014,0
9063,68.321567,13.6281859999999,2014,0
9064,68.321562,13.627915,2014,0
9065,68.3207239999999,13.6255159999999,2014,0
9066,68.3198689999999,13.6234179999999,2014,0
9067,68.3247889999999,13.649708,2014,0
9068,68.3263479999999,13.6525979999999,2014,0
9069,68.3268609999999,13.651801,2014,0
9070,68.327796,13.65145,2014,0
9071,68.328581,13.651602,2014,0
9072,68.328625,13.651823,2014,0
9073,68.3286099999999,13.652046,2014,0
9074,68.316045,13.603089,2014,0
9075,68.3143309999999,13.5974679999999,2014,0
9076,68.2543299999999,13.4919759999999,2014,0
9077,68.2548989999999,13.490989,2014,0
9078,68.2548199999999,13.4874709999999,2014,0
9079,68.254666,13.487398,2014,0
9080,68.2483189999999,13.505182,2014,0
9081,68.248012,13.503644,2014,0
9082,68.246874,13.50266,2014,0
9083,68.246391,13.501657,2014,0
9084,68.243165,13.588917,2014,0
9085,68.2414069999999,13.564556,2014,0
9086,68.029397,13.387551,2013,0
9087,68.029036,13.387631,2013,0
9088,68.025097,13.352807,2013,0
9089,68.020859,13.334244,2013,0
9090,68.020666,13.334652,2013,0
9091,68.0207,13.3343779999999,2013,0
9092,68.0023149999999,13.290101,2013,0
9093,68.0004129999999,13.2681,2013,0
9094,67.9999739999999,13.26791,2013,0
9095,67.9993429999999,13.268331,2013,0
9096,67.9934389999999,13.1875529999999,2014,0
9097,67.992992,13.187689,2014,0
9098,67.9949519999999,13.2020579999999,2014,0
9099,67.9957739999999,13.20411,2014,0
9100,67.9958259999999,13.20437,2014,0
9101,67.9912989999999,13.210036,2014,0
9102,67.973971,13.185591,2014,0
9103,67.9736479999999,13.185662,2014,0
9104,68.0777429999999,13.024095,2014,0
9105,68.077031,13.023167,2014,0
9106,68.0764489999999,13.0229029999999,2014,0
9107,68.075755,13.0220769999999,2014,0
9108,68.089409,13.062847,2014,0
9109,68.08897,13.0632059999999,2014,0
9110,68.088603,13.0631039999999,2014,0
9111,68.0898009999999,13.0831459999999,2014,0
9112,68.106054,13.071265,2014,0
9113,68.105922,13.0715129999999,2014,0
9114,68.1058709999999,13.0716839999999,2014,0
9115,68.105767,13.070643,2014,0
9116,68.1056009999999,13.069386,2014,0
9117,68.1053459999999,13.0693,2014,0
9118,68.109312,13.071116,2014,0
9119,68.10899,13.070928,2014,0
9120,68.1207699999999,13.040476,2014,0
9121,68.119737,13.040546,2014,0
9122,68.1157489999999,13.1106339999999,2014,0
9123,68.115694,13.109632,2014,0
9124,68.1499479999999,13.052013,2014,0
9125,68.150457,13.050508,2014,0
9126,68.149822,13.047979,2014,0
9127,68.1476859999999,13.112254,2014,0
9128,68.1481969999999,13.112263,2014,0
9129,68.1483,13.111874,2014,0
9130,68.1482429999999,13.111321,2014,0
9131,68.164533,13.1566589999999,2014,0
9132,68.1645749999999,13.162236,2014,0
9133,68.181016,13.154175,2014,0
9134,68.1812999999999,13.156817,2014,0
9135,68.1818279999999,13.15795,2014,0
9136,68.2069699999999,13.237481,2014,0
9137,68.194754,13.295322,2014,0
9138,68.194381,13.295477,2014,0
9139,68.193835,13.294006,2014,0
9140,68.1903389999999,13.316515,2014,0
9141,68.189777,13.31615,2014,0
9142,68.1704189999999,13.32151,2014,0
9143,68.1708179999999,13.32122,2014,0
9144,68.171513,13.320886,2014,0
9145,58.36036,8.75212999999999,2008,0
9146,58.35882,8.73441,2008,0
9147,58.3592099999999,8.74248,2008,0
9148,58.3582899999999,8.73279,2008,0
9149,58.35835,8.73878,2008,0
9150,58.35902,8.75237,2008,0
9151,58.3586699999999,8.74986,2008,0
9152,58.35849,8.75075,2008,0
9153,58.3573099999999,8.73124999999999,2008,0
9154,58.35737,8.73253,2008,0
9155,58.3571299999999,8.73213999999999,2008,0
9156,58.35748,8.73936,2008,0
9157,58.3580699999999,8.75125,2008,0
9158,58.3573799999999,8.74194999999999,2008,0
9159,58.3574699999999,8.74365,2008,0
9160,58.3574699999999,8.74836,2008,0
9161,58.3570199999999,8.74372999999999,2008,0
9162,58.3571499999999,8.74628,2008,0
9163,58.36847,8.74769,2008,0
9164,58.36827,8.74816,2008,0
9165,58.36842,8.75113,2008,0
9166,58.36797,8.75121,2008,0
9167,58.3675599999999,8.75214,2008,0
9168,58.36775,8.75596,2008,0
9169,58.36699,8.74496,2008,0
9170,58.36614,8.74596,2008,0
9171,58.36449,8.74454,2008,0
9172,58.36375,8.73868,2008,0
9173,58.3632199999999,8.73234,2008,0
9174,58.3627699999999,8.73241999999999,2008,0
9175,58.36281,8.73326999999999,2008,0
9176,58.3631,8.73922,2008,0
9177,58.3626099999999,8.73373999999999,2008,0
9178,58.3628799999999,8.73926,2008,0
9179,58.3608199999999,8.73405999999999,2008,0
9180,58.3603,8.73715,2008,0
9181,58.38353,8.76088,2008,0
9182,58.38351,8.76516999999999,2008,0
9183,58.37968,8.76971,2008,0
9184,58.37888,8.75784999999999,2008,0
9185,58.37863,8.75746,2008,0
9186,58.3781699999999,8.75712,2008,0
9187,58.3783499999999,8.76094,2008,0
9188,58.3779699999999,8.76229,2008,0
9189,58.37731,8.75812,2008,0
9190,58.37691,8.75905,2008,0
9191,58.3765199999999,8.76041,2008,0
9192,58.37626,8.7596,2008,0
9193,58.3767,8.76852,2008,0
9194,58.37572,8.76225999999999,2008,0
9195,58.3751299999999,8.76408,2008,0
9196,58.3751099999999,8.76837,2008,0
9197,58.3752199999999,8.7705,2008,0
9198,58.37424,8.76423999999999,2008,0
9199,58.3734699999999,8.76695,2008,0
9200,58.3785099999999,8.75491,2008,0
9201,58.37662,8.7531,2008,0
9202,58.3759999999999,8.74977999999999,2008,0
9203,58.37548,8.75287999999999,2008,0
9204,58.37557,8.75929,2008,0
9205,58.37512,8.75937,2008,0
9206,58.3746099999999,8.75817,2008,0
9207,58.37386,8.75658999999999,2008,0
9208,58.37411,8.76169,2008,0
9209,58.37342,8.76138,2008,0
9210,58.3725,8.75169,2008,0
9211,58.37234,8.75772,2008,0
9212,58.37263,8.76366999999999,2008,0
9213,58.3721999999999,8.75946,2008,0
9214,58.37241,8.76371,2008,0
9215,58.37078,8.75799999999999,2008,0
9216,58.3695099999999,8.75051,2008,0
9217,58.3688599999999,8.74634,2008,0
9218,58.5795,9.073,2005,0
9219,58.5833,9.0672,2005,0
9220,58.5735999999999,9.0534,2005,0
9221,58.5696,9.073,2005,0
9222,58.5717,9.0787,2005,0
9223,58.5718,9.0821,2005,0
9224,58.5754,9.0823,2005,0
9225,58.5762,9.0805,2005,0
9226,58.5812999999999,9.0934,2005,0
9227,58.5666999999999,9.0494,2005,0
9228,58.5632999999999,9.0448,2005,0
9229,58.5790999999999,9.0929,2005,0
9230,58.5816,9.0899,2005,0
9231,58.5803,9.0807,2005,0
9232,58.5814999999999,9.0779,2005,0
9233,58.5797,9.07649999999999,2005,0
9234,58.5721199999999,9.08214,2006,0
9235,58.57218,9.08192,2006,0
9236,58.5722799999999,9.08193999999999,2006,0
9237,58.5670599999999,9.04932999999999,2006,0
9238,58.5670599999999,9.04922,2006,0
9239,58.5670599999999,9.04967,2006,0
9240,58.56271,9.03114,2006,0
9241,58.5626499999999,9.03106,2006,0
9242,58.56262,9.03101,2006,0
9243,58.00945,7.03543,2008,0
9244,58.00878,7.03558,2008,0
9245,58.00831,7.03526,2008,0
9246,58.0056999999999,7.03669,2008,0
9247,58.0048299999999,7.03731,2008,0
9248,58.0043999999999,7.03401,2008,0
9249,58.00376,7.03457,2008,0
9250,58.0130399999999,7.03505,2008,0
9251,58.01279,7.03468,2008,0
9252,58.01281,7.0351,2008,0
9253,57.9982699999999,7.02985,2008,0
9254,57.9965899999999,7.02811,2008,0
9255,57.99508,7.02929,2008,0
9256,57.99483,7.02892,2008,0
9257,57.9934999999999,7.02922,2008,0
9258,57.9930799999999,7.02974,2008,0
9259,57.99195,7.01895,2008,0
9260,57.9919999999999,7.01979,2008,0
9261,57.99203,7.02021,2008,0
9262,58.2137699999999,8.39954,2008,0
9263,58.2075999999999,8.39343,2008,0
9264,58.20488,8.38882,2008,0
9265,58.20468,8.38927999999999,2008,0
9266,58.2038599999999,8.38645,2008,0
9267,58.2028299999999,8.38835,2008,0
9268,58.20136,8.38606,2008,0
9269,58.201,8.38784,2008,0
9270,58.1965399999999,8.39293,2008,0
9271,58.1959999999999,8.39559,2008,0
9272,58.1955999999999,8.39652,2008,0
9273,58.19447,8.38777999999999,2008,0
9274,58.21108,8.41710999999999,2008,0
9275,58.21123,8.42432999999999,2008,0
9276,58.2091399999999,8.41447999999999,2008,0
9277,58.20857,8.42525,2008,0
9278,58.20868,8.42736,2008,0
9279,58.20826,8.4236,2008,0
9280,58.2078899999999,8.42069,2008,0
9281,58.20768,8.42542,2008,0
9282,58.2067699999999,8.42089,2008,0
9283,58.2069899999999,8.42512,2008,0
9284,58.2070799999999,8.42681,2008,0
9285,58.2066999999999,8.42389,2008,0
9286,58.20582,8.41552,2008,0
9287,58.2063199999999,8.42524,2008,0
9288,58.2056299999999,8.42068,2008,0
9289,58.2060099999999,8.42786,2008,0
9290,58.20521,8.41691999999999,2008,0
9291,58.20394,8.41843,2008,0
9292,58.2028099999999,8.41395,2008,0
9293,58.2029599999999,8.41691,2008,0
9294,58.20313,8.42455,2008,0
9295,58.20206,8.40812,2008,0
9296,58.2022699999999,8.42088,2008,0
9297,58.20233,8.42214,2008,0
9298,58.20139,8.40823999999999,2008,0
9299,58.2010999999999,8.40701999999999,2008,0
9300,58.20136,8.41208999999999,2008,0
9301,58.20154,8.41546999999999,2008,0
9302,58.20098,8.40917,2008,0
9303,58.2017299999999,8.42353999999999,2008,0
9304,58.20105,8.4147,2008,0
9305,58.20118,8.41724,2008,0
9306,58.20111,8.42024,2008,0
9307,58.2011699999999,8.42151,2008,0
9308,58.20027,8.40845,2008,0
9309,58.20029,8.40887,2008,0
9310,58.2009699999999,8.42197,2008,0
9311,58.20009,8.40934,2008,0
9312,58.20026,8.42125,2008,0
9313,58.19964,8.41369,2008,0
9314,58.2000999999999,8.42256,2008,0
9315,58.1993999999999,8.4133,2008,0
9316,58.1990199999999,8.41039,2008,0
9317,58.1993,8.41588,2008,0
9318,58.19937,8.41714999999999,2008,0
9319,58.1993399999999,8.42099,2008,0
9320,58.1995,8.42395,2008,0
9321,58.19921,8.42272,2008,0
9322,58.19932,8.42484,2008,0
9323,58.1984599999999,8.41262,2008,0
9324,58.19885,8.42023,2008,0
9325,58.1991599999999,8.42615,2008,0
9326,58.1991999999999,8.42699,2008,0
9327,58.1982799999999,8.41778,2008,0
9328,58.19836,8.41947,2008,0
9329,58.19867,8.42538,2008,0
9330,58.19733,8.40814,2008,0
9331,58.1976799999999,8.41489999999999,2008,0
9332,58.19818,8.42462,2008,0
9333,58.19745,8.41494,2008,0
9334,58.19745,8.42348,2008,0
9335,58.1967399999999,8.41849,2008,0
9336,58.19605,8.40966,2008,0
9337,58.19614,8.41135,2008,0
9338,58.1962899999999,8.41857,2008,0
9339,58.19594,8.41607999999999,2008,0
9340,58.1961099999999,8.41946,2008,0
9341,58.19576,8.41696999999999,2008,0
9342,58.1959299999999,8.42460999999999,2008,0
9343,58.1950799999999,8.42136,2008,0
9344,58.19411,8.4113,2008,0
9345,58.19389,8.41560999999999,2008,0
9346,58.19357,8.41395999999999,2008,0
9347,58.19315,8.41446,2008,0
9348,58.1935,8.42122,2008,0
9349,58.1927,8.41455,2008,0
9350,58.1916799999999,8.41217999999999,2008,0
9351,58.1918799999999,8.41597999999999,2008,0
9352,58.19212,8.42062999999999,2008,0
9353,58.19218,8.42188999999999,2008,0
9354,58.06631,8.03414,2008,0
9355,58.0657599999999,8.0283,2008,0
9356,58.0650699999999,8.02801,2008,0
9357,58.0645099999999,8.03832,2008,0
9358,58.0626299999999,8.03698999999999,2008,0
9359,58.0621,8.03964,2008,0
9360,58.0619999999999,8.04179,2008,0
9361,58.06141,8.03935,2008,0
9362,58.05883,7.9965,2008,0
9363,58.0588699999999,8.00542,2008,0
9364,58.0607499999999,8.04373,2008,0
9365,58.05785,7.99924,2008,0
9366,58.05875,8.02372,2008,0
9367,58.0598099999999,8.04306,2008,0
9368,58.0579699999999,8.02175,2008,0
9369,58.05809,8.0281,2008,0
9370,58.05586,7.99581,2008,0
9371,58.05821,8.04252999999999,2008,0
9372,58.0551,7.99426,2008,0
9373,58.0563,8.0242,2008,0
9374,58.0566499999999,8.03051,2008,0
9375,58.0557,8.02558999999999,2008,0
9376,58.05472,8.01601,2008,0
9377,58.0545899999999,8.02581,2008,0
9378,58.05492,8.03594,2008,0
9379,58.05359,8.02004999999999,2008,0
9380,58.0546999999999,8.04024,2008,0
9381,58.0535799999999,8.02388,2008,0
9382,58.0532899999999,8.02266,2008,0
9383,58.0533599999999,8.02393,2008,0
9384,58.05304,8.02229,2008,0
9385,58.05313,8.02397,2008,0
9386,58.0527599999999,8.02957,2008,0
9387,58.0529,8.03209,2008,0
9388,58.05172,8.01872,2008,0
9389,58.05228,8.03306,2008,0
9390,58.05129,8.01923,2008,0
9391,58.0510499999999,8.01885,2008,0
9392,58.0494399999999,8.01831999999999,2008,0
9393,58.0482299999999,8.01685999999999,2008,0
9394,58.04636,8.00745,2008,0
9395,58.04627,8.01384,2008,0
9396,58.0454799999999,8.01995,2008,0
9397,64.609921,10.8992229999999,2007,0
9398,64.6113469999999,10.95448,2007,0
9399,64.608348,10.94533,2007,0
9400,64.609109,10.9462329999999,2007,0
9401,64.6191419999999,10.925318,2007,0
9402,64.607144,10.9847459999999,2007,0
9403,64.60423,10.991305,2007,0
9404,64.607178,10.97865,2007,0
9405,64.607414,10.984793,2007,0
9406,64.605799,10.993083,2007,0
9407,64.607652,10.8351299999999,2007,0
9408,64.6065969999999,10.961988,2007,0
9409,64.600733,10.998908,2007,0
9410,64.6007489999999,10.998521,2007,0
9411,64.6007149999999,10.9982609999999,2007,0
9412,64.598324,10.9982019999999,2007,0
9413,64.5981079999999,10.998089,2007,0
9414,64.602795,10.936697,2007,0
9415,64.608918,10.934275,2007,0
9416,64.609284,10.933942,2007,0
9417,64.6103679999999,10.9389869999999,2007,0
9418,64.6104739999999,10.9390839999999,2007,0
9419,64.5635199999999,10.79454,2008,0
9420,64.5636899999999,10.79505,2008,0
9421,64.5598099999999,10.79425,2008,0
9422,64.55911,10.7961899999999,2008,0
9423,64.55928,10.7970799999999,2008,0
9424,64.55955,10.79763,2008,0
9425,64.55941,10.79485,2008,0
9426,64.5593999999999,10.79519,2008,0
9427,64.5591399999999,10.7953399999999,2008,0
9428,64.55897,10.79552,2008,0
9429,64.55915,10.79583,2008,0
9430,64.55932,10.79603,2008,0
9431,64.55956,10.79632,2008,0
9432,64.5496399999999,10.7759,2008,0
9433,64.54967,10.7761099999999,2008,0
9434,64.5494999999999,10.7757799999999,2008,0
9435,64.54934,10.77558,2008,0
9436,64.5012499999999,10.6529399999999,2008,0
9437,64.5013299999999,10.65187,2008,0
9438,64.50221,10.6500299999999,2008,0
9439,64.5067899999999,10.6507299999999,2008,0
9440,64.50686,10.6510099999999,2008,0
9441,64.5077299999999,10.65006,2008,0
9442,64.5086799999999,10.64474,2008,0
9443,64.50866,10.6456599999999,2008,0
9444,64.50758,10.64794,2008,0
9445,64.5063899999999,10.64256,2008,0
9446,64.50575,10.64122,2008,0
9447,64.5194599999999,10.62146,2008,0
9448,64.51934,10.62118,2008,0
9449,70.9433789999999,25.6218879999999,2016,1
9450,71.121492,25.366512,2016,1
9451,71.1232849999999,25.370978,2016,1
9452,71.1234209999999,25.376663,2016,1
9453,70.9440759999999,25.633395,2016,1
9454,70.946837,25.632808,2016,1
9455,71.1113699999999,25.3688159999999,2016,1
9456,70.9439189999999,25.636092,2016,1
9457,71.125731,25.380004,2016,1
9458,71.107551,25.432663,2016,1
9459,71.1150679999999,25.3595739999999,2016,1
9460,70.956961,26.616762,2016,1
9461,71.116089,25.3818559999999,2016,1
9462,71.104101,25.413287,2016,1
9463,70.9472719999999,25.5029819999999,2016,1
9464,70.9381309999999,25.6183459999999,2016,1
9465,71.1140369999999,25.377953,2016,1
9466,71.105395,25.410477,2016,1
9467,71.109937,25.4346469999999,2016,1
9468,71.1288389999999,25.3893859999999,2016,1
9469,71.1058649999999,25.414234,2016,1
9470,71.106188,25.384269,2016,1
9471,71.1164449999999,25.387656,2016,1
9472,71.108401,25.3812479999999,2016,1
9473,71.115042,25.372181,2016,1
9474,71.106267,25.431272,2016,1
9475,71.1148599999999,25.371382,2016,1
9476,71.1075689999999,25.3920169999999,2016,1
9477,70.9377539999999,25.620923,2016,1
9478,70.939321,25.62525,2016,1
9479,71.1112779999999,25.4430809999999,2016,1
9480,70.9364209999999,25.6125529999999,2016,1
9481,71.107657,25.4025779999999,2016,1
9482,71.112037,25.4336729999999,2016,1
9483,70.936744,25.6148139999999,2016,1
9484,70.9470989999999,25.620429,2016,1
9485,70.935308,25.604303,2016,1
9486,71.12049,25.38842,2016,1
9487,71.107628,25.399058,2016,1
9488,71.108613,25.385567,2016,1
9489,71.1133499999999,25.422459,2016,1
9490,71.110465,25.4293219999999,2016,1
9491,70.968243,26.6472219999999,2016,1
9492,70.9466879999999,25.5012779999999,2016,1
9493,71.128197,25.396761,2016,1
9494,71.1116339999999,25.432755,2016,1
9495,71.123146,25.401769,2016,1
9496,71.119916,25.4308979999999,2016,1
9497,71.121841,25.441053,2016,1
9498,71.1169929999999,25.4061829999999,2016,1
9499,71.1258299999999,25.402507,2016,1
9500,71.1147679999999,25.397276,2016,1
9501,71.108587,25.414292,2016,1
9502,70.970797,26.6536359999999,2016,1
9503,71.118814,25.430305,2016,1
9504,71.1226949999999,25.438005,2016,1
9505,70.962519,26.661956,2016,1
9506,70.961668,26.650278,2016,1
9507,70.963649,26.654952,2016,1
9508,70.9578269999999,26.6354219999999,2016,1
9509,70.955089,26.6247189999999,2016,1
9510,71.119742,25.442027,2016,1
9511,71.121679,25.431847,2016,1
9512,70.969453,26.664007,2016,1
9513,70.970819,26.667618,2016,1
9514,71.1049139999999,25.394801,2016,1
9515,70.9550639999999,26.610748,2016,1
9516,70.967943,26.651931,2016,1
9517,70.9681199999999,26.652735,2016,1
9518,71.12211,25.436288,2016,1
9519,70.9718199999999,26.6626289999999,2016,1
9520,71.1130129999999,25.4405089999999,2016,1
9521,70.9637859999999,26.631297,2016,1
9522,71.1212,25.400023,2016,1
9523,70.9684189999999,26.648026,2016,1
9524,70.9461759999999,25.632449,2016,1
9525,70.943948,25.627761,2016,1
9526,70.946318,25.633917,2016,1
9527,70.9437379999999,25.6665969999999,2016,1
9528,70.9437779999999,25.6659229999999,2016,1
9529,70.964094,26.658708,2016,1
9530,70.9677769999999,26.658117,2016,1
9531,70.965405,26.656001,2016,1
9532,70.944928,25.642204,2016,1
9533,70.9476149999999,25.631143,2016,1
9534,70.944179,25.666837,2016,1
9535,70.9453299999999,25.643118,2016,1
9536,70.943464,25.640018,2016,1
9537,70.943365,25.626054,2016,1
9538,70.942132,25.631643,2016,1
9539,70.948564,25.622615,2016,1
9540,70.9430339999999,25.647434,2016,1
9541,70.956467,26.610187,2016,1
9542,70.9577239999999,26.6262879999999,2016,1
9543,70.960913,26.619114,2016,1
9544,70.9699889999999,26.669915,2016,1
9545,70.9438609999999,25.652753,2016,1
9546,70.939424,25.627392,2016,1
9547,70.943391,25.660844,2016,1
9548,70.960858,26.6379279999999,2016,1
9549,70.9568929999999,26.603463,2016,1
9550,70.9603639999999,26.6313509999999,2016,1
9551,70.9618219999999,26.6371059999999,2016,1
9552,70.961864,26.636434,2016,1
9553,70.959035,26.62358,2016,1
9554,70.963943,26.646749,2016,1
9555,70.9608149999999,26.6386,2016,1
9556,70.963755,26.6389579999999,2016,1
9557,70.963615,26.633987,2016,1
9558,70.969362,26.6618579999999,2016,1
9559,70.95976,26.612147,2016,1
9560,70.965035,26.64391,2016,1
9561,70.960425,26.616032,2016,1
9562,70.9709419999999,26.6621039999999,2016,1
9563,70.9690949999999,26.658904,2016,1
9564,70.964584,26.6366599999999,2016,1
9565,71.121785,25.40174,2016,1
9566,70.96759,26.650323,2016,1
9567,70.945856,25.6183629999999,2016,1
9568,70.9441889999999,25.643194,2016,1
9569,70.943009,25.643943,2016,1
9570,70.9436699999999,25.644303,2016,1
9571,71.1071199999999,25.4121039999999,2016,1
9572,70.941006,25.627555,2016,1
9573,70.941702,25.63906,2016,1
9574,70.940928,25.628903,2016,1
9575,70.944804,25.624748,2016,1
9576,70.9469679999999,25.626618,2016,1
9577,70.94011,25.6312409999999,2016,1
9578,70.942456,25.665203,2016,1
9579,70.945245,25.624987,2016,1
9580,70.939993,25.633264,2016,1
9581,70.9487589999999,25.619242,2016,1
9582,70.9660779999999,26.6382489999999,2016,1
9583,70.9375979999999,25.6236199999999,2016,1
9584,70.941854,25.648184,2016,1
9585,70.9664489999999,26.650341,2016,1
9586,70.9623339999999,26.6290349999999,2016,1
9587,70.9645419999999,26.637333,2016,1
9588,70.962151,26.624738,2016,1
9589,70.9633829999999,26.626868,2016,1
9590,69.856575,30.318071,2017,1
9591,69.8538439999999,30.321076,2017,1
9592,69.852496,30.324366,2017,1
9593,69.852027,30.320159,2017,1
9594,69.851819,30.316609,2017,1
9595,69.8527509999999,30.302934,2017,1
9596,69.8514119999999,30.303937,2017,1
9597,69.8506959999999,30.299216,2017,1
9598,69.850603,30.298278,2017,1
9599,69.8482499999999,30.298698,2017,1
9600,69.849292,30.290676,2017,1
9601,69.8478709999999,30.29172,2017,1
9602,69.848343,30.298817,2017,1
9603,69.8427329999999,30.315594,2017,1
9604,69.8451469999999,30.3331,2017,1
9605,69.8485529999999,30.35482,2017,1
9606,69.850738,30.3507819999999,2017,1
9607,69.8490829999999,30.3454179999999,2017,1
9608,69.8489639999999,30.344111,2017,1
9609,69.8529889999999,30.334899,2017,1
9610,69.854263,30.3332529999999,2017,1
9611,69.844412,30.370688,2017,1
9612,69.886464,30.086914,2017,1
9613,69.886971,30.087401,2017,1
9614,69.8872829999999,30.0875829999999,2017,1
9615,69.8070629999999,30.6984719999999,2017,1
9616,69.8066859999999,30.6979499999999,2017,1
9617,69.805952,30.7014549999999,2017,1
9618,69.803583,30.701832,2017,1
9619,69.8069749999999,30.705207,2017,1
9620,69.8110329999999,30.721163,2017,1
9621,69.8095849999999,30.72424,2017,1
9622,69.80825,30.727173,2017,1
9623,69.8020329999999,30.7289369999999,2017,1
9624,69.8008849999999,30.7298499999999,2017,1
9625,69.8057469999999,30.730649,2017,1
9626,69.806852,30.7412139999999,2017,1
9627,69.805378,30.747056,2017,1
9628,69.805254,30.7529469999999,2017,1
9629,69.8038209999999,30.743849,2017,1
9630,69.7875389999999,30.714669,2017,1
9631,69.7857549999999,30.734714,2017,1
9632,69.845893,30.364127,2017,1
9633,69.805407,30.7307419999999,2017,1
9634,69.7886859999999,30.73977,2017,1
9635,69.8696319999999,30.3229219999999,2017,1
9636,69.8524769999999,30.3138669999999,2017,1
9637,69.8524319999999,30.3117659999999,2017,1
9638,69.843939,30.3404139999999,2017,1
9639,69.806483,30.7116429999999,2017,1
9640,69.8471959999999,30.353386,2017,1
9641,69.8508489999999,30.3607489999999,2017,1
9642,69.844621,30.371091,2017,1
9643,69.84451,30.3708139999999,2017,1
9644,69.8048959999999,30.745148,2017,1
9645,69.865683,30.33772,2017,1
9646,69.8658609999999,30.338533,2017,1
9647,69.8680939999999,30.334799,2017,1
9648,69.8695309999999,30.3224559999999,2017,1
9649,69.858264,30.326063,2017,1
9650,69.8575759999999,30.3248339999999,2017,1
9651,69.8535499999999,30.3121079999999,2017,1
9652,69.843663,30.337461,2017,1
9653,69.8440329999999,30.340896,2017,1
9654,69.845071,30.342651,2017,1
9655,69.845431,30.344382,2017,1
9656,69.845837,30.347856,2017,1
9657,69.845837,30.364666,2017,1
9658,69.8454569999999,30.368224,2017,1
9659,69.8581829999999,30.326293,2017,1
9660,69.8588969999999,30.3250029999999,2017,1
9661,69.860104,30.327293,2017,1
9662,69.8608519999999,30.326823,2017,1
9663,69.8033429999999,30.7084259999999,2017,1
9664,69.8035299999999,30.7374709999999,2017,1
9665,69.803768,30.736726,2017,1
9666,69.7885299999999,30.739383,2017,1
9667,69.791396,30.75853,2017,1
9668,69.794482,30.761372,2017,1
9669,69.8093169999999,30.714129,2017,1
9670,69.797082,30.735595,2017,1
9671,69.8110159999999,30.7128429999999,2017,1
9672,69.794859,30.764824,2017,1
9673,69.868464,30.334553,2017,1
9674,69.8564609999999,30.3183049999999,2017,1
9675,69.8045869999999,30.705126,2017,1
9676,69.805548,30.705537,2017,1
9677,69.8056279999999,30.7076759999999,2017,1
9678,69.8077179999999,30.7159769999999,2017,1
9679,69.8050549999999,30.7200139999999,2017,1
9680,69.7911529999999,30.7236909999999,2017,1
9681,69.797048,30.7665399999999,2017,1
9682,69.7945409999999,30.756215,2017,1
9683,69.803224,30.703669,2017,1
9684,69.80444,30.7273369999999,2017,1
9685,69.7873359999999,30.720886,2017,1
9686,69.78968,30.7400659999999,2017,1
9687,69.802587,30.7412959999999,2017,1
9688,69.8046619999999,30.705676,2017,1
9689,69.8068119999999,30.7182679999999,2017,1
9690,69.7812689999999,30.0528219999999,2017,1
9691,69.786726,30.740103,2017,1
9692,69.868482,30.337774,2017,1
9693,69.8689949999999,30.33663,2017,1
9694,69.8675209999999,30.340311,2017,1
9695,69.855303,30.336717,2017,1
9696,69.854658,30.341842,2017,1
9697,69.8554139999999,30.3428159999999,2017,1
9698,69.8564319999999,30.339347,2017,1
9699,69.857129,30.3333359999999,2017,1
9700,69.857776,30.339424,2017,1
9701,69.85705,30.347694,2017,1
9702,69.8554409999999,30.351227,2017,1
9703,69.8582949999999,30.3530839999999,2017,1
9704,69.853662,30.132584,2017,1
9705,69.868639,30.335483,2017,1
9706,69.8473529999999,30.3607809999999,2017,1
9707,69.8606079999999,30.326675,2017,1
9708,69.853784,30.132646,2017,1
9709,69.85629,30.14092,2017,1
9710,69.660221,29.5210159999999,2017,1
9711,69.660283,29.52083,2017,1
9712,69.6603759999999,29.52036,2017,1
9713,69.660599,29.519175,2017,1
9714,69.66104,29.518397,2017,1
9715,69.661044,29.5183089999999,2017,1
9716,69.6610199999999,29.518197,2017,1
9717,69.6607589999999,29.517658,2017,1
9718,69.660683,29.517478,2017,1
9719,69.660656,29.517486,2017,1
9720,69.6606029999999,29.517292,2017,1
9721,69.6604159999999,29.5168609999999,2017,1
9722,69.6605229999999,29.51651,2017,1
9723,69.660255,29.51621,2017,1
9724,69.660233,29.516365,2017,1
9725,69.660255,29.516459,2017,1
9726,69.6602589999999,29.5165329999999,2017,1
9727,69.660245,29.516642,2017,1
9728,69.660199,29.516618,2017,1
9729,69.6602089999999,29.516145,2017,1
9730,69.6601849999999,29.515612,2017,1
9731,69.6601419999999,29.515307,2017,1
9732,69.660081,29.515062,2017,1
9733,69.6600909999999,29.514969,2017,1
9734,69.6600289999999,29.5145899999999,2017,1
9735,69.6598919999999,29.5141999999999,2017,1
9736,69.6601639999999,29.5135749999999,2017,1
9737,69.659818,29.513002,2017,1
9738,69.6598039999999,29.5129449999999,2017,1
9739,69.659717,29.510798,2017,1
9740,69.659789,29.5071149999999,2017,1
9741,69.659232,29.506214,2017,1
9742,69.658676,29.50643,2017,1
9743,69.657841,29.506155,2017,1
9744,69.6585259999999,29.503577,2017,1
9745,69.659745,29.501493,2017,1
9746,69.6603479999999,29.5037729999999,2017,1
9747,69.660751,29.5043669999999,2017,1
9748,69.6599609999999,29.506325,2017,1
9749,69.6592559999999,29.508749,2017,1
9750,69.659012,29.510508,2017,1
9751,69.658769,29.513472,2017,1
9752,69.658766,29.51604,2017,1
9753,69.659422,29.5206,2017,1
9754,60.6016669999999,4.95155,2009,0
9755,60.582917,4.977233,2009,0
9756,60.5810499999999,4.979183,2009,0
9757,60.5793,4.981667,2009,0
9758,60.576,4.975517,2009,0
9759,60.5766169999999,4.9882,2009,0
9760,60.5737829999999,4.979233,2009,0
9761,60.573517,4.978533,2009,0
9762,60.5723169999999,4.9718,2009,0
9763,60.572783,4.980133,2009,0
9764,60.5720499999999,4.976167,2009,0
9765,60.5716669999999,4.984617,2009,0
9766,60.5707669999999,4.977883,2009,0
9767,60.570717,4.987033,2009,0
9768,60.5697329999999,4.982233,2009,0
9769,60.569583,4.9827,2009,0
9770,60.568283,4.982683,2009,0
9771,60.6010169999999,4.950167,2009,0
9772,60.600633,4.949433,2009,0
9773,60.599817,4.95525,2009,0
9774,60.597467,4.949517,2009,0
9775,60.5977999999999,4.9577,2009,0
9776,60.5943169999999,4.958183,2009,0
9777,60.578733,4.965483,2009,0
9778,60.5782329999999,4.964783,2009,0
9779,60.574333,4.96265,2009,0
9780,60.57235,4.956467,2009,0
9781,60.57245,4.960117,2009,0
9782,60.5718499999999,4.958483,2009,0
9783,60.5710169999999,4.987083,2009,0
9784,60.570283,4.9821,2009,0
9785,60.570033,4.98325,2009,0
9786,60.5954169999999,4.957717,2009,0
9787,60.5740669999999,4.961417,2009,0
9788,60.5953829999999,4.9482,2009,0
9789,60.59485,4.945683,2009,0
9790,60.594867,4.94625,2009,0
9791,60.59465,4.948833,2009,0
9792,60.594583,4.952167,2009,0
9793,60.593583,4.945233,2009,0
9794,60.5938829999999,4.9525,2009,0
9795,60.5939169999999,4.95825,2009,0
9796,60.5936,4.955917,2009,0
9797,60.5916169999999,4.945533,2009,0
9798,60.588383,4.925267,2009,0
9799,60.5897999999999,4.947383,2009,0
9800,60.58865,4.951283,2009,0
9801,60.588917,4.95345,2009,0
9802,60.5877169999999,4.9409,2009,0
9803,60.588033,4.943867,2009,0
9804,60.587833,4.95725,2009,0
9805,60.5859669999999,4.93785,2009,0
9806,60.588,4.965717,2009,0
9807,60.588017,4.9657,2009,0
9808,60.5864169999999,4.947867,2009,0
9809,60.586917,4.95445,2009,0
9810,60.5868669999999,4.960783,2009,0
9811,60.5861829999999,4.9531,2009,0
9812,60.583933,4.937617,2009,0
9813,60.584383,4.9454,2009,0
9814,60.584083,4.942867,2009,0
9815,60.5836329999999,4.953383,2009,0
9816,60.5818999999999,4.937917,2009,0
9817,60.583367,4.9591,2009,0
9818,60.58225,4.945583,2009,0
9819,60.5823499999999,4.947367,2009,0
9820,60.5827829999999,4.953817,2009,0
9821,60.5816999999999,4.945533,2009,0
9822,60.5797,4.93115,2009,0
9823,60.581,4.952567,2009,0
9824,60.581383,4.9671,2009,0
9825,60.5789669999999,4.952117,2009,0
9826,60.572167,4.942017,2009,0
9827,60.57,4.946217,2009,0
9828,60.5681999999999,4.945283,2009,0
9829,60.5675,4.945167,2009,0
9830,60.592917,4.956067,2009,0
9831,60.590383,4.944583,2009,0
9832,60.585683,4.962,2009,0
9833,60.58465,4.9677,2009,0
9834,60.579883,4.929617,2009,0
9835,60.3863199999999,4.93198,2009,0
9836,60.38617,4.93294,2009,0
9837,60.3836,4.93191,2009,0
9838,60.37764,4.9132,2009,0
9839,60.37688,4.92395,2009,0
9840,60.3745499999999,4.92605,2009,0
9841,60.3713699999999,4.92293,2009,0
9842,60.37156,4.93429,2009,0
9843,60.37066,4.92544,2009,0
9844,60.3704699999999,4.92595,2009,0
9845,60.3699,4.93618,2009,0
9846,60.36818,4.92849,2009,0
9847,60.36704,4.92839,2009,0
9848,60.36404,4.91288,2009,0
9849,60.365,4.93131,2009,0
9850,60.36524,4.93444,2009,0
9851,60.3635799999999,4.91576,2009,0
9852,60.3639799999999,4.92386,2009,0
9853,60.36307,4.92095,2009,0
9854,60.36093,4.91065,2009,0
9855,60.3611,4.91288,2009,0
9856,60.3587899999999,4.91224,2009,0
9857,60.35862,4.92782,2009,0
9858,60.35721,4.91821,2009,0
9859,60.35558,4.92055,2009,0
9860,60.388367,4.944117,2010,0
9861,60.3831169999999,4.9613,2010,0
9862,60.38105,4.9606,2010,0
9863,60.379333,4.9474,2010,0
9864,60.3746999999999,4.948883,2010,0
9865,60.3749329999999,4.963367,2010,0
9866,60.3727,4.952217,2010,0
9867,60.3695,4.952533,2010,0
9868,60.369967,4.975467,2010,0
9869,60.3633669999999,4.954183,2010,0
9870,60.36305,4.962067,2010,0
9871,60.361983,4.956917,2010,0
9872,60.3792169999999,4.433733,2010,0
9873,60.362833,4.9411,2010,0
9874,63.0986699999999,7.72073,2017,0
9875,63.10065,7.71526,2017,0
9876,63.01614,7.82576,2017,0
9877,63.01464,7.79636,2017,0
9878,63.01787,7.81541,2017,0
9879,63.01934,7.80016,2017,0
9880,63.0252899999999,7.82846,2017,0
9881,63.0499,7.69323,2017,0
9882,63.08704,7.71371,2017,0
9883,63.02009,7.81486,2017,0
9884,63.0250399999999,7.82356,2017,0
9885,63.0637699999999,7.69967,2017,0
9886,63.06548,7.6893,2017,0
9887,63.08755,7.72353,2017,0
9888,63.09053,7.7377,2017,0
9889,63.02232,7.81431,2017,0
9890,63.0365499999999,7.69659,2017,0
9891,63.0848099999999,7.71427,2017,0
9892,63.01241,7.79692,2017,0
9893,63.09225,7.72732,2017,0
9894,63.02752,7.82791,2017,0
9895,63.09028,7.73279,2017,0
9896,63.45452,8.94059,2008,0
9897,63.45438,8.94023,2008,0
9898,63.45465,8.94079,2008,0
9899,63.36988,10.08357,2009,0
9900,63.35687,10.1050799999999,2009,0
9901,63.45217,10.38297,2009,0
9902,63.4523799999999,10.38301,2009,0
9903,63.4491299999999,10.3852499999999,2009,0
9904,63.45006,10.38484,2009,0
9905,63.4502499999999,10.38446,2009,0
9906,63.4528899999999,10.46346,2009,0
9907,63.4396199999999,10.50085,2009,0
9908,63.43276,10.5227,2009,0
9909,63.435,10.5185099999999,2009,0
9910,63.4317899999999,10.5580599999999,2009,0
9911,63.43267,10.55752,2009,0
9912,63.4330799999999,10.5573099999999,2009,0
9913,63.4271499999999,10.1382499999999,2010,0
9914,63.42645,10.1382999999999,2010,0
9915,63.4258669999999,10.1384329999999,2010,0
9916,63.425783,10.135583,2010,0
9917,63.42555,10.13555,2010,0
9918,63.424833,10.12475,2010,0
9919,63.4246169999999,10.1144,2010,0
9920,63.4192499999999,10.0995,2010,0
9921,63.4160329999999,10.0907,2010,0
9922,63.4353669999999,10.7310669999999,2010,0
9923,63.434683,10.7334,2010,0
9924,63.435167,10.7313829999999,2010,0
9925,63.4350829999999,10.730817,2010,0
9926,63.434933,10.730733,2010,0
9927,63.435133,10.730233,2010,0
9928,63.4352999999999,10.730567,2010,0
9929,63.4356,10.7054329999999,2010,0
9930,63.4356829999999,10.703733,2010,0
9931,63.436083,10.700167,2010,0
9932,63.4370169999999,10.69565,2010,0
9933,63.4378669999999,10.6894829999999,2010,0
9934,63.439933,10.681817,2010,0
9935,63.43985,10.6818329999999,2010,0
9936,63.45937,10.8960899999999,2009,0
9937,63.4950329999999,10.769717,2010,0
9938,63.494933,10.769133,2010,0
9939,63.4894329999999,10.772,2010,0
9940,63.4866999999999,10.772917,2010,0
9941,63.4861999999999,10.772683,2010,0
9942,63.484133,10.7736,2010,0
9943,58.767837,5.44638,2013,0
9944,58.768135,5.446287,2013,0
9945,58.7687979999999,5.446139,2013,0
9946,58.7692649999999,5.446085,2013,0
9947,58.770432,5.446,2013,0
9948,58.772964,5.445739,2013,0
9949,58.7735199999999,5.445577,2013,0
9950,58.7738039999999,5.445445,2013,0
9951,58.775072,5.445269,2013,0
9952,58.7764299999999,5.444853,2013,0
9953,58.770558,5.442231,2013,0
9954,58.770974,5.442111,2013,0
9955,58.7713699999999,5.442053,2013,0
9956,58.771813,5.441884,2013,0
9957,58.7722559999999,5.441711,2013,0
9958,58.7693859999999,5.450813,2013,0
9959,58.7696109999999,5.450758,2013,0
9960,58.7699509999999,5.450727,2013,0
9961,58.770183,5.450676,2013,0
9962,58.770349,5.450662,2013,0
9963,58.770553,5.450639,2013,0
9964,58.7707479999999,5.450628,2013,0
9965,58.7709819999999,5.450594,2013,0
9966,58.771213,5.450547,2013,0
9967,58.7714969999999,5.450474,2013,0
9968,58.771763,5.450424,2013,0
9969,58.7720229999999,5.450426,2013,0
9970,58.7722419999999,5.450418,2013,0
9971,58.7724219999999,5.45038,2013,0
9972,58.8179579999999,5.525397,2013,0
9973,58.8181299999999,5.525422,2013,0
9974,58.818325,5.525398,2013,0
9975,58.818539,5.525414,2013,0
9976,58.818744,5.525415,2013,0
9977,58.818941,5.525452,2013,0
9978,58.819226,5.52547,2013,0
9979,58.8193959999999,5.52552,2013,0
9980,58.767183,5.440011,2013,0
9981,58.7689329999999,5.442008,2013,0
9982,58.768152,5.435562,2013,0
9983,58.7687069999999,5.432751,2013,0
9984,58.7716199999999,5.433521,2013,0
9985,58.7719749999999,5.433514,2013,0
9986,58.7716089999999,5.433358,2013,0
9987,58.774214,5.438697,2013,0
9988,58.7744399999999,5.438921,2013,0
9989,58.7746119999999,5.439123,2013,0
9990,59.1660759999999,5.417509,2012,0
9991,59.1607989999999,5.42252,2012,0
9992,59.161495,5.422764,2012,0
9993,59.168858,5.415403,2012,0
9994,59.1601349999999,5.422707,2012,0
9995,59.160702,5.421227,2012,0
9996,59.165188,5.414679,2012,0
9997,59.166426,5.419171,2012,0
9998,59.159807,5.412237,2012,0
9999,59.160432,5.405458,2012,0
10000,59.163131,5.414379,2012,0
10001,59.15964,5.403922,2012,0
10002,59.164594,5.421889,2012,0
10003,59.1604999999999,5.4094,2012,0
10004,59.161357,5.411799,2012,0
10005,59.159685,5.416672,2012,0
10006,59.16051,5.41864,2012,0
10007,59.1639589999999,5.419428,2012,0
10008,59.160082,5.403797,2012,0
10009,59.161363,5.417959,2012,0
10010,59.1631339999999,5.417459,2012,0
10011,59.1631989999999,5.418322,2012,0
10012,59.1947169999999,5.394273,2012,0
10013,59.19657,5.394241,2012,0
10014,59.185437,5.403819,2012,0
10015,59.216492,5.384507,2012,0
10016,59.2164969999999,5.384509,2012,0
10017,59.19462,5.394428,2012,0
10018,59.1587549999999,5.726687,2011,0
10019,59.158183,5.726983,2011,0
10020,59.175279,5.773025,2011,0
10021,59.172674,5.771818,2011,0
10022,59.1470679999999,5.777944,2011,0
10023,59.270743,5.85116,2012,0
10024,59.207801,5.805015,2012,0
10025,59.149537,5.847835,2012,0
10026,59.159373,5.859772,2012,0
10027,59.184333,5.803737,2012,0
10028,59.1598249999999,5.725985,2012,0
10029,59.1672659999999,5.733653,2012,0
10030,59.1674519999999,5.733538,2012,0
10031,59.166991,5.734478,2012,0
10032,59.1666529999999,5.735521,2012,0
10033,59.1671679999999,5.738242,2012,0
10034,59.16765,5.73842,2012,0
10035,59.168222,5.738926,2012,0
10036,59.1686789999999,5.7451,2012,0
10037,59.1775799999999,5.773146,2012,0
10038,59.1760919999999,5.780344,2012,0
10039,59.1760939999999,5.780018,2012,0
10040,59.173496,5.785592,2012,0
10041,59.1705279999999,5.790511,2012,0
10042,59.1705699999999,5.790218,2012,0
10043,59.16749,5.798906,2012,0
10044,59.1676829999999,5.798588,2012,0
10045,59.2017669999999,5.832142,2012,0
10046,59.201635,5.832282,2012,0
10047,59.201529,5.832203,2012,0
10048,59.2008599999999,5.835876,2012,0
10049,59.193578,5.848306,2012,0
10050,59.1919729999999,5.851434,2012,0
10051,59.191842,5.851221,2012,0
10052,59.187275,5.869114,2012,0
10053,59.1872139999999,5.868924,2012,0
10054,59.232041,5.85707,2012,0
10055,59.234482,5.858399,2012,0
10056,59.2346459999999,5.858262,2012,0
10057,59.235917,5.849415,2012,0
10058,59.241103,5.811149,2012,0
10059,59.238976,5.808087,2012,0
10060,59.239091,5.809009,2012,0
10061,59.238852,5.805982,2012,0
10062,59.233201,5.799244,2012,0
10063,59.2355609999999,5.827075,2012,0
10064,59.2357119999999,5.827195,2012,0
10065,59.232579,5.838569,2012,0
10066,59.2333179999999,5.840432,2012,0
10067,59.2332839999999,5.840791,2012,0
10068,59.226562,5.931042,2012,0
10069,59.22672,5.930935,2012,0
10070,59.2259889999999,5.938336,2012,0
10071,59.2085549999999,5.951973,2012,0
10072,59.2079629999999,5.952425,2012,0
10073,59.134165,5.949858,2012,0
10074,59.1344759999999,5.949538,2012,0
10075,59.1334749999999,5.948538,2012,0
10076,59.1573259999999,5.730244,2012,0
10077,59.158256,5.729263,2012,0
10078,59.158465,5.729254,2012,0
10079,59.158633,5.729068,2012,0
10080,59.159824,5.725989,2012,0
10081,59.1585869999999,5.721719,2012,0
10082,59.158571,5.722108,2012,0
10083,59.1588849999999,5.722245,2012,0
10084,59.1592229999999,5.721539,2012,0
10085,59.167109,5.733496,2012,0
10086,59.167144,5.733627,2012,0
10087,59.169319,5.738246,2012,0
10088,59.169572,5.738376,2012,0
10089,59.168443,5.745035,2012,0
10090,59.176617,5.772849,2012,0
10091,59.1770259999999,5.773061,2012,0
10092,59.177211,5.772951,2012,0
10093,59.17728,5.779535,2012,0
10094,59.1771859999999,5.779545,2012,0
10095,59.1793509999999,5.801961,2012,0
10096,59.179448,5.802276,2012,0
10097,59.179574,5.802424,2012,0
10098,59.2014149999999,5.831723,2012,0
10099,59.201391,5.833002,2012,0
10100,59.1866879999999,5.875478,2012,0
10101,59.176454,5.879614,2012,0
10102,59.2356959999999,5.847866,2012,0
10103,59.238978,5.806479,2012,0
10104,59.238846,5.805032,2012,0
10105,59.235115,5.796381,2012,0
10106,59.235435,5.79613,2012,0
10107,59.235728,5.821136,2012,0
10108,59.2326229999999,5.838894,2012,0
10109,59.2267099999999,5.931163,2012,0
10110,59.2260879999999,5.938465,2012,0
10111,59.1620429999999,5.734082,2012,0
10112,59.1622089999999,5.736249,2012,0
10113,59.1683809999999,5.739075,2012,0
10114,59.16855,5.739271,2012,0
10115,59.168771,5.739476,2012,0
10116,59.1690109999999,5.739695,2012,0
10117,59.169333,5.739513,2012,0
10118,59.1695319999999,5.739288,2012,0
10119,59.1761419999999,5.780155,2012,0
10120,59.170436,5.790103,2012,0
10121,59.201003,5.833205,2012,0
10122,59.2007959999999,5.835648,2012,0
10123,59.187195,5.876243,2012,0
10124,59.2358279999999,5.84916,2012,0
10125,59.235678,5.849076,2012,0
10126,59.235556,5.820937,2012,0
10127,59.1590589999999,5.721425,2012,0
10128,59.1773529999999,5.773129,2012,0
10129,59.138331,5.827689,2012,0
10130,59.1422299999999,5.85048,2012,0
10131,59.1479349999999,5.857573,2012,0
10132,59.1013609999999,5.85238,2012,0
10133,59.138429,5.826581,2012,0
10134,59.1425089999999,5.851386,2012,0
10135,59.1480999999999,5.858172,2012,0
10136,59.1032239999999,5.85812,2012,0
10137,59.1036819999999,5.859091,2012,0
10138,59.1382819999999,5.827173,2012,0
10139,59.100873,5.851864,2012,0
10140,59.102986,5.85789,2012,0
10141,59.103706,5.859549,2012,0
10142,59.1036849999999,5.859341,2012,0
10143,59.103338,5.858332,2012,0
10144,59.2718929999999,5.821838,2013,0
10145,59.2700979999999,5.816557,2013,0
10146,59.270026,5.816527,2013,0
10147,59.269928,5.816609,2013,0
10148,59.2704159999999,5.815622,2013,0
10149,59.2706269999999,5.81503,2013,0
10150,59.2712709999999,5.816514,2013,0
10151,59.2715219999999,5.816147,2013,0
10152,59.275241,5.813848,2013,0
10153,59.274396,5.813129,2013,0
10154,59.2750589999999,5.80946,2013,0
10155,59.275094,5.80944,2013,0
10156,59.275148,5.809475,2013,0
10157,59.275916,5.808381,2013,0
10158,59.2799929999999,5.80951,2013,0
10159,59.280096,5.809656,2013,0
10160,59.2801279999999,5.809322,2013,0
10161,59.2810449999999,5.810971,2013,0
10162,59.280214,5.805479,2013,0
10163,59.27998,5.80473,2013,0
10164,59.2799449999999,5.804648,2013,0
10165,59.279842,5.8045,2013,0
10166,59.277182,5.802253,2013,0
10167,59.277146,5.802039,2013,0
10168,59.27521,5.801927,2013,0
10169,59.273727,5.804636,2013,0
10170,59.272554,5.809371,2013,0
10171,59.272441,5.809106,2013,0
10172,59.272305,5.808692,2013,0
10173,59.272204,5.808134,2013,0
10174,59.2697879999999,5.809084,2013,0
10175,59.271619,5.819095,2013,0
10176,59.2716179999999,5.819031,2013,0
10177,59.271576,5.818964,2013,0
10178,59.271379,5.818799,2013,0
10179,59.271444,5.819807,2013,0
10180,59.168281,5.710467,2013,0
10181,59.168354,5.710381,2013,0
10182,59.169556,5.716204,2013,0
10183,59.1697989999999,5.715975,2013,0
10184,59.169921,5.715814,2013,0
10185,59.170194,5.715516,2013,0
10186,59.1697739999999,5.712066,2013,0
10187,59.169941,5.711687,2013,0
10188,59.16917,5.711875,2013,0
10189,59.169344,5.71022,2013,0
10190,59.1683689999999,5.707981,2013,0
10191,59.1681719999999,5.707094,2013,0
10192,59.168368,5.706776,2013,0
10193,59.16883,5.706571,2013,0
10194,59.169221,5.707912,2013,0
10195,59.1690359999999,5.707699,2013,0
10196,59.171595,5.70196,2013,0
10197,59.170884,5.69933,2013,0
10198,59.1712369999999,5.697492,2013,0
10199,59.1715599999999,5.697101,2013,0
10200,59.171657,5.697294,2013,0
10201,59.171753,5.697217,2013,0
10202,59.174376,5.702738,2013,0
10203,59.175614,5.705462,2013,0
10204,59.1763369999999,5.707974,2013,0
10205,59.1773409999999,5.70355,2013,0
10206,59.1776089999999,5.703157,2013,0
10207,59.176118,5.696091,2013,0
10208,59.1750309999999,5.692938,2013,0
10209,59.17259,5.696058,2013,0
10210,59.1688559999999,5.696404,2013,0
10211,59.1694189999999,5.69568,2013,0
10212,59.1672889999999,5.69449,2013,0
10213,59.16794,5.693737,2013,0
10214,59.055259,5.914825,2012,0
10215,59.0207819999999,5.95503,2012,0
10216,59.020868,5.955054,2012,0
10217,59.0095499999999,6.032064,2012,0
10218,58.9979039999999,5.900938,2012,0
10219,58.9978669999999,5.901127,2012,0
10220,58.997858,5.901207,2012,0
10221,58.997819,5.901871,2012,0
10222,59.006953,5.913777,2012,0
10223,59.001479,5.897157,2012,0
10224,59.024844,5.885564,2012,0
10225,59.000774,5.895348,2012,0
10226,59.0084639999999,5.890634,2012,0
10227,59.0080549999999,5.889831,2012,0
10228,59.0392099999999,5.790571,2012,0
10229,59.0208,5.955098,2012,0
10230,58.513133,5.698731,2012,0
10231,58.5136899999999,5.706354,2012,0
10232,58.512988,5.690568,2012,0
10233,58.514071,5.705389,2012,0
10234,58.514169,5.703636,2012,0
10235,58.5133999999999,5.690026,2012,0
10236,58.5134309999999,5.690449,2012,0
10237,58.5153279999999,5.710234,2012,0
10238,58.5149669999999,5.699105,2012,0
10239,58.515746,5.706669,2012,0
10240,58.5159349999999,5.687621,2012,0
10241,58.518405,5.70596,2012,0
10242,58.511881,5.709426,2012,0
10243,58.514215,5.713553,2012,0
10244,58.5136329999999,5.702483,2012,0
10245,58.5136949999999,5.70333,2012,0
10246,58.514679,5.701341,2012,0
10247,58.5153079999999,5.703764,2012,0
10248,58.516215,5.709998,2012,0
10249,58.5177959999999,5.691442,2012,0
10250,58.5187859999999,5.704994,2012,0
10251,58.519075,5.702758,2012,0
10252,58.5189919999999,5.69544,2012,0
10253,58.520054,5.703793,2012,0
10254,58.5201309999999,5.695568,2012,0
10255,58.517003,5.711515,2012,0
10256,58.516457,5.697844,2012,0
10257,58.5169569999999,5.701597,2012,0
10258,58.517204,5.704985,2012,0
10259,58.517575,5.710067,2012,0
10260,58.520152,5.702039,2012,0
10261,58.5158899999999,5.696269,2012,0
10262,58.516843,5.712421,2012,0
10263,58.650064,5.549242,2013,0
10264,58.6500479999999,5.549588,2013,0
10265,58.650167,5.549186,2013,0
10266,58.6501799999999,5.549475,2013,0
10267,58.65057,5.546558,2013,0
10268,58.650613,5.546786,2013,0
10269,58.6513149999999,5.548169,2013,0
10270,58.651957,5.550528,2013,0
10271,58.6520009999999,5.550882,2013,0
10272,58.654184,5.551697,2013,0
10273,58.6542689999999,5.549211,2013,0
10274,58.655028,5.548575,2013,0
10275,58.6552709999999,5.549161,2013,0
10276,58.656204,5.54848,2013,0
10277,58.6562649999999,5.548664,2013,0
10278,58.659142,5.549257,2013,0
10279,58.659027,5.547388,2013,0
10280,58.6594669999999,5.547138,2013,0
10281,58.6594959999999,5.547444,2013,0
10282,58.6600359999999,5.545756,2013,0
10283,58.659996,5.545933,2013,0
10284,58.6594699999999,5.542794,2013,0
10285,58.66163,5.543052,2013,0
10286,58.6617279999999,5.54334,2013,0
10287,58.661014,5.53593,2013,0
10288,58.6611509999999,5.536123,2013,0
10289,58.6608909999999,5.535206,2013,0
10290,58.661003,5.535375,2013,0
10291,58.6605429999999,5.535504,2013,0
10292,58.6606159999999,5.535601,2013,0
10293,58.660727,5.535754,2013,0
10294,58.6612179999999,5.53296,2013,0
10295,58.6613529999999,5.53317,2013,0
10296,58.6604299999999,5.530769,2013,0
10297,58.660457,5.53079,2013,0
10298,58.658766,5.531715,2013,0
10299,58.65757,5.532456,2013,0
10300,58.657671,5.535928,2013,0
10301,58.6578489999999,5.536107,2013,0
10302,58.6572699999999,5.536832,2013,0
10303,58.6579619999999,5.540416,2013,0
10304,58.6581389999999,5.540658,2013,0
10305,58.6571569999999,5.540916,2013,0
10306,58.6572689999999,5.541043,2013,0
10307,58.656288,5.54218,2013,0
10308,58.656778,5.538935,2013,0
10309,58.65585,5.537975,2013,0
10310,58.655974,5.538115,2013,0
10311,58.655582,5.535685,2013,0
10312,58.65681,5.535645,2013,0
10313,58.654273,5.539481,2013,0
10314,58.655121,5.539566,2013,0
10315,58.6551809999999,5.539669,2013,0
10316,58.655273,5.539829,2013,0
10317,58.654715,5.542178,2013,0
10318,58.654083,5.542944,2013,0
10319,58.653511,5.539642,2013,0
10320,58.653019,5.538687,2013,0
10321,58.652703,5.539728,2013,0
10322,58.6487399999999,5.543024,2013,0
10323,58.648387,5.543958,2013,0
10324,58.649368,5.545054,2013,0
10325,58.648899,5.54624,2013,0
10326,58.649549,5.546634,2013,0
10327,58.6511119999999,5.543084,2013,0
10328,58.651246,5.543386,2013,0
10329,59.2635879999999,5.522764,2013,0
10330,59.264062,5.523073,2013,0
10331,59.262267,5.531017,2013,0
10332,59.2664389999999,5.536975,2013,0
10333,59.2664699999999,5.534317,2013,0
10334,59.2656429999999,5.519981,2013,0
10335,59.276515,5.634826,2013,0
10336,59.2746489999999,5.634019,2013,0
10337,59.2804689999999,5.63638,2013,0
10338,59.2766769999999,5.627717,2013,0
10339,59.277652,5.638044,2013,0
10340,59.276741,5.625492,2013,0
10341,59.277912,5.62605,2013,0
10342,59.2789199999999,5.633718,2013,0
10343,59.2695289999999,5.622636,2013,0
10344,59.276806,5.623266,2013,0
10345,59.277723,5.623453,2013,0
10346,59.277976,5.623825,2013,0
10347,59.269562,5.619978,2013,0
10348,59.276173,5.623883,2013,0
10349,59.2781969999999,5.623763,2013,0
10350,59.270853,5.631539,2013,0
10351,59.268481,5.629989,2013,0
10352,59.2772459999999,5.629326,2013,0
10353,59.269655,5.624366,2013,0
10354,59.2694959999999,5.625293,2013,0
10355,59.268768,5.624612,2013,0
10356,59.269303,5.631968,2013,0
10357,59.269334,5.632401,2013,0
10358,59.270856,5.625358,2013,0
10359,59.271742,5.625112,2013,0
10360,59.2687359999999,5.62727,2013,0
10361,59.27266,5.625299,2013,0
10362,59.2616919999999,5.530799,2012,0
10363,59.367677,5.028826,2012,0
10364,59.369534,5.026503,2012,0
10365,59.3703179999999,5.024941,2012,0
10366,59.367207,5.037384,2012,0
10367,59.3704719999999,5.024009,2012,0
10368,59.3706729999999,5.026608,2012,0
10369,59.3580019999999,5.029477,2012,0
10370,59.3603949999999,5.019465,2012,0
10371,59.359805,5.029386,2012,0
10372,59.3596989999999,5.019229,2012,0
10373,59.359853,5.018297,2012,0
10374,59.361809,5.017274,2012,0
10375,59.368402,5.020635,2012,0
10376,59.3656259999999,5.037409,2012,0
10377,59.365808,5.02805,2012,0
10378,59.358578,5.031079,2012,0
10379,59.356997,5.031104,2012,0
10380,59.3590689999999,5.019858,2012,0
10381,59.361172,5.023665,2012,0
10382,59.3612129999999,5.018337,2012,0
10383,59.3625169999999,5.035228,2012,0
10384,59.3618019999999,5.023035,2012,0
10385,59.362772,5.035596,2012,0
10386,59.362526,5.014846,2012,0
10387,59.364621,5.039036,2012,0
10388,59.3648829999999,5.033641,2012,0
10389,59.3613399999999,5.02583,2012,0
10390,59.36016,5.031053,2012,0
10391,59.3605349999999,5.030056,2012,0
10392,59.360568,5.030489,2012,0
10393,59.3633499999999,5.022576,2012,0
10394,59.363751,5.027774,2012,0
10395,59.363678,5.018048,2012,0
10396,59.414481,5.116983,2012,0
10397,59.408763,5.101365,2012,0
10398,59.415232,5.106114,2012,0
10399,59.4129209999999,5.105464,2012,0
10400,59.413021,5.106765,2012,0
10401,59.413972,5.107373,2012,0
10402,59.409438,5.104272,2012,0
10403,59.4093269999999,5.10874,2012,0
10404,59.4104219999999,5.105313,2012,0
10405,59.4111189999999,5.105551,2012,0
10406,59.412866,5.107698,2012,0
10407,59.4134299999999,5.106201,2012,0
10408,59.410809,5.107417,2012,0
10409,59.4078009999999,5.106528,2012,0
10410,59.408597,5.108068,2012,0
10411,59.4087299999999,5.100931,2012,0
10412,59.409216,5.104337,2012,0
10413,59.4176519999999,5.09342,2012,0
10414,59.4204399999999,5.103248,2012,0
10415,59.4100899999999,5.109846,2012,0
10416,59.4162719999999,5.10492,2012,0
10417,59.407746,5.108762,2012,0
10418,59.408188,5.108632,2012,0
10419,59.4100449999999,5.097438,2012,0
10420,59.4107199999999,5.100345,2012,0
10421,59.416338,5.105788,2012,0
10422,59.4165589999999,5.105723,2012,0
10423,59.417864,5.108001,2012,0
10424,59.418185,5.109237,2012,0
10425,59.419269,5.111581,2012,0
10426,59.335759,5.313566,2012,0
10427,59.335022,5.32484,2012,0
10428,59.335405,5.326942,2012,0
10429,59.3336169999999,5.318163,2012,0
10430,59.3920979999999,5.173032,2012,0
10431,59.3801419999999,5.180469,2012,0
10432,59.25979,5.366624,2012,0
10433,59.149534,5.275902,2012,0
10434,59.1489109999999,5.22471,2012,0
10435,59.2355749999999,5.060736,2013,0
10436,59.232593,5.074851,2013,0
10437,59.2253159999999,5.074338,2013,0
10438,59.230581,5.078089,2013,0
10439,59.233865,5.076684,2013,0
10440,59.2342739999999,5.076123,2013,0
10441,59.233708,5.068787,2013,0
10442,59.227927,5.078867,2013,0
10443,59.2347159999999,5.075993,2013,0
10444,59.2256369999999,5.075568,2013,0
10445,59.2286119999999,5.076019,2013,0
10446,59.2290539999999,5.075889,2013,0
10447,59.2293069999999,5.067431,2013,0
10448,59.2295609999999,5.067798,2013,0
10449,59.229849,5.068596,2013,0
10450,59.2307429999999,5.062597,2013,0
10451,59.2341619999999,5.071743,2013,0
10452,59.234493,5.067232,2013,0
10453,59.224862,5.071383,2013,0
10454,59.225172,5.069527,2013,0
10455,59.2260459999999,5.075006,2013,0
10456,59.227373,5.074617,2013,0
10457,59.227606,5.077638,2013,0
10458,59.22995,5.078715,2013,0
10459,59.230459,5.079448,2013,0
10460,59.2297039999999,5.063784,2013,0
10461,59.230344,5.057419,2013,0
10462,59.230431,5.055628,2013,0
10463,59.230631,5.058217,2013,0
10464,59.2311279999999,5.055864,2013,0
10465,59.2326449999999,5.063803,2013,0
10466,59.2342379999999,5.066866,2013,0
10467,59.226146,5.076301,2013,0
10468,59.231996,5.075909,2013,0
10469,59.230193,5.075996,2013,0
10470,59.225371,5.072116,2013,0
10471,59.233862,5.179944,2013,0
10472,59.234206,5.178521,2013,0
10473,59.235294,5.172027,2013,0
10474,59.238098,5.179156,2013,0
10475,59.237906,5.167738,2013,0
10476,59.238151,5.165019,2013,0
10477,59.2389739999999,5.175813,2013,0
10478,59.239204,5.178835,2013,0
10479,59.240146,5.176355,2013,0
10480,59.2403339999999,5.175859,2013,0
10481,59.240706,5.162952,2013,0
10482,59.240664,5.159434,2013,0
10483,59.241294,5.158809,2013,0
10484,59.2419439999999,5.164357,2013,0
10485,59.244269,5.180013,2013,0
10486,59.244829,5.166608,2013,0
10487,59.233533,5.175628,2013,0
10488,59.235101,5.16061,2013,0
10489,59.236089,5.173561,2013,0
10490,59.2359719999999,5.166094,2013,0
10491,59.236325,5.167756,2013,0
10492,59.237181,5.178981,2013,0
10493,59.236842,5.171578,2013,0
10494,59.2369649999999,5.170218,2013,0
10495,59.236969,5.161391,2013,0
10496,59.238433,5.174646,2013,0
10497,59.2377219999999,5.159407,2013,0
10498,59.238739,5.160876,2013,0
10499,59.239915,5.173333,2013,0
10500,59.2392139999999,5.161179,2013,0
10501,59.2394589999999,5.15846,2013,0
10502,59.244872,5.170127,2013,0
10503,59.237524,5.177558,2013,0
10504,59.24289,5.173792,2013,0
10505,59.2386589999999,5.165754,2013,0
10506,59.2425939999999,5.169906,2013,0
10507,59.232253,5.170704,2013,0
10508,59.2333029999999,5.172606,2013,0
10509,59.234084,5.17988,2013,0
10510,59.240993,5.163751,2013,0
10511,59.2422779999999,5.180591,2013,0
10512,59.2338349999999,5.170686,2013,0
10513,59.244118,5.172111,2013,0
10514,59.147795,6.148373,2012,0
10515,59.1839999999999,6.04318,2012,0
10516,59.21947,6.018982,2012,0
10517,59.2123679999999,5.966682,2012,0
10518,59.2117379999999,5.965039,2012,0
10519,59.2111239999999,5.967929,2012,0
10520,59.21952,6.019526,2012,0
10521,59.212204,5.966422,2012,0
10522,58.9764479999999,5.610256,2011,0
10523,58.977204,5.534376,2012,0
10524,58.97824,5.520777,2012,0
10525,58.979269,5.524183,2012,0
10526,58.975639,5.529111,2012,0
10527,58.976494,5.529642,2012,0
10528,58.9765549999999,5.526609,2012,0
10529,58.9758349999999,5.535673,2012,0
10530,58.9763379999999,5.525852,2012,0
10531,58.975875,5.531307,2012,0
10532,58.9774269999999,5.530319,2012,0
10533,58.9754909999999,5.520405,2012,0
10534,59.0328769999999,5.565902,2012,0
10535,59.034824,5.56501,2012,0
10536,59.035007,5.563821,2012,0
10537,59.035898,5.569511,2012,0
10538,59.036304,5.567592,2012,0
10539,59.036866,5.573647,2012,0
10540,59.03801,5.572453,2012,0
10541,59.039458,5.57022,2012,0
10542,59.0406049999999,5.560136,2012,0
10543,59.0409089999999,5.565223,2012,0
10544,59.031288,5.571856,2012,0
10545,59.0329359999999,5.569938,2012,0
10546,59.0334319999999,5.573083,2012,0
10547,59.0343639999999,5.572475,2012,0
10548,59.034728,5.57223,2012,0
10549,59.036858,5.56034,2012,0
10550,59.037326,5.562318,2012,0
10551,59.0377209999999,5.563139,2012,0
10552,59.040235,5.569169,2012,0
10553,59.0361729999999,5.576937,2012,0
10554,59.039088,5.575104,2012,0
10555,59.038414,5.559823,2012,0
10556,59.0393589999999,5.576092,2012,0
10557,59.0317969999999,5.571537,2012,0
10558,59.0338369999999,5.570271,2012,0
10559,59.0350559999999,5.563027,2012,0
10560,59.0361449999999,5.558905,2012,0
10561,59.037154,5.564561,2012,0
10562,59.038735,5.575126,2012,0
10563,59.0384639999999,5.566759,2012,0
10564,59.0405069999999,5.569166,2012,0
10565,59.041079,5.574685,2012,0
10566,59.042636,5.56866,2012,0
10567,59.0389709999999,5.57887,2012,0
10568,59.04014,5.572146,2012,0
10569,59.042028,5.560468,2012,0
10570,59.0420319999999,5.564507,2012,0
10571,59.043688,5.561256,2012,0
10572,59.041597,5.571874,2012,0
10573,59.06107,5.601592,2012,0
10574,59.0637389999999,5.617391,2012,0
10575,59.0626589999999,5.611211,2012,0
10576,59.066226,5.613689,2012,0
10577,59.0665449999999,5.61717,2012,0
10578,59.0657939999999,5.600113,2012,0
10579,59.0696579999999,5.598355,2012,0
10580,59.060889,5.607705,2012,0
10581,59.0610009999999,5.60763,2012,0
10582,59.062448,5.605194,2012,0
10583,59.0630489999999,5.604754,2012,0
10584,59.067155,5.599422,2012,0
10585,59.070414,5.599643,2012,0
10586,59.070827,5.605862,2012,0
10587,59.070594,5.599615,2012,0
10588,59.070458,5.606581,2012,0
10589,59.0625059999999,5.608882,2012,0
10590,59.0629289999999,5.60017,2012,0
10591,59.0632519999999,5.600683,2012,0
10592,59.0726179999999,5.602639,2012,0
10593,59.070669,5.603589,2012,0
10594,59.0717849999999,5.606086,2012,0
10595,59.080983,5.681664,2012,0
10596,59.081083,5.681787,2012,0
10597,59.1002149999999,5.618246,2012,0
10598,59.073284,5.674011,2012,0
10599,59.0692939999999,5.67046,2012,0
10600,59.0802079999999,5.680871,2012,0
10601,59.0803569999999,5.681015,2012,0
10602,59.0803749999999,5.681557,2012,0
10603,59.1065839999999,5.584178,2012,0
10604,59.088937,5.57402,2012,0
10605,59.074606,5.629078,2012,0
10606,59.0621939999999,5.637291,2012,0
10607,59.0807,5.681741,2012,0
10608,59.080275,5.68123,2012,0
10609,59.106591,5.572043,2012,0
10610,59.130766,5.628947,2012,0
10611,59.1306289999999,5.628082,2012,0
10612,59.1304349999999,5.627382,2012,0
10613,59.1301599999999,5.627122,2012,0
10614,59.130189,5.626666,2012,0
10615,59.1305419999999,5.626117,2012,0
10616,59.117538,5.58768,2012,0
10617,59.1168389999999,5.588271,2012,0
10618,59.125396,5.745414,2012,0
10619,59.119317,5.707193,2012,0
10620,59.117907,5.702358,2012,0
10621,59.134669,5.641879,2012,0
10622,59.1171379999999,5.773848,2012,0
10623,59.117227,5.774409,2012,0
10624,59.117106,5.774171,2012,0
10625,59.1172669999999,5.774453,2012,0
10626,59.0990439999999,5.784889,2012,0
10627,59.1092439999999,5.784938,2012,0
10628,59.108237,5.787323,2012,0
10629,59.1084809999999,5.787179,2012,0
10630,59.105415,5.785815,2012,0
10631,59.105395,5.786336,2012,0
10632,59.058838,5.719731,2012,0
10633,59.0589629999999,5.719454,2012,0
10634,59.0596249999999,5.719217,2012,0
10635,59.059832,5.71906,2012,0
10636,59.060341,5.718522,2012,0
10637,59.0602009999999,5.718149,2012,0
10638,59.0601339999999,5.718026,2012,0
10639,59.0961989999999,5.67937,2012,0
10640,59.100371,5.784261,2012,0
10641,59.100374,5.783928,2012,0
10642,59.1088499999999,5.786635,2012,0
10643,59.108601,5.786261,2012,0
10644,59.10844,5.785953,2012,0
10645,59.10849,5.785669,2012,0
10646,59.058881,5.719222,2012,0
10647,59.059722,5.718657,2012,0
10648,59.0963199999999,5.678392,2012,0
10649,59.099145,5.78466,2012,0
10650,59.109487,5.785025,2012,0
10651,59.1054379999999,5.786109,2012,0
10652,59.0844919999999,5.688493,2012,0
10653,59.10884,5.785826,2012,0
10654,59.058689,5.720149,2013,0
10655,59.059144,5.718921,2013,0
10656,59.138235,5.618804,2013,0
10657,59.13861,5.61689,2013,0
10658,59.137782,5.614918,2013,0
10659,59.142806,5.600773,2013,0
10660,59.1432379999999,5.59999,2013,0
10661,59.144787,5.608872,2013,0
10662,59.1450049999999,5.60878,2013,0
10663,59.145173,5.60712,2013,0
10664,59.145031,5.605999,2013,0
10665,59.145079,5.607665,2013,0
10666,59.146408,5.605932,2013,0
10667,59.14667,5.60656,2013,0
10668,59.146655,5.606285,2013,0
10669,59.1456489999999,5.609255,2013,0
10670,59.144975,5.611364,2013,0
10671,59.1430539999999,5.611353,2013,0
10672,59.1430459999999,5.610779,2013,0
10673,59.142592,5.610817,2013,0
10674,59.1423199999999,5.613503,2013,0
10675,59.1424629999999,5.61296,2013,0
10676,59.1421459999999,5.612493,2013,0
10677,59.141818,5.611046,2013,0
10678,59.0044279999999,5.748502,2012,0
10679,58.999541,5.763328,2012,0
10680,58.99953,5.763021,2012,0
10681,59.010651,5.728582,2012,0
10682,58.994365,5.786945,2012,0
10683,58.959555,5.60983,2013,0
10684,58.959935,5.60971,2013,0
10685,58.960152,5.609177,2013,0
10686,58.9603979999999,5.608845,2013,0
10687,58.9660569999999,5.596327,2013,0
10688,58.966115,5.596629,2013,0
10689,59.042821,5.784786,2013,0
10690,59.04312,5.787761,2013,0
10691,59.0438779999999,5.787478,2013,0
10692,59.037435,5.763903,2013,0
10693,59.0375319999999,5.763615,2013,0
10694,59.0339019999999,5.750609,2013,0
10695,58.9691339999999,5.590932,2013,0
10696,58.969144,5.59123,2013,0
10697,58.969169,5.591746,2013,0
10698,58.9691979999999,5.592072,2013,0
10699,58.9694059999999,5.592089,2013,0
10700,58.9695919999999,5.591727,2013,0
10701,58.9716189999999,5.596373,2013,0
10702,58.9715399999999,5.596722,2013,0
10703,58.9717119999999,5.59671,2013,0
10704,58.9718639999999,5.597109,2013,0
10705,58.972199,5.597778,2013,0
10706,58.972439,5.597036,2013,0
10707,58.9728709999999,5.597307,2013,0
10708,58.973497,5.604314,2013,0
10709,58.973927,5.604937,2013,0
10710,58.9741969999999,5.605733,2013,0
10711,58.974473,5.606603,2013,0
10712,58.9747059999999,5.607431,2013,0
10713,58.9751449999999,5.609135,2013,0
10714,58.9756829999999,5.609816,2013,0
10715,58.975062,5.608546,2013,0
10716,58.975541,5.609069,2013,0
10717,58.975709,5.6107,2013,0
10718,59.034475,5.753353,2013,0
10719,58.939773,5.75789,2013,0
10720,58.989068,5.821168,2013,0
10721,59.012062,5.775958,2013,0
10722,58.249592,6.347034,2012,0
10723,58.250036,6.346925,2012,0
10724,58.2511459999999,6.346653,2012,0
10725,58.2509659999999,6.340703,2012,0
10726,58.2523139999999,6.347222,2012,0
10727,58.2537809999999,6.345578,2012,0
10728,58.2537159999999,6.341312,2012,0
10729,58.2538309999999,6.342996,2012,0
10730,58.254246,6.342466,2012,0
10731,58.254567,6.337249,2012,0
10732,58.2548469999999,6.338037,2012,0
10733,58.244134,6.339813,2012,0
10734,58.245404,6.325374,2012,0
10735,58.247151,6.324517,2012,0
10736,58.2479319999999,6.326037,2012,0
10737,58.248105,6.328563,2012,0
10738,58.2485369999999,6.334878,2012,0
10739,58.248964,6.327923,2012,0
10740,58.249388,6.330816,2012,0
10741,58.249437,6.328235,2012,0
10742,58.251097,6.349234,2012,0
10743,58.253301,6.341842,2012,0
10744,58.241318,6.33494,2012,0
10745,58.2441469999999,6.333389,2012,0
10746,58.244455,6.334597,2012,0
10747,58.24584,6.344959,2012,0
10748,58.245947,6.34322,2012,0
10749,58.2470119999999,6.335681,2012,0
10750,58.2485739999999,6.338722,2012,0
10751,58.249774,6.329865,2012,0
10752,58.250498,6.330543,2012,0
10753,58.2514749999999,6.344859,2012,0
10754,58.251381,6.340173,2012,0
10755,58.2515819999999,6.343121,2012,0
10756,58.252133,6.341273,2012,0
10757,58.251936,6.328477,2012,0
10758,58.252101,6.32758,2012,0
10759,58.25238,6.328367,2012,0
10760,58.253486,6.337943,2012,0
10761,58.253515,6.338364,2012,0
10762,59.294831,4.897808,2012,0
10763,59.295833,4.90193,2012,0
10764,59.2960739999999,4.893455,2012,0
10765,59.295357,4.90163,2012,0
10766,59.295819,4.893089,2012,0
10767,59.2962429999999,4.895616,2012,0
10768,59.29609,4.896546,2012,0
10769,59.2944749999999,4.896145,2012,0
10770,59.2966309999999,4.90346,2012,0
10771,59.2955299999999,4.892291,2012,0
10772,59.297685,4.905356,2012,0
10773,59.294867,4.89249,2012,0
10774,59.286247,4.895072,2012,0
10775,59.291364,4.893982,2012,0
10776,59.292997,4.891724,2012,0
10777,59.290086,4.90365,2012,0
10778,59.2889989999999,4.901323,2012,0
10779,59.2940979999999,4.902891,2012,0
10780,59.294612,4.892124,2012,0
10781,59.293626,4.891093,2012,0
10782,59.295594,4.904655,2012,0
10783,59.2855479999999,4.900587,2012,0
10784,59.286126,4.902182,2012,0
10785,59.286313,4.901684,2012,0
10786,59.287587,4.903514,2012,0
10787,59.291974,4.901759,2012,0
10788,59.2924179999999,4.895877,2012,0
10789,59.293435,4.90309,2012,0
10790,59.294473,4.901895,2012,0
10791,59.2958489999999,4.905021,2012,0
10792,59.291687,4.895212,2012,0
10793,59.294102,4.891393,2012,0
10794,59.287553,4.903082,2012,0
10795,59.2877069999999,4.902151,2012,0
10796,59.288167,4.899361,2012,0
10797,59.2896819999999,4.892717,2012,0
10798,59.290309,4.897835,2012,0
10799,59.2908529999999,4.898999,2012,0
10800,59.315862,4.887395,2012,0
10801,59.315176,4.88792,2012,0
10802,59.2999689999999,4.880649,2012,0
10803,59.300088,4.880962,2012,0
10804,59.299725,4.880733,2012,0
10805,59.31264,4.886682,2012,0
10806,59.3126389999999,4.886633,2012,0
10807,59.315485,4.887713,2012,0
10808,59.312651,4.886636,2012,0
10809,59.3126249999999,4.88665,2012,0
10810,59.019646,5.426809,2012,0
10811,59.020752,5.426135,2012,0
10812,59.0235699999999,5.418709,2012,0
10813,59.025584,5.422207,2012,0
10814,59.0278369999999,5.421551,2012,0
10815,59.026473,5.425638,2012,0
10816,59.023021,5.420809,2012,0
10817,59.017389,5.426042,2012,0
10818,59.017446,5.426677,2012,0
10819,59.0206969999999,5.435932,2012,0
10820,59.0213449999999,5.426464,2012,0
10821,59.021695,5.431496,2012,0
10822,59.022053,5.43099,2012,0
10823,59.028536,5.425735,2012,0
10824,59.0214209999999,5.43305,2012,0
10825,59.0229769999999,5.420264,2012,0
10826,59.068497,5.467079,2012,0
10827,59.0652949999999,5.463,2012,0
10828,59.0662039999999,5.466495,2012,0
10829,59.0679799999999,5.469192,2012,0
10830,59.069088,5.458495,2012,0
10831,59.063965,5.468933,2012,0
10832,59.0662809999999,5.474202,2012,0
10833,59.0642149999999,5.468902,2012,0
10834,59.0686639999999,5.481264,2012,0
10835,59.064273,5.474229,2012,0
10836,59.0693869999999,5.482814,2012,0
10837,59.0700879999999,5.485017,2012,0
10838,59.07151,5.477017,2012,0
10839,59.0676309999999,5.474123,2012,0
10840,59.0656529999999,5.472802,2012,0
10841,59.0712139999999,5.477313,2012,0
10842,59.027469,5.425162,2012,0
10843,59.029764,5.424216,2012,0
10844,59.0302969999999,5.427214,2012,0
10845,59.022776,5.435907,2012,0
10846,59.020558,5.423689,2012,0
10847,59.0215869999999,5.422971,2012,0
10848,59.0219939999999,5.419474,2012,0
10849,59.016945,5.422014,2012,0
10850,59.017566,5.423246,2012,0
10851,59.017988,5.418349,2012,0
10852,59.0188989999999,5.425525,2012,0
10853,59.018793,5.418041,2012,0
10854,59.017223,5.419579,2012,0
10855,59.017887,5.42453,2012,0
10856,59.020544,5.417571,2012,0
10857,59.021202,5.419952,2012,0
10858,59.0226389999999,5.418926,2012,0
10859,59.0756659999999,5.480457,2012,0
10860,59.0710339999999,5.464121,2012,0
10861,59.075318,5.470837,2012,0
10862,59.0728349999999,5.467128,2012,0
10863,59.0734539999999,5.470873,2012,0
10864,59.074998,5.469099,2012,0
10865,59.0774049999999,5.472769,2012,0
10866,59.0746529999999,5.471016,2012,0
10867,59.0694549999999,5.459167,2012,0
10868,59.0700399999999,5.459404,2012,0
10869,59.0705389999999,5.463623,2012,0
10870,59.072026,5.465736,2012,0
10871,59.072439,5.466317,2012,0
10872,59.0736959999999,5.467187,2012,0
10873,59.0698659999999,5.463056,2012,0
10874,59.076965,5.46964,2012,0
10875,59.0703439999999,5.457647,2012,0
10876,59.072564,5.463981,2012,0
10877,59.0863,5.482013,2012,0
10878,59.076748,5.484002,2012,0
10879,59.07531,5.476252,2012,0
10880,59.0731139999999,5.47114,2012,0
10881,59.07262,5.469475,2012,0
10882,59.06992,5.468483,2012,0
10883,59.070056,5.466968,2012,0
10884,59.06776,5.473196,2012,0
10885,59.071838,5.475686,2012,0
10886,59.066437,5.467943,2012,0
10887,59.065424,5.466422,2012,0
10888,59.0640909999999,5.468657,2012,0
10889,59.0641249999999,5.468251,2012,0
10890,59.072738,5.395866,2012,0
10891,59.0561069999999,5.388163,2012,0
10892,59.052923,5.394762,2012,0
10893,59.057115,5.439333,2012,0
10894,59.0588389999999,5.438004,2012,0
10895,59.033928,5.401507,2012,0
10896,59.03517,5.400133,2012,0
10897,59.053735,5.397012,2012,0
10898,58.9589989999999,5.575487,2011,0
10899,58.9579919999999,5.575453,2011,0
10900,58.9593589999999,5.520734,2011,0
10901,58.888567,5.457693,2012,0
10902,58.8887209999999,5.457442,2012,0
10903,58.8912249999999,5.47032,2012,0
10904,58.893028,5.461197,2012,0
10905,58.893529,5.460824,2012,0
10906,58.8942819999999,5.459125,2012,0
10907,58.895474,5.456598,2012,0
10908,58.898392,5.47054,2012,0
10909,58.888719,5.457913,2012,0
10910,58.891381,5.470732,2012,0
10911,58.8931449999999,5.461574,2012,0
10912,58.968687,5.53103,2012,0
10913,58.9690489999999,5.529507,2012,0
10914,58.969247,5.531932,2012,0
10915,58.969543,5.527689,2012,0
10916,58.9698199999999,5.531,2012,0
10917,58.9715139999999,5.533811,2012,0
10918,58.972414,5.521164,2012,0
10919,58.96817,5.52733,2012,0
10920,58.9690659999999,5.524624,2012,0
10921,58.969273,5.525345,2012,0
10922,58.969334,5.525572,2012,0
10923,58.970061,5.522852,2012,0
10924,58.970379,5.527556,2012,0
10925,58.971043,5.528007,2012,0
10926,58.971386,5.522412,2012,0
10927,58.8901109999999,5.469095,2012,0
10928,58.890976,5.464471,2012,0
10929,58.8919539999999,5.476955,2012,0
10930,58.893169,5.457343,2012,0
10931,58.895319,5.472706,2012,0
10932,58.885849,5.462693,2012,0
10933,58.886291,5.456888,2012,0
10934,58.8865509999999,5.456702,2012,0
10935,58.888254,5.464829,2012,0
10936,58.8883519999999,5.46238,2012,0
10937,58.8902769999999,5.462012,2012,0
10938,58.890483,5.464184,2012,0
10939,58.892451,5.467959,2012,0
10940,58.8926939999999,5.468011,2012,0
10941,58.893717,5.455479,2012,0
10942,58.8958569999999,5.470637,2012,0
10943,58.8962599999999,5.471772,2012,0
10944,58.898068,5.462136,2012,0
10945,58.8867669999999,5.466204,2012,0
10946,58.893332,5.453426,2012,0
10947,58.8908229999999,5.469259,2012,0
10948,58.89305,5.452631,2012,0
10949,58.8856109999999,5.463124,2012,0
10950,58.887172,5.471254,2012,0
10951,58.867634,5.553267,2013,0
10952,58.867524,5.553563,2013,0
10953,58.867378,5.553749,2013,0
10954,59.6145,5.07771,2009,0
10955,59.6129299999999,5.08086,2009,0
10956,59.61299,5.08754,2009,0
10957,59.6124999999999,5.08411,2009,0
10958,59.6121899999999,5.08599,2009,0
10959,59.6107799999999,5.07927,2009,0
10960,59.61043,5.09544,2009,0
10961,59.6085199999999,5.09422,2009,0
10962,59.60537,5.07954,2009,0
10963,59.60255,5.07815,2009,0
10964,59.5977999999999,5.09295,2009,0
10965,59.5947699999999,5.11258,2009,0
10966,59.5937399999999,5.1169,2009,0
10967,59.59078,5.11956,2009,0
10968,59.5905899999999,5.12006,2009,0
10969,59.5897,5.11721,2009,0
10970,59.5897999999999,5.12744,2009,0
10971,59.58832,5.11985,2009,0
10972,59.5876,5.11337,2009,0
10973,59.75016,5.11167,2009,0
10974,59.74909,5.10661,2009,0
10975,59.74756,5.1102,2009,0
10976,59.7474399999999,5.11158,2009,0
10977,59.74521,5.1239,2009,0
10978,59.74268,5.11748,2009,0
10979,59.74284,5.1255,2009,0
10980,59.74118,5.11255,2009,0
10981,59.74042,5.1204,2009,0
10982,59.7390699999999,5.11453,2009,0
10983,59.7383799999999,5.10846,2009,0
10984,59.7387099999999,5.11284,2009,0
10985,59.7368799999999,5.11249,2009,0
10986,59.7358699999999,5.11414,2009,0
10987,59.73604,5.11633,2009,0
10988,59.7352599999999,5.11208,2009,0
10989,59.7349699999999,5.11127,2009,0
10990,59.73145,5.11546,2009,0
10991,59.6195999999999,5.11191,2009,0
10992,59.6139799999999,5.10644,2009,0
10993,59.61374,5.10919,2009,0
10994,59.61157,5.10447,2009,0
10995,59.6123499999999,5.11763,2009,0
10996,59.61093,5.10199,2009,0
10997,59.6105999999999,5.10655,2009,0
10998,59.61151,5.12145,2009,0
10999,59.6113199999999,5.12195,2009,0
11000,59.60909,5.10164,2009,0
11001,59.6112499999999,5.13001,2009,0
11002,59.60907,5.10432,2009,0
11003,59.60905,5.11593,2009,0
11004,59.6072899999999,5.10173,2009,0
11005,59.60783,5.11183,2009,0
11006,59.6083199999999,5.12418,2009,0
11007,59.60685,5.11971,2009,0
11008,59.6037,5.1318,2009,0
11009,59.6016899999999,5.12615,2009,0
11010,59.6007699999999,5.12597,2009,0
11011,59.6004099999999,5.13322,2009,0
11012,59.60161,5.14892,2009,0
11013,59.59897,5.13498,2009,0
11014,59.59608,5.13271,2009,0
11015,59.76588,5.10428,2009,0
11016,59.7653699999999,5.10354,2009,0
11017,59.75833,5.10609,2009,0
11018,59.75705,5.11006,2009,0
11019,59.75705,5.11902,2009,0
11020,59.7586999999999,5.14677,2009,0
11021,59.7563999999999,5.12236,2009,0
11022,59.7564199999999,5.13759,2009,0
11023,59.75377,5.10566,2009,0
11024,59.75316,5.1036,2009,0
11025,59.75294,5.10366,2009,0
11026,59.753,5.11037,2009,0
11027,59.75276,5.11313,2009,0
11028,59.7545799999999,5.14307,2009,0
11029,59.75226,5.11552,2009,0
11030,59.75168,5.1139,2009,0
11031,59.75462,5.15561,2009,0
11032,59.75182,5.12462,2009,0
11033,59.75142,5.12832,2009,0
11034,59.7520799999999,5.15188,2009,0
11035,59.74967,5.12615,2009,0
11036,59.7513099999999,5.15076,2009,0
11037,59.7490999999999,5.12453,2009,0
11038,59.7513599999999,5.15434,2009,0
11039,59.75101,5.15578,2009,0
11040,59.75012,5.15291,2009,0
11041,59.74633,5.13567,2009,0
11042,59.7458499999999,5.13536,2009,0
11043,59.73935,5.13013,2009,0
11044,59.73893,5.12756,2009,0
11045,59.7368,5.14432,2009,0
11046,59.73704,5.14739,2009,0
11047,59.834133,5.093067,2010,0
11048,59.8332669999999,5.09295,2010,0
11049,59.83175,5.093833,2010,0
11050,59.83185,5.088933,2010,0
11051,59.8310999999999,5.089467,2010,0
11052,59.83075,5.093417,2010,0
11053,59.8260999999999,5.076517,2010,0
11054,59.827167,5.0802,2010,0
11055,59.82385,5.067967,2010,0
11056,59.8182499999999,5.098383,2010,0
11057,59.814267,5.093683,2010,0
11058,59.81215,5.071417,2010,0
11059,59.8108999999999,5.076433,2010,0
11060,59.811017,5.077583,2010,0
11061,59.812767,5.0953,2010,0
11062,59.805,5.06775,2010,0
11063,59.84344,5.06652,2010,0
11064,59.84051,5.07864,2010,0
11065,59.8386599999999,5.06616,2010,0
11066,59.8395999999999,5.07846,2010,0
11067,59.8331,5.06154,2010,0
11068,59.8335399999999,5.06725,2010,0
11069,59.8318599999999,5.06596,2010,0
11070,59.455291,5.186689,2012,0
11071,59.456341,5.188603,2012,0
11072,59.4628459999999,5.184922,2012,0
11073,59.463566,5.18249,2012,0
11074,59.464483,5.182666,2012,0
11075,59.464097,5.180557,2012,0
11076,59.46558,5.179234,2012,0
11077,59.463476,5.184293,2012,0
11078,59.465603,5.176562,2012,0
11079,59.455258,5.186255,2012,0
11080,59.458703,5.17503,2012,0
11081,59.4605439999999,5.187373,2012,0
11082,59.4612219999999,5.1814,2012,0
11083,59.4627089999999,5.19207,2012,0
11084,59.4634059999999,5.192311,2012,0
11085,59.463472,5.19318,2012,0
11086,59.462859,5.179143,2012,0
11087,59.46454,5.180428,2012,0
11088,59.4667609999999,5.182887,2012,0
11089,59.467359,5.181823,2012,0
11090,59.467283,5.177847,2012,0
11091,59.4566749999999,5.184063,2012,0
11092,59.458275,5.190258,2012,0
11093,59.459791,5.18937,2012,0
11094,59.4600119999999,5.189306,2012,0
11095,59.4610709999999,5.194327,2012,0
11096,59.4609299999999,5.189481,2012,0
11097,59.4611179999999,5.188982,2012,0
11098,59.46125,5.19072,2012,0
11099,59.461283,5.191155,2012,0
11100,59.4622239999999,5.188658,2012,0
11101,59.462257,5.189093,2012,0
11102,59.4624359999999,5.185486,2012,0
11103,59.462826,5.178708,2012,0
11104,59.463354,5.185662,2012,0
11105,59.4654669999999,5.18371,2012,0
11106,59.4657869999999,5.18495,2012,0
11107,59.465659,5.174324,2012,0
11108,59.4669359999999,5.188168,2012,0
11109,59.466963,5.176607,2012,0
11110,59.468409,5.183738,2012,0
11111,59.468696,5.184542,2012,0
11112,59.457084,5.183499,2012,0
11113,59.4573949999999,5.181632,2012,0
11114,59.462121,5.196241,2012,0
11115,59.4655989999999,5.185449,2012,0
11116,59.495823,5.261047,2012,0
11117,59.4747429999999,5.235091,2012,0
11118,59.3971209999999,5.281707,2013,0
11119,58.45309,5.909594,2012,0
11120,58.453035,5.909082,2012,0
11121,58.4561029999999,5.923496,2012,0
11122,58.463751,5.903458,2012,0
11123,58.4452929999999,5.888784,2012,0
11124,58.461148,5.878857,2013,0
11125,58.4607439999999,5.879935,2013,0
11126,58.4613579999999,5.884403,2013,0
11127,58.461865,5.883398,2013,0
11128,58.461869,5.883247,2013,0
11129,58.458072,5.886538,2013,0
11130,58.456204,5.881204,2013,0
11131,58.453695,5.883206,2013,0
11132,58.453867,5.882808,2013,0
11133,58.4540179999999,5.882431,2013,0
11134,58.4539669999999,5.884034,2013,0
11135,58.4541299999999,5.883193,2013,0
11136,58.4542089999999,5.882923,2013,0
11137,58.454242,5.889275,2013,0
11138,58.4543269999999,5.888928,2013,0
11139,58.453521,5.889432,2013,0
11140,58.453218,5.889577,2013,0
11141,58.453462,5.89039,2013,0
11142,58.4556979999999,5.892451,2013,0
11143,58.4565679999999,5.894907,2013,0
11144,58.4604459999999,5.898327,2013,0
11145,58.46056,5.898495,2013,0
11146,58.461032,5.898566,2013,0
11147,58.461103,5.898753,2013,0
11148,58.464584,5.897521,2013,0
11149,58.464765,5.897082,2013,0
11150,58.242531,6.342775,2012,0
11151,58.246485,6.347797,2012,0
11152,58.2470149999999,6.348951,2012,0
11153,58.247487,6.349263,2012,0
11154,58.247767,6.350051,2012,0
11155,58.2495139999999,6.349194,2012,0
11156,58.9739999999999,10.0181,2008,0
11157,58.97382,10.01943,2008,0
11158,58.9731499999999,10.01953,2008,0
11159,58.97276,10.02089,2008,0
11160,58.9706499999999,10.0129199999999,2008,0
11161,58.97073,10.02075,2008,0
11162,58.97019,10.01256,2008,0
11163,58.96941,10.01572,2008,0
11164,58.96851,10.0215099999999,2008,0
11165,58.9684,10.02457,2008,0
11166,58.9672899999999,10.01341,2008,0
11167,58.96645,10.01484,2008,0
11168,58.96553,10.00844,2008,0
11169,58.96591,10.0184,2008,0
11170,58.9636599999999,9.96604,2008,0
11171,58.9650699999999,10.01983,2008,0
11172,58.9624799999999,9.9588,2008,0
11173,58.96266,9.96923,2008,0
11174,58.9627399999999,9.97139,2008,0
11175,58.96276,9.97183,2008,0
11176,58.96363,10.00001,2008,0
11177,58.96204,9.96496,2008,0
11178,58.96188,9.96673,2008,0
11179,58.9627699999999,9.99534,2008,0
11180,58.96439,10.03735,2008,0
11181,58.9602,9.95827,2008,0
11182,58.9612699999999,9.99729999999999,2008,0
11183,58.9613099999999,9.99817,2008,0
11184,58.9612899999999,10.00949,2008,0
11185,58.95848,9.98334,2008,0
11186,59.00648,10.1267499999999,2008,0
11187,59.0047199999999,10.12787,2008,0
11188,59.00549,10.14826,2008,0
11189,59.0060399999999,10.163,2008,0
11190,59.0060599999999,10.16954,2008,0
11191,59.0049899999999,10.1470199999999,2008,0
11192,59.00448,10.1392399999999,2008,0
11193,59.0056799999999,10.1713299999999,2008,0
11194,59.0055499999999,10.17397,2008,0
11195,59.00357,10.12717,2008,0
11196,59.00535,10.1744299999999,2008,0
11197,59.0041099999999,10.14758,2008,0
11198,59.00457,10.16582,2008,0
11199,59.0046499999999,10.16799,2008,0
11200,59.0040899999999,10.15892,2008,0
11201,59.00453,10.1828299999999,2008,0
11202,59.00376,10.16812,2008,0
11203,59.00321,10.15947,2008,0
11204,59.0019599999999,10.13219,2008,0
11205,59.0029899999999,10.1595099999999,2008,0
11206,59.00215,10.14306,2008,0
11207,59.00218,10.1500299999999,2008,0
11208,59.00251,10.1587,2008,0
11209,59.00265,10.1625999999999,2008,0
11210,59.00311,10.17475,2008,0
11211,59.00235,10.16047,2008,0
11212,59.0011,10.1331799999999,2008,0
11213,59.00104,10.1375499999999,2008,0
11214,59.0009299999999,10.14062,2008,0
11215,59.00072,10.14108,2008,0
11216,59.0013999999999,10.17106,2008,0
11217,59.00103,10.16719,2008,0
11218,58.9995499999999,10.1338399999999,2008,0
11219,58.9999499999999,10.15035,2008,0
11220,59.00103,10.1793999999999,2008,0
11221,58.99925,10.1378,2008,0
11222,58.9988299999999,10.13263,2008,0
11223,58.99936,10.1526099999999,2008,0
11224,58.99985,10.17172,2008,0
11225,58.9986999999999,10.14703,2008,0
11226,58.99938,10.16524,2008,0
11227,58.99888,10.1640099999999,2008,0
11228,58.99806,10.148,2008,0
11229,58.9977,10.14456,2008,0
11230,58.99774,10.1454299999999,2008,0
11231,58.99886,10.17534,2008,0
11232,58.9974199999999,10.14286,2008,0
11233,58.99803,10.15933,2008,0
11234,58.9973499999999,10.14722,2008,0
11235,58.99781,10.15936,2008,0
11236,58.99804,10.17153,2008,0
11237,58.99709,10.15206,2008,0
11238,58.9979299999999,10.1746,2008,0
11239,58.99716,10.15989,2008,0
11240,58.9964299999999,10.14648,2008,0
11241,58.99698,10.16122,2008,0
11242,58.99607,10.14305,2008,0
11243,58.9966599999999,10.15865,2008,0
11244,58.9966799999999,10.15909,2008,0
11245,58.99584,10.14874,2008,0
11246,58.99618,10.15785,2008,0
11247,58.9962,10.15828,2008,0
11248,58.99526,10.1392399999999,2008,0
11249,58.9947,10.14237,2008,0
11250,58.99483,10.14584,2008,0
11251,58.9951999999999,10.15581,2008,0
11252,58.9953,10.15841,2008,0
11253,58.99533,10.15928,2008,0
11254,58.9949299999999,10.15454,2008,0
11255,58.9945799999999,10.1511,2008,0
11256,58.99282,10.14612,2008,0
11257,58.98971,10.13523,2008,0
11258,58.96065,10.0161099999999,2008,0
11259,58.9613099999999,10.0390999999999,2008,0
11260,58.95881,10.02073,2008,0
11261,58.9595699999999,10.0406499999999,2008,0
11262,58.95792,10.02696,2008,0
11263,58.95721,10.01443,2008,0
11264,58.95602,10.0067699999999,2008,0
11265,58.9562099999999,10.03504,2008,0
11266,58.9557799999999,10.02988,2008,0
11267,58.9556899999999,10.03903,2008,0
11268,58.95358,10.03107,2008,0
11269,58.95362,10.0380299999999,2008,0
11270,58.9521599999999,10.03519,2008,0
11271,58.95199,10.0365199999999,2008,0
11272,58.9510599999999,10.04753,2008,0
11273,58.95064,10.04237,2008,0
11274,58.95103,10.05842,2008,0
11275,58.9489099999999,10.05002,2008,0
11276,58.97572,10.03354,2008,0
11277,58.9742999999999,10.0259,2008,0
11278,58.9736899999999,10.03339,2008,0
11279,58.9733999999999,10.0316899999999,2008,0
11280,58.96996,9.98340999999999,2008,0
11281,58.97238,10.04621,2008,0
11282,58.97176,10.03585,2008,0
11283,58.97079,10.02815,2008,0
11284,58.9709999999999,10.03378,2008,0
11285,58.9688,10.00013,2008,0
11286,58.96952,10.03617,2008,0
11287,58.9673099999999,10.0020799999999,2008,0
11288,58.96824,10.032,2008,0
11289,58.9677599999999,10.03729,2008,0
11290,58.9658,9.99229,2008,0
11291,58.9670199999999,10.04132,2008,0
11292,58.96632,10.03489,2008,0
11293,58.9655899999999,10.02759,2008,0
11294,58.96571,10.03062,2008,0
11295,58.9652299999999,10.02416,2008,0
11296,58.9654,10.02849,2008,0
11297,58.96585,10.0401799999999,2008,0
11298,58.9652999999999,10.0376499999999,2008,0
11299,58.96466,10.02685,2008,0
11300,58.9641999999999,10.02649,2008,0
11301,58.96385,10.02915,2008,0
11302,58.9627399999999,10.0118899999999,2008,0
11303,58.9624499999999,10.0337099999999,2008,0
11304,58.96255,10.0363,2008,0
11305,58.9780799999999,9.81317999999999,2008,0
11306,58.97782,9.81235,2008,0
11307,58.9771599999999,9.80721999999999,2008,0
11308,58.97681,9.81512,2008,0
11309,58.97533,9.81752,2008,0
11310,58.9739999999999,9.81814999999999,2008,0
11311,58.9729699999999,9.81481999999999,2008,0
11312,58.9726799999999,9.81879,2008,0
11313,58.9723499999999,9.81622,2008,0
11314,58.97249,9.81969,2008,0
11315,58.9719699999999,9.81802,2008,0
11316,58.97182,9.81978999999999,2008,0
11317,58.97063,9.81822,2008,0
11318,58.96994,9.81789,2008,0
11319,58.9702199999999,9.82482,2008,0
11320,58.9698199999999,9.82052,2008,0
11321,58.96952,9.82405,2008,0
11322,58.96947,9.82841999999999,2008,0
11323,58.9687399999999,9.82156,2008,0
11324,58.96864,9.82461999999999,2008,0
11325,58.9688799999999,9.83067999999999,2008,0
11326,58.96822,9.81988999999999,2008,0
11327,58.9681599999999,9.82382,2008,0
11328,58.96857,9.83421,2008,0
11329,58.96744,9.83395,2008,0
11330,58.9674699999999,9.83480999999999,2008,0
11331,58.96728,9.83571,2008,0
11332,58.96647,9.82668999999999,2008,0
11333,58.96576,9.82025999999999,2008,0
11334,58.96582,9.83855,2008,0
11335,58.96468,9.8213,2008,0
11336,58.96515,9.83297999999999,2008,0
11337,58.9648899999999,9.83215,2008,0
11338,58.96551,9.84774,2008,0
11339,58.96408,9.82879,2008,0
11340,58.9646899999999,9.8496,2008,0
11341,58.96325,9.81933,2008,0
11342,58.9637099999999,9.84756999999999,2008,0
11343,58.9623599999999,9.81947,2008,0
11344,58.96331,9.84328,2008,0
11345,58.96309,9.84897,2008,0
11346,58.95989,9.84770999999999,2008,0
11347,58.95942,9.84734,2008,0
11348,58.9596,9.85167,2008,0
11349,58.95955,9.85603,2008,0
11350,58.9592499999999,9.85434,2008,0
11351,58.95875,9.8531,2008,0
11352,58.9576899999999,9.85457,2008,0
11353,58.9573299999999,9.85113999999999,2008,0
11354,58.9576199999999,9.85849999999999,2008,0
11355,58.95731,9.85637,2008,0
11356,58.95848,9.8858,2008,0
11357,58.95814,9.88280999999999,2008,0
11358,58.95817,9.88367,2008,0
11359,58.9568099999999,9.85514,2008,0
11360,58.9566599999999,9.8569,2008,0
11361,58.9579999999999,9.89066,2008,0
11362,58.9574,9.88683,2008,0
11363,58.95562,9.85923,2008,0
11364,58.9561899999999,9.88484,2008,0
11365,58.9558299999999,9.88707,2008,0
11366,58.9545099999999,9.8594,2008,0
11367,58.95463,9.86809,2008,0
11368,58.9544199999999,9.87421,2008,0
11369,58.9534099999999,9.85999999999999,2008,0
11370,58.9538999999999,9.87255,2008,0
11371,58.95396,9.87384999999999,2008,0
11372,58.9534099999999,9.87132,2008,0
11373,58.9530299999999,9.87312,2008,0
11374,58.9528899999999,9.87531,2008,0
11375,58.95206,9.87152,2008,0
11376,58.95163,9.87201999999999,2008,0
11377,58.94979,9.87097999999999,2008,0
11378,58.95017,9.88050999999999,2008,0
11379,58.94955,9.87623999999999,2008,0
11380,58.94899,9.87327999999999,2008,0
11381,58.94849,9.87205,2008,0
11382,58.94874,9.87853999999999,2008,0
11383,58.9462499999999,9.87725,2008,0
11384,58.94592,9.87548,2008,0
11385,58.9454899999999,9.87598,2008,0
11386,62.978979,8.644107,2018,0
11387,62.979552,8.644098,2018,0
11388,62.979088,8.644832,2018,0
11389,62.979885,8.642687,2018,0
11390,62.987794,8.651013,2018,0
11391,62.987877,8.650394,2018,0
11392,62.989349,8.647608,2018,0
11393,62.990379,8.642981,2018,0
11394,62.990307,8.642725,2018,0
11395,62.989921,8.641872,2018,0
11396,62.989144,8.64115,2018,0
11397,62.989567,8.642072,2018,0
11398,62.989771,8.642481,2018,0
11399,62.989858,8.642733,2018,0
11400,62.989725,8.640753,2018,0
11401,62.989739,8.640533,2018,0
11402,62.989619,8.640211,2018,0
11403,62.989597,8.640016,2018,0
11404,62.989146,8.638918,2018,0
11405,62.988763,8.637425,2018,0
11406,62.988785,8.637618,2018,0
11407,62.988957,8.637914,2018,0
11408,62.989164,8.637699,2018,0
11409,62.989313,8.637599,2018,0
11410,62.989468,8.637649,2018,0
11411,62.989413,8.637701,2018,0
11412,62.988379,8.63452,2018,0
11413,62.988544,8.634526,2018,0
11414,62.988611,8.634589,2018,0
11415,62.988757,8.634458,2018,0
11416,62.98152,8.643175,2018,0
11417,62.981496,8.644984,2018,0
11418,62.981514,8.645386,2018,0
11419,62.98167,8.64646,2018,0
11420,62.981769,8.647311,2018,0
11421,62.970033,8.451161,2018,0
11422,62.964501,8.33363,2018,0
11423,62.962327,8.334172,2018,0
11424,62.955329,8.330706,2018,0
11425,62.934729,8.325402,2018,0
11426,62.932373,8.321499,2018,0
11427,62.929811,8.316838,2018,0
11428,62.934426,8.315653,2018,0
11429,62.929667,8.311773,2018,0
11430,62.926331,8.288744,2018,0
11431,62.926596,8.288484,2018,0
11432,62.926618,8.288897,2018,0
11433,62.926223,8.289411,2018,0
11434,62.926675,8.289799,2018,0
11435,62.927669,8.287303,2018,0
11436,62.927855,8.287104,2018,0
11437,62.928101,8.28715,2018,0
11438,62.92848,8.287656,2018,0
11439,62.928793,8.288493,2018,0
11440,62.929653,8.290463,2018,0
11441,62.930208,8.291605,2018,0
11442,62.931576,8.292564,2018,0
11443,62.933112,8.29255,2018,0
11444,62.933045,8.292462,2018,0
11445,62.934926,8.294886,2018,0
11446,62.929177,8.293099,2018,0
11447,62.918456,8.313953,2018,0
11448,62.914299,8.320256,2018,0
11449,62.910046,8.326154,2018,0
11450,62.905674,8.331862,2018,0
11451,62.863751,8.301998,2018,0
11452,62.860817,8.300093,2018,0
11453,62.864898,8.319575,2018,0
11454,62.861069,8.3149,2018,0
11455,62.873088,8.338682,2018,0
11456,62.872697,8.337039,2018,0
11457,62.872704,8.336993,2018,0
11458,62.916756,8.384275,2018,0
11459,62.919773,8.388252,2018,0
11460,62.919276,8.388561,2018,0
11461,62.909644,8.459708,2018,0
11462,62.908957,8.461006,2018,0
11463,62.91622,8.45429,2018,0
11464,62.931041,8.434913,2018,0
11465,62.932919,8.430001,2018,0
11466,62.935185,8.429208,2018,0
11467,62.933925,8.426822,2018,0
11468,62.934892,8.424435,2018,0
11469,62.936973,8.424844,2018,0
11470,62.943951,8.423554,2018,0
11471,62.94625,8.421679,2018,0
11472,62.948306,8.421178,2018,0
11473,62.979921,8.642693,2018,0
11474,62.977031,8.63705,2018,0
11475,62.973512,8.636188,2018,0
11476,62.972187,8.635893,2018,0
11477,62.969786,8.629677,2018,0
11478,62.970232,8.631958,2018,0
11479,62.969571,8.628113,2018,0
11480,62.969393,8.626884,2018,0
11481,62.969343,8.62641,2018,0
11482,62.969394,8.626034,2018,0
11483,62.969235,8.623114,2018,0
11484,62.969305,8.621697,2018,0
11485,62.969053,8.619907,2018,0
11486,63.045348,8.127803,2018,0
11487,63.045035,8.126925,2018,0
11488,63.044925,8.126382,2018,0
11489,63.044834,8.125893,2018,0
11490,63.044808,8.125384,2018,0
11491,63.044913,8.124925,2018,0
11492,63.04484,8.12499,2018,0
11493,63.044882,8.124977,2018,0
11494,63.044961,8.124868,2018,0
11495,63.04502,8.124819,2018,0
11496,63.045003,8.126556,2018,0
11497,63.045328,8.127794,2018,0
11498,63.0452,8.127155,2018,0
11499,63.045082,8.126737,2018,0
11500,63.045013,8.126196,2018,0
11501,63.04512,8.126009,2018,0
11502,63.045289,8.125756,2018,0
11503,63.045215,8.12424,2018,0
11504,63.045064,8.123863,2018,0
11505,63.044927,8.123699,2018,0
11506,63.044833,8.123612,2018,0
11507,63.044754,8.123557,2018,0
11508,63.044714,8.123531,2018,0
11509,63.044689,8.123475,2018,0
11510,63.04492,8.123583,2018,0
11511,63.045081,8.123191,2018,0
11512,63.045166,8.122926,2018,0
11513,63.045147,8.122548,2018,0
11514,63.045063,8.122376,2018,0
11515,63.04504,8.121869,2018,0
11516,63.044994,8.121499,2018,0
11517,63.044967,8.121418,2018,0
11518,63.044941,8.121102,2018,0
11519,63.044817,8.12067,2018,0
11520,63.04473,8.120523,2018,0
11521,63.044559,8.120057,2018,0
11522,63.044493,8.119841,2018,0
11523,63.044397,8.11955,2018,0
11524,63.04421,8.119048,2018,0
11525,63.044151,8.118884,2018,0
11526,63.044032,8.118687,2018,0
11527,63.044012,8.118654,2018,0
11528,63.044201,8.118235,2018,0
11529,63.044365,8.117725,2018,0
11530,63.044391,8.117574,2018,0
11531,63.044431,8.117384,2018,0
11532,63.043958,8.12058,2018,0
11533,63.044005,8.120422,2018,0
11534,63.044072,8.120313,2018,0
11535,63.044006,8.120063,2018,0
11536,63.043906,8.119847,2018,0
11537,63.043763,8.119628,2018,0
11538,63.044233,8.11981,2018,0
11539,63.044622,8.11954,2018,0
11540,63.044793,8.119386,2018,0
11541,63.044723,8.119171,2018,0
11542,63.044954,8.119713,2018,0
11543,63.045542,8.120448,2018,0
11544,63.045721,8.120193,2018,0
11545,63.045829,8.119906,2018,0
11546,63.0458,8.119858,2018,0
11547,63.04606,8.119948,2018,0
11548,63.046183,8.120402,2018,0
11549,63.046153,8.120438,2018,0
11550,63.046109,8.120507,2018,0
11551,63.046011,8.120675,2018,0
11552,63.046521,8.120489,2018,0
11553,63.046494,8.120577,2018,0
11554,63.04649,8.120592,2018,0
11555,63.046451,8.120798,2018,0
11556,63.046403,8.121094,2018,0
11557,63.046619,8.121157,2018,0
11558,63.046598,8.121395,2018,0
11559,63.047351,8.121,2018,0
11560,63.047608,8.121168,2018,0
11561,63.048052,8.121381,2018,0
11562,63.048747,8.122571,2018,0
11563,63.049015,8.12406,2018,0
11564,63.116056,8.159308,2018,0
11565,63.116157,8.158976,2018,0
11566,63.11628,8.15902,2018,0
11567,63.116385,8.158684,2018,0
11568,63.116561,8.158354,2018,0
11569,63.116845,8.157998,2018,0
11570,63.117094,8.157716,2018,0
11571,63.117146,8.157627,2018,0
11572,63.117345,8.157722,2018,0
11573,63.117884,8.159334,2018,0
11574,63.118638,8.161322,2018,0
11575,63.118554,8.161035,2018,0
11576,63.118714,8.160777,2018,0
11577,63.118698,8.160753,2018,0
11578,63.118566,8.160606,2018,0
11579,63.118418,8.160325,2018,0
11580,63.118298,8.159924,2018,0
11581,63.118264,8.160294,2018,0
11582,63.118369,8.160787,2018,0
11583,63.118935,8.160122,2018,0
11584,63.118914,8.160074,2018,0
11585,63.118831,8.159945,2018,0
11586,63.11869,8.159822,2018,0
11587,63.118539,8.159659,2018,0
11588,63.118053,8.161049,2018,0
11589,63.118089,8.160966,2018,0
11590,63.119054,8.159844,2018,0
11591,63.119362,8.160997,2018,0
11592,63.119603,8.160501,2018,0
11593,63.12029,8.160575,2018,0
11594,63.121774,8.159562,2018,0
11595,63.103105,8.272897,2018,0
11596,63.100102,8.280731,2018,0
11597,63.077592,8.27999,2018,0
11598,63.076869,8.281542,2018,0
11599,63.076816,8.28145,2018,0
11600,63.077024,8.281543,2018,0
11601,63.077105,8.28139,2018,0
11602,63.077141,8.281278,2018,0
11603,63.076717,8.281209,2018,0
11604,63.076806,8.281577,2018,0
11605,63.07674,8.28176,2018,0
11606,63.076828,8.28209,2018,0
11607,63.076911,8.282054,2018,0
11608,63.077043,8.28215,2018,0
11609,63.076992,8.283693,2018,0
11610,63.076904,8.28502,2018,0
11611,63.076824,8.286586,2018,0
11612,63.074876,8.284911,2018,0
11613,63.074458,8.285386,2018,0
11614,63.073273,8.287955,2018,0
11615,63.073159,8.287728,2018,0
11616,63.108748,8.323392,2018,0
11617,63.109566,8.322775,2018,0
11618,63.110008,8.321576,2018,0
11619,63.101129,8.026362,2018,0
11620,63.101331,8.017734,2018,0
11621,63.101344,8.017796,2018,0
11622,63.101422,8.017968,2018,0
11623,63.101446,8.018173,2018,0
11624,63.101259,8.017607,2018,0
11625,63.101071,8.01717,2018,0
11626,63.10096,8.017022,2018,0
11627,63.100793,8.016585,2018,0
11628,63.100633,8.01647,2018,0
11629,63.100453,8.01586,2018,0
11630,63.100186,8.015022,2018,0
11631,63.099651,8.012853,2018,0
11632,63.098909,8.012519,2018,0
11633,63.098378,8.014278,2018,0
11634,63.098663,8.015691,2018,0
11635,63.098676,8.016097,2018,0
11636,63.098742,8.016014,2018,0
11637,63.098801,8.015935,2018,0
11638,63.098819,8.017147,2018,0
11639,63.098807,8.017393,2018,0
11640,63.098966,8.017818,2018,0
11641,63.099037,8.017661,2018,0
11642,63.099164,8.017311,2018,0
11643,63.099267,8.018747,2018,0
11644,63.099537,8.019898,2018,0
11645,63.099765,8.020469,2018,0
11646,63.09977,8.021557,2018,0
11647,63.100087,8.022019,2018,0
11648,63.100162,8.022511,2018,0
11649,63.100322,8.022636,2018,0
11650,63.100239,8.021509,2018,0
11651,63.100411,8.021253,2018,0
11652,63.107873,8.036938,2018,0
11653,63.110657,8.046219,2018,0
11654,63.113158,8.050338,2018,0
11655,63.113863,8.065079,2018,0
11656,63.114232,8.06989,2018,0
11657,63.116399,8.074652,2018,0
11658,63.114786,8.085021,2018,0
11659,63.112662,8.085484,2018,0
11660,63.1148,8.089707,2018,0
11661,63.11315,8.095104,2018,0
11662,63.11054,8.091073,2018,0
11663,63.11008,8.081442,2018,0
11664,63.110047,8.081613,2018,0
11665,63.122167,8.13795,2018,0
11666,63.123935,8.137754,2018,0
11667,63.133184,8.14054,2018,0
11668,63.133486,8.144686,2018,0
11669,63.131675,8.15562,2018,0
11670,63.116021,8.154332,2018,0
11671,63.11373,8.155126,2018,0
11672,63.109402,8.160877,2018,0
11673,63.105149,8.161823,2018,0
11674,63.103447,8.172081,2018,0
11675,63.101256,8.17777,2018,0
11676,63.094342,8.174607,2018,0
11677,63.092006,8.17509,2018,0
11678,63.087746,8.176244,2018,0
11679,63.065274,8.220228,2018,0
11680,63.06308,8.221806,2018,0
11681,63.064725,8.215842,2018,0
11682,63.058736,8.227567,2018,0
11683,63.057983,8.2311,2018,0
11684,63.05822,8.231008,2018,0
11685,63.058536,8.231119,2018,0
11686,63.059337,8.231084,2018,0
11687,63.059851,8.230682,2018,0
11688,63.060541,8.230776,2018,0
11689,63.061232,8.230192,2018,0
11690,63.063195,8.23018,2018,0
11691,63.063202,8.230941,2018,0
11692,63.063617,8.230983,2018,0
11693,63.064017,8.231679,2018,0
11694,63.06408,8.231497,2018,0
11695,63.064052,8.230476,2018,0
11696,63.065244,8.231835,2018,0
11697,63.065237,8.231517,2018,0
11698,63.065206,8.230906,2018,0
11699,63.065718,8.230387,2018,0
11700,63.065815,8.230521,2018,0
11701,63.065903,8.230882,2018,0
11702,63.066521,8.229797,2018,0
11703,63.066728,8.229996,2018,0
11704,63.066809,8.230252,2018,0
11705,63.067305,8.2296,2018,0
11706,63.057597,8.230757,2018,0
11707,63.057199,8.230924,2018,0
11708,63.056941,8.231443,2018,0
11709,63.035279,8.213625,2018,0
11710,63.011525,7.980079,2018,0
11711,63.011582,7.980955,2018,0
11712,63.011942,7.981964,2018,0
11713,63.012803,7.98367,2018,0
11714,63.013249,7.983808,2018,0
11715,63.015202,7.985515,2018,0
11716,63.015375,7.985326,2018,0
11717,63.015359,7.985633,2018,0
11718,63.015306,7.986011,2018,0
11719,63.015585,7.986419,2018,0
11720,63.01576,7.986323,2018,0
11721,63.015927,7.985964,2018,0
11722,63.015682,7.985836,2018,0
11723,63.016291,7.986453,2018,0
11724,63.017928,7.987082,2018,0
11725,63.017928,7.986634,2018,0
11726,63.01834,7.986436,2018,0
11727,63.018371,7.986516,2018,0
11728,63.018317,7.986909,2018,0
11729,63.018584,7.986439,2018,0
11730,63.018616,7.986747,2018,0
11731,63.018764,7.987074,2018,0
11732,63.019159,7.986488,2018,0
11733,63.01985,7.986905,2018,0
11734,63.019822,7.98702,2018,0
11735,63.019976,7.987989,2018,0
11736,63.019897,7.988516,2018,0
11737,63.008604,7.991525,2018,0
11738,63.008651,7.99166,2018,0
11739,63.008479,7.991388,2018,0
11740,63.00829,7.991021,2018,0
11741,63.009565,7.991617,2018,0
11742,63.00929,7.991222,2018,0
11743,63.009325,7.990895,2018,0
11744,63.009642,7.990194,2018,0
11745,63.009788,7.990361,2018,0
11746,63.009906,7.990465,2018,0
11747,63.011872,7.988403,2018,0
11748,63.012981,7.990022,2018,0
11749,63.013742,7.992155,2018,0
11750,63.014595,7.994768,2018,0
11751,63.015171,7.995272,2018,0
11752,63.015089,7.996167,2018,0
11753,63.016124,7.994888,2018,0
11754,63.016139,7.995077,2018,0
11755,63.019265,8.00691,2018,0
11756,63.019365,8.006644,2018,0
11757,63.027142,7.993439,2018,0
11758,63.028161,7.994646,2018,0
11759,63.027588,7.989131,2018,0
11760,63.050532,7.97131,2018,0
11761,63.057079,7.969447,2018,0
11762,63.061133,7.964195,2018,0
11763,63.065737,7.962435,2018,0
11764,63.079719,7.969105,2018,0
11765,63.085934,7.962461,2018,0
11766,63.09012,7.9516,2018,0
11767,63.100036,7.964039,2018,0
11768,63.102745,7.97802,2018,0
11769,63.149862,8.111412,2018,0
11770,63.144201,8.087725,2018,0
11771,63.143514,8.073114,2018,0
11772,63.142974,8.063165,2018,0
11773,63.138809,8.020196,2018,0
11774,63.140611,8.018926,2018,0
11775,63.140334,8.013581,2018,0
11776,63.140262,8.00951,2018,0
11777,63.124164,7.785848,2018,0
11778,63.124664,7.786353,2018,0
11779,63.124903,7.786277,2018,0
11780,63.12491,7.785956,2018,0
11781,63.124891,7.786145,2018,0
11782,63.1249,7.785902,2018,0
11783,63.125112,7.785395,2018,0
11784,63.125581,7.784993,2018,0
11785,63.173407,7.816416,2018,0
11786,63.176303,7.825761,2018,0
11787,63.181979,7.849057,2018,0
11788,63.190019,7.871844,2018,0
11789,63.178954,7.880107,2018,0
11790,63.189223,7.902138,2018,0
11791,63.194572,7.921072,2018,0
11792,63.190786,7.937115,2018,0
11793,63.197285,7.93075,2018,0
11794,63.202269,7.938927,2018,0
11795,63.214764,8.011391,2018,0
11796,63.220086,8.029982,2018,0
11797,63.221109,8.044203,2018,0
11798,63.21289,8.02858,2018,0
11799,63.207368,8.030363,2018,0
11800,63.207383,8.030458,2018,0
11801,63.20649,8.029645,2018,0
11802,63.205893,8.028336,2018,0
11803,63.206099,8.028218,2018,0
11804,63.205497,8.025926,2018,0
11805,63.20548,8.02402,2018,0
11806,63.205611,8.02372,2018,0
11807,63.20532,8.02337,2018,0
11808,63.226884,7.879517,2018,0
11809,63.235912,7.90706,2018,0
11810,63.235512,7.924958,2018,0
11811,63.252551,7.907127,2018,0
11812,63.258401,7.935386,2018,0
11813,63.256667,7.940871,2018,0
11814,63.272858,7.957463,2018,0
11815,63.274939,7.956113,2018,0
11816,63.275427,7.961169,2018,0
11817,63.269734,7.981663,2018,0
11818,63.27053,8.001136,2018,0
11819,63.268791,8.008156,2018,0
11820,63.270003,8.032676,2018,0
11821,63.27011,8.042089,2018,0
11822,63.270684,8.05174,2018,0
11823,63.272403,8.08231,2018,0
11824,63.276315,8.076487,2018,0
11825,63.28241,8.065447,2018,0
11826,63.284698,8.104184,2018,0
11827,63.282871,8.104202,2018,0
11828,63.287256,8.112856,2018,0
11829,63.287899,8.118147,2018,0
11830,63.289808,8.118021,2018,0
11831,63.317537,8.048069,2018,0
11832,63.317685,8.04853,2018,0
11833,63.317957,8.048802,2018,0
11834,63.318903,8.047419,2018,0
11835,63.318919,8.047703,2018,0
11836,63.318951,8.048104,2018,0
11837,63.318907,8.048709,2018,0
11838,63.320708,8.04901,2018,0
11839,63.328765,8.101904,2018,0
11840,63.328289,8.103105,2018,0
11841,63.302336,8.139489,2018,0
11842,63.304915,8.149243,2018,0
11843,63.315117,8.171001,2018,0
11844,63.325195,8.199301,2018,0
11845,63.317925,8.235453,2018,0
11846,63.298288,8.196586,2018,0
11847,63.292429,8.168091,2018,0
11848,63.289715,8.158206,2018,0
11849,63.283886,8.135124,2018,0
11850,63.278172,8.11081,2018,0
11851,63.273023,8.23268,2018,0
11852,63.270266,8.222527,2018,0
11853,63.264227,8.239201,2018,0
11854,63.25931,8.230865,2018,0
11855,63.26123,8.225077,2018,0
11856,63.260899,8.219833,2018,0
11857,63.253659,8.206753,2018,0
11858,63.254423,8.17694,2018,0
11859,63.235939,8.120918,2018,0
11860,63.23747,8.105649,2018,0
11861,63.235285,8.106033,2018,0
11862,63.351873,8.158264,2018,0
11863,63.28508,7.928903,2018,0
11864,63.383015,7.769046,2018,0
11865,63.375804,7.760758,2018,0
11866,63.36667,7.758169,2018,0
11867,63.366175,7.748231,2018,0
11868,63.35435,7.826388,2018,0
11869,63.356257,7.821134,2018,0
11870,63.354059,7.821506,2018,0
11871,63.351113,7.807165,2018,0
11872,63.352804,7.796956,2018,0
11873,63.355036,7.795515,2018,0
11874,63.348212,7.79291,2018,0
11875,63.351335,7.766939,2018,0
11876,63.352051,7.746118,2018,0
11877,63.352246,7.741625,2018,0
11878,63.344167,7.758825,2018,0
11879,63.339487,7.754931,2018,0
11880,63.33522,7.760881,2018,0
11881,63.333215,7.766666,2018,0
11882,63.331411,7.772119,2018,0
11883,63.326908,7.778107,2018,0
11884,63.329987,7.792368,2018,0
11885,63.336629,7.785144,2018,0
11886,63.341059,7.779696,2018,0
11887,63.328473,7.807886,2018,0
11888,63.326949,7.818414,2018,0
11889,63.354901,7.836016,2018,0
11890,63.343062,7.895544,2018,0
11891,63.35585,7.904022,2018,0
11892,59.782617,10.7321329999999,1981,0
11893,59.87895,10.7595329999999,1981,0
11894,59.89856,10.72894,1981,0
11895,59.8914499999999,10.69175,1981,0
11896,59.8164829999999,10.593567,1981,0
11897,59.9006499999999,10.6359999999999,1981,0
11898,58.5090999999999,8.8965,1990,0
11899,60.7965,4.68393,1990,0
11900,58.048,6.796,1990,0
11901,58.51097,8.94705,1990,0
11902,60.4209999999999,4.90816,1990,0
11903,60.6191999999999,4.7867,1990,0
11904,60.1717,5,1990,0
11905,59.5805,5.14426,1990,0
11906,59.88,5.0853,1990,0
11907,59.1317,5.2517,1990,0
11908,58.8858,5.443,1990,0
11909,58.0961,8.198,1990,0
11910,57.9956999999999,7.66,1990,0
11911,57.9881999999999,7.342,1990,0
11912,58.2216,6.7147,1990,0
11913,58.228,6.5011,1990,0
11914,58.8917,9.5792,1990,0
11915,58.5131999999999,8.9443,1990,0
11916,58.5105,8.9092,1990,0
11917,58.3992,8.7973,1990,0
11918,58.2732,8.5372,1990,0
11919,58.2381999999999,8.4289,1990,0
11920,58.7274999999999,9.2967,1990,0
11921,58.9842,10.9652999999999,1990,0
11922,59.0431999999999,10.2963,1990,0
11923,58.4797,5.8305,1991,0
11924,58.9547,9.8642,1991,0
11925,58.1143,7.031367,1992,0
11926,58.140833,8.001833,1992,0
11927,58.1439499999999,7.9908,1992,0
11928,58.9731,10.1548,1995,0
11929,58.079183,6.6235,1995,0
11930,58.0799999999999,6.643,1995,0
11931,59.0266999999999,10.5268,1996,0
11932,57.99665,7.553617,1999,0
11933,58.0658669999999,6.775617,1999,0
11934,58.002,7.526283,1999,0
11935,57.9928669999999,7.551833,1999,0
11936,57.974167,7.5605,1999,0
11937,58.073667,6.7755,1999,0
11938,58.075833,6.7695,1999,0
11939,62.00739,5.45615,2000,0
11940,62.0087899999999,5.46094,2000,0
11941,62.01545,5.47818,2000,0
11942,62.00451,5.477,2000,0
11943,58.0238999999999,7.0406,2002,0
11944,59.1218999999999,10.4549,2002,0
11945,59.1169,10.3754,2002,0
11946,58.4686999999999,8.82022,2003,0
11947,58.4953,8.879,2003,0
11948,58.43193,8.78897,2003,0
11949,58.002367,7.529717,2004,0
11950,57.999383,7.583533,2004,0
11951,57.9997499999999,7.5823,2004,0
11952,57.9997669999999,7.582317,2004,0
11953,58.0016499999999,7.551333,2004,0
11954,58.004483,7.552367,2004,0
11955,58.0038169999999,7.511533,2004,0
11956,58.003867,7.514167,2004,0
11957,58.0047,7.518283,2004,0
11958,58.035817,7.199967,2004,0
11959,58.039467,7.179317,2004,0
11960,58.04135,7.181233,2004,0
11961,58.041333,7.181217,2004,0
11962,58.0384829999999,7.177783,2004,0
11963,58.0384669999999,7.1778,2004,0
11964,58.037883,7.178567,2004,0
11965,58.0371329999999,7.178883,2004,0
11966,58.029083,7.181667,2004,0
11967,58.0289,7.18315,2004,0
11968,58.038133,7.178833,2004,0
11969,58.043967,7.2459,2004,0
11970,58.043967,7.245917,2004,0
11971,58.0451169999999,7.245833,2004,0
11972,58.045133,7.245833,2004,0
11973,58.0482,7.24635,2004,0
11974,58.048183,7.24635,2004,0
11975,58.036667,7.24044,2004,0
11976,58.036,7.2262,2004,0
11977,58.02926,7.22858,2004,0
11978,58.0304,7.22707,2004,0
11979,58.049633,7.19595,2004,0
11980,57.995783,7.548133,2004,0
11981,57.9947829999999,7.547133,2004,0
11982,57.9952169999999,7.567933,2004,0
11983,57.995733,7.569133,2004,0
11984,57.993067,7.5699,2004,0
11985,58.8616999999999,9.53865,2004,0
11986,58.8723999999999,9.53717,2004,0
11987,58.8556669999999,9.5365,2004,0
11988,59.0128169999999,9.750183,2004,0
11989,59.027017,9.73271699999999,2004,0
11990,59.029167,9.7478,2004,0
11991,58.919217,9.54816699999999,2004,0
11992,58.9185999999999,9.54625,2004,0
11993,58.906967,9.553967,2004,0
11994,58.4226669999999,8.75655,2004,0
11995,58.2452169999999,8.4041,2004,0
11996,58.2293499999999,8.380283,2004,0
11997,58.19445,8.309267,2004,0
11998,58.1616829999999,8.2718,2004,0
11999,58.1476329999999,8.252183,2004,0
12000,58.2464,8.3947,2004,0
12001,58.2438,8.393267,2004,0
12002,58.2422499999999,8.39218299999999,2004,0
12003,58.2298669999999,8.375183,2004,0
12004,58.5662499999999,9.0106,2004,0
12005,58.565767,9.0228,2004,0
12006,58.566583,9.00718299999999,2004,0
12007,58.570217,8.997483,2004,0
12008,58.580683,9.027717,2004,0
12009,58.58095,9.02778299999999,2004,0
12010,58.5641,9.032533,2004,0
12011,58.5936329999999,9.0037,2004,0
12012,58.7321669999999,9.230133,2004,0
12013,58.733483,9.223117,2004,0
12014,58.727967,9.23039999999999,2004,0
12015,58.728067,9.2302,2004,0
12016,58.7199999999999,9.25,2004,0
12017,58.720917,9.25005,2004,0
12018,58.7320169999999,9.28035,2004,0
12019,59.0252669999999,11.052883,2004,0
12020,59.0271669999999,11.098983,2004,0
12021,59.026367,10.1297669999999,2004,0
12022,59.0264669999999,10.129783,2004,0
12023,59.0217499999999,10.111483,2004,0
12024,59.0200999999999,10.11095,2004,0
12025,59.02255,10.1245829999999,2004,0
12026,59.2027829999999,10.5451,2004,0
12027,59.2117829999999,10.49395,2004,0
12028,59.2117829999999,10.495717,2004,0
12029,59.211333,10.4956999999999,2004,0
12030,59.2117829999999,10.4939,2004,0
12031,59.19095,10.479383,2004,0
12032,59.189517,10.46735,2004,0
12033,58.0104169999999,7.62655,2004,0
12034,58.031483,7.229633,2004,0
12035,58.8922499999999,9.573933,2004,0
12036,58.8520669999999,9.562683,2004,0
12037,59.026083,9.746983,2004,0
12038,58.1433579999999,8.25745599999999,2004,0
12039,58.5834669999999,9.029417,2004,0
12040,58.567267,9.03205,2004,0
12041,58.5987829999999,9.04495,2004,0
12042,58.7152499999999,9.24804999999999,2004,0
12043,58.9943669999999,11.0678,2004,0
12044,58.992967,11.06795,2004,0
12045,59.0236,11.0504169999999,2004,0
12046,59.0050499999999,11.087033,2004,0
12047,58.9956999999999,9.807067,2004,0
12048,58.994717,9.808317,2004,0
12049,58.9937329999999,9.80855,2004,0
12050,59.0129329999999,10.116383,2004,0
12051,57.9871169999999,7.5471,2004,0
12052,58.8515999999999,9.565117,2004,0
12053,59.014467,9.74884999999999,2004,0
12054,58.4233669999999,8.763633,2004,0
12055,58.602083,9.05581699999999,2004,0
12056,58.7133499999999,9.244983,2004,0
12057,58.71235,9.244833,2004,0
12058,58.986117,10.9691829999999,2004,0
12059,58.9833,10.960467,2004,0
12060,58.985283,10.969117,2004,0
12061,58.9943999999999,9.80855,2004,0
12062,58.9988,9.754417,2004,0
12063,59.01415,9.749017,2004,0
12064,60.2526099999999,5.23302,2005,0
12065,59.5884599999999,5.14069,2005,0
12066,59.91843,5.26546,2005,0
12067,59.9198799999999,5.28102,2005,0
12068,58.4681799999999,5.94418,2005,0
12069,58.46613,5.9281,2005,0
12070,58.4660099999999,5.92706,2005,0
12071,58.42548,5.94483,2005,0
12072,58.42607,5.94669,2005,0
12073,58.93905,5.97511,2005,0
12074,58.9249399999999,5.98281,2005,0
12075,58.92508,5.98057,2005,0
12076,58.926,5.98157,2005,0
12077,58.92468,5.98028,2005,0
12078,59.26917,5.45316,2005,0
12079,59.07034,5.66391,2005,0
12080,59.05747,5.6951,2005,0
12081,59.31163,5.38233,2005,0
12082,59.2946499999999,5.45763,2005,0
12083,59.31188,5.45397,2005,0
12084,59.32851,5.45119,2005,0
12085,59.1365199999999,5.8948,2005,0
12086,59.07978,5.82814,2005,0
12087,59.1477829999999,5.856867,2005,0
12088,58.03139,7.22941,2005,0
12089,58.0387899999999,7.24498,2005,0
12090,58.04171,7.27096,2005,0
12091,58.0416999999999,7.27099,2005,0
12092,58.03869,7.2452,2005,0
12093,58.0313,7.22923,2005,0
12094,58.0313599999999,7.2294,2005,0
12095,58.315983,8.581417,2005,0
12096,59.0174499999999,10.086567,2005,0
12097,60.228183,5.19125,2005,0
12098,60.2250099999999,5.19665,2005,0
12099,59.92287,5.30014,2005,0
12100,59.9230299999999,5.2954,2005,0
12101,58.42891,5.94187,2005,0
12102,58.968283,5.893367,2005,0
12103,58.9682,5.89105,2005,0
12104,59.10918,5.62783,2005,0
12105,59.29466,5.41261,2005,0
12106,59.09707,5.67383,2005,0
12107,59.06967,5.76815,2005,0
12108,59.05816,5.7098,2005,0
12109,59.2567299999999,5.42771,2005,0
12110,59.2893199999999,5.44878,2005,0
12111,59.1324899999999,5.88548,2005,0
12112,58.9754599999999,5.81713,2005,0
12113,58.9811199999999,5.8289,2005,0
12114,58.98237,5.84285,2005,0
12115,58.9831799999999,5.84103,2005,0
12116,59.13844,5.82969,2005,0
12117,58.95382,5.80379,2005,0
12118,58.974817,10.1459499999999,2005,0
12119,60.75748,5.21887,2005,0
12120,60.75462,5.20922,2005,0
12121,60.75967,5.1865,2005,0
12122,60.7729199999999,5.17303,2005,0
12123,60.7809099999999,5.11232,2005,0
12124,60.7816499999999,5.08504,2005,0
12125,60.76863,5.16503,2005,0
12126,60.7794099999999,5.09415,2005,0
12127,60.78067,5.09238,2005,0
12128,60.76198,5.18721,2005,0
12129,60.7899499999999,5.10108,2005,0
12130,60.2580299999999,5.18794,2005,0
12131,60.2419599999999,5.18423,2005,0
12132,60.2337199999999,5.22208,2005,0
12133,59.58715,5.15796,2005,0
12134,59.9278899999999,5.24546,2005,0
12135,59.9426599999999,5.29062,2005,0
12136,58.46108,5.90475,2005,0
12137,58.4312699999999,5.98624,2005,0
12138,58.433,5.87441,2005,0
12139,58.43146,5.8757,2005,0
12140,58.93782,5.97844,2005,0
12141,58.9313999999999,5.98356,2005,0
12142,59.28893,5.40497,2005,0
12143,59.1368,5.79818,2005,0
12144,59.1172299999999,5.88703,2005,0
12145,60.2955329999999,5.1687,2005,0
12146,60.238033,5.249217,2005,0
12147,59.5915499999999,5.14508,2005,0
12148,59.5858899999999,5.14584,2005,0
12149,59.5871399999999,5.15097,2005,0
12150,59.97155,5.35677,2005,0
12151,58.42922,5.94121,2005,0
12152,58.43113,5.98754,2005,0
12153,59.1094099999999,5.62618,2005,0
12154,59.26832,5.35725,2005,0
12155,59.26894,5.48221,2005,0
12156,59.3551199999999,5.31491,2005,0
12157,59.3505299999999,5.31595,2005,0
12158,59.1384899999999,5.89496,2005,0
12159,60.3100669999999,5.184617,2005,0
12160,60.22807,5.2168,2005,0
12161,59.59241,5.15785,2005,0
12162,59.5946,5.15797,2005,0
12163,59.59541,5.15607,2005,0
12164,59.58681,5.15425,2005,0
12165,59.5815399999999,5.14047,2005,0
12166,59.58424,5.13241,2005,0
12167,59.59049,5.15613,2005,0
12168,59.9704899999999,5.33106,2005,0
12169,58.4333499999999,5.99088,2005,0
12170,58.44747,5.88872,2005,0
12171,58.4324099999999,5.99043,2005,0
12172,59.06817,5.64396,2005,0
12173,59.09975,5.56325,2005,0
12174,59.0974799999999,5.56378,2005,0
12175,59.31891,5.32351,2005,0
12176,59.2474899999999,5.36252,2005,0
12177,59.27814,5.32453,2005,0
12178,59.21307,5.51274,2005,0
12179,59.34552,5.30576,2005,0
12180,59.1036199999999,5.85882,2005,0
12181,62.855817,8.156883,2006,0
12182,63.0305,7.97265,2006,0
12183,62.900883,8.16486699999999,2006,0
12184,62.786233,8.34621699999999,2006,0
12185,62.7889169999999,8.338367,2006,0
12186,62.7955669999999,8.288083,2006,0
12187,62.8220669999999,7.1016,2006,0
12188,62.8202,7.127583,2006,0
12189,62.8690169999999,8.40791699999999,2006,0
12190,62.7481,8.44485,2006,0
12191,62.7478669999999,8.44761699999999,2006,0
12192,62.752133,8.43991699999999,2006,0
12193,61.3848169999999,5.4256,2006,0
12194,61.3614999999999,5.357667,2006,0
12195,61.35725,5.29115,2006,0
12196,61.381867,5.409133,2006,0
12197,60.2283499999999,5.193267,2006,0
12198,60.234233,5.5937,2006,0
12199,60.224983,5.559433,2006,0
12200,58.9752999999999,5.8564,2006,0
12201,58.92385,6.0084,2006,0
12202,59.058667,5.719333,2006,0
12203,59.150233,5.952183,2006,0
12204,58.975467,5.817133,2006,0
12205,58.9811169999999,5.8289,2006,0
12206,58.9831829999999,5.841033,2006,0
12207,58.038333,7.269255,2006,0
12208,58.403033,8.716967,2006,0
12209,62.972433,8.059483,2006,0
12210,63.0007329999999,7.981517,2006,0
12211,62.907217,8.13265,2006,0
12212,62.990467,8.0145,2006,0
12213,62.8089999999999,7.200883,2006,0
12214,62.419217,6.378367,2006,0
12215,62.463517,6.1685,2006,0
12216,62.4221999999999,6.367267,2006,0
12217,62.475917,6.2728,2006,0
12218,62.433,6.307017,2006,0
12219,62.8214169999999,7.176067,2006,0
12220,62.836933,7.141483,2006,0
12221,62.837867,7.149833,2006,0
12222,61.3784169999999,5.507267,2006,0
12223,61.3725829999999,5.520617,2006,0
12224,61.3682829999999,5.5606,2006,0
12225,61.2187169999999,5.2116,2006,0
12226,60.56275,4.96675,2006,0
12227,60.576883,4.976483,2006,0
12228,60.5219329999999,5.105767,2006,0
12229,60.52355,5.090717,2006,0
12230,60.532383,5.043433,2006,0
12231,60.5431,5.00655,2006,0
12232,60.252617,5.233017,2006,0
12233,60.241967,5.184217,2006,0
12234,60.2283169999999,5.192817,2006,0
12235,60.24315,5.246867,2006,0
12236,60.20655,5.59795,2006,0
12237,60.1987829999999,5.592917,2006,0
12238,60.2101499999999,5.546317,2006,0
12239,60.196617,5.533283,2006,0
12240,58.954633,5.938583,2006,0
12241,58.968867,5.8786,2006,0
12242,58.9722,5.88025,2006,0
12243,58.918967,6.020183,2006,0
12244,58.93905,5.975117,2006,0
12245,58.9424169999999,5.965083,2006,0
12246,58.932383,5.982633,2006,0
12247,59.15845,5.9315,2006,0
12248,59.1377,5.95275,2006,0
12249,59.1337499999999,5.949883,2006,0
12250,59.1484499999999,5.857983,2006,0
12251,59.158683,5.867783,2006,0
12252,59.138883,5.830083,2006,0
12253,59.164667,5.961433,2006,0
12254,59.197833,5.973183,2006,0
12255,59.21115,5.9678,2006,0
12256,59.026417,5.77845,2006,0
12257,59.0271169999999,5.77425,2006,0
12258,59.020817,5.786067,2006,0
12259,58.14,8.02999999999999,2006,0
12260,58.06,7.81,2006,0
12261,58.0499999999999,7.72,2006,0
12262,58.06,7.71,2006,0
12263,58.0099999999999,7.61,2006,0
12264,63.0416499999999,7.9559,2006,0
12265,62.9995169999999,7.98055,2006,0
12266,62.836083,7.03905,2006,0
12267,62.4685169999999,6.169867,2006,0
12268,62.4178169999999,6.38735,2006,0
12269,62.483567,6.299667,2006,0
12270,62.482767,6.2751,2006,0
12271,62.826467,7.115783,2006,0
12272,62.8347669999999,7.11465,2006,0
12273,62.8419829999999,7.115817,2006,0
12274,61.9125999999999,5.17515,2006,0
12275,61.9157829999999,5.174083,2006,0
12276,61.911583,5.1595,2006,0
12277,61.2008829999999,5.272467,2006,0
12278,61.201467,5.27165,2006,0
12279,61.20365,5.1755,2006,0
12280,61.3447669999999,5.021883,2006,0
12281,60.5224329999999,5.247917,2006,0
12282,60.566217,5.229667,2006,0
12283,60.60345,5.089433,2006,0
12284,60.5970999999999,5.1279,2006,0
12285,60.239817,5.24975,2006,0
12286,60.228417,5.197033,2006,0
12287,60.228783,5.197133,2006,0
12288,60.242317,5.2423,2006,0
12289,60.24365,5.190583,2006,0
12290,60.2421,5.24625,2006,0
12291,60.1812169999999,5.5227,2006,0
12292,60.179,5.5181,2006,0
12293,58.9524669999999,5.944217,2006,0
12294,58.933683,5.991517,2006,0
12295,59.0990499999999,5.78485,2006,0
12296,59.136867,5.79915,2006,0
12297,59.1224169999999,5.92155,2006,0
12298,59.1088329999999,5.899283,2006,0
12299,59.111817,5.9019,2006,0
12300,59.125767,5.9324,2006,0
12301,59.1693,5.973883,2006,0
12302,58.1099999999999,8.06,2006,0
12303,58.0399999999999,7.15,2006,0
12304,58.0732,6.987483,2006,0
12305,58.116633,7.058083,2006,0
12306,63.047533,7.938833,2006,0
12307,62.837667,7.065567,2006,0
12308,62.83395,6.997867,2006,0
12309,62.46005,6.301133,2006,0
12310,62.452517,6.341367,2006,0
12311,62.4551,6.252233,2006,0
12312,62.444367,6.352417,2006,0
12313,62.4093,6.32215,2006,0
12314,62.440333,6.2807,2006,0
12315,62.444417,6.264283,2006,0
12316,62.441433,6.250333,2006,0
12317,62.4410329999999,6.283033,2006,0
12318,61.98075,5.309367,2006,0
12319,61.899433,5.1968,2006,0
12320,61.2077,5.247117,2006,0
12321,61.3111499999999,5.162067,2006,0
12322,61.324117,5.101833,2006,0
12323,61.3383669999999,5.070283,2006,0
12324,61.3496999999999,5.023033,2006,0
12325,61.325417,5.057383,2006,0
12326,61.3048,5.16825,2006,0
12327,61.352867,5.046233,2006,0
12328,61.191617,4.93405,2006,0
12329,60.56875,5.210783,2006,0
12330,60.576833,4.9827,2006,0
12331,60.588317,5.15605,2006,0
12332,60.2406999999999,5.193867,2006,0
12333,60.1504169999999,5.457517,2006,0
12334,60.1765669999999,5.51045,2006,0
12335,59.0268,5.774467,2006,0
12336,58.21,6.57,2006,0
12337,58.1148,7.0429,2006,0
12338,58.10665,7.028183,2006,0
12339,62.8346829999999,7.091967,2006,0
12340,62.8256,6.963033,2006,0
12341,62.801833,6.939317,2006,0
12342,62.46345,6.2225,2006,0
12343,62.4569329999999,6.245317,2006,0
12344,61.9791829999999,5.19065,2006,0
12345,61.9548169999999,5.285483,2006,0
12346,61.997233,5.305417,2006,0
12347,61.94885,5.1351,2006,0
12348,61.967967,5.288117,2006,0
12349,61.9705999999999,5.194983,2006,0
12350,61.939883,5.2227,2006,0
12351,61.9542,5.150733,2006,0
12352,61.9740329999999,5.259133,2006,0
12353,61.9624,5.1486,2006,0
12354,61.9845329999999,5.27635,2006,0
12355,61.893217,5.13575,2006,0
12356,61.8967499999999,5.0874,2006,0
12357,61.14195,4.945117,2006,0
12358,61.17855,5.278217,2006,0
12359,61.1937,5.25365,2006,0
12360,61.1846999999999,4.998717,2006,0
12361,61.190967,5.2907,2006,0
12362,61.185217,5.06485,2006,0
12363,61.1925669999999,4.944417,2006,0
12364,61.181583,4.960183,2006,0
12365,61.2058,4.950533,2006,0
12366,61.3564829999999,5.1958,2006,0
12367,61.337133,5.17335,2006,0
12368,61.3325669999999,5.167083,2006,0
12369,61.1715,4.938317,2006,0
12370,60.54415,5.270833,2006,0
12371,60.506033,5.219417,2006,0
12372,60.612583,5.053017,2006,0
12373,60.233933,5.222533,2006,0
12374,60.294283,5.201167,2006,0
12375,60.321367,5.218133,2006,0
12376,60.263083,5.215283,2006,0
12377,60.242683,5.189633,2006,0
12378,60.2447829999999,5.189,2006,0
12379,58.2999999999999,6.31,2006,0
12380,58.31,6.31,2006,0
12381,58.03,7.02,2006,0
12382,58.2416899999999,8.42503,2006,0
12383,60.247233,5.272333,2007,0
12384,60.248583,5.27305,2007,0
12385,60.1426329999999,6.129217,2007,0
12386,60.07885,6.070217,2007,0
12387,60.21945,6.121117,2007,0
12388,60.252133,6.097317,2007,0
12389,60.231,6.0065,2007,0
12390,60.22995,6.00345,2007,0
12391,60.198517,5.971833,2007,0
12392,60.1537,5.943217,2007,0
12393,60.1497999999999,5.923517,2007,0
12394,60.159233,5.922783,2007,0
12395,60.132533,5.907217,2007,0
12396,60.1048669999999,5.9432,2007,0
12397,60.1435999999999,5.904167,2007,0
12398,60.193283,6.08375,2007,0
12399,60.078533,6.06845,2007,0
12400,60.058967,5.9244,2007,0
12401,60.017167,5.899717,2007,0
12402,59.956167,5.862617,2007,0
12403,59.95555,5.916283,2007,0
12404,59.954183,5.92505,2007,0
12405,60.24345,6.1466,2007,0
12406,59.8036669999999,5.79725,2007,0
12407,59.795833,5.798,2007,0
12408,59.8051499999999,5.799,2007,0
12409,59.81725,5.76035,2007,0
12410,58.9603669999999,5.9066,2007,0
12411,58.001533,7.551433,2007,0
12412,58.0108329999999,7.606617,2007,0
12413,58.011167,7.600417,2007,0
12414,58.0003669999999,7.5814,2007,0
12415,57.997183,7.586017,2007,0
12416,57.9913829999999,7.55255,2007,0
12417,57.9688999999999,7.551433,2007,0
12418,57.966383,7.55425,2007,0
12419,57.976083,7.559133,2007,0
12420,57.980133,7.586617,2007,0
12421,57.9908,7.606617,2007,0
12422,57.9917999999999,7.60345,2007,0
12423,57.9957169999999,7.568833,2007,0
12424,57.9939499999999,7.56875,2007,0
12425,57.990617,7.574767,2007,0
12426,57.9697999999999,7.551467,2007,0
12427,58.0668829999999,6.9992,2007,0
12428,58.065533,7.002367,2007,0
12429,58.04755,7.145067,2007,0
12430,58.073633,7.148167,2007,0
12431,58.0745,7.15125,2007,0
12432,58.0736169999999,7.14815,2007,0
12433,58.873317,9.58569999999999,2007,0
12434,58.8862499999999,9.57133299999999,2007,0
12435,58.8674499999999,9.47143299999999,2007,0
12436,58.8802329999999,9.48065,2007,0
12437,58.8573,9.423867,2007,0
12438,58.871417,9.518483,2007,0
12439,58.9617,9.8878,2007,0
12440,58.9645829999999,9.8705,2007,0
12441,58.9587,9.868167,2007,0
12442,58.961367,9.862583,2007,0
12443,58.9566329999999,9.86365,2007,0
12444,58.957833,9.86389999999999,2007,0
12445,58.99425,9.80875,2007,0
12446,60.27315,5.218717,2007,0
12447,60.256717,5.288217,2007,0
12448,60.2589499999999,5.308867,2007,0
12449,60.098933,5.918883,2007,0
12450,59.82095,5.7228,2007,0
12451,59.823033,5.694283,2007,0
12452,59.9389169999999,5.801267,2007,0
12453,59.9447499999999,5.814733,2007,0
12454,60.0157669999999,5.994733,2007,0
12455,60.070967,5.966017,2007,0
12456,59.819817,5.756683,2007,0
12457,58.9312499999999,5.984517,2007,0
12458,59.212733,5.966417,2007,0
12459,59.0151499999999,5.761283,2007,0
12460,58.953817,5.803783,2007,0
12461,58.9609999999999,9.89143299999999,2007,0
12462,59.04749,10.87016,2007,0
12463,59.16452,10.8435,2007,0
12464,59.0188199999999,10.0389199999999,2007,0
12465,59.07844,10.2525999999999,2007,0
12466,58.0701669999999,6.7744,2007,0
12467,60.2415499999999,5.291983,2007,0
12468,60.26785,5.2173,2007,0
12469,60.2564169999999,5.282933,2007,0
12470,60.256017,5.298017,2007,0
12471,59.894683,5.64815,2007,0
12472,60.0052999999999,5.984017,2007,0
12473,59.9042999999999,5.76625,2007,0
12474,59.057467,5.6951,2007,0
12475,59.0581669999999,5.7098,2007,0
12476,58.25625,8.52665,2007,0
12477,58.301067,8.57888299999999,2007,0
12478,59.53864,10.4115199999999,2007,0
12479,59.2543,10.70404,2007,0
12480,59.05561,10.97483,2007,0
12481,59.14508,10.3034199999999,2007,0
12482,59.4501199999999,10.48281,2007,0
12483,60.25305,5.217417,2007,0
12484,60.2584329999999,5.214317,2007,0
12485,60.259267,5.309317,2007,0
12486,60.253767,5.322333,2007,0
12487,59.8246499999999,5.693467,2007,0
12488,59.8264169999999,5.691317,2007,0
12489,59.836317,5.604433,2007,0
12490,59.8996,5.764333,2007,0
12491,59.815533,5.675617,2007,0
12492,58.06705,6.9974,2007,0
12493,60.261333,5.2123,2007,0
12494,60.287633,5.172333,2007,0
12495,60.2862829999999,5.15635,2007,0
12496,59.815933,5.670517,2007,0
12497,59.8516669999999,5.6177,2007,0
12498,59.896,5.7647,2007,0
12499,59.8372829999999,5.618517,2007,0
12500,58.254783,8.525833,2007,0
12501,58.254167,8.52769999999999,2007,0
12502,61.3751499999999,5.535717,2008,0
12503,60.613283,4.974317,2008,0
12504,60.5346499999999,5.24795,2008,0
12505,60.260517,5.210583,2008,0
12506,60.1422329999999,6.1303,2008,0
12507,60.1964169999999,5.96845,2008,0
12508,60.0982169999999,5.949983,2008,0
12509,59.955283,5.916383,2008,0
12510,59.956017,5.9172,2008,0
12511,59.948633,5.826217,2008,0
12512,60.2179829999999,5.55845,2008,0
12513,58.9519329999999,5.947083,2008,0
12514,59.1172329999999,5.887033,2008,0
12515,59.1388499999999,5.953333,2008,0
12516,57.9993169999999,7.5643,2008,0
12517,58.0315829999999,7.2304,2008,0
12518,58.8915,9.59391699999999,2008,0
12519,58.891767,9.59621699999999,2008,0
12520,58.8605999999999,9.5519,2008,0
12521,58.8742329999999,9.52335,2008,0
12522,58.4039,8.732917,2008,0
12523,58.408267,8.74733299999999,2008,0
12524,58.3111499999999,8.60495,2008,0
12525,58.314067,8.584333,2008,0
12526,59.0191999999999,10.111333,2008,0
12527,59.195233,10.519067,2008,0
12528,59.19395,10.500083,2008,0
12529,59.1913169999999,10.48095,2008,0
12530,59.194417,10.468583,2008,0
12531,60.260817,5.210417,2008,0
12532,60.2415,5.291883,2008,0
12533,60.19145,6.08205,2008,0
12534,60.070067,6.045617,2008,0
12535,59.9577669999999,5.9908,2008,0
12536,59.9823,5.828833,2008,0
12537,60.1812329999999,5.522033,2008,0
12538,59.739767,5.912467,2008,0
12539,58.937283,5.978933,2008,0
12540,59.112183,5.9017,2008,0
12541,59.1582999999999,5.8678,2008,0
12542,59.1384329999999,5.829683,2008,0
12543,59.0226329999999,11.043767,2008,0
12544,59.0187329999999,11.0355329999999,2008,0
12545,59.002245,11.0081799999999,2008,0
12546,59.012433,10.116033,2008,0
12547,59.1902329999999,10.527183,2008,0
12548,59.189467,10.520333,2008,0
12549,59.19605,10.4896829999999,2008,0
12550,60.259233,5.309467,2008,0
12551,60.2460499999999,5.3076,2008,0
12552,60.2648999999999,5.324333,2008,0
12553,60.00135,5.9807,2008,0
12554,60.0493,6.0167,2008,0
12555,60.0157829999999,5.89815,2008,0
12556,59.9393329999999,5.802417,2008,0
12557,59.9361669999999,5.795017,2008,0
12558,59.947617,5.821683,2008,0
12559,59.933633,5.791067,2008,0
12560,58.954667,5.937683,2008,0
12561,59.109617,5.900717,2008,0
12562,59.212933,5.963117,2008,0
12563,59.204917,5.920217,2008,0
12564,58.0427499999999,7.242883,2008,0
12565,59.038383,11.115,2008,0
12566,59.047083,11.1186,2008,0
12567,59.0097,10.110367,2008,0
12568,59.069667,5.76815,2008,0
12569,58.310467,8.60549999999999,2008,0
12570,59.014383,11.017467,2008,0
12571,61.1461169999999,4.949833,2008,0
12572,61.1618169999999,4.944417,2008,0
12573,60.57455,4.9857,2008,0
12574,60.258817,5.188633,2008,0
12575,60.2580329999999,5.187933,2008,0
12576,60.2458669999999,5.176083,2008,0
12577,58.926,5.981567,2008,0
12578,59.1368,5.798183,2008,0
12579,61.18789,5.2953,2009,0
12580,61.15554,4.94085,2009,0
12581,60.2563,5.29825,2009,0
12582,60.24156,5.18463,2009,0
12583,58.96898,5.87873,2009,0
12584,59.05966,5.71851,2009,0
12585,58.1447,8.03593,2009,0
12586,58.1323,8.06625,2009,0
12587,58.0108999999999,7.60296,2009,0
12588,59.0232999999999,9.75372999999999,2009,0
12589,58.31663,8.581783,2009,0
12590,58.74277,9.26777,2009,0
12591,59.0233599999999,11.0695,2009,0
12592,58.2545399999999,8.52281999999999,2009,0
12593,59.2542699999999,10.7041299999999,2009,0
12594,58.99358,9.80854,2009,0
12595,59.1024,11.0452499999999,2010,0
12596,59.50883,10.63941,2010,0
12597,62.7791799999999,7.515982,2012,0
12598,62.781537,7.541088,2012,0
12599,62.7828269999999,7.558061,2012,0
12600,62.783273,7.558881,2012,0
12601,62.783352,7.560187,2012,0
12602,62.7834629999999,7.564147,2012,0
12603,62.783501,7.564233,2012,0
12604,62.7880559999999,7.589276,2012,0
12605,62.7883929999999,7.591034,2012,0
12606,62.793053,7.652157,2012,0
12607,62.7931639999999,7.652336,2012,0
12608,62.793207,7.652488,2012,0
12609,62.793294,7.6531,2012,0
12610,62.7933549999999,7.653673,2012,0
12611,62.793413,7.653749,2012,0
12612,62.793173,7.653937,2012,0
12613,62.792997,7.65388,2012,0
12614,62.7929669999999,7.653839,2012,0
12615,62.792498,7.654337,2012,0
12616,62.793246,7.65153,2012,0
12617,62.792983,7.650278,2012,0
12618,62.790989,7.664981,2012,0
12619,62.790841,7.664935,2012,0
12620,62.790804,7.664953,2012,0
12621,62.7910249999999,7.665698,2012,0
12622,62.79073,7.666515,2012,0
12623,62.790683,7.666648,2012,0
12624,62.790672,7.666766,2012,0
12625,62.790852,7.668375,2012,0
12626,62.791414,7.669272,2012,0
12627,62.7916839999999,7.670103,2012,0
12628,62.791867,7.670894,2012,0
12629,62.792385,7.672574,2012,0
12630,62.792405,7.673281,2012,0
12631,62.791885,7.673684,2012,0
12632,62.791339,7.672327,2012,0
12633,62.791235,7.672108,2012,0
12634,62.791007,7.670949,2012,0
12635,62.790663,7.670767,2012,0
12636,62.7902429999999,7.67057,2012,0
12637,62.789783,7.670156,2012,0
12638,62.789445,7.670047,2012,0
12639,62.7892629999999,7.670206,2012,0
12640,62.779259,7.634601,2012,0
12641,62.7791259999999,7.634569,2012,0
12642,62.7725829999999,7.535748,2012,0
12643,62.6287409999999,6.617748,2012,0
12644,62.628542,6.616958,2012,0
12645,62.627591,6.616746,2012,0
12646,62.627789,6.61658,2012,0
12647,62.631475,6.602832,2012,0
12648,62.6272319999999,6.579974,2012,0
12649,62.627198,6.580095,2012,0
12650,62.6163799999999,6.463015,2012,0
12651,62.599535,6.456808,2012,0
12652,62.5995759999999,6.456388,2012,0
12653,62.568696,6.458348,2012,0
12654,62.6148359999999,6.435301,2012,0
12655,62.614756,6.43536,2012,0
12656,62.614665,6.435322,2012,0
12657,62.611218,6.415918,2012,0
12658,62.637072,6.51899,2012,0
12659,62.637324,6.513696,2012,0
12660,62.6377779999999,6.513107,2012,0
12661,62.6379659999999,6.513647,2012,0
12662,62.6382499999999,6.514062,2012,0
12663,62.6414249999999,6.513766,2012,0
12664,62.6414499999999,6.514663,2012,0
12665,62.651105,6.532959,2012,0
12666,62.67517,6.578561,2012,0
12667,62.701478,6.606137,2012,0
12668,62.7013579999999,6.606718,2012,0
12669,62.701335,6.607075,2012,0
12670,62.708423,6.652704,2012,0
12671,62.7073189999999,6.653552,2012,0
12672,62.720669,6.667671,2012,0
12673,62.7411689999999,6.706527,2012,0
12674,62.741053,6.706484,2012,0
12675,62.7414479999999,6.712571,2012,0
12676,62.741452,6.713688,2012,0
12677,62.7415779999999,6.713981,2012,0
12678,62.7350649999999,6.742061,2012,0
12679,62.729444,6.754986,2012,0
12680,62.7343959999999,6.773905,2012,0
12681,62.735104,6.786851,2012,0
12682,62.73445,6.810859,2012,0
12683,62.734312,6.811462,2012,0
12684,62.7340859999999,6.811784,2012,0
12685,62.7340349999999,6.811745,2012,0
12686,62.742511,6.843167,2012,0
12687,62.7572729999999,6.911486,2012,0
12688,62.8140679999999,6.992845,2012,0
12689,62.7356199999999,6.967368,2012,0
12690,62.7354429999999,6.968083,2012,0
12691,62.735323,6.96829,2012,0
12692,62.7258599999999,7.023754,2012,0
12693,62.7321359999999,7.087439,2012,0
12694,62.7628339999999,7.482866,2012,0
12695,62.73503,7.367773,2012,0
12696,62.7369449999999,7.366345,2012,0
12697,62.7368859999999,7.366409,2012,0
12698,62.7368579999999,7.369944,2012,0
12699,62.7368889999999,7.370129,2012,0
12700,62.736963,7.370591,2012,0
12701,62.736812,7.3699,2012,0
12702,62.7368329999999,7.36988,2012,0
12703,62.7370829999999,7.36997,2012,0
12704,62.7371109999999,7.369876,2012,0
12705,62.7373449999999,7.360521,2012,0
12706,62.735914,7.348732,2012,0
12707,62.7358059999999,7.349433,2012,0
12708,62.7334889999999,7.344367,2012,0
12709,62.7326929999999,7.343532,2012,0
12710,62.732692,7.344185,2012,0
12711,62.737242,7.291534,2012,0
12712,62.7371979999999,7.288109,2012,0
12713,62.7282269999999,7.232282,2012,0
12714,62.7284489999999,7.232906,2012,0
12715,62.842556,7.118344,2012,0
12716,62.842424,7.118665,2012,0
12717,62.842337,7.11899,2012,0
12718,62.842146,7.117716,2012,0
12719,62.844169,7.140515,2012,0
12720,62.84042,7.15032,2012,0
12721,61.368288,5.561162,2012,0
12722,61.368478,5.560089,2012,0
12723,61.3751869999999,5.535274,2012,0
12724,61.375019,5.534724,2012,0
12725,61.374921,5.534179,2012,0
12726,61.374836,5.530197,2012,0
12727,61.374862,5.530009,2012,0
12728,61.374893,5.529896,2012,0
12729,61.378323,5.507741,2012,0
12730,61.378149,5.506308,2012,0
12731,61.3783719999999,5.506672,2012,0
12732,61.378453,5.50737,2012,0
12733,61.378537,5.507559,2012,0
12734,61.382199,5.444169,2012,0
12735,61.3822789999999,5.4442,2012,0
12736,61.382311,5.444239,2012,0
12737,61.382401,5.444299,2012,0
12738,61.3823859999999,5.44453,2012,0
12739,61.384728,5.426315,2012,0
12740,61.072571,5.106942,2012,0
12741,61.381905,5.409244,2012,0
12742,61.381829,5.409238,2012,0
12743,61.361324,5.356587,2012,0
12744,61.361651,5.357485,2012,0
12745,61.361401,5.357317,2012,0
12746,61.361345,5.357407,2012,0
12747,61.3613089999999,5.357116,2012,0
12748,61.3645679999999,5.351205,2012,0
12749,61.364507,5.351264,2012,0
12750,61.364418,5.351515,2012,0
12751,61.365808,5.328153,2012,0
12752,61.365403,5.329063,2012,0
12753,61.365397,5.329107,2012,0
12754,61.355237,5.288288,2012,0
12755,61.348263,5.229597,2012,0
12756,61.341472,5.198484,2012,0
12757,61.3414259999999,5.198184,2012,0
12758,61.332349,5.16601,2012,0
12759,61.3280809999999,5.156351,2012,0
12760,61.3281259999999,5.156367,2012,0
12761,61.3279959999999,5.155971,2012,0
12762,61.3282269999999,5.156381,2012,0
12763,61.3289199999999,5.133742,2012,0
12764,61.328957,5.134388,2012,0
12765,61.329143,5.135043,2012,0
12766,61.329284,5.135236,2012,0
12767,61.3294229999999,5.135592,2012,0
12768,61.32947,5.135822,2012,0
12769,61.32947,5.135855,2012,0
12770,61.3294709999999,5.135854,2012,0
12771,61.3296289999999,5.1359,2012,0
12772,61.3296909999999,5.135772,2012,0
12773,61.3296029999999,5.135726,2012,0
12774,61.3297669999999,5.136332,2012,0
12775,61.329773,5.136571,2012,0
12776,61.3298289999999,5.136849,2012,0
12777,61.3297439999999,5.137055,2012,0
12778,61.329745,5.137283,2012,0
12779,61.0892619999999,5.16338,2012,0
12780,61.0891009999999,5.163751,2012,0
12781,61.08901,5.163349,2012,0
12782,61.0889519999999,5.163216,2012,0
12783,61.0893319999999,5.159618,2012,0
12784,61.089575,5.159418,2012,0
12785,61.08982,5.159629,2012,0
12786,61.086105,5.1459,2012,0
12787,61.086165,5.14635,2012,0
12788,61.083671,5.14372,2012,0
12789,61.0839769999999,5.143891,2012,0
12790,61.0857779999999,5.154614,2012,0
12791,61.086615,5.184263,2012,0
12792,61.076571,5.211974,2012,0
12793,61.0766449999999,5.211403,2012,0
12794,61.075558,5.213512,2012,0
12795,61.066966,5.280711,2012,0
12796,61.1083939999999,5.222473,2012,0
12797,61.1084999999999,5.22284,2012,0
12798,61.109495,5.220503,2012,0
12799,61.10978,5.220445,2012,0
12800,61.116401,5.220271,2012,0
12801,61.1163189999999,5.220848,2012,0
12802,61.116345,5.221223,2012,0
12803,61.116373,5.221518,2012,0
12804,61.102744,5.23755,2012,0
12805,61.1035499999999,5.238103,2012,0
12806,61.0655569999999,5.293071,2012,0
12807,61.065865,5.292465,2012,0
12808,61.066212,5.292016,2012,0
12809,61.0438029999999,5.324929,2012,0
12810,61.043751,5.324752,2012,0
12811,61.0428769999999,5.326421,2012,0
12812,61.0431859999999,5.325781,2012,0
12813,61.0302879999999,5.377247,2012,0
12814,61.032085,5.374966,2012,0
12815,61.0322419999999,5.37394,2012,0
12816,61.175376,6.644578,2012,0
12817,61.175314,6.64435,2012,0
12818,61.175203,6.644356,2012,0
12819,61.1747439999999,6.646627,2012,0
12820,61.1749119999999,6.64676,2012,0
12821,61.174916,6.646112,2012,0
12822,61.1748679999999,6.645846,2012,0
12823,61.1747629999999,6.64586,2012,0
12824,61.191482,6.701911,2012,0
12825,61.19144,6.702064,2012,0
12826,61.191488,6.702164,2012,0
12827,61.1915339999999,6.702253,2012,0
12828,61.190849,6.702747,2012,0
12829,61.1908049999999,6.703114,2012,0
12830,61.1838839999999,6.70965,2012,0
12831,61.1839489999999,6.709925,2012,0
12832,61.1839749999999,6.710057,2012,0
12833,61.183978,6.71009,2012,0
12834,61.182614,6.712002,2012,0
12835,61.182605,6.712126,2012,0
12836,61.182574,6.713189,2012,0
12837,61.1515059999999,6.714995,2012,0
12838,61.151423,6.715201,2012,0
12839,61.1514209999999,6.715198,2012,0
12840,61.151415,6.715198,2012,0
12841,61.1513569999999,6.712128,2012,0
12842,61.155486,6.687107,2012,0
12843,61.155368,6.687194,2012,0
12844,61.155729,6.687186,2012,0
12845,61.170444,6.654512,2012,0
12846,61.170636,6.654082,2012,0
12847,61.170698,6.653838,2012,0
12848,61.1707439999999,6.653576,2012,0
12849,61.1725169999999,6.653025,2012,0
12850,61.172687,6.652156,2012,0
12851,61.1727169999999,6.652,2012,0
12852,61.1727709999999,6.651728,2012,0
12853,61.172922,6.651407,2012,0
12854,61.173386,6.629956,2012,0
12855,61.173859,6.63068,2012,0
12856,61.1738429999999,6.631087,2012,0
12857,61.174174,6.631406,2012,0
12858,61.1737889999999,6.630825,2012,0
12859,61.026895,5.464082,2012,0
12860,61.02378,5.409656,2012,0
12861,61.0238549999999,5.410372,2012,0
12862,61.024734,5.412282,2012,0
12863,61.024808,5.412504,2012,0
12864,61.024805,5.412714,2012,0
12865,61.031227,5.461915,2012,0
12866,61.031215,5.462133,2012,0
12867,61.0318449999999,5.463808,2012,0
12868,61.031905,5.464037,2012,0
12869,61.010586,5.469978,2012,0
12870,61.0105519999999,5.469741,2012,0
12871,60.015658,5.9948,2012,0
12872,60.0154909999999,5.995094,2012,0
12873,60.0166699999999,5.995416,2012,0
12874,60.016744,5.995787,2012,0
12875,60.017816,5.996354,2012,0
12876,60.0226389999999,5.998374,2012,0
12877,60.022576,5.998777,2012,0
12878,60.022503,5.999109,2012,0
12879,60.002372,5.980649,2012,0
12880,60.0024409999999,5.981031,2012,0
12881,60.002405,5.981447,2012,0
12882,59.963549,5.954334,2012,0
12883,59.963507,5.953466,2012,0
12884,59.963467,5.953223,2012,0
12885,59.9633669999999,5.952876,2012,0
12886,59.963262,5.952569,2012,0
12887,59.9627979999999,5.951826,2012,0
12888,59.9627369999999,5.951642,2012,0
12889,59.9623849999999,5.951196,2012,0
12890,59.962049,5.950253,2012,0
12891,59.9580989999999,5.947194,2012,0
12892,59.955863,5.853608,2012,0
12893,59.956037,5.85017,2012,0
12894,59.956256,5.850955,2012,0
12895,59.958632,5.85489,2012,0
12896,59.9586189999999,5.855441,2012,0
12897,59.958542,5.855686,2012,0
12898,59.959057,5.856622,2012,0
12899,59.958883,5.856892,2012,0
12900,59.955145,5.855987,2012,0
12901,59.9551379999999,5.85672,2012,0
12902,59.9551439999999,5.857648,2012,0
12903,59.955089,5.858002,2012,0
12904,59.0991,5.785973,2012,0
12905,59.0990499999999,5.785433,2012,0
12906,59.1095079999999,5.785746,2012,0
12907,59.109242,5.784595,2012,0
12908,59.1085539999999,5.785409,2012,0
12909,59.1083679999999,5.787843,2012,0
12910,59.0598969999999,5.719811,2012,0
12911,59.0597289999999,5.719439,2012,0
12912,59.096198,5.678063,2012,0
12913,59.084471,5.688693,2012,0
12914,59.084456,5.689151,2012,0
12915,59.084361,5.689457,2012,0
12916,59.1576579999999,5.729953,2012,0
12917,59.159944,5.725985,2012,0
12918,59.1653129999999,5.738691,2012,0
12919,59.165494,5.738305,2012,0
12920,59.1656839999999,5.737441,2012,0
12921,59.165815,5.737155,2012,0
12922,59.16593,5.736849,2012,0
12923,59.1660159999999,5.736665,2012,0
12924,59.166321,5.735991,2012,0
12925,59.1674149999999,5.7383,2012,0
12926,59.1678939999999,5.738595,2012,0
12927,59.1680399999999,5.738738,2012,0
12928,59.169223,5.739588,2012,0
12929,59.168875,5.74533,2012,0
12930,59.169001,5.745714,2012,0
12931,59.1677159999999,5.79837,2012,0
12932,59.1668129999999,5.790537,2012,0
12933,59.166801,5.79115,2012,0
12934,59.1667869999999,5.791276,2012,0
12935,59.166812,5.791366,2012,0
12936,59.179316,5.8016,2012,0
12937,59.2410679999999,5.811161,2012,0
12938,59.239133,5.808573,2012,0
12939,59.2329739999999,5.799398,2012,0
12940,59.1333709999999,5.948617,2012,0
12941,59.1334889999999,5.948564,2012,0
12942,59.1476919999999,5.858129,2012,0
12943,59.208471,5.951853,2012,0
12944,59.2010739999999,5.836143,2012,0
12945,59.200912,5.836017,2012,0
12946,59.193565,5.847652,2012,0
12947,59.193559,5.847629,2012,0
12948,59.193558,5.847628,2012,0
12949,59.187738,5.86923,2012,0
12950,59.187341,5.869183,2012,0
12951,59.1821369999999,5.877958,2012,0
12952,59.2319249999999,5.857378,2012,0
12953,59.2322399999999,5.857283,2012,0
12954,59.234315,5.85826,2012,0
12955,59.235595,5.848812,2012,0
12956,59.235539,5.847806,2012,0
12957,59.242415,5.816305,2012,0
12958,59.232556,5.839401,2012,0
12959,59.240512,5.899384,2012,0
12960,59.2379559999999,5.901571,2012,0
12961,59.2379859999999,5.90131,2012,0
12962,62.7794719999999,7.515733,2012,0
12963,62.781182,7.540773,2012,0
12964,62.7876139999999,7.588376,2012,0
12965,62.7883229999999,7.590832,2012,0
12966,62.7882499999999,7.591767,2012,0
12967,62.779434,7.635074,2012,0
12968,62.772741,7.535986,2012,0
12969,62.7728749999999,7.536278,2012,0
12970,62.772976,7.536486,2012,0
12971,62.628548,6.616859,2012,0
12972,62.631821,6.603117,2012,0
12973,62.6161889999999,6.463036,2012,0
12974,62.616421,6.46308,2012,0
12975,62.599372,6.456554,2012,0
12976,62.583623,6.460943,2012,0
12977,62.568662,6.458574,2012,0
12978,62.6385969999999,6.514017,2012,0
12979,62.6413489999999,6.514319,2012,0
12980,62.741726,6.714267,2012,0
12981,62.725095,6.742359,2012,0
12982,62.7630079999999,7.481867,2012,0
12983,62.735134,7.367932,2012,0
12984,62.735736,7.349864,2012,0
12985,62.735708,7.35017,2012,0
12986,62.735871,7.329454,2012,0
12987,62.737695,7.289443,2012,0
12988,62.7280159999999,7.230123,2012,0
12989,62.727975,7.23036,2012,0
12990,62.7279529999999,7.230479,2012,0
12991,62.728476,7.23325,2012,0
12992,61.368132,5.560999,2012,0
12993,61.374965,5.53452,2012,0
12994,61.072386,5.10844,2012,0
12995,61.381898,5.409288,2012,0
12996,61.3416319999999,5.198501,2012,0
12997,61.3414429999999,5.198377,2012,0
12998,61.3290849999999,5.134988,2012,0
12999,61.3291309999999,5.135026,2012,0
13000,61.086007,5.14602,2012,0
13001,61.0859409999999,5.154409,2012,0
13002,61.087494,5.176946,2012,0
13003,61.084749,5.184955,2012,0
13004,61.0779789999999,5.208761,2012,0
13005,61.0751369999999,5.21445,2012,0
13006,61.075263,5.214114,2012,0
13007,61.0660799999999,5.292389,2012,0
13008,61.066301,5.291732,2012,0
13009,61.0318169999999,5.463957,2012,0
13010,60.022669,5.999426,2012,0
13011,59.9631609999999,5.952408,2012,0
13012,59.955947,5.852949,2012,0
13013,59.956327,5.849248,2012,0
13014,59.0960449999999,5.678892,2012,0
13015,59.16228,5.734396,2012,0
13016,59.162385,5.735994,2012,0
13017,59.242514,5.816453,2012,0
13018,62.780394,7.518894,2012,0
13019,62.783535,7.562873,2012,0
13020,62.783479,7.563236,2012,0
13021,62.783478,7.563724,2012,0
13022,62.787936,7.588952,2012,0
13023,62.788175,7.590063,2012,0
13024,62.6277199999999,6.616525,2012,0
13025,62.631162,6.616138,2012,0
13026,62.6316199999999,6.602946,2012,0
13027,62.615969,6.463021,2012,0
13028,62.6154889999999,6.460805,2012,0
13029,62.5989599999999,6.456062,2012,0
13030,62.599128,6.456408,2012,0
13031,62.5757309999999,6.459199,2012,0
13032,62.575693,6.459645,2012,0
13033,62.568601,6.458821,2012,0
13034,62.7083459999999,6.65218,2012,0
13035,62.7062809999999,6.658877,2012,0
13036,62.70653,6.6584,2012,0
13037,62.7222119999999,6.739574,2012,0
13038,62.758982,6.926088,2012,0
13039,62.8144119999999,6.993051,2012,0
13040,62.814196,6.992856,2012,0
13041,62.7242279999999,6.984873,2012,0
13042,62.726008,7.027055,2012,0
13043,62.7629039999999,7.482162,2012,0
13044,62.7348059999999,7.367224,2012,0
13045,62.737405,7.360016,2012,0
13046,62.735847,7.349181,2012,0
13047,62.733991,7.344413,2012,0
13048,62.735681,7.328649,2012,0
13049,62.7398439999999,7.310576,2012,0
13050,62.739832,7.31087,2012,0
13051,62.739975,7.31131,2012,0
13052,62.7399429999999,7.311729,2012,0
13053,62.7375499999999,7.291945,2012,0
13054,62.737436,7.29163,2012,0
13055,62.737357,7.288221,2012,0
13056,62.7279589999999,7.230651,2012,0
13057,62.728293,7.232574,2012,0
13058,61.3485799999999,5.230341,2012,0
13059,61.3325699999999,5.166212,2012,0
13060,61.3643739999999,5.393183,2012,0
13061,61.0782809999999,5.149664,2012,0
13062,61.078206,5.150174,2012,0
13063,61.087319,5.17644,2012,0
13064,61.078234,5.207711,2012,0
13065,61.075442,5.214078,2012,0
13066,61.0755309999999,5.213697,2012,0
13067,61.066879,5.281087,2012,0
13068,61.1083709999999,5.222126,2012,0
13069,61.1162879999999,5.220947,2012,0
13070,61.102929,5.2373,2012,0
13071,61.1032879999999,5.238217,2012,0
13072,61.0652019999999,5.293305,2012,0
13073,61.03208,5.374886,2012,0
13074,61.170703,6.653817,2012,0
13075,61.026842,5.464193,2012,0
13076,61.0268799999999,5.464094,2012,0
13077,61.027836,5.466402,2012,0
13078,61.0278229999999,5.466591,2012,0
13079,61.031274,5.461704,2012,0
13080,59.9621149999999,5.949808,2012,0
13081,59.9582079999999,5.947674,2012,0
13082,59.956336,5.850719,2012,0
13083,59.9583939999999,5.855868,2012,0
13084,59.955361,5.855176,2012,0
13085,59.9552559999999,5.855518,2012,0
13086,59.9551469999999,5.856494,2012,0
13087,59.117486,5.774014,2012,0
13088,59.099062,5.785244,2012,0
13089,59.099046,5.785129,2012,0
13090,59.084583,5.688035,2012,0
13091,59.158645,5.728971,2012,0
13092,59.1821819999999,5.877721,2012,0
13093,62.7830969999999,7.558519,2012,0
13094,62.7833559999999,7.560391,2012,0
13095,62.7834039999999,7.56107,2012,0
13096,62.7834689999999,7.561812,2012,0
13097,62.78356,7.562491,2012,0
13098,62.628511,6.616773,2012,0
13099,62.627758,6.616514,2012,0
13100,62.631005,6.615723,2012,0
13101,62.631625,6.608474,2012,0
13102,62.599046,6.456177,2012,0
13103,62.5834479999999,6.46146,2012,0
13104,62.583494,6.461039,2012,0
13105,62.568579,6.4593,2012,0
13106,62.6147989999999,6.435434,2012,0
13107,62.612015,6.416204,2012,0
13108,62.641674,6.534511,2012,0
13109,62.638592,6.524556,2012,0
13110,62.675136,6.578773,2012,0
13111,62.708395,6.652525,2012,0
13112,62.7227359999999,6.7407,2012,0
13113,62.722743,6.740623,2012,0
13114,62.7247739999999,6.742901,2012,0
13115,62.727248,6.747963,2012,0
13116,62.742809,6.842762,2012,0
13117,62.735514,6.967835,2012,0
13118,62.723993,6.983529,2012,0
13119,62.762864,7.482522,2012,0
13120,62.735861,7.34904,2012,0
13121,62.7358649999999,7.349028,2012,0
13122,62.737377,7.291597,2012,0
13123,62.7375279999999,7.288714,2012,0
13124,62.8405399999999,7.149767,2012,0
13125,61.0891769999999,5.163627,2012,0
13126,61.07835,5.149951,2012,0
13127,61.066473,5.236564,2012,0
13128,61.0665169999999,5.237096,2012,0
13129,61.023848,5.410429,2012,0
13130,60.015425,5.995504,2012,0
13131,60.016624,5.995983,2012,0
13132,60.017873,5.996742,2012,0
13133,59.9587799999999,5.857176,2012,0
13134,62.779158,7.515145,2012,0
13135,62.6283859999999,6.616647,2012,0
13136,62.631118,6.615923,2012,0
13137,62.6313779999999,6.611854,2012,0
13138,62.631526,6.602773,2012,0
13139,62.575794,6.459633,2012,0
13140,62.641685,6.534026,2012,0
13141,62.641666,6.533755,2012,0
13142,62.640853,6.531161,2012,0
13143,62.640692,6.52988,2012,0
13144,62.638579,6.523818,2012,0
13145,62.6370989999999,6.520109,2012,0
13146,62.6512839999999,6.531889,2012,0
13147,62.651102,6.53269,2012,0
13148,62.6751489999999,6.579065,2012,0
13149,62.7071559999999,6.653444,2012,0
13150,62.7194009999999,6.67022,2012,0
13151,62.720866,6.669079,2012,0
13152,62.735112,6.742397,2012,0
13153,62.7222379999999,6.739279,2012,0
13154,62.729413,6.754314,2012,0
13155,62.7346999999999,6.773402,2012,0
13156,62.735706,6.787206,2012,0
13157,62.7341839999999,6.811867,2012,0
13158,62.7425799999999,6.842903,2012,0
13159,62.757173,6.910717,2012,0
13160,62.7587189999999,6.926141,2012,0
13161,62.814221,6.992772,2012,0
13162,62.7319699999999,7.08638,2012,0
13163,62.84217,7.117466,2012,0
13164,62.839108,7.111704,2012,0
13165,62.844326,7.140177,2012,0
13166,70.9433791099999,25.6218883499999,2016,1
13167,70.50521385,23.9805472199999,2016,1
13168,70.50794088,23.9939643499999,2016,1
13169,70.7947954699999,27.21372715,2016,1
13170,70.52273879,23.98769365,2016,1
13171,70.51993597,23.9803375099999,2016,1
13172,71.1214917799999,25.3665122899999,2016,1
13173,71.12328533,25.3709784099999,2016,1
13174,71.1258322799999,27.6291486199999,2016,1
13175,71.1234207699999,25.37666252,2016,1
13176,70.79686162,27.2101564399999,2016,1
13177,70.5101119899999,24.0003577099999,2016,1
13178,70.94407578,25.63339454,2016,1
13179,70.9468367599999,25.6328075099999,2016,1
13180,70.8041057899999,27.2042508599999,2016,1
13181,71.1113702499999,25.36881569,2016,1
13182,70.9439193799999,25.6360916699999,2016,1
13183,70.5232048799999,23.99197186,2016,1
13184,71.1257314799999,25.3800039499999,2016,1
13185,71.10755079,25.43266287,2016,1
13186,70.51378015,24.03115429,2016,1
13187,71.1150676599999,25.3595736599999,2016,1
13188,70.9569611499999,26.61676182,2016,1
13189,70.7940038499999,27.2153155399999,2016,1
13190,70.5173778799999,23.97716133,2016,1
13191,70.5231057799999,23.99396252,2016,1
13192,71.1160890099999,25.3818559899999,2016,1
13193,71.1041008899999,25.4132871899999,2016,1
13194,70.5080399699999,23.99197518,2016,1
13195,70.5232941499999,23.9947250899999,2016,1
13196,70.51054675,23.9734364699999,2016,1
13197,70.50957999,23.9974082899999,2016,1
13198,70.94727229,25.5029821,2016,1
13199,71.1222325899999,27.61832072,2016,1
13200,70.52269599,23.99310096,2016,1
13201,70.9381305499999,25.6183464,2016,1
13202,71.1180173,27.61979807,2016,1
13203,70.5096731099999,23.95000093,2016,1
13204,71.1140370199999,25.37795333,2016,1
13205,71.1053948299999,25.41047705,2016,1
13206,71.12412881,27.62732709,2016,1
13207,71.12320753,27.62742983,2016,1
13208,71.10993729,25.43464719,2016,1
13209,71.1288385999999,25.3893862699999,2016,1
13210,70.5073290499999,23.9835242,2016,1
13211,70.51576579,23.95949109,2016,1
13212,71.10586458,25.4142335099999,2016,1
13213,70.5108373199999,23.9539078699999,2016,1
13214,71.1061878299999,25.3842689399999,2016,1
13215,71.11644461,25.38765614,2016,1
13216,70.50812528,23.98116834,2016,1
13217,70.51555324,23.95465034,2016,1
13218,70.5103912499999,23.97201141,2016,1
13219,71.1084014999999,25.38124788,2016,1
13220,71.1150422399999,25.37218066,2016,1
13221,71.11988564,27.61255072,2016,1
13222,70.50780489,23.9830587599999,2016,1
13223,71.1062665,25.4312715,2016,1
13224,71.1148599299999,25.37138204,2016,1
13225,71.12507617,27.6201813399999,2016,1
13226,70.5113005799999,23.9764841699999,2016,1
13227,71.1075692499999,25.3920172599999,2016,1
13228,70.51822108,23.9829627099999,2016,1
13229,70.80314282,27.1675874899999,2016,1
13230,71.1165195199999,27.6216411499999,2016,1
13231,71.12603081,27.62292422,2016,1
13232,70.93775406,25.62092338,2016,1
13233,70.94881893,25.4600004099999,2016,1
13234,70.9393212899999,25.6252500499999,2016,1
13235,71.1140174399999,27.59813181,2016,1
13236,70.80313474,27.17451788,2016,1
13237,71.1112781399999,25.44308089,2016,1
13238,71.12150404,27.62560871,2016,1
13239,70.5087895399999,23.9814647299999,2016,1
13240,70.50846914,23.9833552099999,2016,1
13241,70.94738094,25.46131824,2016,1
13242,70.93642087,25.6125529999999,2016,1
13243,71.1076565599999,25.40257802,2016,1
13244,70.7953084699999,27.2230594299999,2016,1
13245,70.7906081,27.22845761,2016,1
13246,70.8017794499999,27.17090479,2016,1
13247,71.1120365299999,25.43367284,2016,1
13248,70.7944271199999,27.22597846,2016,1
13249,70.93674445,25.61481401,2016,1
13250,71.1238898099999,27.6208169199999,2016,1
13251,71.11453849,27.58718309,2016,1
13252,70.94626836,25.46489564,2016,1
13253,71.1216560999999,27.6200612099999,2016,1
13254,70.9470994299999,25.62042907,2016,1
13255,70.9353076299999,25.6043030099999,2016,1
13256,70.5128270999999,24.01852212,2016,1
13257,71.1204896999999,25.38842015,2016,1
13258,70.8063322,27.1778853699999,2016,1
13259,70.8114347,27.20047552,2016,1
13260,70.8097574199999,27.2084542099999,2016,1
13261,70.8059832699999,27.17628192,2016,1
13262,70.5094538,23.9817611299999,2016,1
13263,71.1349916,27.6189037699999,2016,1
13264,70.8064614999999,27.21334452,2016,1
13265,70.5149698299999,23.96184869,2016,1
13266,71.12256967,27.61007051,2016,1
13267,71.1076275199999,25.39905776,2016,1
13268,70.8071235099999,27.1762945199999,2016,1
13269,70.9483986,25.45143157,2016,1
13270,70.51764624,23.98541854,2016,1
13271,70.8110458,27.19607084,2016,1
13272,70.9506208399999,25.4602676999999,2016,1
13273,71.10861312,25.3855667499999,2016,1
13274,70.5109030899999,23.95258142,2016,1
13275,71.11335046,25.4224592499999,2016,1
13276,70.94259422,25.47753128,2016,1
13277,71.11046494,25.4293222,2016,1
13278,71.1322368,27.59238251,2016,1
13279,70.96824259,26.6472219,2016,1
13280,70.94668833,25.50127809,2016,1
13281,71.1281972299999,25.39676082,2016,1
13282,70.8142335099999,27.2063773799999,2016,1
13283,71.1252269999999,27.57792256,2016,1
13284,70.5120637499999,23.9747908,2016,1
13285,71.1182857499999,27.55575671,2016,1
13286,71.1186654299999,27.56023756,2016,1
13287,71.1216598299999,27.55654124,2016,1
13288,71.1116340399999,25.43275523,2016,1
13289,71.1231462199999,25.4017687499999,2016,1
13290,70.8124945699999,27.19488825,2016,1
13291,71.12124289,27.5760305999999,2016,1
13292,71.1199157599999,25.4308979,2016,1
13293,71.1239726499999,27.57286942,2016,1
13294,70.51501747,23.97000604,2016,1
13295,70.80839769,27.1743088899999,2016,1
13296,70.8141177199999,27.1945076899999,2016,1
13297,71.1218412099999,25.44105344,2016,1
13298,70.8086248999999,27.1675122999999,2016,1
13299,70.5102308299999,23.98888668,2016,1
13300,70.51241702,23.97223661,2016,1
13301,70.5107493099999,23.98301718,2016,1
13302,70.8098380299999,27.18005756,2016,1
13303,70.51197238,24.0039015999999,2016,1
13304,71.11699276,25.40618271,2016,1
13305,71.1258301299999,25.4025072399999,2016,1
13306,70.5105182799999,23.9876592799999,2016,1
13307,71.1147683599999,25.3972762299999,2016,1
13308,71.13027094,27.5776824699999,2016,1
13309,70.79754407,27.22375548,2016,1
13310,71.10858677,25.41429249,2016,1
13311,70.9707970399999,26.6536363399999,2016,1
13312,70.52419283,24.0039458299999,2016,1
13313,71.11881352,25.4303050199999,2016,1
13314,70.80516351,27.16467647,2016,1
13315,71.12269469,25.4380053199999,2016,1
13316,71.1244009499999,27.54985572,2016,1
13317,70.9536858499999,25.47025237,2016,1
13318,70.5115726599999,23.99829919,2016,1
13319,70.81084848,27.1786023,2016,1
13320,70.8113228699999,27.1851409199999,2016,1
13321,70.81298635,27.18756026,2016,1
13322,70.81394779,27.1902384499999,2016,1
13323,70.51172796,23.99972452,2016,1
13324,70.51826776,23.99112136,2016,1
13325,70.5201844999999,23.9980821499999,2016,1
13326,70.9625194099999,26.66195647,2016,1
13327,70.9616676499999,26.65027789,2016,1
13328,70.96364902,26.6549518399999,2016,1
13329,71.1277061899999,27.60848714,2016,1
13330,70.95782694,26.63542246,2016,1
13331,70.95508893,26.6247189099999,2016,1
13332,71.11974193,25.4420274199999,2016,1
13333,71.12167934,25.43184666,2016,1
13334,71.12665875,27.60709624,2016,1
13335,70.9694532799999,26.66400742,2016,1
13336,70.97081857,26.66761777,2016,1
13337,71.1049144699999,25.39480082,2016,1
13338,70.7989714699999,27.17194062,2016,1
13339,71.1257290799999,27.5973107,2016,1
13340,70.95506408,26.61074847,2016,1
13341,70.7983587399999,27.17086803,2016,1
13342,70.80361349,27.1775885899999,2016,1
13343,71.1155361299999,27.6026513899999,2016,1
13344,70.8017307399999,27.1750356,2016,1
13345,71.1159736299999,27.60293714,2016,1
13346,70.80761128,27.20642741,2016,1
13347,71.12390759,27.60388601,2016,1
13348,71.1328553999999,27.6033800999999,2016,1
13349,70.96794307,26.65193117,2016,1
13350,70.96811981,26.6527350699999,2016,1
13351,71.12211021,25.4362876,2016,1
13352,70.9718199099999,26.6626291199999,2016,1
13353,71.1130134099999,25.4405090399999,2016,1
13354,71.1247850099999,27.62775676,2016,1
13355,70.7911807499999,27.22673386,2016,1
13356,70.79078742,27.22579619,2016,1
13357,71.12431963,27.61121473,2016,1
13358,71.13110063,27.61565059,2016,1
13359,71.1309689299999,27.62757008,2016,1
13360,71.1180510599999,27.5859463,2016,1
13361,70.80637676,27.21121065,2016,1
13362,71.1248665499999,27.59321762,2016,1
13363,71.1330433199999,27.6239849299999,2016,1
13364,70.96378574,26.63129666,2016,1
13365,71.1264778599999,27.5963878399999,2016,1
13366,71.12895539,27.59023948,2016,1
13367,71.12793243,27.58180527,2016,1
13368,71.1354803899999,27.6050966,2016,1
13369,71.12120029,25.40002348,2016,1
13370,70.96841935,26.64802577,2016,1
13371,71.12519905,27.5983763899999,2016,1
13372,70.9461758399999,25.63244851,2016,1
13373,70.94394785,25.62776094,2016,1
13374,70.9463179499999,25.63391691,2016,1
13375,70.9437383599999,25.6665972499999,2016,1
13376,70.94377758,25.66592305,2016,1
13377,70.96409355,26.65870831,2016,1
13378,70.96777733,26.6581169399999,2016,1
13379,70.96540529,26.65600113,2016,1
13380,70.94492827,25.6422043299999,2016,1
13381,70.9476149599999,25.6311433099999,2016,1
13382,70.94417893,25.6668373099999,2016,1
13383,70.94532974,25.64311817,2016,1
13384,70.9434643999999,25.64001755,2016,1
13385,70.94336506,25.62605361,2016,1
13386,70.94213211,25.6316434899999,2016,1
13387,70.94856353,25.6226148199999,2016,1
13388,70.94303394,25.64743417,2016,1
13389,70.95646678,26.61018719,2016,1
13390,70.9577236199999,26.6262881299999,2016,1
13391,70.7960602999999,27.2186729199999,2016,1
13392,70.9609133,26.61911447,2016,1
13393,70.96998856,26.6699148599999,2016,1
13394,70.9438613199999,25.6527529799999,2016,1
13395,70.9394243999999,25.6273920299999,2016,1
13396,70.9433911499999,25.66084364,2016,1
13397,70.96085789,26.63792773,2016,1
13398,70.9568930899999,26.60346251,2016,1
13399,70.9603642799999,26.63135132,2016,1
13400,70.9618215699999,26.6371063799999,2016,1
13401,70.9618643099999,26.63643381,2016,1
13402,70.9590349,26.6235795899999,2016,1
13403,70.96394299,26.64674949,2016,1
13404,70.9608151399999,26.63860027,2016,1
13405,70.96375475,26.6389575699999,2016,1
13406,70.9636148299999,26.63398724,2016,1
13407,70.9693622599999,26.66185784,2016,1
13408,70.9597603099999,26.6121465099999,2016,1
13409,70.96503502,26.6439104799999,2016,1
13410,70.96042529,26.6160320199999,2016,1
13411,70.9709418,26.66210397,2016,1
13412,70.79250525,27.22062434,2016,1
13413,70.9690945199999,26.65890428,2016,1
13414,70.9645843699999,26.63665986,2016,1
13415,71.12178511,25.40174005,2016,1
13416,70.7914944999999,27.22207617,2016,1
13417,70.79751407,27.21402866,2016,1
13418,70.9675895799999,26.6503234199999,2016,1
13419,70.9458556099999,25.61836315,2016,1
13420,70.7877351,27.21350318,2016,1
13421,70.9441891099999,25.6431936,2016,1
13422,70.94300934,25.64394325,2016,1
13423,70.94367024,25.64430257,2016,1
13424,71.10712021,25.4121035699999,2016,1
13425,70.9410056499999,25.62755483,2016,1
13426,70.94170198,25.6390598099999,2016,1
13427,70.9409275,25.62890322,2016,1
13428,70.94480414,25.6247481099999,2016,1
13429,70.9469682,25.62661834,2016,1
13430,70.9401102399999,25.6312411299999,2016,1
13431,70.94245587,25.66520298,2016,1
13432,70.9452447599999,25.62498726,2016,1
13433,70.93999297,25.6332635899999,2016,1
13434,70.9487587899999,25.6192424599999,2016,1
13435,70.9660784699999,26.63824932,2016,1
13436,70.9375978399999,25.62361976,2016,1
13437,70.94185416,25.64818353,2016,1
13438,70.9664491,26.65034053,2016,1
13439,70.79575653,27.2164040699999,2016,1
13440,70.9623342999999,26.62903532,2016,1
13441,70.9645416299999,26.63733252,2016,1
13442,70.96215141,26.62473801,2016,1
13443,70.7957068,27.22053345,2016,1
13444,70.80365815,27.21090931,2016,1
13445,70.96338335,26.6268681799999,2016,1
13446,70.33106777,21.60577685,2017,1
13447,62.11397272,5.343311024,2014,0
13448,62.1175023999999,5.348457121,2014,0
13449,62.11981037,5.329842061,2014,0
13450,62.11984369,5.33031444,2014,0
13451,62.12138017,5.326438419,2014,0
13452,62.1147245299999,5.34113761,2014,0
13453,62.11597544,5.346049074,2014,0
13454,62.1186043,5.328780716,2014,0
13455,62.11859221,5.325403063,2014,0
13456,62.12029528,5.323888842,2014,0
13457,62.1203619599999,5.324833598,2014,0
13458,62.1206710299999,5.322801685,2014,0
13459,62.12118015,5.323604054,2014,0
13460,62.1234923399999,5.324309281,2014,0
13461,62.11759816,5.330553498,2014,0
13462,62.11642779,5.339624476,2014,0
13463,62.1158521799999,5.337877289,2014,0
13464,62.12285516,5.340941162,2014,0
13465,62.18926398,5.249818123,2014,0
13466,62.19115871,5.241452661,2014,0
13467,62.1918701399999,5.24509566,2014,0
13468,62.1941539999999,5.239024166,2014,0
13469,62.19560113,5.237099583,2014,0
13470,62.19563479,5.237573013,2014,0
13471,62.19623094,5.236409972,2014,0
13472,62.1968607499999,5.235720331,2014,0
13473,62.19771171,5.234958583,2014,0
13474,62.1982213499999,5.235761361,2014,0
13475,62.1983751699999,5.234742345,2014,0
13476,62.19878381,5.234124704,2014,0
13477,62.19113938,5.24436487,2014,0
13478,62.18739381,5.248973672,2014,0
13479,62.1875477399999,5.247955087,2014,0
13480,62.1935434,5.236801238,2014,0
13481,62.19458186,5.235494141,2014,0
13482,62.1954087299999,5.243943734,2014,0
13483,62.1955289699999,5.242451415,2014,0
13484,62.1956828499999,5.241432522,2014,0
13485,62.19588469,5.244273166,2014,0
13486,62.19590401,5.241360498,2014,0
13487,62.1889755899999,5.248943378,2014,0
13488,62.18944236,5.239590004,2014,0
13489,62.1920524299999,5.250848282,2014,0
13490,62.19491843,5.240228314,2014,0
13491,62.1890569099999,5.25327543,2014,0
13492,62.1907394899999,5.254665482,2014,0
13493,62.19062979,5.243562121,2014,0
13494,62.19159057,5.253904432,2014,0
13495,62.19174453,5.252885725,2014,0
13496,62.19321644,5.241751316,2014,0
13497,62.1952981299999,5.232838766,2014,0
13498,62.19762978,5.230625388,2014,0
13499,62.19238473,5.239600424,2014,0
13500,62.18956645,5.254078308,2014,0
13501,62.1898212199999,5.254479758,2014,0
13502,62.18940371,5.245414086,2014,0
13503,62.2002069899999,5.241412317,2014,0
13504,62.1970047599999,5.247299373,2014,0
13505,62.19858653,5.247268937,2014,0
13506,62.19899523,5.246651457,2014,0
13507,62.1981442,5.247412915,2014,0
13508,62.1981635799999,5.244500024,2014,0
13509,62.1987068099999,5.245776469,2014,0
13510,62.1948906399999,5.151104166,2014,0
13511,62.1947513599999,5.168105618,2014,0
13512,62.19470125,5.16424653,2014,0
13513,62.1946346499999,5.15700172,2014,0
13514,62.1955001999999,5.165922064,2014,0
13515,62.195568,5.166868719,2014,0
13516,62.1959246999999,5.168689488,2014,0
13517,62.19553546,5.160097001,2014,0
13518,62.1959273399999,5.156092551,2014,0
13519,62.19647012,5.163665809,2014,0
13520,62.1974562799999,5.16479548,2014,0
13521,62.19754383,5.150231897,2014,0
13522,62.19893622,5.163340568,2014,0
13523,62.19949779,5.161702594,2014,0
13524,62.20084073,5.164653313,2014,0
13525,62.20040076,5.152199732,2014,0
13526,62.20296634,5.165893618,2014,0
13527,62.20351163,5.160868708,2014,0
13528,62.19676032,5.15824126,2014,0
13529,62.20252412,5.166038812,2014,0
13530,62.20376361,5.173869784,2014,0
13531,62.1965906499999,5.1558746,2014,0
13532,62.19863094,5.159080229,2014,0
13533,62.19898774,5.160901079,2014,0
13534,62.20121633,5.157261712,2014,0
13535,62.2030015699999,5.160067107,2014,0
13536,62.20522898,5.162727575,2014,0
13537,62.1970285299999,5.174625427,2014,0
13538,62.19582552,5.154672599,2014,0
13539,62.1971868999999,5.148411272,2014,0
13540,62.19851269,5.154273965,2014,0
13541,62.20153641,5.171208591,2014,0
13542,62.2010474499999,5.148595211,2014,0
13543,62.20211897,5.147758196,2014,0
13544,62.19718358,5.167307416,2014,0
13545,62.19762828,5.154564634,2014,0
13546,62.20184453,5.162870024,2014,0
13547,62.1948392899999,5.153543324,2014,0
13548,62.20096129,5.156860968,2014,0
13549,62.20225397,5.155951578,2014,0
13550,62.20286586,5.158173375,2014,0
13551,62.2054500799999,5.162654946,2014,0
13552,62.1938005299999,5.161151199,2014,0
13553,62.2005680299999,5.167165535,2014,0
13554,62.19354551,5.160750515,2014,0
13555,62.19371358,5.169414993,2014,0
13556,62.2045642,5.16924575,2014,0
13557,62.1056734399999,5.106430423,2014,0
13558,62.10643889,5.107627774,2014,0
13559,62.10766386,5.112055592,2014,0
13560,62.10876924,5.111692082,2014,0
13561,62.10919399,5.108170646,2014,0
13562,62.11077558,5.108133414,2014,0
13563,62.1117286699999,5.11506701,2014,0
13564,62.11176272,5.115538958,2014,0
13565,62.1116764699999,5.104938101,2014,0
13566,62.11186345,5.104393402,2014,0
13567,62.11344589,5.110636976,2014,0
13568,62.1144837599999,5.115610616,2014,0
13569,62.11518042,5.109583128,2014,0
13570,62.1133262199999,5.1058446,2014,0
13571,62.11820731,5.107620572,2014,0
13572,62.10941411,5.101817743,2014,0
13573,62.1096692799999,5.10221686,2014,0
13574,62.11247498,5.100326782,2014,0
13575,62.1128665399999,5.102613702,2014,0
13576,62.1135297499999,5.102395346,2014,0
13577,62.11694902,5.109001169,2014,0
13578,62.1169480699999,5.102719426,2014,0
13579,62.1059119499999,5.109733338,2014,0
13580,62.10598008,5.110677039,2014,0
13581,62.1069657999999,5.105522138,2014,0
13582,62.10797033,5.116302558,2014,0
13583,62.11091245,5.116301629,2014,0
13584,62.1105885799999,5.10867807,2014,0
13585,62.11099445,5.095499705,2014,0
13586,62.1125499999999,5.116716667,2014,0
13587,62.11327622,5.114558154,2014,0
13588,62.11528263,5.110999112,2014,0
13589,62.1175447999999,5.114120745,2014,0
13590,62.1064038299999,5.100876381,2014,0
13591,62.11334369,5.109221079,2014,0
13592,62.10625095,5.101892841,2014,0
13593,62.1097198599999,5.099784597,2014,0
13594,62.1113880799999,5.110347598,2014,0
13595,62.1137858399999,5.109075603,2014,0
13596,62.11354622,5.099490817,2014,0
13597,62.1156051099999,5.106060911,2014,0
13598,62.11601317,5.105443374,2014,0
13599,62.1081733999999,5.106574035,2014,0
13600,62.1129870299999,5.113686919,2014,0
13601,62.10764648,5.10867974,2014,0
13602,62.0938254599999,5.237787283,2015,0
13603,62.0945562,5.238515763,2015,0
13604,62.0952727,5.235869464,2015,0
13605,62.0974218699999,5.227929833,2015,0
13606,62.0984840599999,5.239655615,2015,0
13607,62.09735907,5.220707925,2015,0
13608,62.0977149499999,5.22252357,2015,0
13609,62.0983401499999,5.228114425,2015,0
13610,62.09850843,5.230473943,2015,0
13611,62.0987775999999,5.234249234,2015,0
13612,62.0993880999999,5.236465295,2015,0
13613,62.0986332299999,5.222707998,2015,0
13614,62.0988543799999,5.222636132,2015,0
13615,62.09883973,5.219260964,2015,0
13616,62.10139242,5.216982375,2015,0
13617,62.10162828,5.22028593,2015,0
13618,62.0948545199999,5.22683244,2015,0
13619,62.0967871699999,5.234895228,2015,0
13620,62.09911899,5.232689904,2015,0
13621,62.1002632,5.226524086,2015,0
13622,62.0948399899999,5.223457709,2015,0
13623,62.0957679799999,5.233294824,2015,0
13624,62.0952149299999,5.222370318,2015,0
13625,62.09618144,5.226401471,2015,0
13626,62.0961332199999,5.222554733,2015,0
13627,62.0978011099999,5.242774031,2015,0
13628,62.0966956199999,5.220923549,2015,0
13629,62.10002286,5.229499321,2015,0
13630,62.1003013799999,5.220717265,2015,0
13631,62.1008401699999,5.228268146,2015,0
13632,62.10042146,5.219229612,2015,0
13633,62.10087842,5.22246121,2015,0
13634,62.1006952799999,5.216726197,2015,0
13635,62.10136897,5.226164855,2015,0
13636,62.10140264,5.226636801,2015,0
13637,62.10115229,5.21995778,2015,0
13638,62.1012196699999,5.220901647,2015,0
13639,62.0937582099999,5.236843597,2015,0
13640,62.0941668999999,5.23622825,2015,0
13641,62.0958442299999,5.243891323,2015,0
13642,62.0957536,5.229919973,2015,0
13643,62.09578725,5.230391836,2015,0
13644,62.0964936,5.240301247,2015,0
13645,62.09676781,5.237798317,2015,0
13646,62.00599554,5.193017877,2015,0
13647,61.99942033,5.18023261,2015,0
13648,62.001561,5.184831262,2015,0
13649,62.00193569,5.183746871,2015,0
13650,62.0020370299999,5.185157914,2015,0
13651,62.00358493,5.184654959,2015,0
13652,62.00536926,5.187444744,2015,0
13653,62.0062875599999,5.187627792,2015,0
13654,61.99790311,5.187463359,2015,0
13655,62.0003845399999,5.19050774,2015,0
13656,62.00067319,5.191376608,2015,0
13657,62.00143785,5.192572257,2015,0
13658,62.00152396,5.190619059,2015,0
13659,62.00452449,5.175685017,2015,0
13660,62.00725811,5.18538684,2015,0
13661,62.0028659099999,5.193552607,2015,0
13662,62.00373528,5.189900946,2015,0
13663,62.0044999599999,5.191096671,2015,0
13664,62.00558067,5.171490345,2015,0
13665,62.0074328899999,5.175220339,2015,0
13666,62.00138546,5.194995799,2015,0
13667,62.0009313899999,5.185517132,2015,0
13668,61.9983943399999,5.191153916,2015,0
13669,61.99955233,5.18837155,2015,0
13670,61.99963838,5.186418467,2015,0
13671,62.0024386999999,5.197060544,2015,0
13672,62.0036033499999,5.18176087,2015,0
13673,62.00348649,5.176985333,2015,0
13674,62.00761434,5.187196722,2015,0
13675,62.00709208,5.176775447,2015,0
13676,62.0026696099999,5.178213661,2015,0
13677,62.00299487,5.173294427,2015,0
13678,62.0046413999999,5.180460708,2015,0
13679,62.0090117499999,5.181446855,2015,0
13680,62.0027061099999,5.172425676,2015,0
13681,62.00407939,5.182087492,2015,0
13682,62.00827773,5.186981171,2015,0
13683,62.00940182,5.18372725,2015,0
13684,62.0004766699999,5.176038806,2015,0
13685,62.04257624,5.085202493,2014,0
13686,62.04456402,5.078281583,2014,0
13687,62.04444344,5.073500326,2014,0
13688,62.0455182899999,5.085199111,2014,0
13689,62.0459908099999,5.072990798,2014,0
13690,62.0460591499999,5.073932536,2014,0
13691,62.04720223,5.086573769,2014,0
13692,62.04737285,5.088928313,2014,0
13693,62.04738917,5.08603016,2014,0
13694,62.0479691399999,5.094035771,2014,0
13695,62.0474377399999,5.077335716,2014,0
13696,62.05051814,5.085483147,2014,0
13697,62.0511130599999,5.084323062,2014,0
13698,62.0513861,5.088090806,2014,0
13699,62.05143652,5.085663239,2014,0
13700,62.0518786399999,5.085517799,2014,0
13701,62.05238902,5.086314323,2014,0
13702,62.05371539,5.085878001,2014,0
13703,62.0551114499999,5.092652515,2014,0
13704,62.05475242,5.084572323,2014,0
13705,62.04396916,5.07944152,2014,0
13706,62.04834306,5.092948606,2014,0
13707,62.04811893,5.08048653,2014,0
13708,62.05005972,5.088526989,2014,0
13709,62.05095851,5.079069775,2014,0
13710,62.0517241399999,5.08026437,2014,0
13711,62.05298217,5.078885825,2014,0
13712,62.05303243,5.076458129,2014,0
13713,62.05287758,5.071204577,2014,0
13714,62.05381414,5.074753978,2014,0
13715,62.04350901,5.076218393,2014,0
13716,62.04509241,5.082446589,2014,0
13717,62.04740824,5.095666468,2014,0
13718,62.0495330099999,5.090628846,2014,0
13719,62.0486775999999,5.072588092,2014,0
13720,62.0486593799999,5.069218932,2014,0
13721,62.04975077,5.078020781,2014,0
13722,62.04980101,5.075593345,2014,0
13723,62.05121691,5.092003973,2014,0
13724,62.05568865,5.088122385,2014,0
13725,62.0560625199999,5.087034865,2014,0
13726,62.04721458,5.071141356,2014,0
13727,62.0546010999999,5.091855812,2014,0
13728,62.0553652099999,5.086781995,2014,0
13729,62.04386995,5.090561938,2014,0
13730,62.0453296499999,5.079475919,2014,0
13731,61.9483491,4.895955527,2014,0
13732,61.9516602699999,4.903984141,2014,0
13733,61.95893145,4.889054232,2014,0
13734,61.9519311999999,4.892355373,2014,0
13735,61.9530929599999,4.895813513,2014,0
13736,61.95382526,4.896530516,2014,0
13737,61.95383769,4.893641577,2014,0
13738,61.9538848199999,4.891221827,2014,0
13739,61.9555232399999,4.895001738,2014,0
13740,61.95515316,4.886951384,2014,0
13741,61.95640697,4.894706511,2014,0
13742,61.9579633099999,4.900437743,2014,0
13743,61.95846488,4.894980698,2014,0
13744,61.9584996299999,4.89544996,2014,0
13745,61.94966223,4.898401399,2014,0
13746,61.9498261399999,4.894500813,2014,0
13747,61.95047649,4.897168057,2014,0
13748,61.9499674799999,4.887242511,2014,0
13749,61.95017611,4.890057248,2014,0
13750,61.9512459899999,4.889218973,2014,0
13751,61.95251427,4.884948834,2014,0
13752,61.95398643,4.901765453,2014,0
13753,61.95487964,4.907717765,2014,0
13754,61.9543490599999,4.894432348,2014,0
13755,61.95550776,4.907027394,2014,0
13756,61.9552327999999,4.894137119,2014,0
13757,61.9559275599999,4.903521565,2014,0
13758,61.95503656,4.888432836,2014,0
13759,61.95555799,4.895470955,2014,0
13760,61.9557565599999,4.892038814,2014,0
13761,61.9560346,4.895792574,2014,0
13762,61.95815204,4.890757399,2014,0
13763,61.9603613499999,4.890018906,2014,0
13764,61.9604308799999,4.890957474,2014,0
13765,61.96082563,4.893230082,2014,0
13766,61.9611036499999,4.896984479,2014,0
13767,61.96115083,4.894564147,2014,0
13768,61.9615579399999,4.893947187,2014,0
13769,61.9611258999999,4.900343423,2014,0
13770,61.95782131,4.907697963,2014,0
13771,61.95915961,4.904366161,2014,0
13772,61.8881184,5.253176944,2015,0
13773,61.88620006,5.232697751,2015,0
13774,61.88691098,5.236304635,2015,0
13775,61.88768263,5.247083991,2015,0
13776,61.8881920299999,5.247879255,2015,0
13777,61.88829261,5.24928533,2015,0
13778,61.8884266999999,5.251160114,2015,0
13779,61.88713795,5.229998704,2015,0
13780,61.88787654,5.24030926,2015,0
13781,61.88878194,5.252963901,2015,0
13782,61.8873591099999,5.229927526,2015,0
13783,61.88843318,5.244924992,2015,0
13784,61.8893113999999,5.250875991,2015,0
13785,61.88941195,5.252282131,2015,0
13786,61.8893314399999,5.247992691,2015,0
13787,61.88982079,5.251671361,2015,0
13788,61.88987437,5.249256729,2015,0
13789,61.88878685,5.230906455,2015,0
13790,61.88882044,5.231375131,2015,0
13791,61.8889744299999,5.230366601,2015,0
13792,61.88842557,5.235338013,2015,0
13793,61.88998138,5.24442745,2015,0
13794,61.89016901,5.243887652,2015,0
13795,61.88693844,5.243008076,2015,0
13796,61.8869583099999,5.24012501,2015,0
13797,61.88696429,5.233890231,2015,0
13798,61.88862778,5.253972325,2015,0
13799,61.88747377,5.23468525,2015,0
13800,61.8883386799999,5.237283855,2015,0
13801,61.8893849399999,5.245578097,2015,0
13802,61.8895190799999,5.247452926,2015,0
13803,61.88876718,5.233789683,2015,0
13804,61.88929048,5.237936716,2015,0
13805,61.89024966,5.248177187,2015,0
13806,61.88986706,5.239669268,2015,0
13807,61.88949783,5.234513594,2015,0
13808,61.89114785,5.251245167,2015,0
13809,61.8918918099999,5.25532186,2015,0
13810,61.88648838,5.233563881,2015,0
13811,61.88686355,5.232484281,2015,0
13812,61.8904037699999,5.247168683,2015,0
13813,61.8866302599999,5.245024878,2015,0
13814,61.88963212,5.236388368,2015,0
13815,61.8895175099999,5.231630296,2015,0
13816,61.89104729,5.249838953,2015,0
13817,61.8924749099999,5.250818931,2015,0
13818,61.88633437,5.234572313,2015,0
13819,61.8913342999999,5.23488178,2015,0
13820,61.89329257,5.249597207,2015,0
13821,61.8326582099999,4.838163297,2014,0
13822,61.83268102,4.83240857,2014,0
13823,61.83283206,4.831400195,2014,0
13824,61.83245893,4.823383211,2014,0
13825,61.83349346,4.822079008,2014,0
13826,61.83461048,4.827931558,2014,0
13827,61.83494743,4.826381904,2014,0
13828,61.8355063699999,4.83385843,2014,0
13829,61.83607559,4.829357225,2014,0
13830,61.83807635,4.844016052,2014,0
13831,61.83805301,4.840670825,2014,0
13832,61.83649201,4.816764001,2014,0
13833,61.8371563299999,4.825642589,2014,0
13834,61.8366429299999,4.815755432,2014,0
13835,61.83786636,4.832111095,2014,0
13836,61.8382504699999,4.837251753,2014,0
13837,61.8376903099999,4.820673703,2014,0
13838,61.83948248,4.832528512,2014,0
13839,61.83956365,4.830585208,2014,0
13840,61.8404009799999,4.832700286,2014,0
13841,61.8400978,4.825615996,2014,0
13842,61.8427268,4.83958749,2014,0
13843,61.83327451,4.840351953,2014,0
13844,61.8308553199999,4.829187907,2014,0
13845,61.83122723,4.828105679,2014,0
13846,61.8319947199999,4.829285661,2014,0
13847,61.8333786199999,4.832654197,2014,0
13848,61.8343669699999,4.833760506,2014,0
13849,61.8344119699999,4.822250449,2014,0
13850,61.8345740099999,4.818364455,2014,0
13851,61.8362509099999,4.84079413,2014,0
13852,61.83688928,4.828126973,2014,0
13853,61.8397039999999,4.841556067,2014,0
13854,61.8401806999999,4.841875777,2014,0
13855,61.8394462899999,4.822959846,2014,0
13856,61.8396322199999,4.822418543,2014,0
13857,61.8413200999999,4.841974003,2014,0
13858,61.8419129999999,4.840817696,2014,0
13859,61.84187738,4.831248204,2014,0
13860,61.8442597299999,4.823743375,2014,0
13861,61.8391924,4.840769007,2014,0
13862,61.83165773,4.830835132,2014,0
13863,61.83142549,4.833786257,2014,0
13864,61.83940177,4.843573181,2014,0
13865,61.83970214,4.823353222,2014,0
13866,61.84038695,4.817375198,2014,0
13867,61.8409336499999,4.818629234,2014,0
13868,61.8431678099999,4.830337307,2014,0
13869,61.8363760599999,4.818239843,2014,0
13870,61.83663191,4.818633141,2014,0
13871,61.73910267,4.786245642,2015,0
13872,61.7435900799999,4.785698717,2015,0
13873,61.74613859,4.792487137,2015,0
13874,61.7475059699999,4.780566657,2015,0
13875,61.7483823199999,4.792214047,2015,0
13876,61.74876459,4.788265008,2015,0
13877,61.7491362199999,4.787185309,2015,0
13878,61.74963401,4.781764403,2015,0
13879,61.75053152,4.787673511,2015,0
13880,61.7403743899999,4.800145222,2015,0
13881,61.74302488,4.79925928,2015,0
13882,61.7479476899999,4.780418687,2015,0
13883,61.73761609,4.790562866,2015,0
13884,61.73943168,4.796640386,2015,0
13885,61.7409991899999,4.790386099,2015,0
13886,61.74072936,4.783791127,2015,0
13887,61.74140242,4.780700607,2015,0
13888,61.74265038,4.791266281,2015,0
13889,61.7435688899999,4.79143654,2015,0
13890,61.7469197799999,4.799867486,2015,0
13891,61.74634563,4.786209022,2015,0
13892,61.7476874299999,4.801043684,2015,0
13893,61.7467873599999,4.78606114,2015,0
13894,61.7478032799999,4.799572102,2015,0
13895,61.7483500499999,4.800822166,2015,0
13896,61.7505803299999,4.794344533,2015,0
13897,61.75077684,4.790935097,2015,0
13898,61.7392534299999,4.785240197,2015,0
13899,61.74340738,4.795311007,2015,0
13900,61.7434423999999,4.795776848,2015,0
13901,61.7464188,4.796214194,2015,0
13902,61.74707464,4.777845398,2015,0
13903,61.74803189,4.787555,2015,0
13904,61.7488803099999,4.786793339,2015,0
13905,61.74346663,4.799111606,2015,0
13906,61.7397056599999,4.782223805,2015,0
13907,61.7409607,4.780848532,2015,0
13908,61.7419984,4.788619186,2015,0
13909,61.74468026,4.779125178,2015,0
13910,61.7477409299999,4.786697146,2015,0
13911,61.74852244,4.7940777,2015,0
13912,61.74400725,4.782216068,2015,0
13913,61.7447608,4.777187847,2015,0
13914,61.73977579,4.783155338,2015,0
13915,61.74640514,4.790009943,2015,0
13916,61.74701873,4.783117971,2015,0
13917,61.75065773,4.783332186,2015,0
13918,61.73312577,4.961036977,2014,0
13919,61.7211092,4.966893754,2014,0
13920,61.72243514,4.966458322,2014,0
13921,61.7249060099999,4.972326424,2014,0
13922,61.72518128,4.976053003,2014,0
13923,61.72455602,4.961467699,2014,0
13924,61.7268605399999,4.97120766,2014,0
13925,61.72772452,4.967583867,2014,0
13926,61.7277733299999,4.965182015,2014,0
13927,61.7278421999999,4.966113718,2014,0
13928,61.72854516,4.972563228,2014,0
13929,61.7291737299999,4.971879689,2014,0
13930,61.7293113899999,4.973743224,2014,0
13931,61.72978779,4.974064027,2014,0
13932,61.7312659199999,4.972624363,2014,0
13933,61.7314180799999,4.971619972,2014,0
13934,61.7314525,4.972085887,2014,0
13935,61.73194337,4.96953858,2014,0
13936,61.72073034,4.961770548,2014,0
13937,61.7214134299999,4.964885588,2014,0
13938,61.7292714499999,4.967075753,2014,0
13939,61.7194876,4.960270669,2014,0
13940,61.71965986,4.962599277,2014,0
13941,61.7216629999999,4.95907875,2014,0
13942,61.72492909,4.960390857,2014,0
13943,61.7265072599999,4.97561789,2014,0
13944,61.72708686,4.977336265,2014,0
13945,61.73011513,4.960117761,2014,0
13946,61.72245772,4.95452376,2014,0
13947,61.7246505999999,4.97193315,2014,0
13948,61.7250092499999,4.973723882,2014,0
13949,61.72565489,4.954903794,2014,0
13950,61.72701526,4.954933588,2014,0
13951,61.7194044199999,4.96220615,2014,0
13952,61.7223862999999,4.968859755,2014,0
13953,61.72323584,4.968103725,2014,0
13954,61.7242114299999,4.956809791,2014,0
13955,61.7244261499999,4.950536607,2014,0
13956,61.72516429,4.957450779,2014,0
13957,61.72743684,4.951454757,2014,0
13958,61.7304475199999,4.95237306,2014,0
13959,61.7317796199999,4.95813886,2014,0
13960,61.72849318,4.953493163,2014,0
13961,61.72885207,4.955283877,2014,0
13962,61.72903857,4.954745346,2014,0
13963,61.7291764599999,4.956608774,2014,0
13964,61.7305305499999,4.950436865,2014,0
13965,61.7236660499999,4.955557759,2014,0
13966,64.33758333,10.32573333,2008,0
13967,64.33513333,10.32465,2008,0
13968,64.3371499999999,10.42403333,2008,0
13969,64.3323833299999,10.33325,2008,0
13970,64.33256667,10.3336,2008,0
13971,64.33281667,10.34465,2008,0
13972,64.3353833299999,10.42541667,2008,0
13973,64.33216667,10.3322833299999,2008,0
13974,64.33293333,10.3538999999999,2008,0
13975,64.33121667,10.32946667,2008,0
13976,64.3295999999999,10.30678333,2008,0
13977,64.3329999999999,10.43988333,2008,0
13978,64.3262166699999,10.38456667,2008,0
13979,64.3257833299999,10.3848,2008,0
13980,63.78818333,8.459783333,2008,0
13981,63.7836,8.4793,2008,0
13982,63.78366667,8.490916667,2008,0
13983,63.82946667,9.531683333,2008,0
13984,63.79144,9.35659,2008,0
13985,63.78296667,9.382083333,2008,0
13986,63.72115,9.46948333299999,2008,0
13987,63.6976,9.373816667,2008,0
13988,63.69016667,9.426016667,2008,0
13989,63.64048333,9.3908,2008,0
13990,64.09573333,9.87379999999999,2008,0
13991,64.0916666699999,9.874733333,2008,0
13992,64.0869166699999,9.865783333,2008,0
13993,64.05088333,9.9041,2008,0
13994,64.0476,9.931833333,2008,0
13995,64.04686667,9.930766667,2008,0
13996,64.0463833299999,9.9236,2008,0
13997,64.0436666699999,9.922,2008,0
13998,64.0413499999999,9.92758333299999,2008,0
13999,64.04006667,9.9283,2008,0
14000,64.0398166699999,9.9283,2008,0
14001,64.0117999999999,9.87405,2008,0
14002,63.99745,9.862366667,2008,0
14003,63.99643333,9.864516667,2008,0
14004,64.3734666699999,10.2733,2008,0
14005,64.3688066699999,10.36045,2008,0
14006,64.3626166699999,10.21503333,2008,0
14007,64.35603333,10.23598333,2008,0
14008,64.3518499999999,10.21161667,2008,0
14009,64.3576999999999,10.38591667,2008,0
14010,64.3512499999999,10.26266667,2008,0
14011,64.34528333,10.2026666699999,2008,0
14012,64.3470499999999,10.26768333,2008,0
14013,64.3483499999999,10.4168333299999,2008,0
14014,64.34188333,10.26426667,2008,0
14015,64.3366333299999,10.3792,2008,0
14016,64.32465,10.2773333299999,2008,0
14017,64.31156667,10.12016667,2008,0
14018,64.31725,10.35333333,2008,0
14019,64.31255,10.37748333,2008,0
14020,64.3032666699999,10.15551667,2008,0
14021,64.3013833299999,10.26305,2008,0
14022,64.30633333,10.44536667,2008,0
14023,64.2988333299999,10.21518333,2008,0
14024,64.2984166699999,10.25805,2008,0
14025,64.29266667,10.26375,2008,0
14026,64.28801667,10.15866667,2008,0
14027,64.2907,10.27243333,2008,0
14028,64.2836999999999,10.18106667,2008,0
14029,64.28838333,10.37593333,2008,0
14030,64.28578333,10.38833333,2008,0
14031,64.27353333,10.14053333,2008,0
14032,64.2740166699999,10.1828833299999,2008,0
14033,64.2672,10.1600333299999,2008,0
14034,64.2663833299999,10.28481667,2008,0
14035,64.2560833299999,10.17716667,2008,0
14036,64.25095,10.20441667,2008,0
14037,64.23456667,10.16953333,2008,0
14038,64.1550166699999,9.928316667,2008,0
14039,64.14708333,9.998933333,2008,0
14040,64.14466667,9.954533333,2008,0
14041,64.1353166699999,9.93298333299999,2008,0
14042,64.12375,9.916616667,2008,0
14043,64.1233833299999,9.932333333,2008,0
14044,64.12193333,9.940933333,2008,0
14045,64.1127166699999,9.954133333,2008,0
14046,64.11166667,9.95065,2008,0
14047,64.10681667,9.862633333,2008,0
14048,64.1088333299999,9.947583333,2008,0
14049,64.1055999999999,9.931516667,2008,0
14050,64.10025,9.849483333,2008,0
14051,64.09838333,10.02756667,2008,0
14052,64.09175,9.86951666699999,2008,0
14053,64.08113,9.82981666699999,2008,0
14054,64.0762166699999,9.825166667,2008,0
14055,64.07661667,9.853816667,2008,0
14056,64.0754,9.83913333299999,2008,0
14057,64.07885,9.96955,2008,0
14058,64.07398333,9.85019999999999,2008,0
14059,64.07441667,9.93425,2008,0
14060,64.0510666699999,9.852633333,2008,0
14061,64.0513666699999,9.9041,2008,0
14062,64.01836667,9.840916667,2008,0
14063,64.01646667,9.827416667,2008,0
14064,64.0133666699999,9.848416667,2008,0
14065,64.0008833299999,9.8544,2008,0
14066,63.98338333,9.8244,2008,0
14067,63.9787666699999,9.824433333,2008,0
14068,63.86065,9.530383333,2008,0
14069,63.84716667,9.571566667,2008,0
14070,63.84358333,9.661016667,2008,0
14071,63.84161667,9.670633333,2008,0
14072,63.8378833299999,9.605416667,2008,0
14073,63.83684,9.613883333,2008,0
14074,63.83121667,9.57836666699999,2008,0
14075,63.8308,9.5725,2008,0
14076,63.82728333,9.577233333,2008,0
14077,63.82211667,9.53759999999999,2008,0
14078,63.8128666699999,9.54914999999999,2008,0
14079,63.8141333299999,9.605583333,2008,0
14080,63.8111666699999,9.5541,2008,0
14081,63.8040499999999,9.52555,2008,0
14082,63.8012999999999,9.543333333,2008,0
14083,63.77396667,9.365966667,2008,0
14084,63.77568333,9.524366667,2008,0
14085,63.77505,9.5608,2008,0
14086,63.73568333,9.495716667,2008,0
14087,63.72803333,9.468366667,2008,0
14088,63.70405,9.326683333,2008,0
14089,63.7083,9.452816667,2008,0
14090,63.69178333,9.39156666699999,2008,0
14091,63.6734999999999,9.356233333,2008,0
14092,63.66651667,9.3485,2008,0
14093,63.6623,9.35341666699999,2008,0
14094,63.6449,9.365516667,2008,0
14095,63.64085,9.3099,2008,0
14096,63.6429333299999,9.3735,2008,0
14097,63.8569666699999,8.362483333,2008,0
14098,63.8560833299999,8.50835,2008,0
14099,63.83693333,8.33995,2008,0
14100,63.83158333,8.395966667,2008,0
14101,63.8280833299999,8.50158333299999,2008,0
14102,63.8149833299999,8.31645,2008,0
14103,63.8141833299999,8.385333333,2008,0
14104,63.81045,8.430716667,2008,0
14105,63.80273333,8.45425,2008,0
14106,63.7959833299999,8.400383333,2008,0
14107,63.7978499999999,8.51453333299999,2008,0
14108,63.78088333,8.34404999999999,2008,0
14109,63.7696666699999,8.33976666699999,2008,0
14110,63.76798333,8.3264,2008,0
14111,63.7565666699999,8.264333333,2008,0
14112,63.75561667,8.38819999999999,2008,0
14113,63.75206,8.364683333,2008,0
14114,63.7738666699999,9.35443333299999,2008,0
14115,70.5071429999999,23.985544,2016,1
14116,70.5077579999999,23.983039,2016,1
14117,70.5094359999999,23.94996,2016,1
14118,70.508032,23.981342,2016,1
14119,70.5083609999999,23.983364,2016,1
14120,70.5080109999999,23.992083,2016,1
14121,70.507642,23.9927759999999,2016,1
14122,70.510962,23.9528679999999,2016,1
14123,70.510833,23.954708,2016,1
14124,70.50933,23.981694,2016,1
14125,70.5104039999999,23.972617,2016,1
14126,70.510565,23.9737949999999,2016,1
14127,70.509544,23.9975169999999,2016,1
14128,70.510158,23.9886139999999,2016,1
14129,70.5106969999999,23.9828249999999,2016,1
14130,70.510389,23.987427,2016,1
14131,70.511143,23.976824,2016,1
14132,70.5101039999999,24.0032749999999,2016,1
14133,70.511903,23.976008,2016,1
14134,70.5123559999999,23.972583,2016,1
14135,70.5114219999999,23.998096,2016,1
14136,70.511751,23.9998019999999,2016,1
14137,70.511886,24.0038149999999,2016,1
14138,70.515297,23.9544549999999,2016,1
14139,70.515663,23.959197,2016,1
14140,70.512715,24.0179259999999,2016,1
14141,70.513643,24.030114,2016,1
14142,70.517216,23.9767769999999,2016,1
14143,70.517447,23.985188,2016,1
14144,70.517971,23.982747,2016,1
14145,70.5180929999999,23.990732,2016,1
14146,70.5202309999999,23.999485,2016,1
14147,70.5223799999999,23.9865929999999,2016,1
14148,70.5224999999999,23.992327,2016,1
14149,70.5229949999999,23.991406,2016,1
14150,70.522968,23.993611,2016,1
14151,70.5232989999999,23.9951499999999,2016,1
14152,70.5240009999999,24.003705,2016,1
14153,70.6826429999999,24.292496,2017,1
14154,70.6829919999999,24.294318,2017,1
14155,70.683508,24.293931,2017,1
14156,70.683839,24.2921419999999,2017,1
14157,70.684493,24.2874039999999,2017,1
14158,70.6828249999999,24.3243569999999,2017,1
14159,70.684472,24.293655,2017,1
14160,70.68649,24.288591,2017,1
14161,70.686267,24.290735,2017,1
14162,70.686683,24.296571,2017,1
14163,70.6837639999999,24.352853,2017,1
14164,70.687342,24.302154,2017,1
14165,70.686344,24.329878,2017,1
14166,70.6854629999999,24.3547319999999,2017,1
14167,70.687808,24.320974,2017,1
14168,70.685972,24.355694,2017,1
14169,70.6858309999999,24.357996,2017,1
14170,70.6894049999999,24.3021859999999,2017,1
14171,70.6876859999999,24.3378839999999,2017,1
14172,70.690307,24.293965,2017,1
14173,70.6886429999999,24.323025,2017,1
14174,70.6880079999999,24.33745,2017,1
14175,70.687307,24.3547219999999,2017,1
14176,70.6903109999999,24.304808,2017,1
14177,70.687346,24.360247,2017,1
14178,70.6877369999999,24.3607499999999,2017,1
14179,70.6905289999999,24.3109059999999,2017,1
14180,70.691095,24.309974,2017,1
14181,70.6893879999999,24.341812,2017,1
14182,70.6917229999999,24.30948,2017,1
14183,70.6915699999999,24.3186889999999,2017,1
14184,70.6915589999999,24.3242459999999,2017,1
14185,70.691602,24.3301969999999,2017,1
14186,70.690267,24.3578639999999,2017,1
14187,70.691406,24.334602,2017,1
14188,70.6915419999999,24.339838,2017,1
14189,70.692248,24.335277,2017,1
14190,70.69186,24.342939,2017,1
14191,70.692654,24.340066,2017,1
14192,70.6929279999999,24.343871,2017,1
14193,70.6944989999999,24.346661,2017,1
14194,70.698113,24.3368509999999,2017,1
14195,70.6971149999999,24.355204,2017,1
14196,70.698205,24.3584539999999,2017,1
14197,70.9424989999999,25.478038,2016,1
14198,70.946335,25.463946,2016,1
14199,70.947502,25.461624,2016,1
14200,70.948142,25.464855,2016,1
14201,70.9487859999999,25.460025,2016,1
14202,70.9496659999999,25.449397,2017,1
14203,70.949977,25.4481879999999,2017,1
14204,70.949832,25.451774,2017,1
14205,70.9505719999999,25.449126,2017,1
14206,70.94732,25.502085,2016,1
14207,70.9505259999999,25.4602569999999,2016,1
14208,70.951864,25.4503519999999,2017,1
14209,70.9521289999999,25.4548969999999,2017,1
14210,70.952115,25.45879,2017,1
14211,70.953102,25.455023,2017,1
14212,70.953428,25.461496,2017,1
14213,70.953674,25.4700999999999,2016,1
14214,70.954751,25.455715,2017,1
14215,70.954684,25.4605819999999,2017,1
14216,70.9561709999999,25.4474349999999,2017,1
14217,70.9556319999999,25.455525,2017,1
14218,70.9554729999999,25.4585009999999,2017,1
14219,70.9560589999999,25.456637,2017,1
14220,70.954823,25.486104,2017,1
14221,70.955719,25.485655,2017,1
14222,70.957138,25.477881,2017,1
14223,70.959038,25.446266,2017,1
14224,70.9589799999999,25.447946,2017,1
14225,70.95753,25.4753049999999,2017,1
14226,70.9566659999999,25.485268,2017,1
14227,70.9577359999999,25.4801369999999,2017,1
14228,70.958613,25.482693,2017,1
14229,70.960552,25.4836889999999,2017,1
14230,70.962896,25.4820269999999,2017,1
14231,70.962529,25.477753,2017,1
14232,70.963431,25.4744889999999,2017,1
14233,70.9642649999999,25.468914,2017,1
14234,70.9650359999999,25.46074,2017,1
14235,70.965597,25.460488,2017,1
14236,70.966903,25.4602749999999,2017,1
14237,70.966245,25.469832,2017,1
14238,70.9351709999999,25.604267,2016,1
14239,70.936339,25.6127889999999,2016,1
14240,70.936609,25.6150489999999,2016,1
14241,70.937696,25.621109,2016,1
14242,70.937458,25.6235229999999,2016,1
14243,70.937937,25.61852,2016,1
14244,70.9391969999999,25.625563,2016,1
14245,70.939338,25.627524,2016,1
14246,70.9399279999999,25.631226,2016,1
14247,70.939993,25.633455,2016,1
14248,70.940865,25.627869,2016,1
14249,70.9407599999999,25.629024,2016,1
14250,70.9421119999999,25.6315649999999,2016,1
14251,70.9416879999999,25.638884,2016,1
14252,70.943026,25.622315,2016,1
14253,70.941753,25.6482409999999,2016,1
14254,70.9433719999999,25.626106,2016,1
14255,70.9439189999999,25.627879,2016,1
14256,70.94301,25.6439629999999,2016,1
14257,70.943526,25.6401739999999,2016,1
14258,70.944039,25.6343479999999,2016,1
14259,70.943933,25.6364829999999,2016,1
14260,70.944727,25.6250199999999,2016,1
14261,70.9423529999999,25.6652489999999,2016,1
14262,70.945245,25.6249709999999,2016,1
14263,70.944168,25.643529,2016,1
14264,70.945723,25.618663,2016,1
14265,70.943741,25.6525789999999,2016,1
14266,70.943292,25.661154,2016,1
14267,70.944775,25.642185,2016,1
14268,70.9437049999999,25.6659499999999,2016,1
14269,70.943571,25.666478,2016,1
14270,70.9452289999999,25.64312,2016,1
14271,70.946044,25.632451,2016,1
14272,70.943983,25.6676469999999,2016,1
14273,70.9470129999999,25.6204919999999,2016,1
14274,70.9458419999999,25.639258,2016,1
14275,70.9468739999999,25.6263189999999,2016,1
14276,70.946751,25.632897,2016,1
14277,70.947462,25.6308849999999,2016,1
14278,70.948655,25.6195519999999,2016,1
14279,70.9484989999999,25.622693,2016,1
14280,71.105176,25.395762,2016,1
14281,71.104078,25.413934,2016,1
14282,71.106205,25.392403,2016,1
14283,71.105457,25.41114,2016,1
14284,71.105827,25.414182,2016,1
14285,71.107556,25.391648,2016,1
14286,71.108282,25.3818519999999,2016,1
14287,71.1086159999999,25.3858679999999,2016,1
14288,71.107596,25.4024259999999,2016,1
14289,71.107088,25.411929,2016,1
14290,71.106148,25.4317999999999,2016,1
14291,71.1084599999999,25.4139149999999,2016,1
14292,71.107483,25.4324289999999,2016,1
14293,71.1113419999999,25.3688499999999,2016,1
14294,71.1098729999999,25.4462979999999,2016,1
14295,71.110371,25.429337,2016,1
14296,71.1148799999999,25.359845,2016,1
14297,71.1140599999999,25.3781849999999,2016,1
14298,71.1148589999999,25.37142,2016,1
14299,71.1150109999999,25.3721369999999,2016,1
14300,71.111569,25.432887,2016,1
14301,71.1112889999999,25.443069,2016,1
14302,71.112031,25.4369289999999,2016,1
14303,71.114632,25.397281,2016,1
14304,71.1133379999999,25.4223719999999,2016,1
14305,71.115948,25.382093,2016,1
14306,71.1129269999999,25.4405229999999,2016,1
14307,71.116335,25.387915,2016,1
14308,71.1169179999999,25.4058819999999,2016,1
14309,71.121465,25.366284,2016,1
14310,71.120401,25.388299,2016,1
14311,71.118785,25.429993,2016,1
14312,71.121125,25.3998479999999,2016,1
14313,71.123395,25.369565,2016,1
14314,71.119848,25.4308289999999,2016,1
14315,71.121975,25.4020259999999,2016,1
14316,71.1233129999999,25.376961,2016,1
14317,71.1200249999999,25.442316,2016,1
14318,71.12313,25.4017769999999,2016,1
14319,71.121953,25.436329,2016,1
14320,71.121757,25.44115,2016,1
14321,71.1256649999999,25.3805669999999,2016,1
14322,71.122618,25.437897,2016,1
14323,71.1257949999999,25.402569,2016,1
14324,71.128185,25.3967309999999,2016,1
14325,71.128831,25.389429,2016,1
14326,70.9552089999999,26.611097,2016,1
14327,70.955168,26.624234,2016,1
14328,70.9564079999999,26.6103659999999,2016,1
14329,70.9569769999999,26.6177999999999,2016,1
14330,70.9576459999999,26.626275,2016,1
14331,70.957885,26.634795,2016,1
14332,70.9596619999999,26.612136,2016,1
14333,70.958945,26.623453,2016,1
14334,70.960306,26.6161129999999,2016,1
14335,70.9607979999999,26.619025,2016,1
14336,70.9602079999999,26.631595,2016,1
14337,70.9608199999999,26.63805,2016,1
14338,70.9607539999999,26.6386259999999,2016,1
14339,70.9620699999999,26.6247429999999,2016,1
14340,70.962304,26.629059,2016,1
14341,70.9617769999999,26.636474,2016,1
14342,70.9617609999999,26.6372779999999,2016,1
14343,70.961797,26.6527059999999,2016,1
14344,70.963295,26.626752,2016,1
14345,70.9637539999999,26.631214,2016,1
14346,70.9636349999999,26.639907,2016,1
14347,70.963733,26.6386159999999,2016,1
14348,70.96263,26.659976,2016,1
14349,70.964521,26.63673,2016,1
14350,70.9644449999999,26.637373,2016,1
14351,70.963825,26.646798,2016,1
14352,70.963581,26.654872,2016,1
14353,70.965063,26.643926,2016,1
14354,70.964061,26.658646,2016,1
14355,70.966068,26.63842,2016,1
14356,70.9663759999999,26.653061,2016,1
14357,70.9675569999999,26.653105,2016,1
14358,70.968145,26.6471909999999,2016,1
14359,70.967883,26.651779,2016,1
14360,70.968303,26.647905,2016,1
14361,70.9680829999999,26.652874,2016,1
14362,70.967674,26.657972,2016,1
14363,70.9690379999999,26.6588369999999,2016,1
14364,70.9693369999999,26.661795,2016,1
14365,70.9694559999999,26.6639939999999,2016,1
14366,70.9708409999999,26.6535909999999,2016,1
14367,70.9699119999999,26.669781,2016,1
14368,70.9708679999999,26.662098,2016,1
14369,70.970774,26.676078,2016,1
14370,70.9718199999999,26.662569,2016,1
14371,70.7876179999999,27.213683,2016,1
14372,70.790738,27.225881,2016,1
14373,70.7905829999999,27.228494,2016,1
14374,70.7915179999999,27.222182,2016,1
14375,70.791272,27.227045,2016,1
14376,70.7926489999999,27.2211749999999,2016,1
14377,70.7937189999999,27.215385,2016,1
14378,70.7951149999999,27.214026,2016,1
14379,70.7943709999999,27.225857,2016,1
14380,70.7984419999999,27.1712209999999,2016,1
14381,70.795822,27.2164159999999,2016,1
14382,70.7953839999999,27.223216,2016,1
14383,70.798848,27.171894,2016,1
14384,70.7960549999999,27.218577,2016,1
14385,70.797179,27.212318,2016,1
14386,70.7974789999999,27.214728,2016,1
14387,70.797538,27.224402,2016,1
14388,70.801764,27.170864,2016,1
14389,70.801786,27.1752229999999,2016,1
14390,70.803109,27.175986,2016,1
14391,70.8034679999999,27.177629,2016,1
14392,70.805131,27.164714,2016,1
14393,70.8059449999999,27.1763459999999,2016,1
14394,70.8039789999999,27.204991,2016,1
14395,70.8036639999999,27.2114319999999,2016,1
14396,70.806314,27.1780019999999,2016,1
14397,70.8069459999999,27.176364,2016,1
14398,70.808565,27.17539,2016,1
14399,70.8083129999999,27.1741929999999,2016,1
14400,70.80643,27.2114979999999,2016,1
14401,70.8065959999999,27.2137519999999,2016,1
14402,70.807623,27.20662,2016,1
14403,70.809826,27.179932,2016,1
14404,70.8107289999999,27.1782679999999,2016,1
14405,70.8114259999999,27.184916,2016,1
14406,70.809853,27.2084809999999,2016,1
14407,70.8111099999999,27.1963529999999,2016,1
14408,70.8115719999999,27.204991,2016,1
14409,70.8128739999999,27.187614,2016,1
14410,70.8124889999999,27.195007,2016,1
14411,70.8139809999999,27.1900079999999,2016,1
14412,70.8141099999999,27.194378,2016,1
14413,70.814187,27.2064869999999,2016,1
14414,71.114598,27.58709,2016,1
14415,71.114006,27.597743,2016,1
14416,71.118465,27.556149,2016,1
14417,71.1154049999999,27.602484,2016,1
14418,71.1187539999999,27.560165,2016,1
14419,71.1159219999999,27.602833,2016,1
14420,71.1180829999999,27.585529,2016,1
14421,71.1164069999999,27.621282,2016,1
14422,71.1216639999999,27.556483,2016,1
14423,71.118042,27.6201259999999,2016,1
14424,71.121375,27.575837,2016,1
14425,71.1197999999999,27.612521,2016,1
14426,71.1244729999999,27.5497109999999,2016,1
14427,71.12398,27.573706,2016,1
14428,71.121616,27.6197219999999,2016,1
14429,71.1225539999999,27.610807,2016,1
14430,71.121463,27.6254279999999,2016,1
14431,71.122095,27.6297619999999,2016,1
14432,71.1253719999999,27.5785419999999,2016,1
14433,71.1238929999999,27.603845,2016,1
14434,71.12479,27.593021,2016,1
14435,71.12429,27.611243,2016,1
14436,71.1231379999999,27.627374,2016,1
14437,71.123784,27.6207269999999,2016,1
14438,71.12567,27.5973189999999,2016,1
14439,71.124088,27.6273869999999,2016,1
14440,71.126441,27.5964659999999,2016,1
14441,71.125033,27.620221,2016,1
14442,71.1278769999999,27.5809929999999,2016,1
14443,71.1247469999999,27.627534,2016,1
14444,71.1266009999999,27.606964,2016,1
14445,71.1259819999999,27.623241,2016,1
14446,71.12657,27.6285349999999,2016,1
14447,71.1288899999999,27.590135,2016,1
14448,71.127649,27.6085689999999,2016,1
14449,71.1299089999999,27.577027,2016,1
14450,71.132165,27.5923799999999,2016,1
14451,71.1309279999999,27.6155499999999,2016,1
14452,71.132782,27.6030699999999,2016,1
14453,71.13297,27.623756,2016,1
14454,71.135377,27.6048049999999,2016,1
14455,71.134934,27.6188679999999,2016,1
14456,71.092521,28.258384,2017,1
14457,71.0937349999999,28.2384279999999,2017,1
14458,71.0935709999999,28.2649979999999,2017,1
14459,71.0942919999999,28.244458,2017,1
14460,71.0940619999999,28.2527019999999,2017,1
14461,71.0968689999999,28.223951,2017,1
14462,71.0978539999999,28.218727,2017,1
14463,71.0952649999999,28.2540149999999,2017,1
14464,71.093732,28.27616,2017,1
14465,71.0976359999999,28.2332299999999,2017,1
14466,71.098488,28.220983,2017,1
14467,71.096193,28.259287,2017,1
14468,71.0970959999999,28.25553,2017,1
14469,71.097386,28.256118,2017,1
14470,71.098754,28.242535,2017,1
14471,71.100819,28.219307,2017,1
14472,71.099439,28.256181,2017,1
14473,71.0982379999999,28.276246,2017,1
14474,71.0989979999999,28.269701,2017,1
14475,71.103075,28.2193,2017,1
14476,71.099462,28.2702859999999,2017,1
14477,71.103868,28.2157009999999,2017,1
14478,71.098883,28.290741,2017,1
14479,71.0998699999999,28.271799,2017,1
14480,71.1042769999999,28.220141,2017,1
14481,71.1050529999999,28.211449,2017,1
14482,71.103966,28.224568,2017,1
14483,71.100317,28.279444,2017,1
14484,71.1050029999999,28.2277619999999,2017,1
14485,71.102789,28.257541,2017,1
14486,71.104374,28.2638299999999,2017,1
14487,71.1073219999999,28.2285089999999,2017,1
14488,71.1053239999999,28.2577719999999,2017,1
14489,71.1034499999999,28.284516,2017,1
14490,71.107606,28.265511,2017,1
14491,71.106852,28.277944,2017,1
14492,71.1109309999999,28.224345,2017,1
14493,71.107253,28.276423,2017,1
14494,71.110449,28.242038,2017,1
14495,71.106429,28.29425,2017,1
14496,71.1087069999999,28.2672519999999,2017,1
14497,71.11141,28.232185,2017,1
14498,71.109132,28.2652749999999,2017,1
14499,71.1117519999999,28.2412509999999,2017,1
14500,71.1103659999999,28.259419,2017,1
14501,71.108558,28.2837509999999,2017,1
14502,71.1089029999999,28.28885,2017,1
14503,71.112806,28.256457,2017,1
14504,71.112502,28.2599319999999,2017,1
14505,71.114963,28.227515,2017,1
14506,70.7738659999999,28.61661,2017,1
14507,70.77446,28.611184,2017,1
14508,70.77415,28.621417,2017,1
14509,70.7762989999999,28.61091,2017,1
14510,70.777117,28.621503,2017,1
14511,70.776476,28.637927,2017,1
14512,70.7776209999999,28.630375,2017,1
14513,70.7781789999999,28.6301139999999,2017,1
14514,70.7793839999999,28.6251089999999,2017,1
14515,70.778418,28.6415529999999,2017,1
14516,70.780066,28.6339539999999,2017,1
14517,70.78009,28.633061,2017,1
14518,70.779469,28.6456589999999,2017,1
14519,70.7807499999999,28.6478779999999,2017,1
14520,70.780561,28.637872,2017,1
14521,70.7811329999999,28.641853,2017,1
14522,70.7826589999999,28.630499,2017,1
14523,70.781542,28.6637799999999,2017,1
14524,70.7825459999999,28.6477779999999,2017,1
14525,70.7840329999999,28.630388,2017,1
14526,70.7845159999999,28.6279259999999,2017,1
14527,70.784743,28.628411,2017,1
14528,70.7842849999999,28.6402849999999,2017,1
14529,70.78332,28.655448,2017,1
14530,70.7825448899999,28.6658954299999,2017,1
14531,70.7832149999999,28.662865,2017,1
14532,70.7853049999999,28.641773,2017,1
14533,70.786449,28.629442,2017,1
14534,70.7838859999999,28.664064,2017,1
14535,70.78591,28.641711,2017,1
14536,70.7850229999999,28.659735,2017,1
14537,70.7861039999999,28.646421,2017,1
14538,70.7875499999999,28.632479,2017,1
14539,70.7876629999999,28.6484969999999,2017,1
14540,70.786839,28.656371,2017,1
14541,70.78955,28.637114,2017,1
14542,70.7887659999999,28.655346,2017,1
14543,70.790315,28.641043,2017,1
14544,70.7893959999999,28.658539,2017,1
14545,70.7914889999999,28.64065,2017,1
14546,70.7920579999999,28.645088,2017,1
14547,70.792365,28.6502039999999,2017,1
14548,70.7929869999999,28.644224,2017,1
14549,70.792922,28.656592,2017,1
14550,70.8122759999999,28.669998,2017,1
14551,70.8132049999999,28.6694549999999,2017,1
14552,70.814712,28.670188,2017,1
14553,70.814986,28.669744,2017,1
14554,70.815669,28.6743039999999,2017,1
14555,70.8163789999999,28.666509,2017,1
14556,70.816331,28.6779639999999,2017,1
14557,70.8169829999999,28.6746979999999,2017,1
14558,70.8166939999999,28.678899,2017,1
14559,70.8185979999999,28.6885389999999,2017,1
14560,70.820023,28.6789659999999,2017,1
14561,70.8200049999999,28.6805279999999,2017,1
14562,70.819761,28.6913139999999,2017,1
14563,70.821499,28.681587,2017,1
14564,70.821297,28.6877859999999,2017,1
14565,70.821539,28.693514,2017,1
14566,70.822367,28.6897379999999,2017,1
14567,70.822292,28.686968,2017,1
14568,70.8217729999999,28.693469,2017,1
14569,70.822715,28.690352,2017,1
14570,70.8234489999999,28.6895409999999,2017,1
14571,70.82411,28.689442,2017,1
14572,70.8239829999999,28.695304,2017,1
14573,70.825297,28.690248,2017,1
14574,70.826356,28.6974459999999,2017,1
14575,70.8263429999999,28.6992529999999,2017,1
14576,70.8276749999999,28.6905329999999,2017,1
14577,70.828297,28.691558,2017,1
14578,70.8283749999999,28.6944899999999,2017,1
14579,70.8299169999999,28.6919499999999,2017,1
14580,70.8301929999999,28.6921089999999,2017,1
14581,70.830438,28.692837,2017,1
14582,70.830174,28.702355,2017,1
14583,70.8309119999999,28.696088,2017,1
14584,70.8305179999999,28.698871,2017,1
14585,70.8317289999999,28.709655,2017,1
14586,70.832434,28.7056569999999,2017,1
14587,70.8343799999999,28.699365,2017,1
14588,70.8347009999999,28.7046099999999,2017,1
14589,70.8341136899999,28.71171399,2017,1
14590,70.8347119999999,28.707894,2017,1
14591,70.83481,28.709344,2017,1
14592,70.8343909999999,28.71818,2017,1
14593,70.834833,28.7124209999999,2017,1
14594,70.8351279999999,28.716505,2017,1
14595,70.836239,28.706544,2017,1
14596,70.89136,29.062684,2017,1
14597,70.8927929999999,29.053301,2017,1
14598,70.892555,29.0593709999999,2017,1
14599,70.892425,29.068881,2017,1
14600,70.8919479999999,29.076927,2017,1
14601,70.8935239999999,29.073671,2017,1
14602,70.8922079999999,29.091894,2017,1
14603,70.8949999999999,29.068493,2017,1
14604,70.8977059999999,29.0457199999999,2017,1
14605,70.898222,29.041319,2017,1
14606,70.894728,29.089033,2017,1
14607,70.895909,29.082663,2017,1
14608,70.8966929999999,29.0755109999999,2017,1
14609,70.897721,29.065669,2017,1
14610,70.8973369999999,29.0772049999999,2017,1
14611,70.897692,29.0798239999999,2017,1
14612,70.9001229999999,29.052403,2017,1
14613,70.896534,29.10089,2017,1
14614,70.901319,29.0498949999999,2017,1
14615,70.9024129999999,29.0511529999999,2017,1
14616,70.9011909999999,29.0795619999999,2017,1
14617,70.9043719999999,29.040671,2017,1
14618,70.901634,29.079591,2017,1
14619,70.9003649999999,29.096558,2017,1
14620,70.9035339999999,29.0594199999999,2017,1
14621,70.9034269999999,29.075779,2017,1
14622,70.9038709999999,29.072557,2017,1
14623,70.90129,29.1129269999999,2017,1
14624,70.907639,29.039389,2017,1
14625,70.9029809999999,29.097199,2017,1
14626,70.902872,29.098882,2017,1
14627,70.906081,29.0752929999999,2017,1
14628,70.9065729999999,29.077741,2017,1
14629,70.9061779999999,29.085871,2017,1
14630,70.907155,29.077596,2017,1
14631,70.9081379999999,29.0741249999999,2017,1
14632,70.9064659999999,29.099827,2017,1
14633,70.9112609999999,29.0435589999999,2017,1
14634,70.906846,29.111528,2017,1
14635,70.907442,29.1066089999999,2017,1
14636,70.9106369999999,29.0865189999999,2017,1
14637,70.9121829999999,29.067346,2017,1
14638,70.911237,29.0844829999999,2017,1
14639,70.9104399999999,29.098839,2017,1
14640,70.9131129999999,29.076989,2017,1
14641,70.9102539999999,29.1083029999999,2017,1
14642,70.915299,29.059356,2017,1
14643,70.914314,29.096651,2017,1
14644,70.915626,29.08381,2017,1
14645,70.9169789999999,29.072799,2017,1
14646,70.6497449999999,30.1989079999999,2017,1
14647,70.651909,30.193162,2017,1
14648,70.6513479999999,30.2021419999999,2017,1
14649,70.650907,30.206716,2017,1
14650,70.650733,30.2100149999999,2017,1
14651,70.6526089999999,30.190073,2017,1
14652,70.6535619999999,30.1866939999999,2017,1
14653,70.651734,30.207912,2017,1
14654,70.6513379999999,30.2173589999999,2017,1
14655,70.6531899999999,30.2000059999999,2017,1
14656,70.651263,30.234302,2017,1
14657,70.655068,30.19763,2017,1
14658,70.6534419999999,30.2205809999999,2017,1
14659,70.6525659999999,30.230452,2017,1
14660,70.65448,30.211143,2017,1
14661,70.652967,30.231994,2017,1
14662,70.651656,30.246711,2017,1
14663,70.657662,30.184708,2017,1
14664,70.6531959999999,30.237641,2017,1
14665,70.6538479999999,30.2388319999999,2017,1
14666,70.6541289999999,30.239673,2017,1
14667,70.6606819999999,30.175342,2017,1
14668,70.6559299999999,30.232987,2017,1
14669,70.6559419999999,30.23949,2017,1
14670,70.654774,30.25297,2017,1
14671,70.659643,30.206731,2017,1
14672,70.6619689999999,30.1820489999999,2017,1
14673,70.656885,30.244691,2017,1
14674,70.660623,30.2098529999999,2017,1
14675,70.65706,30.254293,2017,1
14676,70.6615829999999,30.207469,2017,1
14677,70.6593749999999,30.235778,2017,1
14678,70.659896,30.242813,2017,1
14679,70.659254,30.2527019999999,2017,1
14680,70.6636589999999,30.20332,2017,1
14681,70.6599429999999,30.25823,2017,1
14682,70.664572,30.2110829999999,2017,1
14683,70.663448,30.2341659999999,2017,1
14684,70.664433,30.2259549999999,2017,1
14685,70.6672149999999,30.2035389999999,2017,1
14686,70.6632759999999,30.250025,2017,1
14687,70.667237,30.216358,2017,1
14688,70.6658529999999,30.2371699999999,2017,1
14689,70.668362,30.21874,2017,1
14690,70.665503,30.254812,2017,1
14691,70.668885,30.2302229999999,2017,1
14692,70.6717189999999,30.222881,2017,1
14693,70.6722989999999,30.23177,2017,1
14694,70.6735699999999,30.2200759999999,2017,1
14695,70.6731309999999,30.226717,2017,1
14696,62.1040649999999,5.431823,2017,0
14697,62.106278,5.431119,2017,0
14698,62.135936,5.402345,2017,0
14699,62.138373,5.372566,2017,0
14700,62.138041,5.367839,2017,0
14701,62.143462,5.380604,2017,0
14702,62.1479909999999,5.412998,2017,0
14703,62.162919,5.432416,2017,0
14704,62.1650309999999,5.39788,2017,0
14705,62.1665819999999,5.387708,2017,0
14706,62.1662499999999,5.382976,2017,0
14707,62.168463,5.382267,2017,0
14708,62.176526,5.432917,2017,0
14709,62.178739,5.432211,2017,0
14710,62.1767559999999,5.403806,2017,0
14711,62.1812809999999,5.43624,2017,0
14712,62.1809519999999,5.431505,2017,0
14713,62.1792999999999,5.407833,2017,0
14714,62.1783069999999,5.393631,2017,0
14715,62.177976,5.388897,2017,0
14716,62.1831639999999,5.430799,2017,0
14717,62.182834,5.426064,2017,0
14718,62.181843,5.41186,2017,0
14719,62.039396,5.510135,2017,0
14720,62.048903,5.516781,2017,0
14721,62.12299,5.411309,2017,0
14722,62.1252029999999,5.410603,2017,0
14723,62.128967,5.399739,2017,0
14724,62.128636,5.395013,2017,0
14725,62.1315099999999,5.403759,2017,0
14726,62.1384789999999,5.406366,2017,0
14727,62.137155,5.387456,2017,0
14728,62.139037,5.382021,2017,0
14729,62.138705,5.377293,2017,0
14730,62.143566,5.41441,2017,0
14731,62.1432349999999,5.409682,2017,0
14732,62.148322,5.417727,2017,0
14733,62.150865,5.421751,2017,0
14734,62.150534,5.417021,2017,0
14735,62.1559499999999,5.429801,2017,0
14736,62.158163,5.429096,2017,0
14737,62.165132,5.431711,2017,0
14738,62.1675749999999,5.401904,2017,0
14739,62.169457,5.396464,2017,0
14740,62.169125,5.391732,2017,0
14741,62.178969,5.403099,2017,0
14742,62.1773129999999,5.37943,2017,0
14743,62.0371829999999,5.510831,2017,0
14744,62.07578333,5.517416667,2017,0
14745,62.1110329999999,5.434435,2017,0
14746,62.10882,5.435139,2017,0
14747,62.1292979999999,5.404465,2017,0
14748,62.1283049999999,5.390287,2017,0
14749,62.1534079999999,5.425776,2017,0
14750,62.15628,5.434532,2017,0
14751,62.1793979999999,5.44168,2017,0
14752,62.245778,5.323455,2017,0
14753,62.318013,5.450763,2017,0
14754,62.325274,5.263602,2017,0
14755,62.3502149999999,5.425836,2017,0
14756,62.207838,5.330868,2017,0
14757,62.2337279999999,5.409787,2017,0
14758,62.233953,5.380621,2017,0
14759,62.2701429999999,5.543725,2017,0
14760,62.28153333,5.476966667,2017,0
14761,62.286543,5.519108,2017,0
14762,62.192016,5.427974,2017,0
14763,62.224316,5.437037,2017,0
14764,62.2248769999999,5.412622,2017,0
14765,62.195548,5.446215,2017,0
14766,62.311292,5.550127,2017,0
14767,62.3169529999999,5.53375,2017,0
14768,62.235717,5.341258,2017,0
14769,62.2414729999999,5.358802,2017,0
14770,62.2496569999999,5.34646,2017,0
14771,62.2570729999999,5.387741,2017,0
14772,62.2902309999999,5.474222,2017,0
14773,62.3205549999999,5.454811,2017,0
14774,62.3521959999999,5.454406,2017,0
14775,62.215141,5.338203,2017,0
14776,62.2301909999999,5.391527,2017,0
14777,62.2294139999999,5.348141,2017,0
14778,62.2638279999999,5.550575,2017,0
14779,62.267443,5.471778,2017,0
14780,62.2886749999999,5.484432,2017,0
14781,62.3494999999999,5.513674,2017,0
14782,62.197557,5.377775,2017,0
14783,62.22973,5.449851,2017,0
14784,62.225987,5.36379,2017,0
14785,62.2281989999999,5.363078,2017,0
14786,62.238815,5.417855,2017,0
14787,62.301459,5.538664,2017,0
14788,62.322285,5.512608,2017,0
14789,62.3336789999999,5.513846,2017,0
14790,62.2685719999999,5.422877,2017,0
14791,62.269793,5.407923,2017,0
14792,62.3218719999999,5.47384,2017,0
14793,62.2107159999999,5.33963,2017,0
14794,62.2180666699999,5.341816667,2017,0
14795,62.2444599999999,5.401495,2017,0
14796,62.354581,5.521791,2017,0
14797,62.319988,5.479305,2017,0
14798,62.200391,5.483414,2017,0
14799,62.2222259999999,5.374695,2017,0
14800,62.2389119999999,5.45177,2017,0
14801,62.25849,5.571668,2017,0
14802,62.3270389999999,5.515959,2017,0
14803,62.2299039999999,5.919846,2017,0
14804,62.2169209999999,5.92862,2017,0
14805,62.219137,5.927949,2017,0
14806,62.2235689999999,5.926608,2017,0
14807,62.2235889999999,5.8927,2017,0
14808,62.223275,5.887953,2017,0
14809,62.2261189999999,5.896775,2017,0
14810,62.1933149999999,5.577643,2017,0
14811,62.214705,5.929291,2017,0
14812,62.216608,5.923873,2017,0
14813,62.225284,5.582124,2017,0
14814,62.227822,5.586172,2017,0
14815,62.2300359999999,5.585476,2017,0
14816,62.351185,6.116349,2017,0
14817,62.353402,6.115689,2017,0
14818,62.35439,6.095943,2017,0
14819,62.356299,6.09051,2017,0
14820,62.325499,6.138568,2017,0
14821,62.3582079999999,6.085075,2017,0
14822,62.3604249999999,6.084412,2017,0
14823,62.362642,6.083749,2017,0
14824,62.3623339999999,6.078977,2017,0
14825,62.363934,6.068769,2017,0
14826,62.336812,6.174085,2017,0
14827,62.35248,6.101376,2017,0
14828,62.497655,5.935624,2017,0
14829,62.506832,5.937704,2017,0
14830,62.518225,5.939107,2017,0
14831,62.5261479999999,5.922003,2017,0
14832,62.5641409999999,5.880933,2017,0
14833,62.460296,5.951921,2017,0
14834,62.494717,6.029373,2017,0
14835,62.495691,6.009531,2017,0
14836,62.497596,6.004066,2017,0
14837,62.5279639999999,6.019295,2017,0
14838,62.532397,6.017949,2017,0
14839,62.4655419999999,6.067485,2017,0
14840,62.4890419999999,6.187409,2017,0
14841,62.461778,6.044214,2017,0
14842,62.4848739999999,6.051891,2017,0
14843,62.4948539999999,6.136826,2017,0
14844,62.5358069999999,6.070739,2017,0
14845,62.540858,6.079002,2017,0
14846,62.5242229999999,5.96173,2017,0
14847,62.5232839999999,5.947341,2017,0
14848,62.547369,5.866523,2017,0
14849,62.550217,5.875437,2017,0
14850,62.6042139999999,6.045131,2017,0
14851,62.5171929999999,6.027453,2017,0
14852,62.52065,6.045968,2017,0
14853,62.5200299999999,6.036375,2017,0
14854,62.5219359999999,6.030906,2017,0
14855,62.5216259999999,6.026109,2017,0
14856,62.546384,5.954955,2017,0
14857,62.547974,5.944677,2017,0
14858,62.467759,6.066818,2017,0
14859,62.488432,6.177822,2017,0
14860,62.4399209999999,6.055682,2017,0
14861,62.515652,6.179491,2017,0
14862,62.516781,6.091147,2017,0
14863,62.537714,6.06527,2017,0
14864,62.564813,6.135437,2017,0
14865,62.5182,5.973351,2017,0
14866,62.5403666699999,5.862083333,2017,0
14867,62.50855,6.004016667,2017,0
14868,62.51763333,6.064883333,2017,0
14869,62.5181166699999,5.999833333,2017,0
14870,62.4998239999999,6.179317,2017,0
14871,62.463065,6.029182,2017,0
14872,62.508222,6.09861,2017,0
14873,62.536476,6.046071,2017,0
14874,62.548372,6.125683,2017,0
14875,62.6176999999999,6.256898,2017,0
14876,62.622439,6.260399,2017,0
14877,62.624656,6.259741,2017,0
14878,62.6306039999999,6.282513,2017,0
14879,62.6438059999999,6.312971,2017,0
14880,62.609155,6.122112,2017,0
14881,62.614204,6.130403,2017,0
14882,62.578785,6.248824,2017,0
14883,62.607472,6.382503,2017,0
14884,62.6063079999999,6.255371,2017,0
14885,62.5988499999999,6.294033333,2017,0
14886,62.6052833299999,6.23865,2017,0
14887,62.65286667,6.346983333,2017,0
14888,63.0481389999999,7.321004,2017,0
14889,63.090195,7.26505,2017,0
14890,63.084853,7.415768,2017,0
14891,63.1009699999999,7.297026,2017,0
14892,63.149506,7.528443,2017,0
14893,63.0255429999999,7.361745,2017,0
14894,63.0277669999999,7.36116,2017,0
14895,63.036929,7.363716,2017,0
14896,63.079897,7.491686,2017,0
14897,63.0891769999999,7.539038,2017,0
14898,63.097408,7.566779,2017,0
14899,63.0957179999999,7.283489,2017,0
14900,63.0882489999999,7.564155,2017,0
14901,63.090992,7.573402,2017,0
14902,63.093992,7.587561,2017,0
14903,63.114984,7.223544,2017,0
14904,63.117749,7.232766,2017,0
14905,63.059168,7.357858,2017,0
14906,63.0865709999999,7.489955,2017,0
14907,63.0872779999999,7.335508,2017,0
14908,63.154614,7.497198,2017,0
14909,63.028564,7.37585,2017,0
14910,63.029459,7.350781,2017,0
14911,63.0324809999999,7.364886,2017,0
14912,63.040312,7.342951,2017,0
14913,63.050434,7.404891,2017,0
14914,63.09244,7.558102,2017,0
14915,63.0921809999999,7.553193,2017,0
14916,63.085506,7.554909,2017,0
14917,63.085247,7.550001,2017,0
14918,63.0851299999999,7.505255,2017,0
14919,63.096217,7.586991,2017,0
14920,63.1061333299999,7.230183333,2017,0
14921,63.0491099999999,7.380388,2017,0
14922,63.063139,7.431394,2017,0
14923,63.11182,7.289155,2017,0
14924,63.1297,7.410283333,2017,0
14925,63.037725,7.37841,2017,0
14926,63.0493749999999,7.385289,2017,0
14927,63.07298333,7.482366667,2017,0
14928,63.075448,7.492839,2017,0
14929,63.087876,7.514496,2017,0
14930,63.0234809999999,7.406977,2017,0
14931,63.028457,7.415608,2017,0
14932,63.0617039999999,7.446684,2017,0
14933,63.070999,7.493991,2017,0
14934,62.991906,7.925916,2017,0
14935,62.9948699999999,7.940067,2017,0
14936,63.098674,7.72073,2017,0
14937,63.1006459999999,7.715257,2017,0
14938,63.003256,7.794225,2017,0
14939,63.005482,7.793673,2017,0
14940,63.0116859999999,7.826859,2017,0
14941,63.0139119999999,7.82631,2017,0
14942,63.016139,7.82576,2017,0
14943,63.014637,7.796364,2017,0
14944,63.017865,7.815411,2017,0
14945,63.0252929999999,7.828462,2017,0
14946,63.0499039999999,7.693226,2017,0
14947,63.087038,7.713705,2017,0
14948,63.09225,7.727319,2017,0
14949,62.984599,7.694761,2017,0
14950,62.989558,7.70343,2017,0
14951,62.992291,7.712661,2017,0
14952,62.992038,7.707766,2017,0
14953,62.994771,7.716998,2017,0
14954,63.080297,7.670642,2017,0
14955,63.089454,7.6733,2017,0
14956,62.973354,7.870982,2017,0
14957,62.991373,7.782297,2017,0
14958,63.00103,7.794776,2017,0
14959,63.000779,7.78988,2017,0
14960,63.0035069999999,7.799122,2017,0
14961,63.005231,7.788776,2017,0
14962,63.0084599999999,7.807815,2017,0
14963,63.012411,7.796916,2017,0
14964,63.020091,7.81486,2017,0
14965,63.025044,7.823561,2017,0
14966,63.02752,7.827913,2017,0
14967,63.063766,7.699673,2017,0
14968,63.065483,7.6893,2017,0
14969,63.0848129999999,7.714265,2017,0
14970,63.087546,7.723526,2017,0
14971,63.0905309999999,7.7377,2017,0
14972,63.0902779999999,7.732789,2017,0
14973,62.98409,7.684975,2017,0
14974,63.0716499999999,7.677801,2017,0
14975,63.078071,7.671205,2017,0
14976,63.0825219999999,7.670079,2017,0
14977,63.0916789999999,7.672737,2017,0
14978,63.01343,7.861154,2017,0
14979,63.016153,7.870407,2017,0
14980,63.0260499999999,7.887829,2017,0
14981,63.035946,7.905262,2017,0
14982,63.002032,7.814364,2017,0
14983,63.0017819999999,7.809467,2017,0
14984,63.003005,7.789328,2017,0
14985,63.0223179999999,7.81431,2017,0
14986,63.0365499999999,7.696587,2017,0
14987,63.0694239999999,7.678363,2017,0
14988,63.492116,8.01371499999999,2017,0
14989,63.473424,8.139238,2017,0
14990,63.481304,8.16254099999999,2017,0
14991,63.479146,8.117701,2017,0
14992,63.482574,8.142075,2017,0
14993,63.4838409999999,8.12160699999999,2017,0
14994,63.48167,8.076767,2017,0
14995,63.4878679999999,8.065177,2017,0
14996,63.4990039999999,8.062464,2017,0
14997,63.3749839999999,8.2482,2017,0
14998,63.3769769999999,8.242709,2017,0
14999,63.377786,8.21238999999999,2017,0
15000,63.388925,8.209747,2017,0
15001,63.391627,8.219153,2017,0
15002,63.391153,8.209218,2017,0
15003,63.416609,8.22328199999999,2017,0
15004,63.427512,8.215665,2017,0
15005,63.42974,8.21513599999999,2017,0
15006,63.444147,8.186545,2017,0
15007,63.4804579999999,8.051859,2017,0
15008,63.4756509999999,8.138702,2017,0
15009,63.475411,8.133721,2017,0
15010,63.479554,8.173041,2017,0
15011,63.4818539999999,8.127128,2017,0
15012,63.481132,8.112181,2017,0
15013,63.497261,8.072976,2017,0
15014,63.500456,8.092374,2017,0
15015,63.5012309999999,8.061921,2017,0
15016,63.3891619999999,8.214714,2017,0
15017,63.4097769999999,8.17463,2017,0
15018,63.4228189999999,8.211751,2017,0
15019,63.422905,8.166464,2017,0
15020,63.429028,8.200214,2017,0
15021,63.48981667,8.193166667,2017,0
15022,63.4585489999999,8.157925,2017,0
15023,63.460298,8.14743299999999,2017,0
15024,63.4672199999999,8.150807,2017,0
15025,63.4678219999999,8.070054,2017,0
15026,63.469565,8.05955299999999,2017,0
15027,63.4693219999999,8.054574,2017,0
15028,63.487625,8.06019399999999,2017,0
15029,63.3802499999999,8.216827,2017,0
15030,63.387408,8.22517599999999,2017,0
15031,63.38646,8.205309,2017,0
15032,63.47256,8.02858799999999,2017,0
15033,63.4752739999999,8.038004,2017,0
15034,68.200584,14.3461219999999,2013,1
15035,68.2037239999999,14.34699,2013,1
15036,68.2028179999999,14.344181,2013,1
15037,68.2016639999999,14.342528,2013,1
15038,68.2135349999999,14.10298,2013,1
15039,68.214116,14.103203,2013,1
15040,68.2154579999999,14.1029199999999,2013,1
15041,68.2169459999999,14.104291,2013,1
15042,68.2181499999999,14.103237,2013,1
15043,68.220309,14.104995,2013,1
15044,68.222403,14.1001619999999,2013,1
15045,68.2219249999999,14.097002,2013,1
15046,68.222879,14.09035,2013,1
15047,68.2173889999999,14.087865,2013,1
15048,68.21689,14.0812,2013,1
15049,68.2164319999999,14.079916,2013,1
15050,68.2149979999999,14.081113,2013,1
15051,68.213221,14.074507,2013,1
15052,68.2085809999999,14.07164,2013,1
15053,68.208562,14.063222,2013,1
15054,68.2092209999999,14.060701,2013,1
15055,68.207075,14.062604,2013,1
15056,68.2102289999999,14.0697259999999,2013,1
15057,68.1785249999999,13.8669619999999,2013,0
15058,68.1788889999999,13.871361,2013,0
15059,68.165914,13.843532,2013,0
15060,68.159861,13.817727,2013,0
15061,68.1594139999999,13.813973,2013,0
15062,68.159361,13.812097,2013,0
15063,68.1592129999999,13.808092,2013,0
15064,68.1598929999999,13.8027219999999,2013,0
15065,68.159952,13.8028119999999,2013,0
15066,68.1324,13.77524,2013,0
15067,68.1324369999999,13.775077,2013,0
15068,68.1378569999999,13.753545,2013,0
15069,68.1338599999999,13.592948,2013,0
15070,68.1339669999999,13.589839,2013,0
15071,68.133582,13.586508,2013,0
15072,68.1355259999999,13.583563,2013,0
15073,68.135838,13.584924,2013,0
15074,68.135889,13.585652,2013,0
15075,68.136087,13.5860059999999,2013,0
15076,68.1363369999999,13.585931,2013,0
15077,68.1366699999999,13.58592,2013,0
15078,68.1369959999999,13.5859419999999,2013,0
15079,68.137139,13.585342,2013,0
15080,68.137062,13.5845,2013,0
15081,68.136745,13.584121,2013,0
15082,68.136452,13.584662,2013,0
15083,68.1363539999999,13.5850829999999,2013,0
15084,68.1362819999999,13.584899,2013,0
15085,68.136329,13.5845749999999,2013,0
15086,68.136346,13.584104,2013,0
15087,68.1363259999999,13.583807,2013,0
15088,68.1362029999999,13.5829229999999,2013,0
15089,68.136188,13.582739,2013,0
15090,68.136166,13.5820019999999,2013,0
15091,68.1361899999999,13.581466,2013,0
15092,68.1360269999999,13.580593,2013,0
15093,68.135959,13.580143,2013,0
15094,68.1356889999999,13.579134,2013,0
15095,68.135187,13.5790849999999,2013,0
15096,68.1351329999999,13.5793909999999,2013,0
15097,68.1350139999999,13.580074,2013,0
15098,68.135289,13.5807579999999,2013,0
15099,68.1353809999999,13.580697,2013,0
15100,68.13548,13.5809029999999,2013,0
15101,68.135726,13.5808839999999,2013,0
15102,68.135745,13.581571,2013,0
15103,68.135755,13.581865,2013,0
15104,68.135728,13.5825119999999,2013,0
15105,68.1356729999999,13.583921,2013,0
15106,68.135624,13.584415,2013,0
15107,68.1356399999999,13.585184,2013,0
15108,68.1355879999999,13.58575,2013,0
15109,68.1354719999999,13.586088,2013,0
15110,68.13535,13.586055,2013,0
15111,68.135254,13.585425,2013,0
15112,68.1352119999999,13.585042,2013,0
15113,68.135191,13.584839,2013,0
15114,68.13514,13.584215,2013,0
15115,68.1351379999999,13.583876,2013,0
15116,68.1351779999999,13.583589,2013,0
15117,68.135242,13.583055,2013,0
15118,68.135186,13.582348,2013,0
15119,68.135119,13.582115,2013,0
15120,68.1349909999999,13.5816649999999,2013,0
15121,68.1348409999999,13.581197,2013,0
15122,68.134534,13.581167,2013,0
15123,68.134242,13.582665,2013,0
15124,68.134066,13.583339,2013,0
15125,68.133848,13.584146,2013,0
15126,68.1337199999999,13.583684,2013,0
15127,68.133465,13.58328,2013,0
15128,68.1191929999999,13.57497,2013,0
15129,68.1189219999999,13.572782,2013,0
15130,68.1190959999999,13.571208,2013,0
15131,68.118453,13.5717029999999,2013,0
15132,68.119343,13.568408,2013,0
15133,68.1191089999999,13.566345,2013,0
15134,68.1140809999999,13.573999,2013,0
15135,68.114621,13.57318,2013,0
15136,68.1150339999999,13.572575,2013,0
15137,68.115008,13.571251,2013,0
15138,68.1148699999999,13.569685,2013,0
15139,68.1147809999999,13.569307,2013,0
15140,68.114365,13.568076,2013,0
15141,68.1147279999999,13.566888,2013,0
15142,68.1154439999999,13.565992,2013,0
15143,68.115211,13.56432,2013,0
15144,68.1117679999999,13.563814,2013,0
15145,68.157324,13.54021,2013,0
15146,68.1580139999999,13.541166,2013,0
15147,68.1591439999999,13.54298,2013,0
15148,68.160846,13.545261,2013,0
15149,68.1632129999999,13.549434,2013,0
15150,68.163515,13.551645,2013,0
15151,68.1662699999999,13.5648339999999,2013,0
15152,68.174412,13.573983,2013,0
15153,68.1762559999999,13.572198,2013,0
15154,68.1776019999999,13.574324,2013,0
15155,68.1772059999999,13.579025,2013,0
15156,68.174035,13.585737,2013,0
15157,68.1736159999999,13.589154,2013,0
15158,68.1710559999999,13.604063,2013,0
15159,68.171687,13.607892,2013,0
15160,68.1708629999999,13.6154449999999,2013,0
15161,68.1697379999999,13.616808,2013,0
15162,68.1694899999999,13.61701,2013,0
15163,68.169672,13.6173179999999,2013,0
15164,68.1694839999999,13.617642,2013,0
15165,68.1695349999999,13.617202,2013,0
15166,68.169588,13.6172749999999,2013,0
15167,68.169629,13.617388,2013,0
15168,68.1696359999999,13.617646,2013,0
15169,68.1695739999999,13.617411,2013,0
15170,68.1695569999999,13.617255,2013,0
15171,68.1695529999999,13.617098,2013,0
15172,68.1695689999999,13.616916,2013,0
15173,68.169589,13.616764,2013,0
15174,68.169611,13.6166,2013,0
15175,68.169621,13.61631,2013,0
15176,68.169634,13.615993,2013,0
15177,68.1696479999999,13.615727,2013,0
15178,68.169685,13.6152789999999,2013,0
15179,68.1697589999999,13.614242,2013,0
15180,68.16955,13.614891,2013,0
15181,68.1694739999999,13.615194,2013,0
15182,68.1692199999999,13.615614,2013,0
15183,68.16902,13.615556,2013,0
15184,68.169104,13.616101,2013,0
15185,68.169263,13.6165579999999,2013,0
15186,68.1693109999999,13.617112,2013,0
15187,68.1694179999999,13.616873,2013,0
15188,68.169228,13.6160929999999,2013,0
15189,68.169284,13.615315,2013,0
15190,68.169319,13.6152549999999,2013,0
15191,68.1694059999999,13.615345,2013,0
15192,68.1694909999999,13.615614,2013,0
15193,68.1696069999999,13.6157489999999,2013,0
15194,68.1696879999999,13.615837,2013,0
15195,68.169763,13.615947,2013,0
15196,68.169863,13.616073,2013,0
15197,68.169983,13.6161619999999,2013,0
15198,68.1699469999999,13.615579,2013,0
15199,68.1698789999999,13.615332,2013,0
15200,68.1698039999999,13.615057,2013,0
15201,68.1696879999999,13.6148729999999,2013,0
15202,68.1692829999999,13.613777,2013,0
15203,68.169195,13.613738,2013,0
15204,68.1691,13.613742,2013,0
15205,68.1690669999999,13.614386,2013,0
15206,68.1696029999999,13.612066,2013,0
15207,68.168953,13.611788,2013,0
15208,68.168873,13.61213,2013,0
15209,68.168755,13.612201,2013,0
15210,68.1686619999999,13.611891,2013,0
15211,68.168638,13.611534,2013,0
15212,68.168732,13.611385,2013,0
15213,68.168706,13.610023,2013,0
15214,68.1689899999999,13.602155,2013,0
15215,68.1699579999999,13.598868,2013,0
15216,68.171434,13.595003,2013,0
15217,68.1716129999999,13.591372,2013,0
15218,68.171283,13.589133,2013,0
15219,68.171092,13.586436,2013,0
15220,68.1682349999999,13.581084,2013,0
15221,68.168705,13.577947,2013,0
15222,68.1675939999999,13.577837,2013,0
15223,68.1662149999999,13.5791059999999,2013,0
15224,68.166042,13.579335,2013,0
15225,68.164843,13.5801289999999,2013,0
15226,68.1628189999999,13.578999,2013,0
15227,68.1603839999999,13.5724959999999,2013,0
15228,68.1613109999999,13.57199,2013,0
15229,68.1624989999999,13.572148,2013,0
15230,68.1654709999999,13.576959,2013,0
15231,68.16633,13.574802,2013,0
15232,68.16696,13.5695429999999,2013,0
15233,68.1646039999999,13.567245,2013,0
15234,68.1662129999999,13.563183,2013,0
15235,68.1726029999999,13.538868,2013,0
15236,68.1728719999999,13.540224,2013,0
15237,68.173163,13.541352,2013,0
15238,68.173381,13.54237,2013,0
15239,68.1736089999999,13.542945,2013,0
15240,68.173591,13.543888,2013,0
15241,68.173668,13.544975,2013,0
15242,68.173878,13.548652,2013,0
15243,68.174007,13.550565,2013,0
15244,68.172999,13.546548,2013,0
15245,68.1729229999999,13.543925,2013,0
15246,68.172426,13.542983,2013,0
15247,68.172072,13.5431899999999,2013,0
15248,68.1716019999999,13.5440159999999,2013,0
15249,68.1706619999999,13.543459,2013,0
15250,68.168785,13.539961,2013,0
15251,68.167129,13.538537,2013,0
15252,68.166561,13.5365629999999,2013,0
15253,68.166544,13.5337809999999,2013,0
15254,68.1667149999999,13.5297009999999,2013,0
15255,68.1693729999999,13.5247949999999,2013,0
15256,68.198048,14.458513,2013,1
15257,68.1971479999999,14.461028,2013,1
15258,68.1774369999999,14.334686,2013,0
15259,68.143044,14.275579,2013,0
15260,68.13499,14.178311,2013,0
15261,68.1447869999999,14.160803,2013,0
15262,68.14815,14.142072,2013,0
15263,68.184589,14.108919,2013,0
15264,68.191911,14.198505,2013,0
15265,68.203547,14.19167,2013,1
15266,68.2072859999999,14.174989,2013,1
15267,68.214364,14.189018,2013,1
15268,68.2143829999999,14.186946,2013,1
15269,68.2467209999999,14.2873649999999,2013,1
15270,68.247853,14.293259,2013,1
15271,68.247585,14.296447,2013,1
15272,68.246921,14.302643,2013,1
15273,68.246261,14.310078,2013,1
15274,68.25284,14.328804,2013,1
15275,68.24696,14.288404,2013,1
15276,68.2466129999999,14.283647,2013,1
15277,68.245908,14.279437,2013,1
15278,68.246108,14.279779,2013,1
15279,68.2459099999999,14.276904,2013,1
15280,68.245759,14.27732,2013,1
15281,68.259304,14.2431439999999,2013,1
15282,68.2625089999999,14.249739,2013,1
15283,68.2658409999999,14.25916,2013,1
15284,68.2096679999999,14.10382,2013,1
15285,68.2085519999999,14.100425,2013,1
15286,68.0966509999999,13.761163,2013,0
15287,68.0789249999999,13.720848,2013,0
15288,68.08068,13.69548,2013,0
15289,68.179169,13.868624,2013,0
15290,68.1789629999999,13.868408,2013,0
15291,68.1788719999999,13.869361,2013,0
15292,68.178792,13.869986,2013,0
15293,68.1892639999999,13.884394,2013,0
15294,68.189007,13.8849459999999,2013,0
15295,68.188934,13.886255,2013,0
15296,68.1890329999999,13.886779,2013,0
15297,68.1890769999999,13.8865219999999,2013,0
15298,68.1903659999999,13.888025,2013,0
15299,68.190848,13.8887769999999,2013,0
15300,68.1918409999999,13.888992,2013,0
15301,68.1920659999999,13.8891089999999,2013,0
15302,68.1921519999999,13.889138,2013,0
15303,68.191958,13.889203,2013,0
15304,68.166358,13.84775,2013,0
15305,68.1661129999999,13.846181,2013,0
15306,68.165907,13.845229,2013,0
15307,68.159976,13.823159,2013,0
15308,68.1597969999999,13.823973,2013,0
15309,68.1586819999999,13.8233429999999,2013,0
15310,68.075692,13.6604189999999,2013,0
15311,68.075461,13.660733,2013,0
15312,68.0460829999999,13.533989,2013,0
15313,68.041933,13.397423,2013,0
15314,68.0420919999999,13.39783,2013,0
15315,68.042764,13.398851,2013,0
15316,68.0248179999999,13.352454,2013,0
15317,68.0245479999999,13.353043,2013,0
15318,68.020695,13.3344559999999,2013,0
15319,68.001957,13.290993,2013,0
15320,68.15697,13.455099,2013,0
15321,68.165536,13.444418,2013,0
15322,68.1702829999999,13.5206839999999,2013,0
15323,68.170343,13.5254239999999,2013,0
15324,68.1704589999999,13.524851,2013,0
15325,68.170484,13.524082,2013,0
15326,68.170501,13.52252,2013,0
15327,68.170354,13.520535,2013,0
15328,68.17037,13.519996,2013,0
15329,68.170225,13.518613,2013,0
15330,68.170179,13.518209,2013,0
15331,68.1687019999999,13.525396,2013,0
15332,68.1697439999999,13.521763,2013,0
15333,68.169842,13.5209779999999,2013,0
15334,68.0287129999999,13.227164,2014,0
15335,68.028418,13.22761,2014,0
15336,68.0281379999999,13.227696,2014,0
15337,68.027332,13.2264,2014,0
15338,68.046535,13.1634119999999,2014,0
15339,68.0455429999999,13.163999,2014,0
15340,68.044154,13.1644039999999,2014,0
15341,68.04177,13.166033,2014,0
15342,68.0190819999999,13.178996,2014,0
15343,68.018617,13.179451,2014,0
15344,68.016728,13.1808619999999,2014,0
15345,67.992399,13.18767,2014,0
15346,67.973234,13.185689,2014,0
15347,67.961363,13.1732359999999,2014,0
15348,67.9622279999999,13.174993,2014,0
15349,67.942486,13.136379,2014,0
15350,67.9317779999999,13.097555,2014,0
15351,67.9233499999999,13.094481,2014,0
15352,67.9257309999999,13.0859299999999,2014,0
15353,67.909723,13.0743189999999,2014,0
15354,67.9096559999999,13.0748339999999,2014,0
15355,67.907779,13.063364,2014,0
15356,67.898435,13.056881,2014,0
15357,67.897113,13.055,2014,0
15358,67.890459,13.040865,2014,0
15359,67.890428,13.044096,2014,0
15360,67.8296789999999,12.872407,2014,0
15361,67.7467709999999,12.767536,2014,0
15362,67.746538,12.768416,2014,0
15363,67.721681,12.7606629999999,2014,0
15364,67.7374329999999,12.613185,2014,0
15365,67.737311,12.612978,2014,0
15366,67.713514,12.577555,2014,0
15367,67.69494,12.778176,2014,0
15368,67.674907,12.74234,2014,0
15369,67.6739539999999,12.74341,2014,0
15370,67.6671529999999,12.73357,2014,0
15371,67.6665529999999,12.7356,2014,0
15372,67.651052,12.728547,2014,0
15373,67.650552,12.729642,2014,0
15374,67.422475,11.9424689999999,2014,0
15375,67.499521,12.2485029999999,2014,0
15376,68.078697,13.2180979999999,2014,0
15377,68.0785379999999,13.218239,2014,0
15378,68.078134,13.217582,2014,0
15379,68.0776259999999,13.217931,2014,0
15380,68.0789999999999,13.219089,2014,0
15381,68.0789369999999,13.220858,2014,0
15382,68.0786789999999,13.2210579999999,2014,0
15383,68.0784929999999,13.22171,2014,0
15384,68.078676,13.222013,2014,0
15385,68.079063,13.223264,2014,0
15386,68.079412,13.223577,2014,0
15387,68.079604,13.224543,2014,0
15388,68.080223,13.224971,2014,0
15389,68.0803779999999,13.224527,2014,0
15390,68.0809359999999,13.223331,2014,0
15391,68.081376,13.2237279999999,2014,0
15392,68.082823,13.225274,2014,0
15393,68.1094539999999,13.273061,2014,0
15394,68.110183,13.276119,2014,0
15395,68.110566,13.277362,2014,0
15396,68.104742,13.320327,2014,0
15397,68.1050919999999,13.319703,2014,0
15398,68.109194,13.310492,2014,0
15399,68.109159,13.310044,2014,0
15400,68.1086379999999,13.3110219999999,2014,0
15401,68.108174,13.3106589999999,2014,0
15402,68.1078959999999,13.3099799999999,2014,0
15403,68.1080699999999,13.310748,2014,0
15404,68.107465,13.313121,2014,0
15405,68.10647,13.314289,2014,0
15406,68.106181,13.314092,2014,0
15407,68.105759,13.314622,2014,0
15408,68.1054369999999,13.316012,2014,0
15409,68.1053009999999,13.318129,2014,0
15410,68.104374,13.3216959999999,2014,0
15411,68.1004779999999,13.3248599999999,2014,0
15412,68.0998029999999,13.324195,2014,0
15413,68.0985239999999,13.323369,2014,0
15414,68.0986079999999,13.3227829999999,2014,0
15415,68.0987899999999,13.322323,2014,0
15416,68.0985349999999,13.32196,2014,0
15417,68.70492,15.41577,2014,1
15418,68.7052699999999,15.415779,2014,1
15419,68.705624,15.415988,2014,1
15420,68.7077019999999,15.415938,2014,1
15421,68.7080279999999,15.4154459999999,2014,1
15422,68.70802,15.415563,2014,1
15423,68.675781,15.469841,2014,1
15424,68.6764029999999,15.472334,2014,1
15425,68.6753729999999,15.471104,2014,1
15426,68.673967,15.473031,2014,1
15427,68.6741339999999,15.473622,2014,1
15428,68.672306,15.472371,2014,1
15429,68.6713809999999,15.472391,2014,1
15430,68.670839,15.470514,2014,1
15431,68.670382,15.468009,2014,1
15432,68.6696189999999,15.468346,2014,1
15433,68.6674179999999,15.4619509999999,2014,1
15434,68.666319,15.460519,2014,1
15435,68.662526,15.464285,2014,1
15436,68.6620609999999,15.4674289999999,2014,1
15437,68.6608229999999,15.468144,2014,1
15438,68.659092,15.4705739999999,2014,1
15439,68.656812,15.4804379999999,2014,1
15440,68.6192439999999,15.616358,2014,1
15441,68.6201999999999,15.62322,2014,1
15442,68.62018,15.624128,2014,1
15443,68.62003,15.624305,2014,1
15444,68.6188939999999,15.62552,2014,1
15445,68.6174019999999,15.624751,2014,1
15446,68.617531,15.623804,2014,1
15447,68.6169419999999,15.586193,2014,1
15448,68.616736,15.587083,2014,1
15449,68.6163099999999,15.587491,2014,1
15450,68.615543,15.585404,2014,1
15451,68.6147229999999,15.586278,2014,1
15452,68.614328,15.587135,2014,1
15453,68.614332,15.588081,2014,1
15454,68.6143229999999,15.588975,2014,1
15455,68.6145669999999,15.590983,2014,1
15456,68.613663,15.584317,2014,1
15457,68.6122009999999,15.58386,2014,1
15458,68.612119,15.5833619999999,2014,1
15459,68.913589,15.6066889999999,2014,1
15460,68.91458,15.609576,2014,1
15461,68.9396009999999,15.624412,2014,1
15462,68.939362,15.6267239999999,2014,1
15463,68.93975,15.6316279999999,2014,1
15464,68.9427409999999,15.6351479999999,2014,1
15465,68.946453,15.6368709999999,2014,1
15466,68.948481,15.636646,2014,1
15467,68.949426,15.636772,2014,1
15468,68.949117,15.635006,2014,1
15469,68.947652,15.6319579999999,2014,1
15470,68.947387,15.627776,2014,1
15471,68.980022,15.914695,2014,1
15472,68.9382449999999,15.98966,2014,1
15473,68.9343819999999,15.979286,2014,1
15474,68.909036,15.931827,2014,1
15475,68.905923,15.946229,2014,1
15476,68.9053279999999,15.949737,2014,1
15477,68.885356,15.95963,2014,1
15478,69.148013,16.0693559999999,2014,1
15479,69.147559,16.070017,2014,1
15480,69.145674,16.0688789999999,2014,1
15481,69.1434629999999,16.065866,2014,1
15482,69.139408,16.060904,2014,1
15483,69.1390279999999,16.058505,2014,1
15484,69.1390909999999,16.057511,2014,1
15485,69.139188,16.057016,2014,1
15486,69.139278,16.056522,2014,1
15487,69.1393489999999,16.055596,2014,1
15488,69.138991,16.055278,2014,1
15489,69.1385939999999,16.0560639999999,2014,1
15490,69.0759989999999,15.919922,2014,1
15491,69.074106,15.918868,2014,1
15492,69.072806,15.917354,2014,1
15493,69.072286,15.915748,2014,1
15494,69.07146,15.9168489999999,2014,1
15495,69.0701739999999,15.915435,2014,1
15496,69.069731,15.9139339999999,2014,1
15497,69.0697779999999,15.9131,2014,1
15498,69.069124,15.910859,2014,1
15499,69.068995,15.910026,2014,1
15500,69.068032,15.911071,2014,1
15501,69.0673579999999,15.912352,2014,1
15502,69.0671789999999,15.9132269999999,2014,1
15503,69.066883,15.913707,2014,1
15504,68.9743189999999,15.64569,2014,1
15505,68.9740979999999,15.648603,2014,1
15506,68.9736079999999,15.650247,2014,1
15507,68.9736769999999,15.653229,2014,1
15508,68.9735069999999,15.6553629999999,2014,1
15509,68.973657,15.657176,2014,1
15510,68.974056,15.65944,2014,1
15511,68.974243,15.661015,2014,1
15512,68.97477,15.661064,2014,1
15513,68.975223,15.660493,2014,1
15514,68.975673,15.662106,2014,1
15515,68.976607,15.6649189999999,2014,1
15516,68.976971,15.66618,2014,1
15517,68.976821,15.668063,2014,1
15518,68.977349,15.671243,2014,1
15519,68.977226,15.671785,2014,1
15520,68.9769979999999,15.67271,2014,1
15521,68.976121,15.672255,2014,1
15522,68.97466,15.670394,2014,1
15523,68.9741089999999,15.669895,2014,1
15524,68.972183,15.674651,2014,1
15525,68.972137,15.675393,2014,1
15526,68.972192,15.677685,2014,1
15527,68.972346,15.678099,2014,1
15528,68.973612,15.6873989999999,2014,1
15529,68.9743519999999,15.691039,2014,1
15530,68.9751579999999,15.697438,2014,1
15531,68.9750899999999,15.6970899999999,2014,1
15532,68.976988,15.664693,2014,1
15533,68.977677,15.6623199999999,2014,1
15534,68.9789949999999,15.659781,2014,1
15535,68.9786689999999,15.655931,2014,1
15536,68.978667,15.655633,2014,1
15537,68.9788729999999,15.655478,2014,1
15538,68.977174,15.6519689999999,2014,1
15539,68.976527,15.650956,2014,1
15540,68.9761019999999,15.6504809999999,2014,1
15541,68.9756859999999,15.649551,2014,1
15542,68.9749439999999,15.6474119999999,2014,1
15543,68.9742499999999,15.645649,2014,1
15544,68.9923849999999,15.617588,2014,1
15545,68.9925199999999,15.618292,2014,1
15546,68.993599,15.61942,2014,1
15547,68.9934959999999,15.619538,2014,1
15548,68.993418,15.619672,2014,1
15549,68.993339,15.619847,2014,1
15550,68.9931519999999,15.620005,2014,1
15551,68.99308,15.620537,2014,1
15552,68.993216,15.620711,2014,1
15553,68.993335,15.621155,2014,1
15554,68.993521,15.621273,2014,1
15555,68.9935849999999,15.621658,2014,1
15556,68.9936349999999,15.621876,2014,1
15557,68.993795,15.622156,2014,1
15558,68.993924,15.622354,2014,1
15559,68.9940529999999,15.6215709999999,2014,1
15560,68.99411,15.621127,2014,1
15561,68.9940959999999,15.619882,2014,1
15562,68.9939179999999,15.619463,2014,1
15563,68.9917949999999,15.619626,2014,1
15564,68.9818929999999,15.6279889999999,2014,1
15565,68.9818049999999,15.629198,2014,1
15566,68.981841,15.6311079999999,2014,1
15567,68.9821639999999,15.632858,2014,1
15568,68.98254,15.633844,2014,1
15569,68.9828509999999,15.634432,2014,1
15570,68.983573,15.634888,2014,1
15571,68.983434,15.635947,2014,1
15572,68.6508979999999,14.63538,2014,1
15573,68.650627,14.6332,2014,1
15574,68.6499309999999,14.629374,2014,1
15575,68.64909,14.629697,2014,1
15576,68.6477519999999,14.628961,2014,1
15577,68.6466839999999,14.628335,2014,1
15578,68.6495319999999,14.627855,2014,1
15579,68.6497009999999,14.628579,2014,1
15580,68.650428,14.628486,2014,1
15581,68.6520359999999,14.62808,2014,1
15582,68.6523389999999,14.627878,2014,1
15583,68.6538749999999,14.627191,2014,1
15584,68.654773,14.6265389999999,2014,1
15585,68.6526159999999,14.625204,2014,1
15586,68.6107269999999,14.5930319999999,2014,1
15587,68.5980239999999,14.520821,2014,1
15588,68.528975,14.531266,2014,1
15589,67.8314629999999,12.788554,2014,0
15590,67.914096,12.86088,2014,0
15591,67.930964,12.888169,2014,0
15592,67.930749,12.888268,2014,0
15593,67.940319,12.899849,2014,0
15594,67.9550559999999,12.909128,2014,0
15595,67.9552589999999,12.892075,2014,0
15596,67.965522,12.892632,2014,0
15597,67.95261,12.819506,2014,0
15598,68.089813,13.082777,2014,0
15599,68.2816129999999,14.1359569999999,2014,0
15600,68.281867,14.135615,2014,0
15601,68.281857,14.135517,2014,0
15602,68.2874779999999,14.117399,2014,0
15603,68.300842,14.065909,2014,0
15604,68.3005959999999,14.0653659999999,2014,0
15605,68.28427,14.033753,2014,0
15606,68.310253,14.058833,2014,0
15607,68.3120739999999,14.0559639999999,2014,0
15608,68.322783,14.038962,2014,0
15609,68.3057069999999,14.307729,2014,0
15610,68.310381,14.3004,2014,0
15611,68.32057,14.279515,2014,0
15612,68.330995,14.2789629999999,2014,0
15613,68.323412,14.446861,2014,0
15614,68.328795,14.4435749999999,2014,0
15615,68.328827,14.4432639999999,2014,0
15616,68.328815,14.443027,2014,0
15617,68.3292859999999,14.442721,2014,0
15618,68.3326789999999,14.4444,2014,0
15619,68.2446039999999,13.5615849999999,2014,0
15620,68.2451389999999,13.561048,2014,0
15621,68.5914769999999,14.305884,2014,1
15622,68.7309039999999,14.523883,2014,1
15623,68.7323269999999,14.515582,2014,1
15624,68.7316689999999,14.515146,2014,1
15625,68.7433429999999,14.501136,2014,1
15626,68.738881,14.469639,2014,1
15627,69.0091479999999,15.0309019999999,2014,1
15628,68.956282,14.924956,2014,1
15629,68.9561269999999,14.927229,2014,1
15630,68.8967269999999,14.7775529999999,2014,1
15631,68.908427,15.035871,2014,1
15632,68.88231,15.004728,2014,1
15633,68.8822509999999,15.004548,2014,1
15634,68.8822969999999,15.003466,2014,1
15635,68.8395009999999,14.8160399999999,2014,1
15636,68.839461,14.8166879999999,2014,1
15637,68.8345769999999,14.754471,2014,1
15638,68.7937309999999,14.627281,2014,1
15639,68.7943149999999,14.6268119999999,2014,1
15640,68.7867049999999,14.43538,2014,1
15641,68.3349709999999,13.761673,2014,0
15642,68.3134369999999,13.596136,2014,0
15643,68.1504939999999,13.049383,2014,0
15644,68.149945,13.047496,2014,0
15645,68.148223,13.110772,2014,0
15646,68.207368,13.2372239999999,2014,0
15647,68.206676,13.237622,2014,0
15648,68.206619,13.2375229999999,2014,0
15649,68.2431449999999,13.588874,2014,0
15650,68.240768,13.5718049999999,2014,0
15651,69.1660959999999,15.624003,2014,1
15652,69.171293,15.685356,2014,1
15653,69.2496649999999,15.7891999999999,2014,1
15654,69.251924,15.823407,2014,1
15655,69.2664869999999,15.8111999999999,2014,1
15656,69.2665169999999,15.8112949999999,2014,1
15657,69.2665379999999,15.811342,2014,1
15658,69.2696729999999,15.836828,2014,1
15659,69.273222,15.852276,2014,1
15660,69.2714799999999,15.876847,2014,1
15661,65.2160669999999,12.0384379999999,2015,0
15662,65.208325,12.062718,2015,0
15663,65.2084499999999,12.0631109999999,2015,0
15664,65.208938,12.076669,2015,0
15665,65.209235,12.0768489999999,2015,0
15666,65.166746,11.984614,2015,0
15667,65.159098,11.972708,2015,0
15668,65.1577419999999,11.966988,2015,0
15669,65.1579579999999,11.968157,2015,0
15670,65.1580029999999,11.968381,2015,0
15671,65.158028,11.96848,2015,0
15672,65.1580869999999,11.9689549999999,2015,0
15673,65.158112,11.969181,2015,0
15674,65.2277229999999,12.029013,2015,0
15675,65.2291419999999,12.028599,2015,0
15676,65.229228,12.028706,2015,0
15677,65.239287,12.0244009999999,2015,0
15678,65.239418,12.026521,2015,0
15679,65.2752389999999,12.042331,2015,0
15680,65.275367,12.043302,2015,0
15681,65.27539,12.043561,2015,0
15682,65.2754089999999,12.043735,2015,0
15683,65.2754529999999,12.04385,2015,0
15684,65.275473,12.044066,2015,0
15685,65.2887029999999,12.080261,2015,0
15686,65.288809,12.0810379999999,2015,0
15687,65.2888659999999,12.081476,2015,0
15688,65.2889289999999,12.08187,2015,0
15689,65.2879369999999,12.0642499999999,2015,0
15690,65.2880499999999,12.0647389999999,2015,0
15691,65.288098,12.065128,2015,0
15692,65.2881289999999,12.0653229999999,2015,0
15693,65.2876899999999,12.0546849999999,2015,0
15694,65.287964,12.056187,2015,0
15695,65.28803,12.056711,2015,0
15696,65.29385,12.055179,2015,0
15697,65.2941459999999,12.0546589999999,2015,0
15698,65.308599,12.0198319999999,2015,0
15699,65.327461,12.0531469999999,2015,0
15700,65.3278159999999,12.054289,2015,0
15701,65.327898,12.054681,2015,0
15702,65.326755,12.060914,2015,0
15703,65.3277659999999,12.062305,2015,0
15704,65.327869,12.062613,2015,0
15705,65.306387,11.948862,2015,0
15706,65.3064559999999,11.9490479999999,2015,0
15707,65.3065469999999,11.9492809999999,2015,0
15708,65.3041479999999,11.946705,2015,0
15709,65.3040529999999,11.947573,2015,0
15710,65.309521,11.902919,2015,0
15711,65.3096939999999,11.903715,2015,0
15712,65.309758,11.904163,2015,0
15713,65.309831,11.904285,2015,0
15714,65.309865,11.904495,2015,0
15715,65.3029999999999,11.902267,2015,0
15716,65.271994,11.932536,2015,0
15717,65.2718639999999,11.933242,2015,0
15718,65.2449249999999,11.941335,2015,0
15719,65.245084,11.9422999999999,2015,0
15720,65.871582,12.278808,2015,0
15721,65.872403,12.276023,2015,0
15722,65.8730209999999,12.276776,2015,0
15723,65.875111,12.279705,2015,0
15724,65.875448,12.280217,2015,0
15725,65.857371,12.44888,2015,0
15726,65.857493,12.4496389999999,2015,0
15727,65.8575309999999,12.449579,2015,0
15728,65.857572,12.4496769999999,2015,0
15729,65.857894,12.450119,2015,0
15730,65.8579739999999,12.450225,2015,0
15731,65.858219,12.45034,2015,0
15732,65.8584579999999,12.4500829999999,2015,0
15733,65.858827,12.45044,2015,0
15734,65.8592349999999,12.451352,2015,0
15735,65.8594779999999,12.451936,2015,0
15736,65.8578289999999,12.448108,2015,0
15737,65.857928,12.448288,2015,0
15738,65.85791,12.4485519999999,2015,0
15739,65.8578179999999,12.448973,2015,0
15740,65.8577659999999,12.4492949999999,2015,0
15741,65.8577219999999,12.449622,2015,0
15742,65.857707,12.449662,2015,0
15743,65.856965,12.447528,2015,0
15744,65.8570239999999,12.447862,2015,0
15745,65.8570639999999,12.44799,2015,0
15746,65.857129,12.448384,2015,0
15747,65.8571649999999,12.4486019999999,2015,0
15748,65.857157,12.448776,2015,0
15749,65.857155,12.44881,2015,0
15750,65.857455,12.4473319999999,2015,0
15751,65.857448,12.447518,2015,0
15752,65.8574339999999,12.447602,2015,0
15753,65.8574129999999,12.44782,2015,0
15754,65.857399,12.447964,2015,0
15755,65.857369,12.448084,2015,0
15756,65.8573449999999,12.4481889999999,2015,0
15757,65.857326,12.4483809999999,2015,0
15758,65.8573209999999,12.448584,2015,0
15759,65.857303,12.448706,2015,0
15760,65.857286,12.448854,2015,0
15761,65.857275,12.448967,2015,0
15762,65.857264,12.449021,2015,0
15763,65.8572549999999,12.449066,2015,0
15764,65.857736,12.449443,2015,0
15765,65.857847,12.449509,2015,0
15766,65.8578849999999,12.449483,2015,0
15767,65.857613,12.45072,2015,0
15768,65.857449,12.4511109999999,2015,0
15769,65.8562129999999,12.45417,2015,0
15770,65.85608,12.4550009999999,2015,0
15771,65.808501,12.57713,2015,0
15772,65.8085049999999,12.576971,2015,0
15773,65.733851,12.577182,2015,0
15774,65.7338199999999,12.57755,2015,0
15775,65.7335719999999,12.578643,2015,0
15776,65.7214429999999,12.572499,2015,0
15777,65.649094,12.3727909999999,2015,0
15778,65.6490629999999,12.372903,2015,0
15779,65.6490409999999,12.373089,2015,0
15780,65.649022,12.373226,2015,0
15781,65.648954,12.3736149999999,2015,0
15782,65.6456639999999,12.366526,2015,0
15783,65.6458039999999,12.366725,2015,0
15784,65.6458379999999,12.366841,2015,0
15785,65.6428839999999,12.364318,2015,0
15786,65.6427039999999,12.3652219999999,2015,0
15787,65.6399219999999,12.3601639999999,2015,0
15788,65.6399009999999,12.360219,2015,0
15789,65.639859,12.360344,2015,0
15790,65.639836,12.360481,2015,0
15791,65.6213369999999,12.343525,2015,0
15792,65.620968,12.343951,2015,0
15793,65.6207129999999,12.344284,2015,0
15794,65.620551,12.344471,2015,0
15795,65.620345,12.3447119999999,2015,0
15796,65.6202779999999,12.344735,2015,0
15797,65.620168,12.3448259999999,2015,0
15798,65.615454,12.331846,2015,0
15799,65.611114,12.360434,2015,0
15800,65.611005,12.3608119999999,2015,0
15801,65.6108169999999,12.36143,2015,0
15802,65.6107319999999,12.361806,2015,0
15803,65.5307949999999,12.122121,2015,0
15804,65.530748,12.12221,2015,0
15805,65.5307219999999,12.122209,2015,0
15806,65.530663,12.1222619999999,2015,0
15807,65.530619,12.122334,2015,0
15808,65.525,12.136323,2015,0
15809,65.5249639999999,12.136391,2015,0
15810,65.5249429999999,12.109451,2015,0
15811,65.5244639999999,12.110896,2015,0
15812,65.5243899999999,12.111146,2015,0
15813,65.5163919999999,12.084906,2015,0
15814,65.4831609999999,12.084913,2015,0
15815,65.481767,12.0621069999999,2015,0
15816,65.4816289999999,12.062673,2015,0
15817,65.4816139999999,12.0627549999999,2015,0
15818,65.4296769999999,12.002961,2015,0
15819,65.429523,12.00366,2015,0
15820,65.4294869999999,12.003831,2015,0
15821,65.4295079999999,12.004108,2015,0
15822,65.429461,12.0043089999999,2015,0
15823,65.4234579999999,11.979619,2015,0
15824,65.4233949999999,11.9799089999999,2015,0
15825,65.4233179999999,11.9801629999999,2015,0
15826,65.4232879999999,11.980268,2015,0
15827,65.423274,11.980308,2015,0
15828,65.423257,11.98038,2015,0
15829,65.423226,11.980581,2015,0
15830,65.4231759999999,11.980853,2015,0
15831,65.4033309999999,11.982962,2015,0
15832,65.389876,11.99044,2015,0
15833,65.388964,11.99198,2015,0
15834,65.3725199999999,11.956851,2015,0
15835,65.3724899999999,11.956905,2015,0
15836,65.372297,11.9569759999999,2015,0
15837,65.363613,11.990959,2015,0
15838,65.3631539999999,11.992,2015,0
15839,65.3626249999999,11.993264,2015,0
15840,65.362447,11.994004,2015,0
15841,65.362392,11.994213,2015,0
15842,65.356575,12.016309,2015,0
15843,65.356548,12.016379,2015,0
15844,65.3556949999999,12.017842,2015,0
15845,65.355528,12.0181,2015,0
15846,65.3570749999999,12.044195,2015,0
15847,65.356965,12.044333,2015,0
15848,65.3567989999999,12.044508,2015,0
15849,65.3566529999999,12.044686,2015,0
15850,65.356566,12.044767,2015,0
15851,65.356272,12.0450269999999,2015,0
15852,65.356144,12.0451169999999,2015,0
15853,65.349812,12.067852,2015,0
15854,65.349473,12.068339,2015,0
15855,65.3493909999999,12.068495,2015,0
15856,65.349276,12.068794,2015,0
15857,65.4279489999999,12.137062,2015,0
15858,65.427811,12.137442,2015,0
15859,65.427706,12.137682,2015,0
15860,65.4276449999999,12.13782,2015,0
15861,65.427496,12.137138,2015,0
15862,65.4274379999999,12.137312,2015,0
15863,65.7103029999999,11.9124529999999,2015,0
15864,65.6549119999999,11.606074,2015,0
15865,65.6246419999999,11.525377,2015,0
15866,65.6247,11.525296,2015,0
15867,65.62473,11.5253239999999,2015,0
15868,65.606255,11.5114649999999,2015,0
15869,65.6751119999999,11.53016,2015,0
15870,65.6057059999999,11.2993729999999,2015,0
15871,65.56304,11.3374229999999,2015,0
15872,65.544145,11.425625,2015,0
15873,65.5441119999999,11.425635,2015,0
15874,65.5440669999999,11.4258159999999,2015,0
15875,65.4538979999999,11.381479,2015,0
15876,65.453288,11.379828,2015,0
15877,65.370799,11.44009,2015,0
15878,65.3160409999999,11.639891,2015,0
15879,65.315897,11.636782,2015,0
15880,65.3236899999999,11.6275999999999,2015,0
15881,65.3231739999999,11.6281649999999,2015,0
15882,65.3230169999999,11.628448,2015,0
15883,65.3299209999999,11.6862359999999,2015,0
15884,65.329791,11.685933,2015,0
15885,65.3470169999999,11.694364,2015,0
15886,65.3468649999999,11.694087,2015,0
15887,65.346799,11.693937,2015,0
15888,65.355429,11.73376,2015,0
15889,65.3548169999999,11.732618,2015,0
15890,65.354583,11.732302,2015,0
15891,65.3545029999999,11.7321449999999,2015,0
15892,65.388535,11.7009279999999,2015,0
15893,65.423741,11.715339,2015,0
15894,65.4236439999999,11.715126,2015,0
15895,65.4236159999999,11.7150719999999,2015,0
15896,65.4528159999999,11.727802,2015,0
15897,65.7089639999999,11.919719,2015,0
15898,65.85611,11.888608,2015,0
15899,66.0407139999999,11.9681409999999,2015,0
15900,66.0596489999999,12.01426,2015,0
15901,66.059458,12.014908,2015,0
15902,66.0590909999999,12.0145009999999,2015,0
15903,66.0584949999999,12.013964,2015,0
15904,66.0581339999999,12.0153009999999,2015,0
15905,66.058183,12.015923,2015,0
15906,66.0582519999999,12.016181,2015,0
15907,66.05835,12.016904,2015,0
15908,66.0586899999999,12.017855,2015,0
15909,66.059047,12.018271,2015,0
15910,66.0590899999999,12.0176459999999,2015,0
15911,66.059182,12.016994,2015,0
15912,66.0540529999999,11.951203,2015,0
15913,66.054016,11.951058,2015,0
15914,66.0537839999999,11.951076,2015,0
15915,66.053875,11.951274,2015,0
15916,66.054094,11.9513029999999,2015,0
15917,66.0161789999999,11.897441,2015,0
15918,65.994456,11.980665,2015,0
15919,65.9946499999999,11.980777,2015,0
15920,65.994697,11.980819,2015,0
15921,65.9948569999999,11.981778,2015,0
15922,66.009442,12.03877,2015,0
15923,65.9576229999999,12.005209,2015,0
15924,65.957588,12.005291,2015,0
15925,65.9574499999999,12.0055689999999,2015,0
15926,65.945515,12.012597,2015,0
15927,65.945446,12.012573,2015,0
15928,65.9454159999999,12.012542,2015,0
15929,65.908685,12.0902259999999,2015,0
15930,65.9080029999999,12.091131,2015,0
15931,65.906902,12.091625,2015,0
15932,65.89802,12.0808269999999,2015,0
15933,65.9009199999999,12.071065,2015,0
15934,65.9031679999999,12.073017,2015,0
15935,65.9037249999999,12.074952,2015,0
15936,65.914254,12.003781,2015,0
15937,65.914235,12.0037629999999,2015,0
15938,65.914213,12.003712,2015,0
15939,65.9141319999999,12.003515,2015,0
15940,65.9391099999999,11.8568529999999,2015,0
15941,65.939069,11.856621,2015,0
15942,65.939085,11.85645,2015,0
15943,65.939137,11.8557539999999,2015,0
15944,65.9391339999999,11.855715,2015,0
15945,65.838541,11.660316,2015,0
15946,65.751129,11.548648,2015,0
15947,65.7747999999999,11.594021,2015,0
15948,65.7757239999999,11.635339,2015,0
15949,65.775554,11.6353589999999,2015,0
15950,65.777776,11.6626189999999,2015,0
15951,65.767588,11.68074,2015,0
15952,65.7674279999999,11.680498,2015,0
15953,65.7673879999999,11.680456,2015,0
15954,65.7662799999999,11.6972539999999,2015,0
15955,65.7661209999999,11.696194,2015,0
15956,65.7607589999999,11.713243,2015,0
15957,65.750966,11.747055,2015,0
15958,65.7507889999999,11.747178,2015,0
15959,65.708464,11.7660459999999,2015,0
15960,65.708928,11.766794,2015,0
15961,65.708793,11.7665469999999,2015,0
15962,65.7087549999999,11.766487,2015,0
15963,65.708741,11.766454,2015,0
15964,65.7087449999999,11.766449,2015,0
15965,65.7275089999999,11.746192,2015,0
15966,65.7273969999999,11.746266,2015,0
15967,65.727298,11.7460819999999,2015,0
15968,65.731621,11.713209,2015,0
15969,65.7342199999999,11.695091,2015,0
15970,65.7340839999999,11.6949,2015,0
15971,65.7339889999999,11.694753,2015,0
15972,65.7337859999999,11.694571,2015,0
15973,65.733686,11.694732,2015,0
15974,65.720624,11.684849,2015,0
15975,65.7205079999999,11.6849329999999,2015,0
15976,65.718816,11.853203,2015,0
15977,65.8399629999999,11.89584,2015,0
15978,65.8492329999999,11.8717,2015,0
15979,65.8489929999999,11.871555,2015,0
15980,65.848769,11.871385,2015,0
15981,65.848433,11.8709729999999,2015,0
15982,65.848517,11.8704389999999,2015,0
15983,65.8483949999999,11.870369,2015,0
15984,65.8481869999999,11.870232,2015,0
15985,65.8480119999999,11.870123,2015,0
15986,65.8479609999999,11.8700779999999,2015,0
15987,65.8337089999999,11.917866,2015,0
15988,65.833568,11.917775,2015,0
15989,65.809324,11.8446459999999,2015,0
15990,65.809173,11.844594,2015,0
15991,65.8090849999999,11.844556,2015,0
15992,65.8089499999999,11.844408,2015,0
15993,65.8088589999999,11.844284,2015,0
15994,65.8087019999999,11.844123,2015,0
15995,65.808532,11.843919,2015,0
15996,65.808429,11.843837,2015,0
15997,65.808344,11.843787,2015,0
15998,65.808097,11.843551,2015,0
15999,65.80791,11.843322,2015,0
16000,65.776955,11.949977,2015,0
16001,65.7778009999999,11.948377,2015,0
16002,65.7768959999999,11.947759,2015,0
16003,65.765629,11.9928209999999,2015,0
16004,65.7655979999999,11.992759,2015,0
16005,65.765551,11.992682,2015,0
16006,65.765501,11.9925929999999,2015,0
16007,65.7654469999999,11.992532,2015,0
16008,65.7653949999999,11.992445,2015,0
16009,65.765337,11.9923319999999,2015,0
16010,65.7652899999999,11.992239,2015,0
16011,65.765196,11.992174,2015,0
16012,65.7566719999999,11.990964,2015,0
16013,65.756539,11.9909389999999,2015,0
16014,65.7563439999999,11.990966,2015,0
16015,65.7562839999999,11.9909719999999,2015,0
16016,65.756117,11.9909859999999,2015,0
16017,65.7559239999999,11.9909649999999,2015,0
16018,65.7556589999999,11.990921,2015,0
16019,65.7554389999999,11.990875,2015,0
16020,65.755222,11.990791,2015,0
16021,65.7465279999999,12.046047,2015,0
16022,65.746588,12.046326,2015,0
16023,65.746114,12.046151,2015,0
16024,65.7456849999999,12.046172,2015,0
16025,65.745495,12.046144,2015,0
16026,65.745332,12.046263,2015,0
16027,65.7296259999999,11.953881,2015,0
16028,65.729753,11.9533369999999,2015,0
16029,65.729584,11.953154,2015,0
16030,66.2008919999999,13.01755,2015,0
16031,66.5426549999999,12.255475,2015,0
16032,66.543912,12.262916,2015,0
16033,66.5437699999999,12.264573,2015,0
16034,66.5552349999999,12.228445,2015,0
16035,66.555113,12.228733,2015,0
16036,66.554991,12.228825,2015,0
16037,66.587911,12.103431,2015,0
16038,66.5637839999999,12.100325,2015,0
16039,66.548422,12.161092,2015,0
16040,66.548068,12.1618239999999,2015,0
16041,66.53698,12.153853,2015,0
16042,66.537107,12.154028,2015,0
16043,66.5370669999999,12.153686,2015,0
16044,66.5370589999999,12.153695,2015,0
16045,66.5365929999999,12.1526549999999,2015,0
16046,66.5355359999999,12.15208,2015,0
16047,66.535193,12.152986,2015,0
16048,66.540822,12.155467,2015,0
16049,66.5406619999999,12.157608,2015,0
16050,66.5406289999999,12.15909,2015,0
16051,66.5410899999999,12.162972,2015,0
16052,66.540177,12.1668299999999,2015,0
16053,66.538891,12.166677,2015,0
16054,66.5383779999999,12.167335,2015,0
16055,66.538283,12.170688,2015,0
16056,66.536427,12.1239349999999,2015,0
16057,66.4813099999999,12.058182,2015,0
16058,66.4763719999999,12.005378,2015,0
16059,66.476348,12.003627,2015,0
16060,66.4792989999999,11.9777869999999,2015,0
16061,66.5154239999999,12.807219,2015,0
16062,66.5339259999999,12.7549309999999,2015,0
16063,66.539387,12.786381,2015,0
16064,66.5392169999999,12.786821,2015,0
16065,66.5390739999999,12.787013,2015,0
16066,66.539026,12.7870329999999,2015,0
16067,66.5389919999999,12.787533,2015,0
16068,66.5487399999999,12.816302,2015,0
16069,66.5486819999999,12.817028,2015,0
16070,66.548899,12.819005,2015,0
16071,66.548664,12.8209459999999,2015,0
16072,66.54814,12.8222539999999,2015,0
16073,66.548011,12.822538,2015,0
16074,66.547813,12.822881,2015,0
16075,66.54786,12.823218,2015,0
16076,66.5475809999999,12.823434,2015,0
16077,66.54738,12.8232959999999,2015,0
16078,66.5475299999999,12.822305,2015,0
16079,66.547376,12.822566,2015,0
16080,66.547137,12.822671,2015,0
16081,66.546834,12.8235569999999,2015,0
16082,66.546346,12.824156,2015,0
16083,66.56695,12.673073,2015,0
16084,66.5670199999999,12.671502,2015,0
16085,66.566945,12.6706059999999,2015,0
16086,66.5665,12.672428,2015,0
16087,66.566314,12.6724099999999,2015,0
16088,66.5661309999999,12.672408,2015,0
16089,66.565931,12.672397,2015,0
16090,66.5657329999999,12.672378,2015,0
16091,66.5618209999999,12.5926209999999,2015,0
16092,66.561761,12.59258,2015,0
16093,66.561654,12.592473,2015,0
16094,66.5615999999999,12.592413,2015,0
16095,66.56247,12.547083,2015,0
16096,66.56242,12.547018,2015,0
16097,66.5851629999999,12.5681879999999,2015,0
16098,66.5850659999999,12.5681259999999,2015,0
16099,66.598797,12.619558,2015,0
16100,66.5987339999999,12.619543,2015,0
16101,66.598678,12.61961,2015,0
16102,66.598652,12.6196079999999,2015,0
16103,66.618803,12.6857589999999,2015,0
16104,66.6182409999999,12.684853,2015,0
16105,66.629857,12.750845,2015,0
16106,66.62972,12.750916,2015,0
16107,66.6296799999999,12.750934,2015,0
16108,66.629621,12.75095,2015,0
16109,66.641266,12.76056,2015,0
16110,66.641102,12.760357,2015,0
16111,66.641062,12.760312,2015,0
16112,66.678763,12.711212,2015,0
16113,66.684892,12.729243,2015,0
16114,66.6847889999999,12.729426,2015,0
16115,66.68477,12.729521,2015,0
16116,66.685856,12.765165,2015,0
16117,66.6852499999999,12.76423,2015,0
16118,66.679938,12.955976,2015,0
16119,66.6796219999999,12.959184,2015,0
16120,66.679586,12.959503,2015,0
16121,66.679725,12.960133,2015,0
16122,66.679872,12.960755,2015,0
16123,66.6799319999999,12.9617869999999,2015,0
16124,66.6800479999999,12.961957,2015,0
16125,66.6800549999999,12.961824,2015,0
16126,66.680031,12.961669,2015,0
16127,66.6280849999999,12.916819,2015,0
16128,66.607939,12.994839,2015,0
16129,66.6102539999999,12.997159,2015,0
16130,66.6104239999999,12.998351,2015,0
16131,66.595286,12.9265139999999,2015,0
16132,66.595132,12.926462,2015,0
16133,66.493086,13.219021,2015,0
16134,66.4931339999999,13.218978,2015,0
16135,66.493121,13.21908,2015,0
16136,66.493144,13.21876,2015,0
16137,66.4927019999999,13.2189859999999,2015,0
16138,66.4925049999999,13.219485,2015,0
16139,66.4922439999999,13.218968,2015,0
16140,66.4896279999999,13.2231869999999,2015,0
16141,66.489536,13.223284,2015,0
16142,66.488364,13.2281169999999,2015,0
16143,66.4878879999999,13.2280169999999,2015,0
16144,66.4884289999999,13.2295669999999,2015,0
16145,66.488647,13.2291209999999,2015,0
16146,66.506077,13.220171,2015,0
16147,66.505908,13.2203149999999,2015,0
16148,66.515066,13.2215279999999,2015,0
16149,66.533054,12.973887,2015,0
16150,66.5330299999999,12.973784,2015,0
16151,66.532976,12.97372,2015,0
16152,66.532792,12.973571,2015,0
16153,66.531677,12.972334,2015,0
16154,66.4940569999999,13.091201,2015,0
16155,66.4936759999999,13.091118,2015,0
16156,66.493919,13.08952,2015,0
16157,66.493852,13.088918,2015,0
16158,66.493789,13.088468,2015,0
16159,66.4936019999999,13.087854,2015,0
16160,66.4933429999999,13.0940429999999,2015,0
16161,66.493463,13.0943939999999,2015,0
16162,66.493858,13.094096,2015,0
16163,66.4626679999999,12.857854,2015,0
16164,66.4623019999999,12.8587399999999,2015,0
16165,66.461798,12.858693,2015,0
16166,66.454558,12.868763,2015,0
16167,66.454406,12.868603,2015,0
16168,66.4543039999999,12.8687179999999,2015,0
16169,66.454265,12.868872,2015,0
16170,66.454261,12.869139,2015,0
16171,66.454125,12.8691879999999,2015,0
16172,66.454113,12.869296,2015,0
16173,66.453861,12.8691669999999,2015,0
16174,66.4538199999999,12.8691479999999,2015,0
16175,66.453794,12.8692449999999,2015,0
16176,66.4305739999999,12.902637,2015,0
16177,66.357386,12.90267,2015,0
16178,66.357489,12.902258,2015,0
16179,66.357556,12.901281,2015,0
16180,66.357821,12.900653,2015,0
16181,66.358052,12.900276,2015,0
16182,66.3584529999999,12.898902,2015,0
16183,66.35858,12.8984609999999,2015,0
16184,66.3512199999999,12.897643,2015,0
16185,66.35127,12.89772,2015,0
16186,66.3516489999999,12.898751,2015,0
16187,66.351984,12.898222,2015,0
16188,66.3518409999999,12.897663,2015,0
16189,66.2850569999999,13.1862359999999,2015,0
16190,66.285048,13.186292,2015,0
16191,66.248114,13.1101399999999,2015,0
16192,66.2480139999999,13.111309,2015,0
16193,66.247484,13.113632,2015,0
16194,66.247031,13.115802,2015,0
16195,66.24684,13.118271,2015,0
16196,66.2472379999999,13.120279,2015,0
16197,66.2472719999999,13.121183,2015,0
16198,66.2470579999999,13.124317,2015,0
16199,66.245838,13.121784,2015,0
16200,66.21119,12.783102,2015,0
16201,66.2037909999999,12.809113,2015,0
16202,66.185062,12.873082,2015,0
16203,66.1850349999999,12.873085,2015,0
16204,66.185153,12.8734649999999,2015,0
16205,66.179692,12.862341,2015,0
16206,66.309475,14.00237,2015,0
16207,66.30892,14.003467,2015,0
16208,66.3089879999999,14.0035589999999,2015,0
16209,66.309539,14.002694,2015,0
16210,66.309576,14.00195,2015,0
16211,66.309583,14.001351,2015,0
16212,66.309696,14.000702,2015,0
16213,66.309773,13.999465,2015,0
16214,66.309588,13.9983369999999,2015,0
16215,66.3098059999999,13.998983,2015,0
16216,66.310164,13.999439,2015,0
16217,66.3099689999999,13.998504,2015,0
16218,66.309757,13.993947,2015,0
16219,66.3088999999999,13.990864,2015,0
16220,66.30835,13.988678,2015,0
16221,66.308001,13.986537,2015,0
16222,66.3064499999999,13.981284,2015,0
16223,66.306769,13.980873,2015,0
16224,66.306745,13.9789689999999,2015,0
16225,66.2580559999999,13.7578,2015,0
16226,66.2581789999999,13.7576509999999,2015,0
16227,66.258262,13.7579049999999,2015,0
16228,66.243509,13.64852,2015,0
16229,66.201919,13.190702,2015,0
16230,66.2153289999999,12.525971,2015,0
16231,66.2153349999999,12.526318,2015,0
16232,66.215292,12.5264869999999,2015,0
16233,66.215119,12.526449,2015,0
16234,66.21491,12.526367,2015,0
16235,66.202561,12.551292,2015,0
16236,66.2026469999999,12.551933,2015,0
16237,66.202758,12.5521639999999,2015,0
16238,66.203,12.5520879999999,2015,0
16239,66.201329,12.545693,2015,0
16240,66.2014039999999,12.545726,2015,0
16241,66.205037,12.5550739999999,2015,0
16242,66.2054569999999,12.5570629999999,2015,0
16243,66.2051529999999,12.558933,2015,0
16244,66.2050449999999,12.559179,2015,0
16245,66.205584,12.5592989999999,2015,0
16246,66.205785,12.560252,2015,0
16247,66.200117,12.4641199999999,2015,0
16248,66.200152,12.464022,2015,0
16249,66.2000759999999,12.464268,2015,0
16250,66.200062,12.465427,2015,0
16251,66.2000819999999,12.466021,2015,0
16252,66.2003169999999,12.4664319999999,2015,0
16253,66.2002779999999,12.467122,2015,0
16254,66.200688,12.46696,2015,0
16255,66.2007459999999,12.466506,2015,0
16256,66.2007629999999,12.46626,2015,0
16257,66.2008589999999,12.4661969999999,2015,0
16258,66.1024299999999,12.297418,2015,0
16259,66.1021159999999,12.297221,2015,0
16260,66.102012,12.297252,2015,0
16261,66.1018339999999,12.297229,2015,0
16262,66.1016609999999,12.2972,2015,0
16263,66.1014749999999,12.297193,2015,0
16264,66.1012999999999,12.297178,2015,0
16265,66.1421859999999,12.195869,2015,0
16266,66.1420119999999,12.19589,2015,0
16267,66.141959,12.195868,2015,0
16268,66.1469919999999,12.2166739999999,2015,0
16269,66.14682,12.216302,2015,0
16270,66.148184,12.2375469999999,2015,0
16271,66.1486459999999,12.235927,2015,0
16272,66.1487989999999,12.235618,2015,0
16273,66.148801,12.235612,2015,0
16274,66.1976899999999,12.162826,2015,0
16275,66.217167,12.180859,2015,0
16276,66.217222,12.181066,2015,0
16277,66.2171309999999,12.181387,2015,0
16278,66.216947,12.181778,2015,0
16279,66.2168989999999,12.1817759999999,2015,0
16280,66.213378,12.148717,2015,0
16281,66.21357,12.123803,2015,0
16282,66.2230339999999,12.144519,2015,0
16283,66.223037,12.145035,2015,0
16284,66.22566,12.153832,2015,0
16285,66.2275489999999,12.155751,2015,0
16286,66.2278029999999,12.155866,2015,0
16287,66.2325969999999,12.168507,2015,0
16288,66.232551,12.168934,2015,0
16289,66.2325299999999,12.168953,2015,0
16290,66.2396729999999,12.1646,2015,0
16291,66.239872,12.1644609999999,2015,0
16292,66.2399269999999,12.1646389999999,2015,0
16293,66.239894,12.163916,2015,0
16294,66.239901,12.163757,2015,0
16295,66.2398409999999,12.1635279999999,2015,0
16296,66.238933,12.202107,2015,0
16297,66.238985,12.202332,2015,0
16298,66.2389409999999,12.2025159999999,2015,0
16299,66.238939,12.202577,2015,0
16300,66.2389479999999,12.203087,2015,0
16301,66.2389869999999,12.2033919999999,2015,0
16302,66.2390149999999,12.203624,2015,0
16303,66.25426,12.2440979999999,2015,0
16304,66.254164,12.244303,2015,0
16305,66.254174,12.2443,2015,0
16306,66.254125,12.2443639999999,2015,0
16307,66.2540319999999,12.245184,2015,0
16308,66.242968,12.255788,2015,0
16309,66.2431909999999,12.257123,2015,0
16310,66.2433869999999,12.258239,2015,0
16311,66.243688,12.260056,2015,0
16312,66.2429259999999,12.258435,2015,0
16313,66.2430669999999,12.259746,2015,0
16314,66.243122,12.261207,2015,0
16315,66.242816,12.260479,2015,0
16316,66.242676,12.260258,2015,0
16317,66.2425479999999,12.260045,2015,0
16318,66.242514,12.259619,2015,0
16319,66.24235,12.259772,2015,0
16320,66.242384,12.260211,2015,0
16321,66.242502,12.261227,2015,0
16322,66.242547,12.261733,2015,0
16323,66.2425769999999,12.2621749999999,2015,0
16324,66.2426899999999,12.263196,2015,0
16325,66.242765,12.2640309999999,2015,0
16326,66.243131,12.2655069999999,2015,0
16327,66.24347,12.2655639999999,2015,0
16328,66.2434839999999,12.265077,2015,0
16329,66.243548,12.264433,2015,0
16330,66.2433989999999,12.263396,2015,0
16331,66.2434059999999,12.262409,2015,0
16332,66.2433479999999,12.261853,2015,0
16333,66.243357,12.260875,2015,0
16334,66.242559,12.254192,2015,0
16335,66.2671809999999,12.289031,2015,0
16336,66.3768189999999,12.6365649999999,2015,0
16337,66.3769209999999,12.636891,2015,0
16338,66.377097,12.637195,2015,0
16339,66.3773439999999,12.637527,2015,0
16340,66.3775119999999,12.637471,2015,0
16341,66.37765,12.637929,2015,0
16342,66.377684,12.637869,2015,0
16343,66.384962,12.58212,2015,0
16344,66.3847899999999,12.582354,2015,0
16345,66.384702,12.5822489999999,2015,0
16346,66.38463,12.5822319999999,2015,0
16347,66.402517,12.5584419999999,2015,0
16348,66.402493,12.557891,2015,0
16349,66.402471,12.557902,2015,0
16350,66.397789,12.488928,2015,0
16351,66.397585,12.489044,2015,0
16352,66.3973519999999,12.489051,2015,0
16353,66.388748,12.480135,2015,0
16354,66.38866,12.480483,2015,0
16355,66.388636,12.480518,2015,0
16356,66.388604,12.480529,2015,0
16357,66.412312,12.419245,2015,0
16358,66.412208,12.4196899999999,2015,0
16359,66.4122119999999,12.419839,2015,0
16360,66.402354,12.3411259999999,2015,0
16361,66.4033459999999,12.341286,2015,0
16362,66.4031939999999,12.341348,2015,0
16363,66.346411,12.24006,2015,0
16364,66.3420069999999,12.2322539999999,2015,0
16365,66.315802,12.2903749999999,2015,0
16366,66.315229,12.290127,2015,0
16367,66.333189,12.2978799999999,2015,0
16368,66.333522,12.297942,2015,0
16369,66.333909,12.297285,2015,0
16370,66.3342509999999,12.297554,2015,0
16371,66.330764,12.4042499999999,2015,0
16372,66.330753,12.404358,2015,0
16373,66.3309059999999,12.4039649999999,2015,0
16374,66.331033,12.403399,2015,0
16375,66.3310589999999,12.4034359999999,2015,0
16376,66.2994309999999,12.392579,2015,0
16377,66.299267,12.392751,2015,0
16378,66.299289,12.3927929999999,2015,0
16379,66.3076329999999,12.427508,2015,0
16380,66.3078069999999,12.4278289999999,2015,0
16381,66.3077969999999,12.428495,2015,0
16382,66.324965,12.453173,2015,0
16383,66.3249299999999,12.453309,2015,0
16384,66.3249179999999,12.453324,2015,0
16385,66.3253619999999,12.459267,2015,0
16386,66.3371329999999,12.509679,2015,0
16387,66.3359569999999,12.512558,2015,0
16388,66.3438749999999,12.534578,2015,0
16389,66.349827,12.551154,2015,0
16390,66.35038,12.554868,2015,0
16391,66.350727,12.556272,2015,0
16392,66.3513379999999,12.5582379999999,2015,0
16393,66.3515469999999,12.558861,2015,0
16394,66.351961,12.560306,2015,0
16395,66.3526889999999,12.564075,2015,0
16396,66.352564,12.564772,2015,0
16397,66.352541,12.565187,2015,0
16398,66.352631,12.565402,2015,0
16399,66.352716,12.5656839999999,2015,0
16400,66.352817,12.5664149999999,2015,0
16401,66.352846,12.56648,2015,0
16402,66.3528519999999,12.566492,2015,0
16403,66.3529159999999,12.566781,2015,0
16404,66.352889,12.566907,2015,0
16405,66.352817,12.566775,2015,0
16406,66.352823,12.5667399999999,2015,0
16407,66.3528259999999,12.56671,2015,0
16408,66.3528309999999,12.566546,2015,0
16409,66.352829,12.566492,2015,0
16410,66.352827,12.5664669999999,2015,0
16411,66.3527969999999,12.56638,2015,0
16412,66.3527339999999,12.566303,2015,0
16413,66.352705,12.56633,2015,0
16414,66.352699,12.566335,2015,0
16415,66.3527129999999,12.566319,2015,0
16416,66.3527409999999,12.5663009999999,2015,0
16417,66.3527639999999,12.566024,2015,0
16418,66.35284,12.565981,2015,0
16419,66.352849,12.5659969999999,2015,0
16420,66.3528429999999,12.565989,2015,0
16421,66.3527809999999,12.565884,2015,0
16422,66.352744,12.565954,2015,0
16423,66.3526829999999,12.565829,2015,0
16424,66.3527569999999,12.565586,2015,0
16425,66.3527749999999,12.565367,2015,0
16426,66.3526899999999,12.565144,2015,0
16427,66.3525769999999,12.5648839999999,2015,0
16428,66.3525,12.56471,2015,0
16429,66.352433,12.564569,2015,0
16430,66.3523909999999,12.564508,2015,0
16431,66.352377,12.564465,2015,0
16432,66.352322,12.564417,2015,0
16433,66.352354,12.5645419999999,2015,0
16434,66.352354,12.56457,2015,0
16435,66.3524369999999,12.56445,2015,0
16436,66.3525269999999,12.56445,2015,0
16437,66.3526059999999,12.564392,2015,0
16438,66.3527789999999,12.564355,2015,0
16439,66.3528859999999,12.564424,2015,0
16440,66.352952,12.5644709999999,2015,0
16441,66.353012,12.564492,2015,0
16442,66.3530619999999,12.56442,2015,0
16443,66.3530829999999,12.564399,2015,0
16444,66.35311,12.5643829999999,2015,0
16445,66.353182,12.56441,2015,0
16446,66.3532459999999,12.564563,2015,0
16447,66.3532819999999,12.564653,2015,0
16448,66.353289,12.564714,2015,0
16449,66.353333,12.564804,2015,0
16450,66.3533719999999,12.56479,2015,0
16451,66.353491,12.5647009999999,2015,0
16452,66.3535229999999,12.564716,2015,0
16453,66.3535399999999,12.5647,2015,0
16454,66.3535059999999,12.564686,2015,0
16455,66.353519,12.565026,2015,0
16456,66.353582,12.565199,2015,0
16457,66.353577,12.5653609999999,2015,0
16458,66.3535739999999,12.5653799999999,2015,0
16459,66.3535689999999,12.5654039999999,2015,0
16460,66.3535689999999,12.565396,2015,0
16461,66.353588,12.56521,2015,0
16462,66.3536969999999,12.565265,2015,0
16463,66.35379,12.565223,2015,0
16464,66.353869,12.565215,2015,0
16465,66.353907,12.5652329999999,2015,0
16466,66.353998,12.565457,2015,0
16467,66.3540689999999,12.565791,2015,0
16468,66.3540739999999,12.56591,2015,0
16469,66.3540909999999,12.5659969999999,2015,0
16470,66.3539899999999,12.565579,2015,0
16471,66.353943,12.565462,2015,0
16472,66.353903,12.565369,2015,0
16473,66.353772,12.565104,2015,0
16474,66.3536309999999,12.565223,2015,0
16475,66.3535059999999,12.565244,2015,0
16476,66.3533249999999,12.5650309999999,2015,0
16477,66.3530339999999,12.5647939999999,2015,0
16478,66.352992,12.5649739999999,2015,0
16479,66.3529929999999,12.565181,2015,0
16480,66.3530229999999,12.565464,2015,0
16481,66.353058,12.5656269999999,2015,0
16482,66.35307,12.565675,2015,0
16483,66.3530729999999,12.565726,2015,0
16484,66.3530769999999,12.5658499999999,2015,0
16485,66.3531619999999,12.565389,2015,0
16486,66.3532179999999,12.565481,2015,0
16487,66.35325,12.565519,2015,0
16488,66.3532749999999,12.565535,2015,0
16489,66.353137,12.56516,2015,0
16490,66.3531299999999,12.5646819999999,2015,0
16491,66.353104,12.5644069999999,2015,0
16492,66.3530329999999,12.5641979999999,2015,0
16493,66.3529539999999,12.563995,2015,0
16494,66.352917,12.563905,2015,0
16495,66.352868,12.563806,2015,0
16496,66.3528349999999,12.563675,2015,0
16497,66.3528089999999,12.563601,2015,0
16498,66.352794,12.563504,2015,0
16499,66.352839,12.563233,2015,0
16500,66.351324,12.55995,2015,0
16501,66.3509559999999,12.559664,2015,0
16502,66.350599,12.55973,2015,0
16503,66.3506179999999,12.559664,2015,0
16504,66.3506529999999,12.559511,2015,0
16505,66.350662,12.5593819999999,2015,0
16506,66.350677,12.559142,2015,0
16507,66.350707,12.559053,2015,0
16508,66.3507319999999,12.559049,2015,0
16509,66.350783,12.559149,2015,0
16510,66.350802,12.559317,2015,0
16511,66.3508319999999,12.559397,2015,0
16512,66.3508389999999,12.55939,2015,0
16513,66.3508939999999,12.559369,2015,0
16514,66.350947,12.559528,2015,0
16515,66.350998,12.55971,2015,0
16516,66.3509449999999,12.5598379999999,2015,0
16517,66.350914,12.5595599999999,2015,0
16518,66.35065,12.559331,2015,0
16519,66.3504989999999,12.55915,2015,0
16520,66.3504279999999,12.558986,2015,0
16521,66.3503149999999,12.558671,2015,0
16522,66.350216,12.558502,2015,0
16523,66.3500829999999,12.558411,2015,0
16524,66.349964,12.558306,2015,0
16525,66.349866,12.5582309999999,2015,0
16526,66.3498199999999,12.558208,2015,0
16527,66.349731,12.558141,2015,0
16528,66.3496609999999,12.558025,2015,0
16529,66.3495839999999,12.5579009999999,2015,0
16530,66.3495029999999,12.5577489999999,2015,0
16531,66.349418,12.557606,2015,0
16532,66.349316,12.557439,2015,0
16533,66.3492229999999,12.5573359999999,2015,0
16534,66.3491499999999,12.5572199999999,2015,0
16535,66.3490869999999,12.5571629999999,2015,0
16536,66.3490259999999,12.557115,2015,0
16537,66.348932,12.557074,2015,0
16538,66.3488329999999,12.557035,2015,0
16539,66.348736,12.5569679999999,2015,0
16540,66.348633,12.556676,2015,0
16541,66.348645,12.556573,2015,0
16542,66.3486759999999,12.556505,2015,0
16543,66.348695,12.5564459999999,2015,0
16544,66.348713,12.556412,2015,0
16545,66.348758,12.556319,2015,0
16546,66.3487789999999,12.556269,2015,0
16547,66.348736,12.556398,2015,0
16548,66.3487389999999,12.5566669999999,2015,0
16549,66.348668,12.556765,2015,0
16550,66.3485799999999,12.556736,2015,0
16551,66.3485519999999,12.5566999999999,2015,0
16552,66.3484919999999,12.556709,2015,0
16553,66.3484569999999,12.556823,2015,0
16554,66.3484339999999,12.55692,2015,0
16555,66.3484129999999,12.557031,2015,0
16556,66.3483889999999,12.557114,2015,0
16557,66.3483679999999,12.557179,2015,0
16558,66.348342,12.557231,2015,0
16559,66.3483269999999,12.5572909999999,2015,0
16560,66.348318,12.557311,2015,0
16561,66.348313,12.5572979999999,2015,0
16562,66.348346,12.557123,2015,0
16563,66.3483059999999,12.557002,2015,0
16564,66.348281,12.556891,2015,0
16565,66.348228,12.556846,2015,0
16566,66.3481429999999,12.556781,2015,0
16567,66.3480919999999,12.556753,2015,0
16568,66.348056,12.5567449999999,2015,0
16569,66.3480409999999,12.556728,2015,0
16570,66.347987,12.556698,2015,0
16571,66.34792,12.556736,2015,0
16572,66.3477759999999,12.556785,2015,0
16573,66.3476339999999,12.556595,2015,0
16574,66.347509,12.556607,2015,0
16575,66.3474719999999,12.556559,2015,0
16576,66.347434,12.556501,2015,0
16577,66.3473919999999,12.556436,2015,0
16578,66.34735,12.556405,2015,0
16579,66.347327,12.5563959999999,2015,0
16580,66.34725,12.556417,2015,0
16581,66.3471969999999,12.556367,2015,0
16582,66.347172,12.556341,2015,0
16583,66.347126,12.5562799999999,2015,0
16584,66.3470599999999,12.556296,2015,0
16585,66.347031,12.556296,2015,0
16586,66.34698,12.556293,2015,0
16587,66.34693,12.556259,2015,0
16588,66.3468649999999,12.556215,2015,0
16589,66.3456151299999,12.5553494,2015,0
16590,66.3453892299999,12.55489745,2015,0
16591,66.34524532,12.5546381999999,2015,0
16592,66.3450955299999,12.5544481,2015,0
16593,66.3447525499999,12.55396337,2015,0
16594,66.3444254,12.55371309,2015,0
16595,66.3441890299999,12.55352366,2015,0
16596,66.3438005299999,12.5528967799999,2015,0
16597,66.3434721299999,12.5525263,2015,0
16598,66.34314808,12.55210653,2015,0
16599,66.3427334299999,12.55170445,2015,0
16600,66.3423947999999,12.55147797,2015,0
16601,66.3420532399999,12.55118586,2015,0
16602,66.3417912999999,12.55090591,2015,0
16603,66.3416088299999,12.5506972,2015,0
16604,66.34138989,12.55047474,2015,0
16605,66.34107926,12.5502707299999,2015,0
16606,66.3409309799999,12.55120548,2015,0
16607,66.34111706,12.55185675,2015,0
16608,66.3412617299999,12.55238087,2015,0
16609,66.34140967,12.55305997,2015,0
16610,66.3410516,12.55378425,2015,0
16611,66.34086954,12.55420586,2015,0
16612,66.3409694599999,12.55532501,2015,0
16613,66.3410475799999,12.5557490499999,2015,0
16614,66.3412405299999,12.55639857,2015,0
16615,66.34159802,12.55652765,2015,0
16616,66.34183262,12.55650787,2015,0
16617,66.3421502199999,12.55652773,2015,0
16618,66.34243143,12.55723818,2015,0
16619,66.34281549,12.55789122,2015,0
16620,66.3432288,12.5584855799999,2015,0
16621,66.3432982799999,12.55853637,2015,0
16622,66.3435031399999,12.5587470099999,2015,0
16623,66.3437033,12.5589865599999,2015,0
16624,66.3438464599999,12.55936056,2015,0
16625,66.3439723599999,12.55955821,2015,0
16626,66.3441723499999,12.5600050499999,2015,0
16627,66.3444096399999,12.5605829,2015,0
16628,66.3446429899999,12.56137524,2015,0
16629,66.3448413899999,12.56193674,2015,0
16630,66.3452024,12.56213112,2015,0
16631,66.34565125,12.5624968999999,2015,0
16632,66.34554036,12.5628849,2015,0
16633,66.34524347,12.5626917,2015,0
16634,66.34507734,12.56262138,2015,0
16635,66.34508363,12.56318154,2015,0
16636,66.3451682,12.56347289,2015,0
16637,66.34522947,12.5635288,2015,0
16638,66.3453683599999,12.56365218,2015,0
16639,66.34528228,12.56373282,2015,0
16640,66.34524448,12.56411579,2015,0
16641,66.34522495,12.56433589,2015,0
16642,66.34526418,12.56449197,2015,0
16643,66.34531581,12.56463957,2015,0
16644,66.34535889,12.56480193,2015,0
16645,66.3454135399999,12.5651371199999,2015,0
16646,66.34550658,12.56566065,2015,0
16647,63.3190993999999,9.8748703,2009,0
16648,63.3185997,9.8742905,2009,0
16649,63.3188018999999,9.8743,2009,0
16650,63.3181992,9.8712502,2009,0
16651,63.3181,9.8711901,2009,0
16652,63.3177986,9.8713503,2009,0
16653,63.3175011,9.8718395,2009,0
16654,63.3175011,9.8723202,2009,0
16655,63.3184012999999,9.87115,2009,0
16656,63.3181992,9.8711796,2009,0
16657,63.3222999999999,9.8246498,2009,0
16658,63.3223990999999,9.82480999999999,2009,0
16659,63.3223990999999,9.82516,2009,0
16660,63.3223990999999,9.8252497,2009,0
16661,63.3226013,9.8253803,2009,0
16662,63.3264999,9.8336296,2009,0
16663,63.3263016,9.8336401,2009,0
16664,63.3264008,9.8336697,2009,0
16665,63.3254013,9.83253,2009,0
16666,63.3252983,9.8324604,2009,0
16667,63.3250998999999,9.8319197,2009,0
16668,63.3251990999999,9.8317499,2009,0
16669,63.3246994,9.8308296,2009,0
16670,63.3247986,9.8312597,2009,0
16671,63.3302002,9.8443203,2009,0
16672,63.3302994,9.84446999999999,2009,0
16673,63.3302002,9.8442402,2009,0
16674,63.3698996999999,10.0815001,2009,0
16675,63.3699988999999,10.0823002,2009,0
16676,63.3700981,10.0834999,2009,0
16677,63.3698996999999,10.0836,2009,0
16678,63.3610000999999,10.0967999,2009,0
16679,63.3604011999999,10.0954999999999,2009,0
16680,63.3600998,10.0959997,2009,0
16681,63.3595009,10.0978002999999,2009,0
16682,63.3591995,10.0998001,2009,0
16683,63.3594016999999,10.1011,2009,0
16684,63.3563995,10.1057997,2009,0
16685,63.3564987,10.1061001,2009,0
16686,63.3567009,10.1058998,2009,0
16687,63.3568993,10.1050997,2009,0
16688,63.4333,9.9766302,2009,0
16689,63.4332008,9.9765596,2009,0
16690,63.4329986999999,9.97681049999999,2009,0
16691,63.4318999999999,9.9752502,2009,0
16692,63.4311981,9.9746599,2009,0
16693,63.4309998,9.97443009999999,2009,0
16694,63.4431,9.9791098,2009,0
16695,63.4426994,9.9797201,2009,0
16696,63.4421005,9.9807501,2009,0
16697,63.4430008,9.9787397,2009,0
16698,63.4427986,9.9786596,2009,0
16699,63.3771019,9.94464969999999,2009,0
16700,63.3768997,9.9446001,2009,0
16701,63.3768005,9.9443302,2009,0
16702,63.3763008,9.94402979999999,2009,0
16703,63.3759994999999,9.9437199,2009,0
16704,63.3754996999999,9.9453497,2009,0
16705,63.3754996999999,9.94488999999999,2009,0
16706,63.3754004999999,9.9445,2009,0
16707,63.3160019,10.1826,2009,0
16708,63.3162002999999,10.1824999,2009,0
16709,63.3166008,10.1820001999999,2009,0
16710,63.3165016,10.1820001999999,2009,0
16711,63.3165016,10.1817999,2009,0
16712,63.3166999999999,10.1868,2009,0
16713,63.3166008,10.1868,2009,0
16714,63.3166008,10.1866999,2009,0
16715,63.3165016,10.1865997,2009,0
16716,63.3163985999999,10.1865997,2009,0
16717,63.3162993999999,10.1864995999999,2009,0
16718,63.3160019,10.1865997,2009,0
16719,63.3158989,10.1866999,2009,0
16720,63.3157996999999,10.1868,2009,0
16721,63.3157004999999,10.1868,2009,0
16722,63.3154984,10.1870002999999,2009,0
16723,63.3179015999999,10.1885996,2009,0
16724,63.3176994,10.1893996999999,2009,0
16725,63.3176003,10.1897001,2009,0
16726,63.3171997,10.1899004,2009,0
16727,63.3170013,10.1903,2009,0
16728,63.3166999999999,10.1904001,2009,0
16729,63.3166008,10.1903,2009,0
16730,63.3165016,10.1901999,2009,0
16731,63.3162993999999,10.1899996,2009,0
16732,63.3163985999999,10.1905003,2009,0
16733,63.3162993999999,10.1906003999999,2009,0
16734,63.3165016,10.1911001,2009,0
16735,63.3166999999999,10.1912003,2009,0
16736,63.3167991999999,10.1912003,2009,0
16737,63.3170013,10.1913996,2009,0
16738,63.3171005,10.1913996,2009,0
16739,63.3171997,10.1912003,2009,0
16740,63.3172988999999,10.191,2009,0
16741,63.3177986,10.1906003999999,2009,0
16742,63.3181,10.1904001,2009,0
16743,63.3269997,10.2061996,2009,0
16744,63.3350982999999,10.2059002,2009,0
16745,63.3348999,10.2058000999999,2009,0
16746,63.3450011999999,10.1441002,2009,0
16747,63.3451004,10.1436996,2009,0
16748,63.3451004,10.1434002,2009,0
16749,63.3451004,10.1431999,2009,0
16750,63.3451996,10.1429996,2009,0
16751,63.3452988,10.1426000999999,2009,0
16752,63.3456000999999,10.1416998,2009,0
16753,63.3456000999999,10.1415004999999,2009,0
16754,63.3456993,10.1408997,2009,0
16755,63.3457985,10.1399002,2009,0
16756,63.3459014999999,10.1393995,2009,0
16757,63.3460006999999,10.1391001,2009,0
16758,63.3462982,10.1384001,2009,0
16759,63.3465995999999,10.1381998,2009,0
16760,63.3466987999999,10.1380997,2009,0
16761,63.3468018,10.1380997,2009,0
16762,63.3469009,10.1379994999999,2009,0
16763,63.3469009,10.1379003999999,2009,0
16764,63.3470001,10.1378001999999,2009,0
16765,63.3470993,10.1375999,2009,0
16766,63.3474007,10.1372994999999,2009,0
16767,63.3478011999999,10.1366996999999,2009,0
16768,63.3480988,10.1358995,2009,0
16769,63.3484000999999,10.1352996999999,2009,0
16770,63.3484000999999,10.1351995,2009,0
16771,63.3485985,10.1348,2009,0
16772,63.3487014999999,10.1346998,2009,0
16773,63.3488006999999,10.1345997,2009,0
16774,63.3488997999999,10.1344995,2009,0
16775,63.3493995999999,10.1335000999999,2009,0
16776,63.3494986999999,10.1330996,2009,0
16777,63.3493995999999,10.1303997,2009,0
16778,63.3498992999999,10.1295996,2009,0
16779,63.3499984999999,10.1295004,2009,0
16780,63.3501015,10.1295004,2009,0
16781,63.3502998,10.1292,2009,0
16782,63.3502998,10.1290998,2009,0
16783,63.350399,10.1288996,2009,0
16784,63.3504981999999,10.1288996,2009,0
16785,63.3504981999999,10.1254997,2009,0
16786,63.3506012,10.1251000999999,2009,0
16787,63.3508987,10.1246996,2009,0
16788,63.3508987,10.1245002999999,2009,0
16789,63.3512001,10.1240997,2009,0
16790,63.3512993,10.1239004,2009,0
16791,63.3518982,10.1187,2009,0
16792,63.3518982,10.1184998,2009,0
16793,63.3520011999999,10.1183996,2009,0
16794,63.3415985,10.1552,2009,0
16795,63.3418007,10.1549996999999,2009,0
16796,63.3418999,10.1548996,2009,0
16797,63.3423003999999,10.1548003999999,2009,0
16798,63.3423996,10.1548003999999,2009,0
16799,63.3423996,10.1546001,2009,0
16800,63.3424988,10.1546001,2009,0
16801,63.3424988,10.1545,2009,0
16802,63.3420982,10.1590004,2009,0
16803,63.3420982,10.1589003,2009,0
16804,63.3423003999999,10.1590004,2009,0
16805,63.3423996,10.1589003,2009,0
16806,63.3424988,10.1589003,2009,0
16807,63.3424988,10.1587,2009,0
16808,63.3424988,10.1585999,2009,0
16809,63.3424988,10.1582003,2009,0
16810,63.3260002,10.0846996,2009,0
16811,63.325901,10.0846003999999,2009,0
16812,63.3256988999999,10.0846003999999,2009,0
16813,63.3255996999999,10.0845003,2009,0
16814,63.3260993999999,10.0804005,2009,0
16815,63.3260002,10.0803002999999,2009,0
16816,63.3266982999999,10.0791998,2009,0
16817,63.3265991,10.0790997,2009,0
16818,63.3274994,10.0768003,2009,0
16819,63.3297005,10.0760001999999,2009,0
16820,63.3296013,10.0759001,2009,0
16821,63.3349990999999,10.0696001,2009,0
16822,63.3348999,10.0692997,2009,0
16823,63.3348007,10.0688,2009,0
16824,63.6218987,9.80813979999999,2009,0
16825,63.6217995,9.8086395,2009,0
16826,63.6206017,9.8119602,2009,0
16827,63.6207008,9.81173989999999,2009,0
16828,63.6208991999999,9.81143,2009,0
16829,63.6212006,9.8111095,2009,0
16830,63.6214980999999,9.8106899,2009,0
16831,63.6175994999999,9.8196802,2009,0
16832,63.6179008,9.8195601,2009,0
16833,63.6197013999999,9.8126402,2009,0
16834,63.6421013,9.8466301,2009,0
16835,63.6421013,9.84593959999999,2009,0
16836,63.6421013,9.8440504,2009,0
16837,63.6421013,9.8426399,2009,0
16838,63.6464995999999,9.7431803,2009,0
16839,63.6464995999999,9.7425804,2009,0
16840,63.6464995999999,9.7423897,2009,0
16841,63.6464995999999,9.7419796,2009,0
16842,63.6449013,9.7248096,2009,0
16843,63.6450996,9.72441959999999,2009,0
16844,63.6453017999999,9.7241402,2009,0
16845,63.6453017999999,9.7236004,2009,0
16846,63.638401,9.6847897,2009,0
16847,63.638401,9.6845303,2009,0
16848,63.6385993999999,9.6841497,2009,0
16849,63.6386985999999,9.68399999999999,2009,0
16850,63.6389008,9.6836796,2009,0
16851,63.6013985,9.5315905,2009,0
16852,63.6015014999999,9.5310602,2009,0
16853,63.6011008999999,9.53067019999999,2009,0
16854,63.5937995999999,9.5255804,2009,0
16855,63.5937995999999,9.5253496,2009,0
16856,63.5940018,9.5247898,2009,0
16857,63.594101,9.5245399,2009,0
16858,63.5942993,9.5240498,2009,0
16859,63.5942993,9.5227003,2009,0
16860,63.5942993,9.5223904,2009,0
16861,63.5938987999999,9.5229397,2009,0
16862,63.5938987999999,9.52235029999999,2009,0
16863,63.5928992999999,9.52688979999999,2009,0
16864,63.6170997999999,9.5955296,2009,0
16865,63.6172980999999,9.59548,2009,0
16866,63.6172980999999,9.5952997,2009,0
16867,63.6175003,9.5952597,2009,0
16868,63.6176986999999,9.5949001,2009,0
16869,63.6181983999999,9.5942297,2009,0
16870,63.6165008999999,9.5957003,2009,0
16871,63.6166991999999,9.59566019999999,2009,0
16872,63.6348990999999,9.67446039999999,2009,0
16873,63.6348990999999,9.6741896,2009,0
16874,63.6351013,9.6735401,2009,0
16875,63.6351013,9.67325969999999,2009,0
16876,63.6351013,9.6729097,2009,0
16877,63.6352005,9.6721296,2009,0
16878,63.6398009999999,9.68399999999999,2009,0
16879,63.6398009999999,9.6840696,2009,0
16880,63.644001,9.70411009999999,2009,0
16881,63.6442985999999,9.70331,2009,0
16882,63.6444016,9.70298,2009,0
16883,63.6442985999999,9.70856,2009,0
16884,63.6442985999999,9.70825,2009,0
16885,63.6446990999999,9.7075195,2009,0
16886,63.6447982999999,9.70749,2009,0
16887,63.6450005,9.7069597,2009,0
16888,63.6445999,9.7120399,2009,0
16889,63.6449013,9.71138,2009,0
16890,63.6450005,9.7110205,2009,0
16891,63.6451988,9.7105799,2009,0
16892,63.6455002,9.7096596,2009,0
16893,63.7433014,9.6768599,2009,0
16894,63.7235985,9.5255699,2009,0
16895,63.7233008999999,9.52534009999999,2009,0
16896,63.7235985,9.5258398,2009,0
16897,63.7234993,9.5257702,2009,0
16898,63.7275009,9.5144796,2009,0
16899,63.7275009,9.5144596,2009,0
16900,63.7274017,9.5141201,2009,0
16901,63.7271003999999,9.51377959999999,2009,0
16902,63.7263985,9.48447039999999,2009,0
16903,63.7263985,9.4843702,2009,0
16904,63.7262993,9.4842701,2009,0
16905,63.7261008999999,9.4742298,2009,0
16906,63.7262001,9.47416969999999,2009,0
16907,63.7262993,9.47418019999999,2009,0
16908,63.7042007,9.4888401,2009,0
16909,63.7042007,9.4890404,2009,0
16910,63.7042007,9.4889698,2009,0
16911,63.6996994,9.4896898,2009,0
16912,63.6996001999999,9.48962019999999,2009,0
16913,63.6996001999999,9.48952959999999,2009,0
16914,63.6954002,9.49141979999999,2009,0
16915,63.6954002,9.49145979999999,2009,0
16916,63.6952019,9.49143029999999,2009,0
16917,63.675499,9.44349,2009,0
16918,63.6755981,9.4438496,2009,0
16919,63.6758002999999,9.4440899,2009,0
16920,63.6796988999999,9.4428997,2009,0
16921,63.6800003,9.4427996,2009,0
16922,63.6800994999999,9.44275,2009,0
16923,63.6841010999999,9.4299898,2009,0
16924,63.6837997,9.4305496,2009,0
16925,63.6838989,9.4303904,2009,0
16926,63.6853981,9.4244299,2009,0
16927,63.6871986,9.42455009999999,2009,0
16928,63.6883010999999,9.42547989999999,2009,0
16929,63.6888999999999,9.4264603,2009,0
16930,63.6885985999999,9.43085,2009,0
16931,63.6884994999999,9.4308596,2009,0
16932,63.6884994999999,9.4306202,2009,0
16933,63.6931992,9.43002989999999,2009,0
16934,63.6935004999999,9.4292402,2009,0
16935,63.6982994,9.4494801,2009,0
16936,63.6983985999999,9.4493904,2009,0
16937,63.6985016,9.4492598,2009,0
16938,63.6986008,9.4491396,2009,0
16939,63.7025986,9.4484901,2009,0
16940,63.7028007999999,9.44841,2009,0
16941,63.7028007999999,9.4480801,2009,0
16942,63.7029991,9.4477797,2009,0
16943,63.7030983,9.4474401,2009,0
16944,63.7024002,9.4383202,2009,0
16945,63.7028007999999,9.4384098,2009,0
16946,63.7028998999999,9.43809989999999,2009,0
16947,63.7025986,9.39112,2009,0
16948,63.7025986,9.39074989999999,2009,0
16949,63.6996001999999,9.3679895,2009,0
16950,63.6996001999999,9.36781979999999,2009,0
16951,63.6952019,9.3685303,2009,0
16952,63.6953011,9.3686895,2009,0
16953,63.6955985999999,9.3690996,2009,0
16954,63.6959,9.38875009999999,2009,0
16955,63.6959,9.3886404,2009,0
16956,63.6959991,9.3885298,2009,0
16957,63.6915016,9.3898096,2009,0
16958,63.6916999999999,9.3901997,2009,0
16959,63.6916999999999,9.3896303,2009,0
16960,63.6920013,9.3999901,2009,0
16961,63.6920013,9.40034009999999,2009,0
16962,63.6921005,9.4000502,2009,0
16963,63.6922988999999,9.4098997,2009,0
16964,63.6922988999999,9.4098501,2009,0
16965,63.6922988999999,9.4099197,2009,0
16966,63.6822013999999,9.3813496,2009,0
16967,63.6823996999999,9.3821096,2009,0
16968,63.6817016999999,9.3828602,2009,0
16969,63.6809998,9.38414,2009,0
16970,63.6570015,9.3369198,2009,0
16971,63.657299,9.3361597,2009,0
16972,63.6576004,9.3354397,2009,0
16973,63.6580008999999,9.3341904,2009,0
16974,63.6581000999999,9.3338099,2009,0
16975,63.6573982,9.3336401,2009,0
16976,63.6453017999999,9.35844039999999,2009,0
16977,63.645401,9.3582201,2009,0
16978,63.645401,9.35791019999999,2009,0
16979,63.6455994,9.3685198,2009,0
16980,63.6456985,9.36830999999999,2009,0
16981,63.6458014999999,9.36781019999999,2009,0
16982,63.6437987999999,9.3596697,2009,0
16983,63.6439018,9.35947039999999,2009,0
16984,63.6441001999999,9.35945989999999,2009,0
16985,63.6439018,9.35966009999999,2009,0
16986,63.644001,9.3595304,2009,0
16987,63.6451988,9.3689699,2009,0
16988,63.6453017999999,9.36866,2009,0
16989,63.645401,9.3682804,2009,0
16990,63.6418991,9.38002009999999,2009,0
16991,63.6414985999999,9.3801298,2009,0
16992,63.6414985999999,9.3798704,2009,0
16993,63.6413002,9.3815804,2009,0
16994,63.6413993999999,9.38136959999999,2009,0
16995,63.6409987999999,9.38238999999999,2009,0
16996,63.6409987999999,9.3823404,2009,0
16997,63.6358985999999,9.3501501,2009,0
16998,63.6380004999999,9.3595896,2009,0
16999,63.6380004999999,9.3591204,2009,0
17000,63.6380004999999,9.3584099,2009,0
17001,63.6453017999999,9.4009199,2009,0
17002,63.6478996,9.3995304,2009,0
17003,63.6486014999999,9.3986597,2009,0
17004,63.6487006999999,9.39838029999999,2009,0
17005,63.6505013,9.41038039999999,2009,0
17006,63.6552009999999,9.4215298,2009,0
17007,63.6553000999999,9.4213495,2009,0
17008,63.6553000999999,9.42078019999999,2009,0
17009,63.6553000999999,9.4205904,2009,0
17010,63.6552009999999,9.41983029999999,2009,0
17011,63.656601,9.41732979999999,2009,0
17012,63.6567001,9.4162703,2009,0
17013,63.6567001,9.41503999999999,2009,0
17014,63.6603011999999,9.4042597,2009,0
17015,63.6599998,9.40344999999999,2009,0
17016,63.6585006999999,9.3977699,2009,0
17017,63.6585006999999,9.39770979999999,2009,0
17018,63.6585006999999,9.39766979999999,2009,0
17019,63.6585998999999,9.39780039999999,2009,0
17020,63.6582985,9.3973904,2009,0
17021,63.6581000999999,9.3970699,2009,0
17022,63.6580008999999,9.39702029999999,2009,0
17023,63.6580008999999,9.39700979999999,2009,0
17024,63.6579017999999,9.3968601,2009,0
17025,63.6576004,9.3966103,2009,0
17026,63.6573982,9.3964701,2009,0
17027,63.6515999,9.39884,2009,0
17028,63.6515007,9.39869979999999,2009,0
17029,63.6357994,9.46138,2009,0
17030,63.6357994,9.46096039999999,2009,0
17031,63.6313018999999,9.4624395,2009,0
17032,63.6314010999999,9.4621601,2009,0
17033,63.6319999999999,9.4609098,2009,0
17034,63.6319999999999,9.46016979999999,2009,0
17035,63.6319007999999,9.46018029999999,2009,0
17036,63.6319999999999,9.45991989999999,2009,0
17037,63.6319999999999,9.45960039999999,2009,0
17038,63.6319999999999,9.4595003,2009,0
17039,63.6395988,9.4511099,2009,0
17040,63.6395988,9.45108989999999,2009,0
17041,63.6394997,9.4507904,2009,0
17042,63.6394997,9.4506798,2009,0
17043,63.6394997,9.4505997,2009,0
17044,63.6394997,9.45055009999999,2009,0
17045,63.6395988,9.4504404,2009,0
17046,63.6391982999999,9.5042601,2009,0
17047,63.6394997,9.5049896,2009,0
17048,63.6398009999999,9.5057001,2009,0
17049,63.6403007999999,9.50774,2009,0
17050,63.638401,9.5311003,2009,0
17051,63.6383018,9.5311003,2009,0
17052,63.6383018,9.5311403,2009,0
17053,63.6383018,9.5309095,2009,0
17054,63.638401,9.5306902,2009,0
17055,63.6385002,9.5306797,2009,0
17056,63.6385002,9.5305204,2009,0
17057,63.6405983,9.5281401,2009,0
17058,63.6411018,9.5277596,2009,0
17059,63.6693001,9.6376896,2009,0
17060,63.6693001,9.63772009999999,2009,0
17061,63.6692009,9.6375198,2009,0
17062,63.6697005999999,9.6314297,2009,0
17063,63.6697998,9.63138009999999,2009,0
17064,63.6697998,9.6314001,2009,0
17065,63.669899,9.6314096,2009,0
17066,63.6689987,9.62747959999999,2009,0
17067,63.6689987,9.62736029999999,2009,0
17068,63.6689987,9.62714,2009,0
17069,63.6710014,9.6179304,2009,0
17070,63.6711006,9.6175003,2009,0
17071,63.6712989999999,9.61608979999999,2009,0
17072,63.6712989999999,9.6160803,2009,0
17073,63.6715012,9.61553,2009,0
17074,63.6720009,9.6150103,2009,0
17075,63.672699,9.61478999999999,2009,0
17076,63.6702994999999,9.6068697,2009,0
17077,63.6708983999999,9.6053305,2009,0
17078,63.6656989999999,9.5932703,2009,0
17079,63.6655998,9.5926905,2009,0
17080,63.6624984999999,9.5829802,2009,0
17081,63.6621017,9.5819902,2009,0
17082,63.6613997999999,9.5802298,2009,0
17083,63.6612014999999,9.5793695,2009,0
17084,63.6533012,9.5757303,2009,0
17085,63.6533012,9.5734901,2009,0
17086,63.6530990999999,9.5725498,2009,0
17087,63.6478004,9.5580997,2009,0
17088,63.6479988,9.5578699,2009,0
17089,63.6479988,9.55743979999999,2009,0
17090,63.6500015,9.5538101,2009,0
17091,63.6525001999999,9.5469904,2009,0
17092,63.6531981999999,9.53862,2009,0
17093,63.656601,9.5093203,2009,0
17094,63.6567001,9.5094004,2009,0
17095,63.6618995999999,9.5140104,2009,0
17096,63.6702002999999,9.5160503,2009,0
17097,63.6702994999999,9.5161304,2009,0
17098,63.6740989999999,9.5455904,2009,0
17099,63.6743011,9.5470304,2009,0
17100,63.6744995,9.5480099,2009,0
17101,63.6745986999999,9.54850959999999,2009,0
17102,63.6743011,9.5499401,2009,0
17103,63.6893005,9.5592203,2009,0
17104,63.6894988999999,9.5601501,2009,0
17105,63.6898003,9.5613699,2009,0
17106,63.6897011,9.5631504,2009,0
17107,63.6776009,9.5132198,2009,0
17108,63.6775017,9.51169969999999,2009,0
17109,63.6755981,9.5099201,2009,0
17110,63.7064018,9.5588598,2009,0
17111,63.7064018,9.5595303,2009,0
17112,63.709301,9.5573101,2009,0
17113,63.7094993999999,9.5569801,2009,0
17114,63.7248001,9.5772104,2009,0
17115,63.7247009,9.5776901,2009,0
17116,63.7256012,9.5893297,2009,0
17117,63.7256012,9.5896702,2009,0
17118,63.7256012,9.5910902,2009,0
17119,63.7256012,9.5913296,2009,0
17120,63.7276992999999,9.59434989999999,2009,0
17121,63.7276992999999,9.5944996,2009,0
17122,63.7279015,9.59484,2009,0
17123,63.7042999,11.0700997999999,2009,0
17124,63.7041016,11.0700997999999,2009,0
17125,63.7034987999999,11.0688,2009,0
17126,63.7030983,11.0678997,2009,0
17127,63.7024994,11.0640000999999,2009,0
17128,63.7019997,11.0643996999999,2009,0
17129,63.7018013,11.0646,2009,0
17130,63.7016982999999,11.0647001,2009,0
17131,63.7015991,11.0649004,2009,0
17132,63.7000007999999,11.0577001999999,2009,0
17133,63.7002983,11.0579003999999,2009,0
17134,63.7006988999999,11.0580997,2009,0
17135,63.7010002,11.0581999,2009,0
17136,63.7010002,11.0582999999999,2009,0
17137,63.7010993999999,11.0582999999999,2009,0
17138,63.7011985999999,11.0582999999999,2009,0
17139,63.7010002,11.0579003999999,2009,0
17140,63.7010002,11.0577001999999,2009,0
17141,63.7011985999999,11.0578003,2009,0
17142,63.7011985999999,11.0576,2009,0
17143,63.7010002,11.0565996,2009,0
17144,63.700901,11.0558996,2009,0
17145,63.7008018,11.0558004,2009,0
17146,63.7008018,11.0557003,2009,0
17147,63.700901,11.0548,2009,0
17148,63.7010002,11.0544004,2009,0
17149,63.7010002,11.0539999,2009,0
17150,63.7010993999999,11.0539999,2009,0
17151,63.7010993999999,11.0538998,2009,0
17152,63.7010993999999,11.0537004,2009,0
17153,63.7013016,11.0530995999999,2009,0
17154,63.7014008,11.052,2009,0
17155,63.7014008,11.0518999,2009,0
17156,63.7027015999999,11.0458002,2009,0
17157,63.7027015999999,11.0461998,2009,0
17158,63.7027015999999,11.0464001,2009,0
17159,63.7036018,11.0443000999999,2009,0
17160,63.7034987999999,11.0445004,2009,0
17161,63.7036018,11.0447998,2009,0
17162,63.7038002,11.0445004,2009,0
17163,63.7038002,11.0443000999999,2009,0
17164,63.7038993999999,11.0448999,2009,0
17165,63.7039985999999,11.0458002,2009,0
17166,63.7029991,11.0467996999999,2009,0
17167,63.7028007999999,11.0471001,2009,0
17168,63.7025986,11.0467996999999,2009,0
17169,63.7019005,11.0516995999999,2009,0
17170,63.7016982999999,11.0515003,2009,0
17171,63.7015991,11.0516004999999,2009,0
17172,63.7015991,11.0515003,2009,0
17173,63.7050017999999,11.0665998,2009,0
17174,63.7048988,11.0670996,2009,0
17175,63.7047005,11.0676003,2009,0
17176,63.7039985999999,11.0684996,2009,0
17177,63.703701,11.0684996,2009,0
17178,63.7033996999999,11.0684996,2009,0
17179,63.7033004999999,11.0684996,2009,0
17180,63.7032013,11.0684996,2009,0
17181,63.7075996,11.0690002,2009,0
17182,63.7074013,11.0695,2009,0
17183,63.7070007,11.0703001,2009,0
17184,63.7066993999999,11.0705996,2009,0
17185,63.7062987999999,11.0714998,2009,0
17186,63.7061004999999,11.0726004,2009,0
17187,63.7060012999999,11.0734996999999,2009,0
17188,63.7060012999999,11.0737,2009,0
17189,63.7058983,11.0740995,2009,0
17190,63.7057991,11.0742998,2009,0
17191,63.7585983,11.2340002,2009,0
17192,63.7582016,11.2341003,2009,0
17193,63.7585983,11.2342996999999,2009,0
17194,63.7588005,11.2343998,2009,0
17195,63.7587012999999,11.2341995,2009,0
17196,63.7585983,11.2341995,2009,0
17197,63.7585983,11.2341003,2009,0
17198,63.7584991,11.2339001,2009,0
17199,63.7593994,11.2306995,2009,0
17200,63.7596016,11.2306004,2009,0
17201,63.7597999999999,11.2305002,2009,0
17202,63.7598990999999,11.2305002,2009,0
17203,63.7597007999999,11.2309999,2009,0
17204,63.7594986,11.2313995,2009,0
17205,63.7594986,11.2313004,2009,0
17206,63.7593994,11.2313004,2009,0
17207,63.7579994,11.2377005,2009,0
17208,63.7579002,11.2379999,2009,0
17209,63.7579002,11.2381001,2009,0
17210,63.7578011,11.2382002,2009,0
17211,63.7575988999999,11.2382002,2009,0
17212,63.7579994,11.2416,2009,0
17213,63.7579002,11.2417002,2009,0
17214,63.7578011,11.2417002,2009,0
17215,63.7578011,11.2418003,2009,0
17216,63.7583008,11.2444,2009,0
17217,63.7582016,11.2441998,2009,0
17218,63.7580985999999,11.2440996,2009,0
17219,63.7591018999999,11.2480001,2009,0
17220,63.7589989,11.2480001,2009,0
17221,63.7599982999999,11.2529001,2009,0
17222,63.7599982999999,11.2530003,2009,0
17223,63.7598990999999,11.2531003999999,2009,0
17224,63.7629013,11.2610998,2009,0
17225,63.7627983,11.2617998,2009,0
17226,63.7625998999999,11.2624998,2009,0
17227,63.7624015999999,11.2632999,2009,0
17228,63.7624015999999,11.2634001,2009,0
17229,63.7622986,11.2637997,2009,0
17230,63.7622986,11.2636003,2009,0
17231,63.7454986999999,11.2922001,2009,0
17232,63.7452011,11.2916002,2009,0
17233,63.7449988999999,11.2921,2009,0
17234,63.7450981,11.2931004,2009,0
17235,63.7454986999999,11.2889996,2009,0
17236,63.7448005999999,11.2872,2009,0
17237,63.7440987,11.2868004,2009,0
17238,63.7438010999999,11.2861004,2009,0
17239,63.7435989,11.2855997,2009,0
17240,63.7434998,11.2853002999999,2009,0
17241,63.5647011,10.6604004,2009,0
17242,63.5647011,10.6612997,2009,0
17243,63.5646019,10.6616000999999,2009,0
17244,63.5644988999999,10.6623001,2009,0
17245,63.5643997,10.6625996,2009,0
17246,63.5642014,10.6627998,2009,0
17247,63.5638999999999,10.6634998,2009,0
17248,63.5638008,10.6639003999999,2009,0
17249,63.5637016,10.6643,2009,0
17250,63.5643997,10.6654997,2009,0
17251,63.5634994999999,10.6632996,2009,0
17252,63.5633010999999,10.6631002,2009,0
17253,63.5633010999999,10.6619997,2009,0
17254,63.5629996999999,10.6617002,2009,0
17255,63.5624007999999,10.6606998,2009,0
17256,63.5623015999999,10.6604004,2009,0
17257,63.5619011,10.6590004,2009,0
17258,63.5616989,10.6585999,2009,0
17259,63.5605011,10.6595001,2009,0
17260,63.5600013999999,10.6604996,2009,0
17261,63.5597992,10.6596002999999,2009,0
17262,63.5596007999999,10.6578999,2009,0
17263,63.5605011,10.6470003,2009,0
17264,63.5708008,10.6351995,2009,0
17265,63.5709,10.6363001,2009,0
17266,63.5710983,10.6353998,2009,0
17267,63.5712012999999,10.6349000999999,2009,0
17268,63.5713005,10.6348,2009,0
17269,63.5716018999999,10.6351995,2009,0
17270,63.5707016,10.6351995,2009,0
17271,63.5705985999999,10.6352996999999,2009,0
17272,63.5707016,10.6358004,2009,0
17273,63.5698013,10.6296997,2009,0
17274,63.5695991999999,10.6297998,2009,0
17275,63.5693016,10.6297998,2009,0
17276,63.5690993999999,10.6297998,2009,0
17277,63.5690001999999,10.6297998,2009,0
17278,63.5689010999999,10.6281003999999,2009,0
17279,63.5685997,10.6267996,2009,0
17280,63.5671005,10.6239995999999,2009,0
17281,63.5667991999999,10.6239004,2009,0
17282,63.5667991999999,10.6236,2009,0
17283,63.5668982999999,10.6234999,2009,0
17284,63.5670013,10.6231003,2009,0
17285,63.5670013,10.6230001,2009,0
17286,63.5668982999999,10.6232004,2009,0
17287,63.5667991999999,10.6230001,2009,0
17288,63.5665016,10.6221999999999,2009,0
17289,63.5663985999999,10.6218004,2009,0
17290,63.5671005,10.6207999999999,2009,0
17291,63.5680008,10.6190996,2009,0
17292,63.5668982999999,10.6050997,2009,0
17293,63.5671005,10.6050997,2009,0
17294,63.5671005,10.6056004,2009,0
17295,63.5671005,10.6054001,2009,0
17296,63.5668982999999,10.6047001,2009,0
17297,63.5672988999999,10.6006002,2009,0
17298,63.5671997,10.5993996,2009,0
17299,63.5670013,10.5987997,2009,0
17300,63.5667991999999,10.5987997,2009,0
17301,63.5666999999999,10.5987997,2009,0
17302,63.5666999999999,10.5988998,2009,0
17303,63.5665016,10.5977001,2009,0
17304,63.5663985999999,10.5977001,2009,0
17305,63.5662002999999,10.5972995999999,2009,0
17306,63.5661010999999,10.5967999,2009,0
17307,63.5657996999999,10.5963001,2009,0
17308,63.5654984,10.5952997,2009,0
17309,63.5653,10.5949001,2009,0
17310,63.5648994,10.5934,2009,0
17311,63.5648003,10.5934,2009,0
17312,63.5648994,10.5931997,2009,0
17313,63.5649986,10.5927,2009,0
17314,63.5649986,10.5924996999999,2009,0
17315,63.5646019,10.5921001,2009,0
17316,63.5644988999999,10.5921001,2009,0
17317,63.5642014,10.5915003,2009,0
17318,63.5640983999999,10.5911998999999,2009,0
17319,63.5791016,10.6148004999999,2009,0
17320,63.5788993999999,10.6146002,2009,0
17321,63.5788002,10.6149998,2009,0
17322,63.5788993999999,10.6153002,2009,0
17323,63.5789985999999,10.6156998,2009,0
17324,63.5791016,10.6162996,2009,0
17325,63.5792999,10.6169004,2009,0
17326,63.5797997,10.6169996,2009,0
17327,63.5800017999999,10.6174002,2009,0
17328,63.5800017999999,10.6166,2009,0
17329,63.5802002,10.6162996,2009,0
17330,63.5802994,10.6162004,2009,0
17331,63.5806998999999,10.6155005,2009,0
17332,63.5821990999999,10.6161002999999,2009,0
17333,63.5819016,10.6171998999999,2009,0
17334,63.5817985999999,10.618,2009,0
17335,63.5811004999999,10.6204003999999,2009,0
17336,63.5798988,10.6205997,2009,0
17337,63.5859985,10.6255998999999,2009,0
17338,63.5862006999999,10.6275996999999,2009,0
17339,63.5862006999999,10.6324997,2009,0
17340,63.5862006999999,10.6330996,2009,0
17341,63.5856017999999,10.6341,2009,0
17342,63.5853996,10.6344004,2009,0
17343,63.5864983,10.6427002,2009,0
17344,63.5867995999999,10.6401997,2009,0
17345,63.5904006999999,10.6216002,2009,0
17346,63.5903015,10.6223001,2009,0
17347,63.5891991,10.6213999,2009,0
17348,63.5873984999999,10.6198996999999,2009,0
17349,63.5872001999999,10.6198996999999,2009,0
17350,63.6090012,10.4980001,2009,0
17351,63.6092986999999,10.5077,2009,0
17352,63.6092986999999,10.507,2009,0
17353,63.6095009,10.5065002,2009,0
17354,63.6100005999999,10.5059004,2009,0
17355,63.6647986999999,10.6142998,2009,0
17356,63.6647986999999,10.6137999999999,2009,0
17357,63.6649017,10.6135997999999,2009,0
17358,63.6650009,10.6133003,2009,0
17359,63.6651000999999,10.6127996,2009,0
17360,63.6651992999999,10.6125001999999,2009,0
17361,63.6645011999999,10.6124001,2009,0
17362,63.664299,10.6117001,2009,0
17363,63.6641005999999,10.6110001,2009,0
17364,63.6638985,10.6106005,2009,0
17365,63.6627998,10.6097002,2009,0
17366,63.6624984999999,10.6094998999999,2009,0
17367,63.6618003999999,10.6096001,2009,0
17368,63.6609993,10.6094998999999,2009,0
17369,63.6609000999999,10.6094998999999,2009,0
17370,63.6623992999999,10.6099996999999,2009,0
17371,63.6624984999999,10.6097002,2009,0
17372,63.6624984999999,10.6096001,2009,0
17373,63.6624984999999,10.6092996999999,2009,0
17374,63.6652984999999,10.6141995999999,2009,0
17375,63.6654015,10.6146002,2009,0
17376,63.6654015,10.6147003,2009,0
17377,63.6657981999999,10.6156998,2009,0
17378,63.6660004,10.6161002999999,2009,0
17379,63.6661987,10.6167002,2009,0
17380,63.6665993,10.6175003,2009,0
17381,63.6707000999999,10.6218996,2009,0
17382,63.6707000999999,10.6217003,2009,0
17383,63.6702994999999,10.6212997,2009,0
17384,63.6702994999999,10.6213999,2009,0
17385,63.6707000999999,10.6219997,2009,0
17386,63.6707992999999,10.6229,2009,0
17387,63.6710014,10.6238002999999,2009,0
17388,63.6710014,10.6239995999999,2009,0
17389,63.6711006,10.625,2009,0
17390,63.6711997999999,10.6260004,2009,0
17391,63.7765999,11.4228001,2009,0
17392,63.7728996,11.4115,2009,0
17393,63.7728004,11.4111996,2009,0
17394,63.7727013,11.4111004,2009,0
17395,63.7727013,11.4119997,2009,0
17396,63.7728004,11.4119997,2009,0
17397,63.7728996,11.4134998,2009,0
17398,63.7728004,11.4143,2009,0
17399,63.7728004,11.4151001,2009,0
17400,63.7728996,11.4159001999999,2009,0
17401,63.7729988,11.4167004,2009,0
17402,63.7731017999999,11.4174995,2009,0
17403,63.773201,11.4181995,2009,0
17404,63.7734985,11.4188995,2009,0
17405,63.7737006999999,11.4196997,2009,0
17406,63.7739983,11.4202995,2009,0
17407,63.7745018,11.4212998999999,2009,0
17408,63.7747992999999,11.4218998,2009,0
17409,63.7751998999999,11.4224996999999,2009,0
17410,63.7755013,11.4229002,2009,0
17411,63.7756996,11.4233999,2009,0
17412,63.776001,11.4238005,2009,0
17413,63.7764014999999,11.4242001,2009,0
17414,63.7764014999999,11.4238997,2009,0
17415,63.7764014999999,11.4240999,2009,0
17416,63.7765999,11.4236001999999,2009,0
17417,63.7766991,11.4240999,2009,0
17418,63.7767982,11.4244003,2009,0
17419,63.7770003999999,11.4244003,2009,0
17420,63.7770996,11.4246998,2009,0
17421,63.7773017999999,11.4246998,2009,0
17422,63.7774009999999,11.4247999,2009,0
17423,63.7775992999999,11.4251003,2009,0
17424,63.7776985,11.4251003,2009,0
17425,63.7779006999999,11.4252005,2009,0
17426,63.7779998999999,11.4252996,2009,0
17427,63.7781981999999,11.4253997999999,2009,0
17428,63.7784004,11.4256001,2009,0
17429,63.7784996,11.4256001,2009,0
17430,63.7787018,11.4257002,2009,0
17431,63.778801,11.4257002,2009,0
17432,63.7789001,11.4258003,2009,0
17433,63.7790985,11.4259996,2009,0
17434,63.7792014999999,11.4260997999999,2009,0
17435,63.7793007,11.4260997999999,2009,0
17436,63.7794991,11.4261999,2009,0
17437,63.7795982,11.4262999999999,2009,0
17438,63.7798003999999,11.4265003,2009,0
17439,63.7798996,11.4266995999999,2009,0
17440,63.7801017999999,11.4268999,2009,0
17441,63.7803000999999,11.4268999,2009,0
17442,63.7803992999999,11.427,2009,0
17443,63.7804985,11.4273004999999,2009,0
17444,63.7806015,11.4275999,2009,0
17445,63.7807998999999,11.4277,2009,0
17446,63.7808989999999,11.4278002,2009,0
17447,63.7811012,11.4285002,2009,0
17448,63.7813987999999,11.4287004,2009,0
17449,63.7817001,11.4287996,2009,0
17450,63.7818984999999,11.4291,2009,0
17451,63.7820015,11.4296998999999,2009,0
17452,63.7820015,11.4301004,2009,0
17453,63.7818984999999,11.4306002,2009,0
17454,63.7817993,11.4313002,2009,0
17455,63.7817993,11.4320001999999,2009,0
17456,63.7817001,11.4324999,2009,0
17457,63.7817001,11.4331999,2009,0
17458,63.781601,11.4339999999999,2009,0
17459,63.7817001,11.4343996,2009,0
17460,63.8153,11.4092999,2009,0
17461,63.8152008,11.4088001,2009,0
17462,63.8151015999999,11.4084997,2009,0
17463,63.8161010999999,11.4055996,2009,0
17464,63.8158989,11.4055996,2009,0
17465,63.8154984,11.4062003999999,2009,0
17466,63.8152008,11.4055996,2009,0
17467,63.8148003,11.4049996999999,2009,0
17468,63.8146019,11.4041996,2009,0
17469,63.8023986999999,11.4240999,2009,0
17470,63.8022994999999,11.4247999,2009,0
17471,63.8037987,11.4243001999999,2009,0
17472,63.8075981,11.4245005,2009,0
17473,63.8082008,11.4231005,2009,0
17474,63.8088989,11.4165001,2009,0
17475,63.8115997,11.4149999999999,2009,0
17476,63.8125,11.4155998,2009,0
17477,63.8129996999999,11.4130001,2009,0
17478,63.8134994999999,11.4102001,2009,0
17479,63.8142014,11.4081001,2009,0
17480,63.8143005,11.4104004,2009,0
17481,63.8265991,11.4147997,2009,0
17482,63.8265991,11.4151001,2009,0
17483,63.8269005,11.4166002,2009,0
17484,63.8236008,11.4171,2009,0
17485,63.8237,11.4168997,2009,0
17486,63.8237991,11.4165001,2009,0
17487,63.8241997,11.4161997,2009,0
17488,63.8247986,11.4156999999999,2009,0
17489,63.8254013,11.4153004,2009,0
17490,63.8240012999999,11.4171,2009,0
17491,63.8241997,11.4180002,2009,0
17492,63.8244018999999,11.4188004,2009,0
17493,63.8247986,11.4196997,2009,0
17494,63.8254013,11.4202002999999,2009,0
17495,63.8256988999999,11.4204998,2009,0
17496,63.8260002,11.4211998,2009,0
17497,63.8260993999999,11.4219998999999,2009,0
17498,63.8260002,11.4226999,2009,0
17499,63.8260002,11.4231005,2009,0
17500,63.8261985999999,11.4237003,2009,0
17501,63.8268013,11.4238997,2009,0
17502,63.8270988,11.4236001999999,2009,0
17503,63.8275986,11.4237003,2009,0
17504,63.8278998999999,11.4242001,2009,0
17505,63.8283996999999,11.4247999,2009,0
17506,63.828701,11.4246998,2009,0
17507,63.8293991,11.4245005,2009,0
17508,63.8302002,11.4242001,2009,0
17509,63.8308983,11.4229002,2009,0
17510,63.8316993999999,11.4226999,2009,0
17511,63.8325996,11.4222002,2009,0
17512,63.8339004999999,11.4211998,2009,0
17513,63.8279991,11.4231005,2009,0
17514,63.8279991,11.4235001,2009,0
17515,63.8278998999999,11.4238997,2009,0
17516,63.8297997,11.4214001,2009,0
17517,63.8297997,11.4223003,2009,0
17518,63.8297997,11.4229002,2009,0
17519,63.8298988,11.4238997,2009,0
17520,63.8417014999999,11.4055003999999,2009,0
17521,63.8418999,11.4069996,2009,0
17522,63.8376007,11.4072999999999,2009,0
17523,63.8380013,11.4089003,2009,0
17524,63.8384018,11.4092999,2009,0
17525,63.8376998999999,11.3183001999999,2009,0
17526,63.8380013,11.3171997,2009,0
17527,63.8380013,11.3164997,2009,0
17528,63.8382987999999,11.3169003,2009,0
17529,63.8378982999999,11.3192997,2009,0
17530,63.8409996,11.3065996,2009,0
17531,63.8414001,11.3080997,2009,0
17532,63.8417014999999,11.3086004,2009,0
17533,63.8418007,11.3089999999999,2009,0
17534,63.8418007,11.3094997,2009,0
17535,63.8418999,11.3100004,2009,0
17536,63.8419991,11.3107004,2009,0
17537,63.8423003999999,11.3101997,2009,0
17538,63.8426017999999,11.3096999999999,2009,0
17539,63.8404006999999,11.3136997,2009,0
17540,63.8395003999999,11.3125,2009,0
17541,63.8391991,11.3123999,2009,0
17542,63.8389014999999,11.3121004,2009,0
17543,63.8387985,11.3108997,2009,0
17544,63.8390007,11.3102999,2009,0
17545,63.8395003999999,11.3101997,2009,0
17546,63.8400001999999,11.3106003,2009,0
17547,63.8404006999999,11.3112001,2009,0
17548,63.8406981999999,11.3119001,2009,0
17549,63.8409996,11.3123999,2009,0
17550,63.8408012,11.3127002999999,2009,0
17551,63.8408012,11.3128004,2009,0
17552,63.8406981999999,11.3130998999999,2009,0
17553,63.8405990999999,11.3130998999999,2009,0
17554,63.8405990999999,11.3125,2009,0
17555,63.8404998999999,11.3122997,2009,0
17556,63.8404006999999,11.3121996,2009,0
17557,63.8401985,11.3118,2009,0
17558,63.8400001999999,11.3115997,2009,0
17559,63.7582016,11.2361001999999,2009,0
17560,63.7579994,11.2362003,2009,0
17561,63.7582016,11.2365999,2009,0
17562,63.9656981999999,11.3136997,2009,0
17563,63.9655990999999,11.3135004,2009,0
17564,63.9654998999999,11.3137998999999,2009,0
17565,63.9655990999999,11.3142004,2009,0
17566,63.9645996,11.3156003999999,2009,0
17567,63.9631004,11.3164997,2009,0
17568,63.9630013,11.3173999999999,2009,0
17569,63.9627990999999,11.3180999999999,2009,0
17570,63.9631996,11.3183001999999,2009,0
17571,63.9641991,11.3195,2009,0
17572,63.9640999,11.3197002,2009,0
17573,63.9752007,11.3620996,2009,0
17574,63.9748001,11.3625001999999,2009,0
17575,63.9748001,11.3628997999999,2009,0
17576,63.9706000999999,11.375,2009,0
17577,63.9710006999999,11.375,2009,0
17578,63.9710998999999,11.3751000999999,2009,0
17579,63.9711989999999,11.3748999,2009,0
17580,63.9702988,11.3724003,2009,0
17581,63.9702988,11.3723001,2009,0
17582,63.9701004,11.3720999,2009,0
17583,63.9700011999999,11.3718004,2009,0
17584,63.9701004,11.3737001,2009,0
17585,63.9702988,11.3746004,2009,0
17586,63.9704017999999,11.3747997,2009,0
17587,63.9712982,11.3757,2009,0
17588,63.9715003999999,11.3760996,2009,0
17589,63.9718018,11.3767004,2009,0
17590,63.9720993,11.3774996,2009,0
17591,63.9726982,11.3779001,2009,0
17592,63.9730988,11.3786001,2009,0
17593,63.9735985,11.3781996,2009,0
17594,63.9737014999999,11.3781003999999,2009,0
17595,63.9738997999999,11.3780003,2009,0
17596,63.9740982,11.3779001,2009,0
17597,63.9742012,11.3780003,2009,0
17598,63.9744986999999,11.3787003,2009,0
17599,63.9744986999999,11.3792,2009,0
17600,63.9747009,11.3798999999999,2009,0
17601,63.9748992999999,11.3804998,2009,0
17602,63.9749984999999,11.3808001999999,2009,0
17603,63.975399,11.3800001,2009,0
17604,63.9757004,11.3797998,2009,0
17605,64.013298,11.4310999,2009,0
17606,64.0139008,11.4320001999999,2009,0
17607,64.0139999,11.4322996,2009,0
17608,64.0138015999999,11.4334001999999,2009,0
17609,64.0133972,11.4346999999999,2009,0
17610,64.0139999,11.4317999,2009,0
17611,64.0155029,11.4308004,2009,0
17612,64.0155029,11.4302998,2009,0
17613,64.021698,11.4062003999999,2009,0
17614,64.0214995999999,11.4064999,2009,0
17615,64.021698,11.4062996,2009,0
17616,64.0231018,11.4046001,2009,0
17617,64.0230025999999,11.4055003999999,2009,0
17618,64.0341034,11.3055,2009,0
17619,64.0339965999999,11.3044004,2009,0
17620,64.0339965999999,11.3044996,2009,0
17621,64.0805969,11.2737999,2009,0
17622,64.0809021,11.2730999,2009,0
17623,64.0809021,11.2731999999999,2009,0
17624,64.0800018,11.2714996,2009,0
17625,64.0777968999999,11.2797003,2009,0
17626,64.0776977999999,11.2796001,2009,0
17627,64.0700989,11.2346001,2009,0
17628,64.0699996999999,11.2348003,2009,0
17629,64.0699996999999,11.2349996999999,2009,0
17630,64.0660019,11.2236996,2009,0
17631,64.0660019,11.2235003,2009,0
17632,64.0435027999999,11.2154998999999,2009,0
17633,64.0434036,11.2153997,2009,0
17634,64.0300979999999,11.2280998,2009,0
17635,64.0299988,11.2278004,2009,0
17636,64.0298995999999,11.2276001,2009,0
17637,64.0255966,11.2200003,2009,0
17638,64.0254974,11.2197999999999,2009,0
17639,64.0263977,11.2411002999999,2009,0
17640,64.0264968999999,11.2424002,2009,0
17641,63.9462012999999,11.0131998,2009,0
17642,63.9460983,11.0131998,2009,0
17643,63.9048003999999,10.9394998999999,2009,0
17644,63.9045982,10.9399004,2009,0
17645,63.8806992,11.0485001,2009,0
17646,63.8806,11.0488997,2009,0
17647,63.8804015999999,11.0492001,2009,0
17648,63.8801994,11.0490999,2009,0
17649,63.8774986,11.0482998,2009,0
17650,63.8777008,11.0481005,2009,0
17651,63.8778,11.0481997,2009,0
17652,63.8787993999999,11.0738001,2009,0
17653,63.8788985999999,11.0741996999999,2009,0
17654,63.8785019,11.0743999,2009,0
17655,63.8638991999999,11.0481997,2009,0
17656,63.8638991999999,11.0481005,2009,0
17657,63.8637008999999,11.0478001,2009,0
17658,63.8582000999999,11.0497999,2009,0
17659,63.8581008999999,11.0496998,2009,0
17660,63.8582992999999,11.0497999,2009,0
17661,63.8009987,11.0570001999999,2009,0
17662,63.8008002999999,11.0571003,2009,0
17663,63.8005981,11.0572996,2009,0
17664,63.800499,11.0573996999999,2009,0
17665,63.7989006,11.0679998,2009,0
17666,63.7988014,11.0678997,2009,0
17667,63.7986983999999,11.0679998,2009,0
17668,63.7985991999999,11.0682001,2009,0
17669,63.8176003,11.2187003999999,2009,0
17670,63.8175011,11.2188997,2009,0
17671,63.8174019,11.2188997,2009,0
17672,63.8791999999999,11.3675003,2009,0
17673,63.8796005,11.3649998,2009,0
17674,63.8796005,11.3652,2009,0
17675,63.8796005,11.3662996,2009,0
17676,63.8796005,11.3673,2009,0
17677,63.8793982999999,11.3676996,2009,0
17678,63.8791999999999,11.3687,2009,0
17679,63.8792991999999,11.3689003,2009,0
17680,63.8790016,11.3684998,2009,0
17681,63.8786010999999,11.3666,2009,0
17682,63.8768005,11.3668003,2009,0
17683,63.8765983999999,11.3669996,2009,0
17684,63.8769988999999,11.3654002999999,2009,0
17685,63.8769988999999,11.3648995999999,2009,0
17686,63.8768005,11.3648995999999,2009,0
17687,63.8762016,11.3652,2009,0
17688,63.8757019,11.3652,2009,0
17689,63.8736,11.3650999,2009,0
17690,63.8736,11.3649998,2009,0
17691,63.8725013999999,11.3634996,2009,0
17692,63.8721007999999,11.3619003,2009,0
17693,63.8717995,11.3614998,2009,0
17694,63.8720015999999,11.3612003,2009,0
17695,63.8720015999999,11.3610001,2009,0
17696,63.8930015999999,11.3514996,2009,0
17697,63.8927994,11.3516998,2009,0
17698,63.8922997,11.3527001999999,2009,0
17699,63.8917007,11.3549004,2009,0
17700,63.8899002,11.3597002,2009,0
17701,63.8899002,11.3592996999999,2009,0
17702,63.8899994,11.3592996999999,2009,0
17703,63.8899994,11.3593998,2009,0
17704,63.8881988999999,11.3618001999999,2009,0
17705,63.8860016,11.3634004999999,2009,0
17706,63.8852005,11.3641995999999,2009,0
17707,63.8842009999999,11.3648004999999,2009,0
17708,63.8830985999999,11.3656998,2009,0
17709,63.8829994,11.3657999,2009,0
17710,63.8824996999999,11.3661002999999,2009,0
17711,63.8824005,11.3660002,2009,0
17712,63.8686981,11.3575000999999,2009,0
17713,63.8686981,11.3577002999999,2009,0
17714,63.8685989,11.3582000999999,2009,0
17715,63.8685989,11.3584995,2009,0
17716,63.8675003,11.3565998,2009,0
17717,63.8636016999999,11.3526001,2009,0
17718,63.8600005999999,11.3379002,2009,0
17719,63.8616981999999,11.3225002,2009,0
17720,63.8652,11.3078003,2009,0
17721,63.8703002999999,11.2909001999999,2009,0
17722,63.8700981,11.2896003999999,2009,0
17723,63.8695984,11.2881002,2009,0
17724,63.8688010999999,11.2865,2009,0
17725,63.868,11.2858,2009,0
17726,63.8678017,11.2854004,2009,0
17727,63.8676986999999,11.2851,2009,0
17728,63.8652992,11.2915001,2009,0
17729,63.8653983999999,11.2915001,2009,0
17730,63.8655013999999,11.2916002,2009,0
17731,63.8656006,11.2905998,2009,0
17732,63.8656006,11.2894001,2009,0
17733,63.8656006,11.2876996999999,2009,0
17734,63.860199,11.2938995,2009,0
17735,63.8602982,11.2945004,2009,0
17736,63.8356017999999,11.2980003,2009,0
17737,63.8358002,11.2976999,2009,0
17738,63.4626007,10.3903999,2009,0
17739,63.4630013,10.3905001,2009,0
17740,63.4592018,10.3896999,2009,0
17741,63.4594001999999,10.3896999,2009,0
17742,63.4571990999999,10.3910999,2009,0
17743,63.4572982999999,10.3914003,2009,0
17744,63.4576988,10.3917999,2009,0
17745,63.4546013,10.3848,2009,0
17746,63.4547005,10.3850002,2009,0
17747,63.4519997,10.3828001,2009,0
17748,63.4522017999999,10.3830004,2009,0
17749,63.4524002,10.3830004,2009,0
17750,63.4491005,10.3852996999999,2009,0
17751,63.4500998999999,10.3848,2009,0
17752,63.4501990999999,10.3844995,2009,0
17753,63.4502983,10.3846998,2009,0
17754,63.4501990999999,10.3844004,2009,0
17755,63.4500998999999,10.3842000999999,2009,0
17756,63.4510002,10.3858995,2009,0
17757,63.4511985999999,10.3858004,2009,0
17758,63.4518013,10.3858004,2009,0
17759,63.4520988,10.3856001,2009,0
17760,63.4524002,10.3851004,2009,0
17761,63.4524994,10.3850002,2009,0
17762,63.4533004999999,10.3892001999999,2009,0
17763,63.4533996999999,10.3882999,2009,0
17764,63.4536018,10.3881998,2009,0
17765,63.4528998999999,10.4642,2009,0
17766,63.4528998999999,10.4635,2009,0
17767,63.4431,10.4730997,2009,0
17768,63.4413985999999,10.4751996999999,2009,0
17769,63.4417991999999,10.4754,2009,0
17770,63.4396019,10.5008000999999,2009,0
17771,63.4328002999999,10.5227003,2009,0
17772,63.4328002999999,10.5226001999999,2009,0
17773,63.4350013999999,10.5185002999999,2009,0
17774,63.4318007999999,10.5580997,2009,0
17775,63.4320984,10.5581999,2009,0
17776,63.4323996999999,10.5579003999999,2009,0
17777,63.4327011,10.5574999,2009,0
17778,63.4331017,10.5572996,2009,0
17779,63.4594001999999,10.8961,2009,0
17780,63.4589995999999,10.8962001999999,2009,0
17781,63.4595984999999,10.8976001999999,2009,0
17782,63.4604988,10.8962001999999,2009,0
17783,63.4608994,10.8948002,2009,0
17784,63.4547997,10.8913002,2009,0
17785,63.4547997,10.8935002999999,2009,0
17786,63.4557991,10.8894997,2009,0
17787,59.8812019699999,10.51926199,2018,0
17788,66.2846330099999,13.24896203,2018,0
17789,66.28457702,13.24893597,2018,0
17790,66.31837201,13.31174601,2018,0
17791,66.31951899,13.46263502,2018,0
17792,66.3025090099999,13.4070329899999,2018,0
17793,66.3024810099999,13.40688497,2018,0
17794,66.302565,13.4071029799999,2018,0
17795,66.30425898,13.3888870099999,2018,0
17796,66.27470297,13.1847689799999,2018,0
17797,66.2744469799999,13.1847119799999,2018,0
17798,66.2748959999999,13.185104,2018,0
17799,66.27479601,13.18510098,2018,0
17800,66.2780109699999,13.15959997,2018,0
17801,66.278102,13.15958999,2018,0
17802,66.27816402,13.159663,2018,0
17803,66.2779470199999,13.159879,2018,0
17804,66.2694549699999,13.13991004,2018,0
17805,66.26938096,13.13966503,2018,0
17806,66.2706000299999,13.13624497,2018,0
17807,66.26191101,13.11104796,2018,0
17808,66.2617960099999,13.1112259899999,2018,0
17809,66.23024804,12.98886596,2018,0
17810,66.2303789599999,12.9890370399999,2018,0
17811,66.2294990299999,12.98410898,2018,0
17812,66.2174770299999,12.98685397,2018,0
17813,66.21732901,12.9871849699999,2018,0
17814,66.21600601,12.9813390099999,2018,0
17815,66.215889,12.9816749599999,2018,0
17816,66.21430599,12.9765490099999,2018,0
17817,66.2144199899999,12.97666904,2018,0
17818,66.55616996,13.22598103,2018,0
17819,66.5564400199999,13.22552598,2018,0
17820,66.55573603,13.2230659799999,2018,0
17821,66.55650599,13.221215,2018,0
17822,66.556853,13.22098601,2018,0
17823,66.556421,13.2214379599999,2018,0
17824,66.55645796,13.22110704,2018,0
17825,66.5567580299999,13.22070697,2018,0
17826,66.55715299,13.22031302,2018,0
17827,66.55722801,13.220007,2018,0
17828,66.5573849999999,13.21969402,2018,0
17829,66.55745801,13.219677,2018,0
17830,66.5564420399999,13.22112699,2018,0
17831,66.5571720199999,13.22960202,2018,0
17832,66.55729003,13.2299869999999,2018,0
17833,66.55738601,13.23031004,2018,0
17834,66.55744703,13.230318,2018,0
17835,66.556796,13.21893797,2018,0
17836,66.5569659899999,13.21861703,2018,0
17837,66.557083,13.21847999,2018,0
17838,66.55470103,13.214413,2018,0
17839,66.55488803,13.21427604,2018,0
17840,66.5551140099999,13.21400103,2018,0
17841,66.5553249799999,13.2137970199999,2018,0
17842,66.5555529699999,13.213608,2018,0
17843,66.5542800099999,13.20866704,2018,0
17844,66.5545509899999,13.20764503,2018,0
17845,66.554652,13.20749902,2018,0
17846,66.5547560199999,13.20728503,2018,0
17847,66.5549369799999,13.20676301,2018,0
17848,66.55514703,13.20585298,2018,0
17849,66.5552959799999,13.20544504,2018,0
17850,66.5554559899999,13.2049390199999,2018,0
17851,66.5557800299999,13.203885,2018,0
17852,66.5569919699999,13.20225698,2018,0
17853,66.55712097,13.20247499,2018,0
17854,66.55714201,13.20251397,2018,0
17855,66.55712097,13.20258697,2018,0
17856,66.5571699999999,13.20260298,2018,0
17857,66.5618649599999,13.19555196,2018,0
17858,66.56194098,13.19539597,2018,0
17859,66.56412799,13.1920260299999,2018,0
17860,66.5640849899999,13.19074603,2018,0
17861,66.56479301,13.1887849999999,2018,0
17862,66.56579096,13.1907740199999,2018,0
17863,66.56588601,13.19096697,2018,0
17864,66.56967899,13.18398602,2018,0
17865,66.5698730299999,13.18400798,2018,0
17866,66.57073502,13.18143197,2018,0
17867,66.5725249799999,13.1806470099999,2018,0
17868,66.57267099,13.18084097,2018,0
17869,66.57276697,13.18082596,2018,0
17870,66.5730200099999,13.18078296,2018,0
17871,66.5730650299999,13.1808029999999,2018,0
17872,66.5731790199999,13.18102797,2018,0
17873,66.57322001,13.18143901,2018,0
17874,66.5732360199999,13.18154496,2018,0
17875,66.57098397,13.1919360099999,2018,0
17876,66.5709329999999,13.19219199,2018,0
17877,66.57361899,13.19679097,2018,0
17878,66.5745020199999,13.19609603,2018,0
17879,66.57545102,13.1978239599999,2018,0
17880,66.5745519799999,13.19113302,2018,0
17881,66.57338597,13.19005804,2018,0
17882,66.573003,13.1880219899999,2018,0
17883,66.5733899899999,13.18749603,2018,0
17884,66.57342201,13.18780004,2018,0
17885,66.57319302,13.1869750099999,2018,0
17886,66.57443698,13.18574396,2018,0
17887,66.51886303,12.88914696,2018,0
17888,66.5186409899999,12.8887850299999,2018,0
17889,66.5185519799999,12.88857599,2018,0
17890,66.5184870199999,12.8883520199999,2018,0
17891,66.5177009599999,12.88409603,2018,0
17892,66.51559803,12.88139102,2018,0
17893,66.51393699,12.88103697,2018,0
17894,66.51369098,12.88074402,2018,0
17895,66.5120979999999,12.88081904,2018,0
17896,66.51189096,12.88080001,2018,0
17897,66.511696,12.88067504,2018,0
17898,66.5114199799999,12.88063003,2018,0
17899,66.50945996,12.88042601,2018,0
17900,66.50910297,12.87795201,2018,0
17901,66.5096929799999,12.8687979699999,2018,0
17902,66.51484198,12.86629999,2018,0
17903,66.51459203,12.86554897,2018,0
17904,66.514486,12.86524303,2018,0
17905,66.5138949899999,12.86391098,2018,0
17906,66.506088,12.86493802,2018,0
17907,66.50593797,12.86469804,2018,0
17908,66.5058429999999,12.86437802,2018,0
17909,66.5036010099999,12.85669098,2018,0
17910,66.50352096,12.85626501,2018,0
17911,66.5022080199999,12.8564110199999,2018,0
17912,66.50228597,12.85662501,2018,0
17913,66.49715901,12.90984498,2018,0
17914,66.49819904,12.9097899999999,2018,0
17915,66.4982189899999,12.9082659999999,2018,0
17916,66.4983380099999,12.90882097,2018,0
17917,66.4952930299999,12.901191,2018,0
17918,66.50030499,12.88880398,2018,0
17919,66.4982199899999,12.88401397,2018,0
17920,66.4967410099999,12.87558303,2018,0
17921,66.4948059599999,12.87001703,2018,0
17922,66.49562697,12.86860401,2018,0
17923,66.49579796,12.86914104,2018,0
17924,66.4959530299999,12.86940197,2018,0
17925,66.4960169799999,12.8695369999999,2018,0
17926,66.49607398,12.869797,2018,0
17927,66.49612804,12.87019498,2018,0
17928,66.4961530199999,12.87059303,2018,0
17929,66.49617003,12.87076998,2018,0
17930,66.49617003,12.87114901,2018,0
17931,66.49619803,12.87152904,2018,0
17932,66.4962230099999,12.8718949899999,2018,0
17933,66.49625896,12.8723939699999,2018,0
17934,66.4947969899999,12.86254196,2018,0
17935,66.4947549999999,12.86307002,2018,0
17936,66.49482197,12.86347403,2018,0
17937,66.49475902,12.86396798,2018,0
17938,66.50113899,12.88350896,2018,0
17939,66.5012669799999,12.88407398,2018,0
17940,66.50147402,12.8847000299999,2018,0
17941,66.5015719999999,12.88504997,2018,0
17942,66.50173402,12.88559597,2018,0
17943,66.50182899,12.88588397,2018,0
17944,66.5040289899999,12.89302502,2018,0
17945,66.504103,12.89368602,2018,0
17946,66.5065009799999,12.89700399,2018,0
17947,66.50659201,12.8978720199999,2018,0
17948,66.50677297,12.89844803,2018,0
17949,66.5077890299999,12.89367696,2018,0
17950,66.50792599,12.8942050199999,2018,0
17951,66.50803403,12.89529199,2018,0
17952,66.5081139899999,12.89565702,2018,0
17953,66.5081770299999,12.89592097,2018,0
17954,66.50826202,12.89632003,2018,0
17955,66.50906199,12.90122503,2018,0
17956,66.50928,12.90181504,2018,0
17957,66.50940497,12.90221502,2018,0
17958,66.50954604,12.9026219599999,2018,0
17959,66.51452003,12.89574503,2018,0
17960,66.5148180099999,12.89541797,2018,0
17961,66.51600396,12.894015,2018,0
17962,66.516399,12.89457601,2018,0
17963,66.5166129899999,12.89474901,2018,0
17964,66.51668399,12.89481204,2018,0
17965,66.51431501,12.88901201,2018,0
17966,66.5143010099999,12.8896170199999,2018,0
17967,66.49289799,12.73993199,2018,0
17968,66.492958,12.74031102,2018,0
17969,66.4924150199999,12.7406410099999,2018,0
17970,66.4926199599999,12.74067496,2018,0
17971,66.49269003,12.740653,2018,0
17972,66.49274502,12.7406479699999,2018,0
17973,66.49286999,12.7405860299999,2018,0
17974,66.4929500399999,12.74097,2018,0
17975,66.49078801,12.74452703,2018,0
17976,66.4909620199999,12.74400299,2018,0
17977,66.49102698,12.74370904,2018,0
17978,66.49108096,12.74353,2018,0
17979,66.49115698,12.7433440099999,2018,0
17980,66.4880189699999,12.74237699,2018,0
17981,66.4882330399999,12.7423309699999,2018,0
17982,66.48278899,12.73428602,2018,0
17983,66.48340104,12.732169,2018,0
17984,66.48317498,12.732585,2018,0
17985,66.4838300299999,12.73111104,2018,0
17986,66.4849899999999,12.72408399,2018,0
17987,66.48505697,12.7201289899999,2018,0
17988,66.485264,12.72016603,2018,0
17989,66.48532301,12.72029998,2018,0
17990,66.48554002,12.72061204,2018,0
17991,66.48673302,12.72150597,2018,0
17992,66.48697902,12.7216349599999,2018,0
17993,66.48727499,12.72227601,2018,0
17994,66.48742796,12.72253602,2018,0
17995,66.4878079899999,12.72520398,2018,0
17996,66.488011,12.72560799,2018,0
17997,66.4884279999999,12.72514598,2018,0
17998,66.4937019799999,12.71230297,2018,0
17999,66.4947620399999,12.702443,2018,0
18000,66.49483496,12.70236304,2018,0
18001,66.49509204,12.70193296,2018,0
18002,66.49527401,12.70150004,2018,0
18003,66.49533603,12.70111104,2018,0
18004,67.40755901,14.85853999,2018,0
18005,67.40678703,14.85551102,2018,0
18006,67.4065580399999,14.85559501,2018,0
18007,67.4042510099999,14.85488196,2018,0
18008,67.4041869699999,14.85559098,2018,0
18009,67.40415,14.8553660099999,2018,0
18010,67.40408404,14.85522604,2018,0
18011,67.40336403,14.8533970199999,2018,0
18012,67.4017220199999,14.864625,2018,0
18013,67.401604,14.86462802,2018,0
18014,67.4014999799999,14.86439098,2018,0
18015,67.40135204,14.864236,2018,0
18016,67.4012099699999,14.86404397,2018,0
18017,67.3975930099999,14.85600002,2018,0
18018,67.39737902,14.85573096,2018,0
18019,67.39671601,14.85569601,2018,0
18020,67.39612701,14.8588880099999,2018,0
18021,67.39618099,14.86165898,2018,0
18022,67.39607404,14.86183198,2018,0
18023,67.3959049799999,14.8617589799999,2018,0
18024,67.3958059899999,14.8617019799999,2018,0
18025,67.39575997,14.8616449799999,2018,0
18026,67.3952999699999,14.8630079599999,2018,0
18027,67.3950530399999,14.86250203,2018,0
18028,67.40441504,14.86479096,2018,0
18029,67.40438797,14.8647140199999,2018,0
18030,67.4054360399999,14.86345899,2018,0
18031,67.4067059799999,14.8643199799999,2018,0
18032,67.4064000399999,14.86205603,2018,0
18033,67.40772497,14.86621496,2018,0
18034,67.4089919799999,14.86582998,2018,0
18035,67.40898301,14.86644102,2018,0
18036,67.408996,14.86662199,2018,0
18037,67.41115602,14.87478898,2018,0
18038,67.41114998,14.87504002,2018,0
18039,67.4111359799999,14.87528703,2018,0
18040,67.411512,14.87595599,2018,0
18041,67.41227902,14.87781401,2018,0
18042,67.412289,14.87803001,2018,0
18043,67.41390998,14.8781350299999,2018,0
18044,67.41389598,14.87867801,2018,0
18045,67.4139050299999,14.87931797,2018,0
18046,67.41195104,14.85827001,2018,0
18047,67.4129349899999,14.85845902,2018,0
18048,67.41609296,14.8593960299999,2018,0
18049,67.41653603,14.85727801,2018,0
18050,67.41844199,14.85810103,2018,0
18051,67.41970003,14.85787899,2018,0
18052,67.4197270199999,14.85743903,2018,0
18053,67.4197749599999,14.85675196,2018,0
18054,67.4198990099999,14.85644401,2018,0
18055,67.400885,14.58496397,2018,0
18056,67.40054897,14.58941602,2018,0
18057,67.4000469799999,14.59429798,2018,0
18058,67.40050899,14.59411701,2018,0
18059,67.40043498,14.593899,2018,0
18060,67.3989699899999,14.59432304,2018,0
18061,67.39827597,14.59386497,2018,0
18062,67.39840404,14.597782,2018,0
18063,67.39918498,14.61264999,2018,0
18064,67.40076698,14.6301750399999,2018,0
18065,67.40021504,14.6310889999999,2018,0
18066,67.39896697,14.6320799899999,2018,0
18067,67.3989360399999,14.63107198,2018,0
18068,67.3879180299999,14.6159269799999,2018,0
18069,67.3877219799999,14.6166779899999,2018,0
18070,67.38768099,14.6166860399999,2018,0
18071,67.3835600299999,14.61339396,2018,0
18072,67.38345601,14.6142189899999,2018,0
18073,67.3824169899999,14.60845099,2018,0
18074,67.3809949999999,14.607144,2018,0
18075,67.3793020199999,14.59585098,2018,0
18076,67.3880190299999,14.60019104,2018,0
18077,67.3878489599999,14.5938399899999,2018,0
18078,67.3892140399999,14.59162499,2018,0
18079,67.3952830399999,14.59901104,2018,0
18080,67.39182198,14.58668302,2018,0
18081,67.393004,14.58825898,2018,0
18082,67.39235499,14.589786,2018,0
18083,67.3923509699999,14.59012102,2018,0
18084,67.3923819799999,14.5903070199999,2018,0
18085,67.3920549999999,14.5712869699999,2018,0
18086,67.3934309699999,14.57521096,2018,0
18087,67.3944160199999,14.57237997,2018,0
18088,67.3932159799999,14.56778501,2018,0
18089,67.39337398,14.56794301,2018,0
18090,67.39357003,14.56841097,2018,0
18091,67.39739201,14.58208697,2018,0
18092,67.3996970299999,14.5823710299999,2018,0
18093,67.8034170199999,15.38016602,2018,0
18094,67.80440901,15.38232696,2018,0
18095,67.80739398,15.38049501,2018,0
18096,67.8076509699999,15.380996,2018,0
18097,67.8103940299999,15.38008204,2018,0
18098,67.81153003,15.3828489899999,2018,0
18099,67.812432,15.38220299,2018,0
18100,67.81305998,15.3831280199999,2018,0
18101,67.81396497,15.38274103,2018,0
18102,67.8142170099999,15.38269702,2018,0
18103,67.8144089599999,15.3826390199999,2018,0
18104,67.8146459999999,15.38263399,2018,0
18105,67.81487298,15.38265604,2018,0
18106,67.8149859699999,15.38259904,2018,0
18107,67.81670501,15.3839989799999,2018,0
18108,67.81667702,15.38561803,2018,0
18109,67.82136803,15.3890069999999,2018,0
18110,67.82156702,15.38894104,2018,0
18111,67.82171203,15.3890429599999,2018,0
18112,67.8220349799999,15.3887569699999,2018,0
18113,67.8221560199999,15.38879,2018,0
18114,67.82230002,15.38880399,2018,0
18115,67.8224000099999,15.3888120399999,2018,0
18116,67.822512,15.38880399,2018,0
18117,67.82306504,15.41248798,2018,0
18118,67.8226119899999,15.41252,2018,0
18119,67.82289396,15.41277104,2018,0
18120,67.82309496,15.41292703,2018,0
18121,67.8204180299999,15.41405196,2018,0
18122,67.8200300299999,15.41494204,2018,0
18123,67.8183709999999,15.4150960099999,2018,0
18124,67.8186350299999,15.4154170399999,2018,0
18125,67.81803003,15.41685504,2018,0
18126,67.8182939699999,15.41702997,2018,0
18127,67.81726602,15.41869001,2018,0
18128,67.8160939699999,15.417078,2018,0
18129,67.8156089999999,15.41876502,2018,0
18130,67.8141640399999,15.42099704,2018,0
18131,67.8129520199999,15.42229397,2018,0
18132,67.8117059599999,15.425045,2018,0
18133,67.8119190299999,15.4253650199999,2018,0
18134,67.81211802,15.42585502,2018,0
18135,67.81230904,15.4259359899999,2018,0
18136,67.81262202,15.4267,2018,0
18137,67.7587839699999,15.45718096,2018,0
18138,67.75901598,15.45760098,2018,0
18139,67.7038529999999,15.24724497,2018,0
18140,67.69192203,15.28378403,2018,0
18141,67.69371701,15.2857130399999,2018,0
18142,67.6948599699999,15.2842600399999,2018,0
18143,67.6961549699999,15.28384999,2018,0
18144,67.6978809799999,15.28433698,2018,0
18145,67.6973649899999,15.2742089599999,2018,0
18146,67.6971199799999,15.26908401,2018,0
18147,67.6979,15.26911503,2018,0
18148,67.69799598,15.26972598,2018,0
18149,67.6981180199999,15.270203,2018,0
18150,67.69820703,15.27050198,2018,0
18151,67.69796404,15.25968698,2018,0
18152,67.69294001,15.26773402,2018,0
18153,67.69125198,15.26809503,2018,0
18154,67.691686,15.27040198,2018,0
18155,67.69199202,15.27514597,2018,0
18156,67.68739798,15.25085002,2018,0
18157,67.7013209899999,15.24730003,2018,0
18158,67.7015540099999,15.2478409999999,2018,0
18159,67.95148602,15.87691097,2018,0
18160,67.95142902,15.87713501,2018,0
18161,67.9508069999999,15.87860101,2018,0
18162,67.9490959999999,15.88065298,2018,0
18163,67.9485609799999,15.88118699,2018,0
18164,67.9464189899999,15.88254796,2018,0
18165,67.94343797,15.88683204,2018,0
18166,67.94223499,15.88136704,2018,0
18167,67.94253901,15.88276698,2018,0
18168,67.9414770199999,15.87735998,2018,0
18169,67.9415309999999,15.87673998,2018,0
18170,67.94130703,15.87572199,2018,0
18171,67.9422289599999,15.87036101,2018,0
18172,67.9366239799999,15.86721797,2018,0
18173,67.9368890199999,15.86765097,2018,0
18174,67.93651099,15.863484,2018,0
18175,67.9356309799999,15.86767,2018,0
18176,67.9347559899999,15.87101396,2018,0
18177,67.93351798,15.87088002,2018,0
18178,67.92927297,15.84842599,2018,0
18179,67.9291439699999,15.8482369799999,2018,0
18180,67.92899997,15.84842197,2018,0
18181,67.9354680299999,15.8352229799999,2018,0
18182,67.93736201,15.83451102,2018,0
18183,67.94502701,15.875306,2018,0
18184,67.94499801,15.87158301,2018,0
18185,67.9487359999999,15.86406503,2018,0
18186,67.950102,15.86419998,2018,0
18187,67.94934,15.85906698,2018,0
18188,67.9509420299999,15.860537,2018,0
18189,67.9577010299999,15.43361499,2018,0
18190,67.9588109599999,15.43565498,2018,0
18191,67.9587520399999,15.43118097,2018,0
18192,67.95882102,15.43052701,2018,0
18193,67.9541620199999,15.41160101,2018,0
18194,67.9531550199999,15.4081189999999,2018,0
18195,67.9537399999999,15.40701301,2018,0
18196,67.9531019599999,15.40466599,2018,0
18197,67.95225799,15.39802501,2018,0
18198,67.9540099799999,15.39663403,2018,0
18199,67.953871,15.3969099699999,2018,0
18200,67.9537529899999,15.3972279699999,2018,0
18201,67.95661599,15.39655499,2018,0
18202,67.9564660399999,15.39699303,2018,0
18203,67.9585699799999,15.40107803,2018,0
18204,67.9572479899999,15.40743596,2018,0
18205,67.95607402,15.40911896,2018,0
18206,67.95600303,15.40903699,2018,0
18207,67.95771603,15.41757697,2018,0
18208,67.9580539899999,15.4165559699999,2018,0
18209,67.960183,15.408435,2018,0
18210,67.96003598,15.40676599,2018,0
18211,67.9632340099999,15.4021100099999,2018,0
18212,67.96337801,15.402252,2018,0
18213,67.96396097,15.41309098,2018,0
18214,67.966108,15.41387804,2018,0
18215,67.96604304,15.41418398,2018,0
18216,67.9658990399999,15.4145999699999,2018,0
18217,67.96766904,15.40637699,2018,0
18218,67.96950501,15.41440601,2018,0
18219,67.969603,15.42296201,2018,0
18220,67.96573902,15.4317400399999,2018,0
18221,67.9656009699999,15.43179402,2018,0
18222,67.96558899,15.43178698,2018,0
18223,67.9758470099999,15.41989197,2018,0
18224,67.97731896,15.41555501,2018,0
18225,67.97718996,15.415569,2018,0
18226,67.9726169599999,15.40335598,2018,0
18227,67.968596,15.38549398,2018,0
18228,67.9666539899999,15.37967199,2018,0
18229,68.3994959799999,16.8258340199999,2018,0
18230,68.4225649899999,16.73820801,2018,0
18231,68.42262601,16.7381459799999,2018,0
18232,68.4519599799999,17.08553899,2018,0
18233,68.4520479899999,17.0856880199999,2018,0
18234,68.3775679999999,17.03325603,2018,0
18235,68.365288,15.33722696,2018,0
18236,68.42886197,15.48689296,2018,0
18237,68.39303898,15.39107398,2018,0
18238,68.3625949799999,15.33053099,2018,0
18239,68.365863,15.3191610199999,2018,0
18240,68.32078798,15.22888198,2018,0
18241,68.32033603,15.22813498,2018,0
18242,68.3152669899999,15.21934999,2018,0
18243,68.31519901,15.2191140399999,2018,0
18244,68.3150329599999,15.21839697,2018,0
18245,68.3149519899999,15.2182760199999,2018,0
18246,68.31485904,15.21818097,2018,0
18247,68.31471403,15.21842899,2018,0
18248,68.3153030299999,15.2241509799999,2018,0
18249,68.31526397,15.22405199,2018,0
18250,68.31516003,15.22391,2018,0
18251,68.31508401,15.22402902,2018,0
18252,68.339488,15.29222201,2018,0
18253,68.3394449999999,15.292495,2018,0
18254,68.3393679699999,15.29265703,2018,0
18255,68.3421169899999,15.2949379899999,2018,0
18256,68.3422070099999,15.29487102,2018,0
18257,68.34221698,15.29470104,2018,0
18258,68.3394429899999,15.70865298,2018,0
18259,68.34198204,15.71765397,2018,0
18260,68.34007398,15.73083401,2018,0
18261,68.3426440399999,15.72990001,2018,0
18262,68.3413200399999,15.741921,2018,0
18263,68.34297596,15.75228397,2018,0
18264,68.3430489699999,15.75177996,2018,0
18265,68.3442719699999,15.757567,2018,0
18266,68.34478,15.74928601,2018,0
18267,68.343975,15.74797902,2018,0
18268,68.3454300199999,15.74325196,2018,0
18269,68.3469479799999,15.74672601,2018,0
18270,68.35057399,15.76113702,2018,0
18271,68.3506370199999,15.7605859899999,2018,0
18272,68.3506879899999,15.7601109899999,2018,0
18273,68.35065898,15.75529701,2018,0
18274,68.35211802,15.745502,2018,0
18275,68.35197997,15.73794496,2018,0
18276,68.35509201,15.734831,2018,0
18277,68.3604290199999,15.72611801,2018,0
18278,68.35985804,15.73315504,2018,0
18279,68.3614340099999,15.7476210299999,2018,0
18280,68.35488003,15.74768499,2018,0
18281,68.35581603,15.75354503,2018,0
18282,68.3559130099999,15.75344101,2018,0
18283,68.35598996,15.75301898,2018,0
18284,68.356054,15.75269904,2018,0
18285,68.35610798,15.7523650199999,2018,0
18286,68.35351998,15.76538798,2018,0
18287,68.35297298,15.76438299,2018,0
18288,68.35224601,15.767016,2018,0
18289,68.35220302,15.76693503,2018,0
18290,68.3521900199999,15.7667689899999,2018,0
18291,68.3521740099999,15.76658903,2018,0
18292,68.3521300099999,15.76627001,2018,0
18293,68.3521040199999,15.76591101,2018,0
18294,68.3520910299999,15.76557004,2018,0
18295,68.3422899899999,15.7655309799999,2018,0
18296,68.34228203,15.76531699,2018,0
18297,68.3396709799999,15.7627600099999,2018,0
18298,68.33901803,15.75938503,2018,0
18299,68.3349719999999,15.76012004,2018,0
18300,68.33496404,15.75961897,2018,0
18301,68.33576501,15.7560320199999,2018,0
18302,68.3385599599999,15.7481530299999,2018,0
18303,68.3339560299999,15.72388801,2018,0
18304,68.30841796,15.64244902,2018,0
18305,68.30045599,15.6652310299999,2018,0
18306,68.3004760299999,15.6646079999999,2018,0
18307,68.300543,15.66430701,2018,0
18308,68.3006589999999,15.66430802,2018,0
18309,68.300802,15.6644550299999,2018,0
18310,68.30098297,15.66460004,2018,0
18311,68.3010630099999,15.66436099,2018,0
18312,68.30137901,15.66415203,2018,0
18313,68.3016209999999,15.66415303,2018,0
18314,68.3009240399999,15.67387504,2018,0
18315,68.3009259699999,15.67311698,2018,0
18316,68.30094902,15.6728299799999,2018,0
18317,68.30109201,15.67250904,2018,0
18318,68.3012289699999,15.67253703,2018,0
18319,68.3013080199999,15.67246797,2018,0
18320,68.3014039899999,15.67234299,2018,0
18321,68.3013849599999,15.67266301,2018,0
18322,68.3013700399999,15.67265899,2018,0
18323,68.301349,15.67197503,2018,0
18324,68.3013169799999,15.67150103,2018,0
18325,68.3013029899999,15.6706429699999,2018,0
18326,68.30127398,15.66970102,2018,0
18327,68.30123903,15.6687520199999,2018,0
18328,68.3013039899999,15.66726901,2018,0
18329,68.3031279799999,15.6676190299999,2018,0
18330,68.30279496,15.659257,2018,0
18331,68.30287099,15.65896204,2018,0
18332,68.3029449999999,15.65830397,2018,0
18333,68.3023740299999,15.65568798,2018,0
18334,68.3023689999999,15.6552930299999,2018,0
18335,68.3023590199999,15.65523,2018,0
18336,68.3023750299999,15.65484099,2018,0
18337,68.30133702,15.64598903,2018,0
18338,68.30139703,15.64592399,2018,0
18339,68.30144699,15.6457990099999,2018,0
18340,68.30148898,15.64542702,2018,0
18341,68.3015329899999,15.64509301,2018,0
18342,68.30155704,15.6449810199999,2018,0
